date,nasdaq100,cac40,s&p500,bnp_paribas,lvmh,microsoft,apple,us10y,oat10y,us3m,oat3m,policy_rate_ECB,policy_rate_fed,inflation_FR,CPI_US,taux_chômage_FR,unemployment_rate_US ,usd_eur,vix,prix_petrole,luxe,finance,industrie,technologie,sante,energie,consommation,automobile,telecom,r_nasdaq100,r_cac40,r_sp500,r_bnp_paribas,r_lvmh,r_microsoft,r_apple,r_luxe,r_finance,r_industrie,r_technologie,r_sante,r_energie,r_consommation,r_automobile,r_telecom,d_oat10y,d_us10y,dlog_vix,d_inflation_FR,d_taux_chômage_FR,dlog_usd_eur,dlog_prix_petrole,dlog_inflation_US,pre2008,post2008,postCOVID,QE_US,QE_EU,excess_sp500,excess_nasdaq,excess_cac40,excess_lvmh,excess_bnp,excess_apple,excess_microsoft,excess_luxe,excess_finance,excess_industrie,excess_technologie,excess_sante,excess_energie,excess_consommation,excess_automobile,excess_telecom,policy_rate_ECB_lag1,policy_rate_ECB_lag2,d_policy_rate_ECB
2000-04-01,3773.179931640625,6419.72021484375,1452.4300537109375,43.99003982543945,92.31999969482422,34.875,1.1077009439468384,5.99,5.33,5.66,3.9252778,3.75,6.0,1.3,170.9,9.4,3.8,0.9449,26.200000762939453,23.1535,106.29090881347656,44.743385314941406,44.10564208030701,112.23000001907349,27.571506023406982,38.11249923706055,39.57875061035156,29.52320909500122,170.1999969482422,-0.1531953466475039,0.0210416750529587,-0.0312799109533902,0.0747138092367126,0.0543079276649449,-0.4208773871030511,-0.0904900921124042,0.1038813136907359,0.0882645906994452,0.0060953103511052,-0.2659971601967412,0.0337407615419608,0.0119437731189998,0.0481518775060317,0.1065658443545898,-0.0559826526813587,-0.0999999999999996,-0.2699999999999996,0.0831327223785112,-0.3,-0.0999999999999996,-0.0203233477277585,-0.1718344929412918,-0.0005849663811146,1,0,0,0,0,-0.0359965776200568,-0.1579120133141705,0.0177706102196253,0.0150551496649449,0.0354610312367126,-0.1470900921124042,-0.4774773871030511,0.0646285356907359,0.0490118126994452,-0.0331574676488947,-0.3052499381967412,-0.0055120164580391,-0.0273090048810001,0.0088990995060317,0.0673130663545898,-0.0952354306813587,3.5,3.25,0.25
2000-05-01,3324.080078125,6426.259765625,1420.5999755859375,47.89916610717773,87.44000244140625,31.28125,0.75,6.44,5.5,5.79,4.3620455,3.75,6.5,1.5,171.2,9.3,4.0,0.9059,23.64999961853028,27.80521739130435,106.01151943206789,47.02571233113607,43.09715437889099,104.52499675750732,30.635977745056152,39.11249923706055,42.26102574666341,29.5376877784729,156.5,-0.126725161526661,0.001018147522589,-0.0221587523957555,0.0851348545397758,-0.0543079276649449,-0.1087513636260356,-0.3899687181604792,-0.0026319957336746,0.0497509033925608,-0.0231307413599294,-0.0711240909767029,0.1053922126312215,0.0258997971924354,0.0655729106859294,0.0004902967793646,-0.0839181882286437,0.1699999999999999,0.4500000000000002,-0.1023963410787334,0.1999999999999999,-0.0999999999999996,-0.042150177113338,0.1830777220243922,0.0017538735860958,1,0,0,0,0,-0.0269837523957555,-0.131550161526661,-0.0026168903940776,-0.0979283826649449,0.0415143995397758,-0.4478687181604792,-0.1666513636260356,-0.0462524507336746,0.0061304483925608,-0.0667511963599294,-0.1147445459767029,0.0617717576312215,-0.0177206578075645,0.0219524556859294,-0.0431301582206353,-0.1275386432286437,3.75,3.5,0.0
2000-06-01,3763.7900390625,6446.5400390625,1454.5999755859375,49.87847137451172,86.37999725341797,40.0,0.935267984867096,6.1,5.32,5.69,4.5017273,4.25,6.5,1.8,172.2,9.2,4.0,0.9505,19.540000915527344,30.48318181818182,110.13207244873048,48.58795038859049,42.46883845329285,97.13500022888184,32.37366485595703,38.42500114440918,41.96486727396647,27.859413146972656,146.39999389648438,0.1242334712392549,0.0031508747939478,0.0236516315584323,0.0404913790525502,-0.0121967360531638,0.2458605775984422,0.2207598965232654,0.038132542108181,0.032681042777916,-0.0146863771037605,-0.0733244803743403,0.0551702175829103,-0.0177337702811268,-0.0070325094254765,-0.0584960960121601,-0.066713450143678,-0.1799999999999997,-0.3400000000000007,-0.1908994053394987,0.3,-0.1000000000000014,0.0480592372532417,0.0919514366965832,0.0058241282859885,1,0,0,0,0,0.0189099648917657,0.1194918045725882,-0.0006005646227188,-0.0572140090531638,-0.0045258939474497,0.1638598965232654,0.1889605775984422,-0.0068847308918189,-0.0123362302220839,-0.0597036501037605,-0.1183417533743403,0.0101529445829103,-0.0627510432811268,-0.0520497824254765,-0.1035133690121601,-0.111730723143678,3.75,3.75,0.5
2000-07-01,3609.35009765625,6542.490234375,1430.8299560546875,52.698978424072266,93.8499984741211,34.90625,0.9073659777641296,6.05,5.4,5.96,4.5829048,4.25,6.5,1.9,172.7,9.1,4.0,0.9386,20.739999771118164,28.89428571428571,109.63700294494627,50.639364878336586,38.71874785423279,110.4499969482422,36.70629501342773,35.70989672342936,46.62653986612956,27.076191186904907,136.89999389648438,-0.0418987110466017,0.0147743039504468,-0.0164762671934852,0.055006596335043,0.0829416110377682,-0.1362135578444621,-0.03028723072535,-0.0045053685585328,0.04135367008579,-0.0924466707245736,0.1284611363888347,0.1256029874041441,-0.0732804496964454,0.1053371292875292,-0.0285161160291572,-0.0670918721258794,0.08,-0.0499999999999998,0.0596004982969677,0.0999999999999998,-0.0999999999999996,-0.0125987585681665,-0.0535312663117357,0.0028993931590024,1,0,0,0,0,-0.0214429338601519,-0.0468653777132684,0.0109552166171134,0.0371125630377682,0.009177548335043,-0.08988723072535,-0.1958135578444621,-0.0503344165585328,-0.0044753779142099,-0.1382757187245736,0.0826320883888347,0.0797739394041441,-0.1191094976964454,0.0595080812875292,-0.0743451640291572,-0.1129209201258794,4.25,3.75,0.0
2000-08-01,4077.590087890625,6625.419921875,1517.6800537109375,51.214500427246094,87.4000015258789,34.90625,1.088170051574707,5.83,5.36,6.09,4.777087,4.25,6.5,2.0,172.7,9.0,4.1,0.9045,16.84000015258789,31.62913043478261,104.51132488250732,49.73520151774088,40.90439915657044,122.34000015258788,34.83072662353516,37.26579284667969,46.89273834228516,28.46573758125305,128.5,0.1219784213845736,0.012595891520739,0.0589282236915325,-0.0285733671986537,-0.0712024466537603,0.0,0.1817068402776732,-0.0478794980301234,-0.0180162734346009,0.0549136926949881,0.1022411528257574,-0.0524483204405564,0.0426479545033251,0.00569292663929,0.0500463861907322,-0.0633217833753758,-0.04,-0.2199999999999997,-0.2083071738903936,0.1,-0.0999999999999996,-0.0370070985249674,0.0904346957341117,0.0,1,0,0,0,0,0.0538532236915325,0.1169034213845736,0.0086149856874057,-0.1189733166537603,-0.0763442371986537,0.1208068402776732,-0.0608999999999999,-0.0956503680301234,-0.0657871434346009,0.0071428226949881,0.0544702828257574,-0.1002191904405564,-0.0051229154966748,-0.0420779433607099,0.0022755161907322,-0.1110926533753758,4.25,4.25,0.0
2000-09-01,3570.610107421875,6266.6298828125,1436.510009765625,49.4331283569336,85.55000305175781,30.15625,0.4598209857940674,5.8,5.42,6.0,4.8528095,4.5,6.5,2.3,173.6,8.9,3.9,0.8695,20.56999969482422,33.36047619047619,103.23102188110352,47.18376668294271,36.39317226409912,111.10750007629396,37.3789758682251,38.80278778076172,47.303527196248375,28.104567289352417,78.0,-0.1327696695446721,-0.0556750429109358,-0.0549663208767474,-0.0354018894730442,-0.0213942641096435,-0.1462736977302147,-0.8614154601829658,-0.0123260301149018,-0.0526630551991964,-0.1168564342189099,-0.0963058532572139,0.0706084576358333,0.0404162700532993,0.0087220327855326,-0.012769073813269,-0.4992200776456828,0.0599999999999996,-0.0300000000000002,0.2000766709536825,0.2999999999999998,-0.0999999999999996,-0.039463971041012,0.0532933065306964,0.0051978170736175,1,0,0,0,0,-0.0599663208767474,-0.1377696695446721,-0.0597190508276025,-0.0699223591096435,-0.0839299844730442,-0.9214154601829658,-0.2062736977302147,-0.0608541251149018,-0.1011911501991964,-0.1653845292189099,-0.1448339482572139,0.0220803626358333,-0.0081118249467006,-0.0398060622144673,-0.061297168813269,-0.5477481726456829,4.25,4.25,0.25
2000-10-01,3282.300048828125,6397.66015625,1429.4000244140625,50.27433013916016,86.0,34.4375,0.3493300080299377,5.74,5.36,6.11,5.0412727,4.75,6.5,2.1,173.9,8.8,3.9,0.8525,23.6299991607666,31.30272727272727,106.11552047729492,49.16138203938802,36.6395149230957,98.49249982833862,37.681352615356445,39.85482660929362,46.11636098225912,33.41859531402588,80.87499809265137,-0.0841920685826645,0.0206936115448969,-0.0049617746918859,0.0168737976895276,0.005246260243093,0.1327538883738738,-0.2748201952536771,0.0275589090179009,0.0410584901638149,0.0067461188336514,-0.1205178004002327,0.0080569427007221,0.0267514232642911,-0.0254170744217696,0.1731803908664332,0.0361959025475637,-0.0599999999999996,-0.0599999999999996,0.1386833668543237,-0.1999999999999997,-0.0999999999999996,-0.0197451246366658,-0.0636666246193282,0.0017266191339873,1,0,0,0,0,-0.0100534413585525,-0.0892837352493311,0.0164925509615636,-0.0451664667569069,-0.0335389293104723,-0.3359201952536771,0.0716538883738738,-0.022853817982099,-0.009354236836185,-0.0436666081663485,-0.1709305274002328,-0.0423557842992778,-0.0236613037357088,-0.0758298014217696,0.1227676638664332,-0.0142168244524362,4.5,4.25,0.25
2000-11-01,2506.5400390625,5928.080078125,1314.949951171875,43.940555572509766,76.0,28.6875,0.2946430146694183,5.72,5.29,6.17,5.0919545,4.75,6.5,2.3,174.2,8.8,3.9,0.8552,29.64999961853028,32.88090909090909,103.9727554321289,45.990840911865234,31.432637453079224,83.54249715805054,42.83386707305908,41.68255869547526,43.17683474222819,31.435738801956177,65.375,-0.2696410793587122,-0.076231926573319,-0.083456187923591,-0.1346569008686502,-0.1236139559671766,-0.1826845990923693,-0.1702525533803206,-0.0203994186941806,-0.0666661313379811,-0.1532805382837294,-0.1646249510169078,0.1281637299401428,0.0448392672757303,-0.0658636704340296,-0.0611670668995803,-0.2127648068520684,-0.0700000000000002,-0.0200000000000004,0.2269450568947508,0.1999999999999997,0.0,0.0031621505531635,0.0491869914918452,0.001723643058165,1,0,0,0,0,-0.0885978545902577,-0.2747827460253789,-0.0804752219899857,-0.1745335009671766,-0.1855764458686502,-0.2319525533803206,-0.2443845990923693,-0.0713189636941806,-0.1175856763379811,-0.2042000832837294,-0.2155444960169078,0.0772441849401428,-0.0060802777242696,-0.1167832154340296,-0.1120866118995803,-0.2636843518520684,4.75,4.5,0.0
2000-12-01,2341.699951171875,5926.419921875,1320.280029296875,46.266239166259766,70.5,21.6875,0.265625,5.24,5.04,5.77,4.9391579,4.75,6.5,1.8,174.6,8.7,3.9,0.8983,26.850000381469727,25.47571428571429,106.21243572235107,47.45688629150391,33.49838447570801,89.55000162124634,43.42900562286377,40.86153920491537,44.171662012736,32.40606689453125,63.96999931335449,-0.0680261912119384,-0.0002800887866806,0.0040452525456847,0.051574808673419,-0.075120630468108,-0.2797254301136859,-0.1036789641103,0.0213123013265121,0.0313793757972462,0.063650450626362,0.0694416962237821,0.0137984737566617,-0.0198935257145226,0.0227793339307163,0.0304002310139552,-0.0217257096569083,-0.25,-0.4799999999999995,-0.0991962774156638,-0.4999999999999998,-0.1000000000000014,0.0491687285243255,-0.2551666011469273,0.002293578987099,1,0,0,0,0,-0.0007630807876485,-0.0728345245452718,-0.0043960537033473,-0.124512209468108,0.002183229673419,-0.1613789641103,-0.3374254301136858,-0.0280792776734878,-0.0180122032027537,0.014258871626362,0.0200501172237821,-0.0355931052433382,-0.0692851047145226,-0.0266122450692836,-0.0189913479860447,-0.0711172886569083,4.75,4.75,0.0
2001-01-01,2593.0,5998.490234375,1366.010009765625,49.18571472167969,70.30000305175781,30.53125,0.3861609995365143,5.16,4.94,5.15,4.7707273,4.75,5.5,1.3,175.6,8.6,4.2,0.9376,22.020000457763672,25.79,103.8127965927124,49.78159205118815,30.42660093307495,108.125,38.73248291015625,38.2833735148112,43.3840529123942,32.10197734832764,67.55000114440918,0.1019383660822692,0.0120875023888501,0.0340502314092609,0.061190710713257,-0.0028408675911095,0.3420146915359782,0.3741688400701294,-0.0228519547764917,0.0478236363219084,-0.0961799565731876,0.1884908186409526,-0.1144489505350965,-0.0651735688453373,-0.0179915233705145,-0.0094280272252681,0.0544538686196898,-0.0999999999999996,-0.08,-0.1983146830792379,-0.5,-0.0999999999999996,0.0428193305875872,0.0122612024841446,0.0057110377955149,1,0,0,0,0,0.0297585647425943,0.0976466994156026,0.0081118963055168,-0.0505481405911095,0.013483437713257,0.3226688400701294,0.2905146915359782,-0.0705592277764917,0.0001163633219084,-0.1438872295731876,0.1407835456409526,-0.1621562235350965,-0.1128808418453373,-0.0656987963705145,-0.0571353002252681,0.0067465956196898,4.75,4.75,0.0
2001-02-01,1908.3199462890625,5367.47998046875,1239.93994140625,43.940555572509766,66.75,29.5,0.3258930146694183,5.1,4.93,4.88,4.7558,4.75,5.5,1.5,176.0,8.6,4.2,0.9205,28.350000381469727,27.8965,100.63946342468262,45.39614232381185,29.367347240448,98.00249695777892,37.47628402709961,39.32536951700846,42.400363286336265,34.21236848831177,50.39999771118164,-0.306592260853972,-0.1111492889647889,-0.0968311448208673,-0.112765519386676,-0.0518175449467546,-0.034360485897282,-0.1696852281042651,-0.0310447830661045,-0.0922181475755477,-0.035433837440139,-0.0982950077450504,-0.0329702926940108,0.0268541553432597,-0.0229349988920637,0.0636696025182013,-0.2928769516836092,-0.0100000000000006,-0.0600000000000005,0.2526758915464087,0.1999999999999999,0.0,-0.0184064181496156,0.0785144130361303,0.0022753138371349,1,0,0,0,0,-0.1008978114875339,-0.3106589275206387,-0.1151124556314556,-0.0993755449467546,-0.160323519386676,-0.2184852281042651,-0.083160485897282,-0.0786027830661045,-0.1397761475755477,-0.082991837440139,-0.1458530077450504,-0.0805282926940108,-0.0207038446567402,-0.0704929988920637,0.0161116025182013,-0.3404349516836092,4.75,4.75,0.0
2001-03-01,1573.25,5180.4501953125,1160.3299560546875,47.156925201416016,57.0,27.34375,0.3941070139408111,4.89,4.84,4.42,4.7086364,4.75,5.0,1.5,176.1,8.5,4.3,0.9083,28.63999938964844,25.03454545454545,91.03539848327635,46.64551417032877,28.761425971984863,67.45000004768372,39.22238349914551,39.61533228556315,41.446132024129234,33.10557174682617,50.42499923706055,-0.1930797022776495,-0.0354665582086626,-0.0663585345479358,0.070643163486023,-0.1579030294458087,-0.0759022797878862,0.1900533297611754,-0.1002960361072883,0.0271496328097063,-0.020848305645685,-0.3736063741462789,0.0455392844981429,0.0073463768631854,-0.0227623697157117,-0.0328856314565516,0.0004959390458335,-0.0899999999999998,-0.2099999999999999,0.0101772771518038,0.0,-0.0999999999999996,-0.0133422801649646,-0.1082445437115282,0.0005680204640086,1,0,0,0,0,-0.0700418678812692,-0.1967630356109828,-0.0393904218753292,-0.2049893934458087,0.023556799486023,0.1458533297611754,-0.1201022797878862,-0.1473824001072883,-0.0199367311902936,-0.067934669645685,-0.4206927381462789,-0.001547079501857,-0.0397399871368145,-0.0698487337157117,-0.0799719954565516,-0.0465904249541664,4.75,4.75,0.0
2001-04-01,1855.1500244140625,5640.02978515625,1249.4599609375,49.581573486328125,69.5999984741211,33.875,0.4551790058612823,5.14,5.0,3.87,4.682,4.75,4.5,2.0,176.4,8.5,4.4,0.8925,25.479999542236328,26.01809523809524,96.51377296447754,48.81780751546224,29.89143228530884,84.23499703407288,41.61103010177612,40.705352783203125,43.03101603190104,33.493377685546875,60.0,0.1648220250591422,0.0849973837651959,0.0740070171655906,0.0501383881628672,0.199713277582276,0.2141892956419771,0.1440682796514251,0.0584372979812944,0.0455183909944325,0.038536780289315,0.2222238932673011,0.0591176873345054,0.0271433795612548,0.0375265981875327,0.0116461393242841,0.1738574935120079,0.1600000000000001,0.25,-0.1169105080429315,0.5,0.0,-0.0175482068543737,0.0385355774243039,0.0017021280705309,1,0,0,0,0,0.0707820171655906,0.1615970250591422,0.0810957170985293,0.152893277582276,0.0033183881628672,0.1053682796514251,0.1754892956419771,0.0116172979812944,-0.0013016090055674,-0.0082832197106849,0.1754038932673011,0.0122976873345054,-0.0196766204387452,-0.0092934018124672,-0.0351738606757158,0.1270374935120079,4.75,4.75,0.0
2001-05-01,1799.8900146484375,5454.18994140625,1255.8199462890625,50.71967315673828,67.0,34.59000015258789,0.356249988079071,5.39,5.21,3.62,4.6366818,4.5,4.0,2.4,177.3,8.5,4.3,0.8753,22.63999938964844,28.43826086956522,97.42567253112792,48.7075309753418,29.2801480293274,70.69250297546387,43.88626194000244,42.22074381510416,43.79584058125814,32.54026412963867,51.04999923706055,-0.0302400084218821,-0.0335052366613591,0.005077276192499,0.0226946036225516,-0.0380719260258601,0.0208873481605419,-0.2450580629365431,0.009404031084969,-0.0022614961163221,-0.0206621489659907,-0.1752709492991272,0.0532360524425982,0.0365520580501159,0.017617690227832,-0.0288695194275924,-0.1615390325563714,0.2099999999999999,0.25,-0.1181755863623648,0.3999999999999999,0.0,-0.0194598289154018,0.0889431855639211,0.0050890695074716,1,0,0,0,0,0.0020606095258324,-0.0332566750885487,-0.0373691381613591,-0.0844387440258601,-0.0236722143774483,-0.2812580629365431,-0.015312651839458,-0.0369627869150309,-0.0486283141163221,-0.0670289669659907,-0.2216377672991272,0.0068692344425982,-0.009814759949884,-0.0287491277721679,-0.0752363374275924,-0.2079058505563714,4.75,4.75,-0.25
2001-06-01,1830.18994140625,5225.330078125,1224.3800048828125,50.86812210083008,59.5,36.5,0.4151790142059326,5.28,5.15,3.49,4.4535714,4.5,3.75,2.2,177.7,8.5,4.5,0.853,19.059999465942383,28.00380952380952,87.25456714630127,48.66767120361328,26.27463412284851,45.27600002288818,46.78366565704346,42.15929285685221,43.99247042338053,31.163546085357662,42.44999980926514,0.0166941945232,-0.0428661411882919,-0.0253541054918207,0.0029225764646144,-0.1187163068393819,0.0537476332280389,0.153077088633686,-0.1102598490372504,-0.0008186842864074,-0.1083057529760716,-0.4455624360531885,0.0639327863362943,-0.0014565286183683,0.0044796435582301,-0.0432292018233756,-0.1844786214015382,-0.0599999999999996,-0.1099999999999994,-0.172126356169747,-0.1999999999999997,0.0,-0.0258071372467131,-0.0153948968636719,0.0022535220804433,1,0,0,0,0,-0.028262438825154,0.0137858611898666,-0.0465774506882919,-0.1632520208393819,-0.0416131375353855,0.1181770886336859,0.0188476332280389,-0.1547955630372504,-0.0453543982864074,-0.1528414669760717,-0.4900981500531886,0.0193970723362943,-0.0459922426183683,-0.0400560704417699,-0.0877649158233756,-0.2290143354015382,4.5,4.75,0.0
2001-07-01,1683.6099853515625,5085.509765625,1211.22998046875,49.13623046875,60.5,33.095001220703125,0.3355360031127929,5.24,5.15,3.51,4.4671364,4.5,3.75,2.2,177.4,8.4,4.6,0.8615,21.6200008392334,24.99136363636364,88.75827217102051,45.87928263346354,25.988866329193115,42.0385000705719,43.963829040527344,41.73357772827149,43.67084821065267,30.119686603546143,40.07500076293945,-0.0834794657362149,-0.0271226953327003,-0.0107982413190252,-0.0346397883891843,0.0166670524852116,-0.0979300101327401,-0.2129805242884495,0.01708672634386,-0.0590013175719293,-0.0109357635487185,-0.0741912245292336,-0.0621668890033216,-0.0101491051578964,-0.0073377020354671,-0.034070019061317,-0.0575741907307841,0.0,-0.04,0.126026980822274,0.0,-0.0999999999999996,0.0099155084763052,-0.1138102447028295,-0.0016896652851272,1,0,0,0,0,-0.0137232413190252,-0.0864044657362149,-0.030845308999367,-0.0280043115147883,-0.0793111523891843,-0.2480805242884495,-0.1330300101327401,-0.02758463765614,-0.1036726815719293,-0.0556071275487185,-0.1188625885292336,-0.1068382530033216,-0.0548204691578964,-0.0520090660354671,-0.078741383061317,-0.1022455547307841,4.5,4.5,0.0
2001-08-01,1469.699951171875,4689.33984375,1133.5799560546875,49.97743606567383,53.45000076293945,28.52499961853028,0.3312500119209289,4.97,4.95,3.36,4.3535217,4.25,3.5,2.0,177.4,8.4,4.9,0.9014,24.920000076293945,25.73608695652174,80.04840183258057,45.55707804361979,24.558087825775143,37.255998373031616,44.02454376220703,40.83853149414063,41.84535789489746,26.88586950302124,30.72000026702881,-0.1358820237418415,-0.08110345908119,-0.0662556285291686,0.0169749707717311,-0.123896713291851,-0.148601368080738,-0.0128558491776979,-0.1032851569441953,-0.007047654152022,-0.0566269852107726,-0.1207729047363601,0.0013800626010463,-0.0216799909776887,-0.042699922178079,-0.113578146643431,-0.2658388005615915,-0.2000000000000001,-0.2700000000000004,0.1420518459522894,-0.2000000000000001,0.0,0.0452740542885635,0.02936385808075,0.0,1,0,0,0,0,-0.0690556285291686,-0.1386820237418415,-0.08473139383119,-0.167431930291851,-0.0265602462282688,-0.0464558491776979,-0.182201368080738,-0.1468203739441952,-0.050582871152022,-0.1001622022107726,-0.1643081217363601,-0.0421551543989536,-0.0652152079776887,-0.086235139178079,-0.157113363643431,-0.3093740175615915,4.5,4.5,-0.25
2001-09-01,1168.3699951171875,4079.02001953125,1040.93994140625,44.43538284301758,34.900001525878906,25.584999084472656,0.276964008808136,4.73,4.94,2.64,3.98285,3.75,3.0,1.6,178.1,8.4,5.0,0.9114,31.93000030517578,25.837,66.5389175415039,38.17167536417643,19.060062599182128,27.425000111262005,42.919278621673584,37.67778778076172,38.96988169352213,19.54977560043335,26.559999465942383,-0.2294486542229732,-0.139435046014392,-0.0852566327694199,-0.1175355619326757,-0.4262597788151055,-0.1087746759016669,-0.1789858476433014,-0.1848444719567959,-0.1768722443082348,-0.2534460604482808,-0.3063579517918562,-0.0254261810646628,-0.0805552978288259,-0.0711917848081921,-0.3186370431785872,-0.1455076124711735,-0.0099999999999997,-0.2399999999999993,0.2478753193035339,-0.3999999999999999,0.0,0.0110327685732342,0.0039134043828457,0.0039381204201376,1,0,0,0,0,-0.0874566327694199,-0.2316486542229733,-0.1427540876810586,-0.4660882788151055,-0.1573640619326757,-0.2053858476433014,-0.1351746759016669,-0.2246729719567959,-0.2167007443082348,-0.2932745604482808,-0.3461864517918562,-0.0652546810646628,-0.1203837978288259,-0.1110202848081921,-0.3584655431785872,-0.1853361124711735,4.25,4.5,-0.5
2001-10-01,1364.780029296875,4341.2900390625,1059.780029296875,45.72193145751953,39.16999816894531,29.075000762939453,0.3135710060596466,4.57,4.72,2.16,3.5998696,3.75,2.5,1.8,177.6,8.4,5.3,0.905,33.560001373291016,21.03260869565217,70.45313835144043,39.46386845906576,20.87586364746094,32.778666496276855,44.03416061401367,38.14049530029297,38.831963857014976,18.75924523671468,33.035000801086426,0.1553836540681579,0.0623147796935166,0.0179372722626829,0.0285420204347953,0.1154242280015457,0.127872518171821,0.1241382633902274,0.0571607818977573,0.0332917727726552,0.0909984596716509,0.1783228818635228,0.0256446001729835,0.0122058491786833,-0.0035453652801088,-0.0412770979425747,0.2181613252308337,-0.2200000000000006,-0.1600000000000001,0.0497889062351348,0.1999999999999999,0.0,-0.007046935129856,-0.2057335446883335,-0.0028113597375467,1,0,0,0,0,0.0161372722626829,0.1535836540681579,0.0593148883601832,0.0794255320015457,-0.0074566755652046,0.1025382633902274,0.106272518171821,0.0211620858977573,-0.0027069232273447,0.0549997636716509,0.1423241858635228,-0.0103540958270164,-0.0237928468213166,-0.0395440612801088,-0.0772757939425747,0.1821626292308337,3.75,4.25,0.0
2001-11-01,1596.050048828125,4476.06005859375,1139.449951171875,48.492958068847656,45.33000183105469,32.10499954223633,0.3803569972515106,4.65,4.57,1.87,3.3856818,3.25,2.0,1.3,177.5,8.4,5.5,0.8883,23.84000015258789,19.10545454545455,78.67883110046387,41.95105107625326,21.25249233245849,38.26666673024496,46.4893012046814,36.08176930745443,39.80981572469076,21.708616574605305,36.0049991607666,0.1565385924983077,0.0305716603083683,0.0724842799367107,0.0588405095580817,0.1460580044152546,0.0991330423425603,0.1930844491142969,0.1104263524665914,0.0611179573145246,0.0178805325117081,0.1548013047970377,0.0542564942164205,-0.0554888540146295,0.0248697899004387,0.1460225487186672,0.0860901646605526,-0.1499999999999994,0.08,-0.3419700739218281,-0.5,0.0,-0.0186254199242708,-0.0961001558359275,-0.000563221642599,1,0,0,0,0,0.0709259466033773,0.1549802591649743,0.0277502588083683,0.1122011864152546,0.0249836915580817,0.1743844491142969,0.0804330423425603,0.0765695344665914,0.0272611393145246,-0.0159762854882918,0.1209444867970377,0.0203996762164205,-0.0893456720146295,-0.0089870280995612,0.1121657307186672,0.0522333466605526,3.75,3.75,-0.5
2001-12-01,1577.050048828125,4624.580078125,1148.0799560546875,49.73002243041992,45.70000076293945,33.125,0.3910709917545318,5.09,4.87,1.69,3.3448889,3.25,1.75,1.5,177.4,8.3,5.7,0.8912,23.799999237060547,18.68142857142857,79.66606998443604,35.96666359901428,21.797683334350587,40.84999926884969,49.98994064331055,36.538063049316406,41.180258433024086,21.26191171010335,37.32500076293945,-0.0119758132403832,0.0326423646474055,0.0075452966090378,0.0251902308256291,0.0081292092480369,0.0312765173187043,0.0277788299447417,0.0124696364641178,-0.1539109897478945,0.025329520355325,0.0653276065287854,0.0725995935527916,0.0125668080479019,0.03384546914097,-0.0207919695188358,0.0360055694736663,0.2999999999999998,0.4399999999999995,-0.0016792999764989,0.1999999999999999,-0.0999999999999996,0.0032593453973643,-0.0224439667158162,-0.0005635390399918,1,0,0,0,0,0.0061369632757045,-0.0133841465737165,0.0298549572307388,-0.025319679751963,-0.0082586581743708,0.0108788299447417,0.0143765173187043,-0.0209792525358821,-0.1873598787478946,-0.0081193686446749,0.0318787175287854,0.0391507045527916,-0.0208820809520981,0.00039658014097,-0.0542408585188358,0.0025566804736663,3.25,3.75,0.0
2002-01-01,1550.1700439453125,4461.8701171875,1130.199951171875,53.441219329833984,46.70000076293945,31.854999542236328,0.4414289891719818,5.04,4.93,1.65,3.3387727,3.25,1.75,2.4,177.7,8.2,5.7,0.8832,21.09000015258789,20.03304347826087,73.96361446380615,37.71722030639648,21.624835395812987,39.96499967575073,47.39765644073486,36.70696004231771,40.2890567779541,22.86139488220215,32.874999046325684,-0.0171914135253319,-0.0358175859904071,-0.0156963785927956,0.0719735219982949,0.0216458664172082,-0.0390939431081647,0.1211280590862195,-0.0742704976534542,0.0475242639138882,-0.0079612540469384,-0.0219027404429439,-0.053249012753374,0.0046118435145323,-0.0218790891660844,0.0725323855900963,-0.1269509023768711,0.0599999999999996,-0.0499999999999998,-0.1208865468953832,0.8999999999999999,-0.1000000000000014,-0.0090171936501887,0.069853178266058,0.0016896652851272,1,0,0,0,0,-0.0170713785927956,-0.0185664135253319,-0.0385998965737405,-0.0117418605827917,0.0385857949982949,0.1046280590862195,-0.0555939431081647,-0.1076582246534542,0.0141365369138882,-0.0413489810469384,-0.0552904674429439,-0.086636739753374,-0.0287758834854676,-0.0552668161660844,0.0391446585900963,-0.1603386293768711,3.25,3.25,0.0
2002-02-01,1359.219970703125,4462.990234375,1106.72998046875,55.51948928833008,54.0,29.170000076293945,0.387499988079071,4.91,4.99,1.72,3.3571,3.25,1.75,2.2,178.0,8.2,5.7,0.8707,21.59000015258789,20.545,75.5007791519165,38.55279159545898,22.42680397033692,38.74500068028768,47.26011371612549,36.426352183024086,39.176321029663086,24.71505324045817,30.48500061035156,-0.1314536464339775,0.0002510105815124,-0.0209848611197933,0.0381517716901392,0.1452398655523897,-0.088053554703098,-0.1303013491506119,0.0205697002478772,0.0219117500967801,0.0364144082828173,-0.0310023301906614,-0.0029061073630278,-0.0076739102280764,-0.0280073791908016,0.077962825958386,-0.0754776821076712,0.0600000000000005,-0.1299999999999999,0.0234312498684765,-0.1999999999999997,0.0,-0.0142541896882608,0.0252345182062172,0.001686815131479,1,0,0,0,0,-0.0224181944531266,-0.1328869797673109,-0.0025465727518208,0.1116688655523897,0.0045807716901392,-0.1475013491506119,-0.105253554703098,-0.0130012997521227,-0.0116592499032198,0.0028434082828173,-0.0645733301906614,-0.0364771073630278,-0.0412449102280764,-0.0615783791908016,0.044391825958386,-0.1090486821076712,3.25,3.25,0.0
2002-03-01,1452.81005859375,4688.02001953125,1147.3900146484375,55.9648323059082,57.95000076293945,30.155000686645508,0.4226790070533752,5.28,5.24,1.79,3.3908,3.25,1.75,2.2,178.5,8.2,5.7,0.8766,17.399999618530273,24.00095238095238,80.66408252716064,40.5328369140625,23.40338134765625,42.713333447774254,45.31269645690918,36.51669756571452,40.03982798258463,26.52329858144124,36.56500053405762,0.0665886681813278,0.0491913251288623,0.036080106667215,0.0079893814676158,0.0705965363869643,0.033209983178362,0.0868972243716604,0.0661504260935241,0.0500839212878972,0.0426236646433559,0.0975093974480543,-0.0420794097308596,0.002477149754508,0.0218021493828127,0.0706110375494551,0.1818567339474674,0.25,0.3700000000000001,-0.2157600672973063,0.0,0.0,0.0067533021501388,0.1554759097649238,0.0028050509276082,1,0,0,0,0,0.0345884400005483,0.0650970015146612,0.0463656584621956,0.0366885363869643,-0.0259186185323841,0.0689972243716604,0.015309983178362,0.0322424260935241,0.0161759212878972,0.0087156646433559,0.0636013974480543,-0.0759874097308596,-0.0314308502454919,-0.0121058506171872,0.0367030375494551,0.1479487339474674,3.25,3.25,0.0
2002-04-01,1277.0699462890625,4462.740234375,1076.9200439453125,57.39982604980469,58.04999923706055,26.1299991607666,0.4333930015563965,5.21,5.24,1.71,3.4069048,3.25,1.75,2.1,179.3,8.2,5.9,0.886,21.90999984741211,25.94545454545455,79.80248546600342,42.1798152923584,23.122043800354003,34.744666735331215,46.38949203491211,36.59961954752604,40.599141438802086,24.871827761332195,30.43000030517578,-0.1289313029673779,-0.0492473429530485,-0.0633846547446828,0.0253177739030895,0.0017241120498632,-0.1432667222585845,0.0250318988003109,-0.0107387520269375,0.0398293624043359,-0.012094074394387,-0.2064850452320406,0.023485700614118,0.0022682219410672,0.0138722612580083,-0.0642877907522414,-0.1836625393909599,0.0,-0.0700000000000002,0.2304729623461359,-0.1,0.0,0.0106661626203721,0.0779029201440688,0.0044717793913937,1,0,0,0,0,-0.0648096547446828,-0.1303563029673779,-0.0520864302863818,-0.0323449359501367,-0.0087512740969104,0.0079318988003109,-0.1603667222585845,-0.0448078000269376,0.0057603144043359,-0.046163122394387,-0.2405540932320406,-0.0105833473858819,-0.0318008260589327,-0.0201967867419916,-0.0983568387522414,-0.2177315873909599,3.25,3.25,0.0
2002-05-01,1208.3399658203125,4274.64013671875,1067.1400146484375,59.676025390625,56.75,25.45499992370605,0.4160709977149963,5.16,5.26,1.73,3.4671364,3.25,1.75,1.6,179.5,8.2,5.8,0.917,19.979999542236328,25.5495652173913,78.64969539642334,41.52882194519043,24.0027307510376,28.83066685994466,42.86679363250733,34.77084922790527,41.70469919840495,25.12401294708252,26.614999771118164,-0.0553208608868532,-0.0430630593901819,-0.0091229693767845,0.0388890821654364,-0.0226490386395898,-0.0261718630578105,-0.0407890279183511,-0.0145508935643564,-0.0155541051240887,0.0373811656021315,-0.1865864428425619,-0.0789754838112573,-0.0512584755994173,0.0268668935083227,0.0100883321895304,-0.13395401591267,0.0199999999999995,-0.0499999999999998,-0.0922113963337589,-0.5,0.0,0.0343905216513839,-0.0153761326712893,0.0011148273172461,1,0,0,0,0,-0.0105646360434512,-0.0567625275535199,-0.0459523397235153,-0.0573204026395898,0.0042177181654364,-0.0580890279183511,-0.0434718630578105,-0.0492222575643564,-0.0502254691240887,0.0027098016021315,-0.2212578068425619,-0.1136468478112573,-0.0859298395994173,-0.0078044704916772,-0.0245830318104695,-0.16862537991267,3.25,3.25,0.0
2002-06-01,1051.4100341796875,3897.989990234375,989.8200073242188,55.42052459716797,51.0,27.350000381469727,0.3164289891719818,4.93,5.11,1.7,3.464,3.25,1.75,1.4,179.6,8.2,5.8,0.9561,25.39999961853028,24.368,73.73155689239502,38.19930410385132,23.18520584106445,23.375,40.71162414550781,32.57558631896973,41.68746821085612,22.429500897725426,18.690000534057617,-0.1391153355837769,-0.0922388871415717,-0.0752143496031787,-0.0739803497594393,-0.1068300236371863,0.0718043584586042,-0.2737570596779471,-0.0645728686865115,-0.0835703926133208,-0.0346532091646753,-0.2097725669726912,-0.0515838277973267,-0.0652162479811898,-0.0004132519474998,-0.1134469831850915,-0.3534863079830074,-0.1499999999999994,-0.2300000000000004,0.2400174086966848,-0.2000000000000001,0.0,0.0417550378349354,-0.0473495034202704,0.0005569479397662,1,0,0,0,0,-0.0766310162698454,-0.1405320022504436,-0.0951255538082384,-0.1414700236371863,-0.1086203497594393,-0.2907570596779472,0.0548043584586042,-0.0992128686865115,-0.1182103926133208,-0.0692932091646753,-0.2444125669726912,-0.0862238277973267,-0.0998562479811898,-0.0350532519474998,-0.1480869831850915,-0.3881263079830074,3.25,3.25,0.0
2002-07-01,962.0999755859376,3415.3798828125,911.6199951171876,46.41468811035156,45.09999847412109,23.989999771118164,0.2725000083446502,4.65,4.96,1.68,3.41,3.25,1.75,1.6,180.0,8.3,5.8,0.9935,32.029998779296875,25.85782608695652,61.955129623413086,31.99383425712585,21.29161167144776,19.9813330968221,39.23259353637695,27.200272878011067,35.23023541768392,23.10385227203369,18.99999952316284,-0.0887690619851524,-0.132172306845942,-0.0822998845936379,-0.1773340419937833,-0.122943420048929,-0.1310794755048101,-0.1494602088795187,-0.1740204806253571,-0.1772740935000911,-0.0852012190971825,-0.1568685826174599,-0.0370057881284809,-0.1803361163649012,-0.1682958864793219,0.029622271912923,0.016450304027765,-0.1500000000000003,-0.2799999999999993,0.2319237665038249,0.2000000000000001,0.1000000000000014,0.0383715519004712,0.0593425089610808,0.0022246950221109,1,0,0,0,0,-0.0836998845936379,-0.0901690619851524,-0.1350139735126086,-0.157043420048929,-0.2114340419937833,-0.1662602088795187,-0.1478794755048101,-0.2081204806253571,-0.2113740935000911,-0.1193012190971825,-0.1909685826174599,-0.0711057881284809,-0.2144361163649012,-0.2023958864793218,-0.0044777280870769,-0.0176496959722349,3.25,3.25,0.0
2002-08-01,942.3800048828124,3366.2099609375,916.0700073242188,47.1074447631836,42.470001220703125,24.540000915527344,0.2633930146694183,4.26,4.67,1.62,3.3519091,3.25,1.75,1.8,180.5,8.3,5.7,0.9781,32.63999938964844,26.62,60.19047737121582,33.394771337509155,20.81277885437012,18.16433350245158,40.21874713897705,27.87103207906087,36.503349939982094,23.578023274739586,17.640000343322754,-0.0207097745487928,-0.014501255502645,0.0048695577417693,0.0148150882024139,-0.0600842396075018,0.0226674092794327,-0.0339913756262861,-0.0288962506849264,0.0428561361769287,-0.0227460108476421,-0.0953385188618878,0.0248253645765495,0.0243608671770281,0.0354993609165306,0.0203156923603301,-0.0742698840283611,-0.29,-0.3900000000000005,0.0188655858865871,0.1999999999999999,0.0,-0.0156221476954243,0.0290495078530788,0.0027739268827255,1,0,0,0,0,0.0035195577417693,-0.0220597745487928,-0.0172945130859783,-0.0936033306075019,-0.018704002797586,-0.0501913756262861,0.0064674092794327,-0.0624153416849264,0.0093370451769287,-0.0562651018476421,-0.1288576098618878,-0.0086937264234504,-0.0091582238229718,0.0019802699165306,-0.0132033986396698,-0.1077889750283611,3.25,3.25,0.0
2002-09-01,832.52001953125,2777.449951171875,815.280029296875,32.65852355957031,36.900001525878906,21.8700008392334,0.2589290142059326,3.87,4.46,1.63,3.3101429,3.25,1.75,1.8,180.8,8.3,5.7,0.9806,39.68999862670898,28.37095238095238,52.90443801879883,23.47217392921448,17.32116241455078,10.456666787465414,38.40005683898926,22.82184727986653,34.57043329874674,19.14258639017741,13.020000219345093,-0.1239513263921725,-0.1922542478207964,-0.1165611405083879,-0.3663251713056724,-0.1405863806696823,-0.1151886035279151,-0.0170933213908221,-0.1290269267595387,-0.3525837095014024,-0.1836381511727468,-0.5522202286086072,-0.0462742938852541,-0.1998695815128507,-0.0544052477468475,-0.2083995540085697,-0.3036824164141818,-0.2099999999999999,-0.3899999999999997,0.1955607207981349,0.0,0.0,0.0025527149206857,0.0637030052921807,0.0016606701851404,1,0,0,0,0,-0.1179194738417212,-0.1253096597255058,-0.1950127002374631,-0.1736878096696823,-0.3994266003056724,-0.0333933213908221,-0.1314886035279151,-0.1621283557595387,-0.3856851385014024,-0.2167395801727468,-0.5853216576086072,-0.0793757228852541,-0.2329710105128508,-0.0875066767468475,-0.2415009830085697,-0.3367838454141819,3.25,3.25,0.0
2002-10-01,989.5399780273438,3150.0400390625,885.760009765625,39.88298416137695,45.33000183105469,26.73500061035156,0.2869639992713928,3.94,4.55,1.58,3.2612609,3.25,1.75,1.9,181.2,8.3,5.7,0.9812,31.13999938964844,27.52260869565217,61.490601539611816,28.583054780960083,18.047926712036134,15.759999752044678,40.66389846801758,25.07382329305013,38.79251035054525,22.460030396779377,17.289999961853027,0.1727828974270027,0.1258819405810181,0.0829143961191542,0.1998438906754305,0.205757512948427,0.2008577181679748,0.1028028221040769,0.1503971127995545,0.1969984206125575,0.0411017996961235,0.4102353236097313,0.0572817435150662,0.0941061140557369,0.1152284079859334,0.1598217956844807,0.2836416438616922,0.0899999999999998,0.0699999999999998,-0.2426060853889353,0.0999999999999998,0.0,0.0006116831672012,-0.0303580169666304,0.0022099456508026,1,0,0,0,0,0.0815977294524876,0.171466230760336,0.1231642231643514,0.173144903948427,0.1672312816754305,0.0870028221040769,0.1850577181679748,0.1177845037995545,0.1643858116125575,0.0084891906961235,0.3776227146097313,0.0246691345150662,0.0614935050557369,0.0826157989859334,0.1272091866844807,0.2510290348616922,3.25,3.25,0.0
2002-11-01,1116.0999755859375,3326.64990234375,936.3099975585938,40.57574081420898,47.400001525878906,28.84000015258789,0.2767859995365143,4.05,4.53,1.23,3.1241429,3.25,1.25,2.1,181.5,8.4,5.9,1.0013,27.5,24.25047619047619,62.66763019561768,30.18313717842102,18.806762886047363,20.24799927075704,39.324036598205566,25.307937622070312,36.45068740844727,21.41143083572388,21.795000076293945,0.1203555563097784,0.0545505986966868,0.0555005710434994,0.0172206003178156,0.0446531555459289,0.0757897264772135,-0.0361121270576435,0.0189607068655087,0.0544693447999784,0.0411857185480932,0.2505809185307401,-0.0335047331017255,0.0092936812787891,-0.0622668785745206,-0.0478123720614682,0.2315522917019845,-0.0199999999999995,0.1099999999999998,-0.1243071421330834,0.2000000000000001,0.0999999999999996,0.0202781223294229,-0.1265715473811539,0.0016542600960258,1,0,0,0,0,0.0544755710434994,0.1193305563097784,0.0519471462800201,0.0134117265459289,-0.0140208286821843,-0.0484121270576435,0.0634897264772135,-0.0122807221344912,0.0232279157999785,0.0099442895480932,0.2193394895307401,-0.0647461621017255,-0.0219477477212108,-0.0935083075745207,-0.0790538010614682,0.2003108627019845,3.25,3.25,0.0
2002-12-01,984.3699951171876,3063.909912109375,879.8200073242188,38.39850616455078,39.150001525878906,25.850000381469727,0.2558929920196533,4.03,4.38,1.19,2.94105,2.75,1.25,2.2,181.8,8.5,6.0,1.0194,28.6200008392334,28.31727272727273,55.18017482757568,28.23881506919861,16.688412284851076,14.17133363087972,38.580918312072754,23.876937866210938,35.831448237101235,19.72600285212199,18.440000534057617,-0.1255938851115529,-0.082273912873919,-0.0622292661977205,-0.0551518142597663,-0.1912217994805615,-0.1094527019961031,-0.0784852855851803,-0.1272413124073357,-0.0665859444191723,-0.1195019297092415,-0.3568348214480855,-0.0190781401923738,-0.0582050362860945,-0.0171343670400679,-0.0819872235031515,-0.1671583421005238,-0.1500000000000003,-0.0199999999999995,0.0399197987790977,0.1,0.0999999999999996,0.0179150631921842,0.1550357082737399,0.0016515280384732,1,0,0,0,0,-0.0632209328643872,-0.1265855517782196,-0.084724787873919,-0.2206322994805615,-0.0845623142597663,-0.0903852855851803,-0.1213527019961031,-0.1566518124073357,-0.0959964444191723,-0.1489124297092415,-0.3862453214480855,-0.0484886401923738,-0.0876155362860946,-0.0465448670400679,-0.1113977235031515,-0.1965688421005238,3.25,3.25,-0.5
2003-01-01,983.0499877929688,2937.8798828125,855.7000122070312,36.4192008972168,39.380001068115234,23.729999542236328,0.256428986787796,4.05,4.22,1.17,2.8318182,2.75,1.25,1.9,182.6,8.2,5.8,1.0622,31.170000076293945,30.80869565217391,53.05850887298584,27.005275011062626,16.659760665893554,14.65499989191691,32.6327486038208,23.802457173665363,32.917537689208984,20.12808958689372,21.604999542236328,-0.0013418665396842,-0.0420036564755761,-0.0277974877305516,-0.0529224241309049,0.005857638922264,-0.0855705645543199,0.0020924144810181,-0.0392084914412162,-0.0446652347366858,-0.0017183325785032,0.0335604010085057,-0.1674414674546223,-0.0031242323047949,-0.0848203739717362,0.0201786242485801,0.158402501105681,-0.1600000000000001,0.0199999999999995,0.0853502927752942,-0.3000000000000002,-0.3000000000000007,0.0411280100823573,0.0843250143171201,0.0043907864174901,1,0,0,0,0,-0.0287724877305516,-0.0023168665396842,-0.0443635049755761,-0.0224605430777359,-0.0812406061309049,-0.0096075855189818,-0.0972705645543199,-0.0675266734412162,-0.0729834167366858,-0.0300365145785032,0.0052422190085057,-0.1957596494546223,-0.0314424143047949,-0.1131385559717362,-0.0081395577514198,0.130084319105681,2.75,3.25,0.0
2003-02-01,1009.739990234375,2754.070068359375,841.1500244140625,38.00264358520508,38.31999969482422,23.700000762939453,0.2680360078811645,3.9,4.01,1.17,2.68745,2.75,1.25,2.6,183.6,8.3,5.9,1.0785,29.6299991607666,32.6625,48.06381416320801,26.271619081497192,14.962113380432127,14.525332927703856,33.48206615447998,19.828596750895183,31.64509646097819,18.24808915456136,18.63999938964844,0.0267881701456198,-0.0646083505383456,-0.0171498294997661,0.0425595925971033,-0.0272861551954886,-0.0012649708245443,0.0442695576001685,-0.0988656559674495,-0.0275429835666268,-0.107475039528499,-0.0088873433000813,0.025693614272931,-0.1826636418602486,-0.0394223697629455,-0.0980559606802948,-0.147614971682776,-0.2099999999999999,-0.1499999999999999,-0.0506687629652176,0.7000000000000002,0.1000000000000014,0.0152289578409122,0.0584306543445087,0.0054615100255217,1,0,0,0,0,-0.0181248294997661,0.0258131701456198,-0.0668478922050123,-0.0541606551954886,0.0156850925971033,0.0325695576001685,-0.0129649708245443,-0.1257401559674495,-0.0544174835666268,-0.1343495395284991,-0.0357618433000813,-0.0011808857270689,-0.2095381418602486,-0.0662968697629455,-0.1249304606802949,-0.174489471682776,2.75,2.75,0.0
2003-03-01,1018.6599731445312,2618.4599609375,848.1799926757812,36.32023620605469,36.15999984741211,24.209999084472656,0.2524999976158142,3.81,4.1,1.13,2.5299524,2.5,1.25,2.5,183.9,8.4,5.9,1.0797,29.14999961853028,30.16809523809524,44.11849784851074,25.388299226760864,14.916598987579343,14.55400045712789,31.638747215271,17.99171034495036,32.94483439127604,13.938217163085938,17.125000476837158,0.0087951494491309,-0.0504934985978197,0.0083228365929884,-0.0452806681557412,-0.0580184138346044,0.0212906528012614,-0.0597100899781051,-0.0856504428351824,-0.0342008266112504,-0.0030466124173617,0.0019716778463776,-0.056627409664472,-0.0972140606539487,0.040251271084526,-0.2694258671430545,-0.084770364520468,0.0899999999999998,-0.0899999999999998,-0.0163324335516388,-0.1,0.0999999999999996,0.0011120379238837,-0.0794427139712596,0.0016326534238855,1,0,0,0,0,0.0073811699263217,0.0078534827824642,-0.0526017922644864,-0.0833179378346044,-0.0705801921557412,-0.0710100899781051,0.0099906528012614,-0.1109499668351824,-0.0595003506112504,-0.0283461364173617,-0.0233278461536223,-0.081926933664472,-0.1225135846539487,0.014951747084526,-0.2947253911430545,-0.110069888520468,2.75,2.75,-0.25
2003-04-01,1106.06005859375,2953.669921875,916.9199829101562,41.66435623168945,39.09999847412109,25.56999969482422,0.2539289891719818,3.96,4.22,1.13,2.53335,2.5,1.25,2.0,183.2,8.5,6.0,1.0862,21.209999084472656,25.035,50.71663284301758,29.597146034240723,16.41646671295166,16.329666535059612,35.557905197143555,20.76996294657389,35.32413101196289,17.628677527109783,20.23500061035156,0.0823161924032033,0.1204620947057918,0.077927340026379,0.137270939474692,0.0781688966621052,0.0546540442342954,0.0056434184693636,0.1393747739063265,0.1533895313952223,0.095810280057143,0.1151175850516246,0.1167799527943845,0.1435967384735898,0.0697318509361927,0.2348924774095603,0.166874396498195,0.1200000000000001,0.1499999999999999,-0.3179821742983626,-0.5,0.0999999999999996,0.0060021418476501,-0.1865100710935632,-0.0038136793702454,1,0,0,0,0,0.0769856733597123,0.0813745257365366,0.1183509697057918,0.0528353966621052,0.111937439474692,-0.0056565815306363,0.0433540442342954,0.1140412739063265,0.1280560313952223,0.070476780057143,0.0897840850516246,0.0914464527943846,0.1182632384735898,0.0443983509361927,0.2095589774095603,0.141540896498195,2.5,2.75,0.0
2003-05-01,1197.8900146484375,2991.75,963.5900268554688,41.66435623168945,43.619998931884766,24.61000061035156,0.3205359876155853,3.57,3.89,1.07,2.4005238,2.5,1.25,1.8,182.9,8.5,6.1,1.1556,19.46999931335449,25.71454545454545,53.68140125274658,29.06091022491455,16.283399391174317,17.190333525339764,35.491726875305176,21.224464734395344,35.18095715840658,17.18965943654378,21.63000011444092,0.0797574838547958,0.0128100619844184,0.0496457119978259,0.0,0.1093933083203762,-0.0382668881642585,0.2329398981667425,0.0568126753761685,-0.0182839590064402,-0.0081387523653184,0.0513637351094533,-0.0018628763878512,0.0216466593421448,-0.0040613820668542,-0.0252189734744043,0.0666674367648205,-0.3299999999999996,-0.3900000000000001,-0.0855979412944383,-0.1999999999999999,0.0,0.0619343229913351,0.026781957012075,-0.0016388968432101,1,0,0,0,0,0.0487540453311592,0.0788658171881292,0.0108096254844184,0.0853880703203762,-0.024005238,0.2222398981667425,-0.0489668881642585,0.0328074373761685,-0.0422891970064402,-0.0321439903653184,0.0273584971094533,-0.0258681143878512,-0.0023585786578551,-0.0280666200668542,-0.0492242114744043,0.0426621987648205,2.5,2.5,0.0
2003-06-01,1201.68994140625,3084.10009765625,974.5,43.841590881347656,43.18999862670898,25.63999938964844,0.3403570055961609,3.33,3.69,0.92,2.1518571,2.0,1.0,2.0,183.1,8.5,6.3,1.1674,19.520000457763672,27.56666666666667,51.61538219451904,30.24382781982422,17.03546485900879,17.34666673342387,33.94814491271973,21.24340279897054,35.91606775919596,20.75323327382405,22.36500072479248,0.0031671625899526,0.0304014117898558,0.011258598140629,0.0509369336759562,-0.0099067811105543,0.0410007190438846,0.0600005272786102,-0.0392468635288054,0.0398981447310381,0.0451511926172801,0.0090531473295497,-0.0444654127902492,0.0008918774089923,0.0206798188604754,0.1883940474841025,0.0334160240364449,-0.2000000000000001,-0.2399999999999997,0.0025648203186934,0.1999999999999999,0.0,0.0101593641776105,0.0695505105675531,0.0010928962836445,1,0,0,0,0,0.0104919314739624,0.0024004959232859,0.0286081975398558,-0.0314253521105543,0.0294183626759562,0.0508005272786102,0.0318007190438846,-0.0607654345288054,0.0183795737310381,0.0236326216172801,-0.0124654236704502,-0.0659839837902492,-0.0206266935910076,-0.0008387521395245,0.1668754764841025,0.0118974530364449,2.5,2.5,-0.5
2003-07-01,1276.93994140625,3210.27001953125,990.3099975585938,47.800201416015625,48.77999877929688,26.40999984741211,0.3764289915561676,3.98,4.01,0.9,2.1300435,2.0,1.0,2.0,183.7,8.5,6.2,1.1365,19.489999771118164,28.50391304347826,54.017539978027344,33.15300965309143,19.264483833312987,19.293333768844604,33.69629764556885,21.05071767171224,35.40464782714844,21.00328795115153,23.449999809265137,0.0607376943425664,0.0400951395768741,0.0160935040134788,0.0864469228794468,0.1217114125870048,0.0295891122835788,0.1007343448202064,0.0454890756232803,0.0918413767986905,0.1229658455369079,0.1063592668437097,-0.0074462415919495,-0.0091117374345362,-0.0143416591851725,0.0119769396069927,0.0473732174663508,0.3199999999999998,0.6499999999999999,-0.0015381026600369,0.0,0.0,-0.0268256894770927,0.0334340642594845,0.0032715405406156,1,0,0,0,0,0.0153435040134788,0.0599876943425664,0.0383201033268741,0.1004109775870048,0.0651464878794468,0.0917343448202064,0.0205891122835788,0.0241886406232803,0.0705409417986905,0.1016654105369079,0.0850588318437097,-0.0287466765919495,-0.0304121724345362,-0.0356420941851725,-0.0093234953930072,0.0260727824663508,2.0,2.5,0.0
2003-08-01,1341.199951171875,3311.419921875,1008.010009765625,44.93021011352539,54.75,26.520000457763672,0.4037500023841858,4.45,4.16,0.95,2.1404286,2.0,1.0,2.0,184.5,8.3,6.1,1.1155,18.6299991607666,29.71809523809524,59.61141490936279,32.320310831069946,19.14604454040528,21.13000011444092,34.51240921020508,22.04099941253662,37.239462534586586,23.33305152257284,24.64000034332276,0.049098154264515,0.0310220249838168,0.017715355943955,-0.0619194536776223,0.1154570009335003,0.0041564620473502,0.070066452433953,0.098538272826141,-0.025437650538069,-0.00616704186585,0.0909342013756838,0.0239309774439469,0.0459696754377864,0.0505259137549554,0.105191881134079,0.0495006658402669,0.1500000000000003,0.4700000000000002,-0.045128362209839,0.0,-0.1999999999999993,-0.0186506294200108,0.0417147499356138,0.0043454712595014,1,0,0,0,0,0.0169236892772883,0.0483064875978484,0.0292383344838168,0.0940527149335003,-0.0833237396776223,0.060566452433953,-0.0053435379526497,0.077133986826141,-0.046841936538069,-0.02757132786585,0.0695299153756838,0.0025266914439469,0.0245653894377864,0.0291216277549554,0.083787595134079,0.0280963798402669,2.0,2.0,0.0
2003-09-01,1303.699951171875,3134.989990234375,995.969970703125,41.66435623168945,53.34999847412109,27.799999237060547,0.3700000047683716,4.27,4.23,0.94,2.1473182,2.0,1.0,2.2,185.1,8.6,6.1,1.1267,22.71999931335449,27.04409090909091,55.44811725616455,30.1853256225586,17.959014701843262,19.78666615486145,35.034156799316406,21.36033089955648,37.48095893859863,21.717867692311604,21.664999961853027,-0.0283583609705415,-0.0547510956499441,-0.0120162716714291,-0.0754644028777807,-0.0259034195501399,0.0471368106739906,-0.0872928619162096,-0.0723993217390712,-0.0683399511524132,-0.0640039422071055,-0.0656855527191567,0.0150045475344683,-0.0313688231287698,0.0064640225558767,-0.0717355580033046,-0.1286730991677646,0.0700000000000002,-0.1800000000000006,0.1984724240647986,0.2000000000000001,0.2999999999999989,0.0099902712975331,-0.094287596808527,0.0032467560988704,1,0,0,0,0,-0.0127996050047624,-0.0291416943038748,-0.0565405274832774,-0.0473766015501399,-0.0969375848777807,-0.0966928619162096,0.0377368106739906,-0.0938725037390711,-0.0898131331524132,-0.0854771242071055,-0.0871587347191567,-0.0064686344655316,-0.0528420051287698,-0.0150091594441233,-0.0932087400033045,-0.1501462811677646,2.0,2.0,0.0
2003-10-01,1416.3900146484375,3373.199951171875,1050.7099609375,44.73228073120117,59.45000076293945,26.13999938964844,0.4087499976158142,4.29,4.28,0.92,2.1435652,2.0,1.0,2.3,184.9,8.7,6.0,1.1714,16.100000381469727,29.43565217391304,63.47060775756836,33.29358768463135,20.007602310180665,23.299999396006267,36.60823345184326,21.809226671854656,38.30716069539388,23.739638805389404,23.85999965667725,0.0829050531871849,0.0732358530709453,0.0535042607031232,0.0710494083362373,0.1082616868236165,-0.0615693084059829,0.0996006978528318,0.1351291694632465,0.0980089166686769,0.1080201161674261,0.1634450503243283,0.0439496786566154,0.0207976165574093,0.0218037996529456,0.0890108567645123,0.0965053488496114,0.0499999999999998,0.0200000000000004,-0.3444262679466874,0.0999999999999996,0.0999999999999996,0.0389066084855616,0.0847380678961475,-0.0010810811863732,1,0,0,0,0,0.0527375940364566,0.0821383865205182,0.071449548737612,0.0868260348236165,0.0496137563362373,0.0904006978528318,-0.0707693084059829,0.1136935174632464,0.0765732646686769,0.0865844641674261,0.1420093983243283,0.0225140266566154,-0.0006380354425906,0.0003681476529456,0.0675752047645123,0.0750696968496114,2.0,2.0,0.0
2003-11-01,1424.25,3424.7900390625,1058.199951171875,46.51365280151367,57.45000076293945,25.709999084472656,0.3733929991722107,4.3,4.41,0.93,2.15905,2.0,1.0,2.5,185.0,8.8,5.8,1.171,16.31999969482422,28.9485,61.69463062286377,34.37135124206543,20.91695938110352,22.667666912078857,38.27333164215088,22.253448804219563,39.14103444417318,23.17234532038371,23.925000190734863,0.0055339679580853,0.0151783331285756,0.0071032163906625,0.0390504731398898,-0.0342206183952621,-0.0165866991787214,-0.0904722343160131,-0.0283800255978052,0.0318585882466453,0.0444479667241439,-0.0275137906407449,0.044480179075648,0.0201638769557667,0.0215345489163672,-0.0241866188571085,0.0027205430304979,0.1299999999999999,0.0099999999999997,0.0135720351522752,0.2000000000000001,0.1000000000000014,-0.0003415300579645,-0.0166882094391178,0.0005406866852455,1,0,0,0,0,0.0063282163906625,0.0047589679580853,0.0133791247952422,-0.0558111183952621,0.0174599731398898,-0.0997722343160131,-0.0258866991787214,-0.0499705255978052,0.0102680882466453,0.0228574667241439,-0.0491042906407449,0.022889679075648,-0.0014266230442332,-5.595108363273468e-05,-0.0457771188571085,-0.018869956969502,2.0,2.0,0.0
2003-12-01,1467.9200439453125,3557.89990234375,1111.9200439453125,49.38364410400391,57.70000076293945,27.3700008392334,0.3816069960594177,4.27,4.34,0.9,2.1463333,2.0,1.0,2.4,185.5,9.0,5.7,1.2298,18.309999465942383,29.74347826086957,61.26880359649658,36.203335762023926,20.8491626739502,20.10866634051005,39.71785736083984,24.32453282674153,38.53859074910482,23.312938531239823,24.18000030517578,0.0302011033533232,0.0381302883519901,0.0495189849711049,0.0598734002256468,0.0043421691617498,0.0625675680470942,0.0217597908325356,-0.0069261033793498,0.0519278580410417,-0.0032464956459472,-0.1197886606472857,0.0370475422534569,0.0889884233719427,-0.0155112945648236,0.006048952610238,0.0106019124964294,-0.0700000000000002,-0.0300000000000002,0.1150559986824166,-0.1,0.1999999999999993,0.0489934699216519,0.0270915006326655,0.0026990569691651,1,0,0,0,0,0.0487689849711049,0.0294511033533232,0.0363416772686568,-0.0171211638382501,0.0384100672256468,0.0127597908325356,0.0535675680470942,-0.0283894363793498,0.0304645250410417,-0.0247098286459472,-0.1412519936472857,0.0155842092534569,0.0675250903719427,-0.0369746275648236,-0.0154143803897619,-0.0108614205035705,2.0,2.0,0.0
2004-01-01,1493.0799560546875,3638.43994140625,1131.1300048828125,49.482608795166016,57.900001525878906,27.64999961853028,0.4028570055961609,4.15,4.2,0.88,2.0894762,2.0,1.0,2.2,186.3,8.9,5.7,1.2638,16.6299991607666,30.98181818181818,61.82036018371582,36.88928270339966,21.53619995117188,20.18000054359436,39.330872535705566,24.532824834187824,37.82206471761068,23.05131498972575,25.989999771118164,0.016994608346315,0.0223845465294075,0.0171288470577149,0.0020019920107017,0.003460224196069,0.0101781604568548,0.054190401262923,0.0089619632123499,0.0187698045092974,0.0324214500119458,0.0035411585015989,-0.0097911229489943,0.0085265875751826,-0.0187674413750548,-0.0112856909574279,0.0721859820392177,-0.1399999999999996,-0.1199999999999992,-0.096239086779073,-0.1999999999999997,-0.0999999999999996,0.0272715008199855,0.0407906323189872,0.0043033955600533,1,0,0,0,0,0.0163955137243816,0.0162612750129817,0.0206433163627408,-0.0174345378039309,-0.0188927699892982,0.045390401262923,0.0013781604568548,-0.01193279878765,-0.0021249574907025,0.0115266880119458,-0.017353603498401,-0.0306858849489943,-0.0123681744248173,-0.0396622033750548,-0.0321804529574279,0.0512912200392177,2.0,2.0,0.0
2004-02-01,1470.3800048828125,3725.43994140625,1144.93994140625,50.373294830322266,61.5,26.530000686645508,0.4271430075168609,4.08,4.14,0.93,2.07055,2.0,1.0,1.9,186.7,8.9,5.6,1.264,14.550000190734863,30.795,65.37967109680176,37.40194129943848,22.32699661254883,19.24000032742818,38.65272998809815,25.806918462117512,41.07196044921875,24.01642799377441,24.99499988555908,-0.0153201969714652,0.0236299476801612,0.0121350453361058,0.0178398998020187,0.0603197638798285,-0.0413495201404713,0.0585371952174812,0.0559786076271785,0.0138015422576404,0.0360613187687764,-0.047700579607088,-0.0173923650638999,0.050630603441633,0.0824330061523395,0.0410152786642465,-0.0390360395598831,-0.0600000000000005,-0.0700000000000002,-0.1336172360133813,-0.3000000000000002,0.0,0.0001582403674478,-0.0060481830177834,0.0021447729401335,1,0,0,0,0,0.0113600453361058,-0.0160951969714652,0.0219044893468278,0.0396142638798285,-0.0028656001979812,0.0492371952174812,-0.0506495201404713,0.0352731076271785,-0.0069039577423595,0.0153558187687764,-0.068406079607088,-0.0380978650638999,0.029925103441633,0.0617275061523395,0.0203097786642465,-0.059741539559883,2.0,2.0,0.0
2004-03-01,1438.4100341796875,3625.22998046875,1126.2099609375,49.18571472167969,59.79999923706055,24.93000030517578,0.4828569889068603,3.83,3.98,0.94,2.0288261,2.0,1.0,1.9,187.1,8.9,5.8,1.2261,16.739999771118164,33.42434782608696,64.12063694000244,36.54985857009888,22.42905197143555,17.863333702087402,38.5400505065918,25.16362571716309,39.43201637268066,23.601179281870525,22.74499988555908,-0.0219825134642804,-0.0272672207510166,-0.0164942041786425,-0.0238579400189766,-0.028031526614071,-0.0622042842547256,0.1226016512142346,-0.0194451093899745,-0.0230452927783316,0.0045605248451452,-0.0742412467739364,-0.0029194326416448,-0.0252430855707678,-0.040747576550143,-0.0174414155715369,-0.0943304642964897,-0.1599999999999997,-0.25,0.1402100446621523,0.0,0.0,-0.0304428954684614,0.0819322720980477,0.0021401827323677,1,0,0,0,0,-0.0172775375119758,-0.0227658467976137,-0.0289579091676833,-0.048319787614071,-0.0441462010189766,0.1132016512142346,-0.0716042842547256,-0.0397333703899745,-0.0433335537783316,-0.0157277361548547,-0.0945295077739364,-0.0232076936416448,-0.0455313465707678,-0.061035837550143,-0.0377296765715369,-0.1146187252964897,2.0,2.0,0.0
2004-04-01,1401.3599853515625,3674.280029296875,1107.300048828125,49.581573486328125,58.79999923706055,26.1299991607666,0.4603570103645324,4.35,4.18,0.94,2.04875,2.0,1.0,2.4,187.4,8.8,5.6,1.1989,17.190000534057617,33.35772727272727,64.28128337860107,36.74220275878906,23.597431564331053,17.105333248774212,38.29421329498291,25.444122950236004,40.44893137613932,25.695947011311848,22.5649995803833,-0.0260951774340209,0.0134394738942893,-0.0169333147130639,0.0080160322622142,-0.0168638062689807,0.0470121376381277,-0.0477182226357302,0.0025022448577149,0.0052487166216121,0.0507807925475693,-0.0433599147061725,-0.0063991776156508,0.0110852631391956,0.0254621401498633,0.085036595270698,-0.0079453213074366,0.1999999999999997,0.5199999999999996,0.0265267990741024,0.5,-0.0999999999999996,-0.0224339305247332,-0.0019951633836083,0.0016021365242773,1,0,0,0,0,-0.0177166480463972,-0.0268785107673542,0.0117321822276227,-0.0373513062689807,-0.0124714677377857,-0.0571182226357302,0.0376121376381277,-0.017985255142285,-0.0152387833783878,0.0302932925475693,-0.0638474147061725,-0.0268866776156509,-0.0094022368608043,0.0049746401498633,0.064549095270698,-0.0284328213074366,2.0,2.0,0.0
2004-05-01,1466.219970703125,3669.6298828125,1120.6800537109375,49.97743606567383,58.70000076293945,26.229999542236328,0.5010709762573242,4.72,4.34,1.02,2.0858571,2.0,1.0,2.8,188.2,8.8,5.6,1.2,15.5,37.58904761904762,64.20716571807861,36.53160095214844,22.614442443847658,17.872000376383465,39.79570388793945,25.148408889770508,40.7811139424642,25.330903848012287,21.710000038146973,0.045244457228709,-0.0012663954654952,0.0120110280360958,0.007952362469713,-0.0017021020981047,0.0038197290119682,0.0847454622730065,-0.0011536860980791,-0.0057483677903115,-0.0425491257259357,0.0438449626112487,0.0384601680824139,-0.011690161270446,0.0081788559088667,-0.0143081293415154,-0.038627029035739,0.1600000000000001,0.3700000000000001,-0.1034878265374805,0.3999999999999999,0.0,0.0009170870624836,0.1194232733827269,0.0042598573469581,1,0,0,0,0,0.0111610280360958,0.0443944572287089,-0.0030046097154952,-0.0225606730981047,-0.0129062085302869,0.0745454622730065,-0.0063802709880317,-0.0220122570980791,-0.0266069387903115,-0.0634076967259357,0.0229863916112487,0.0176015970824139,-0.032548732270446,-0.0126797150911332,-0.0351667003415154,-0.059485600035739,2.0,2.0,0.0
2004-06-01,1516.6400146484375,3732.989990234375,1140.8399658203125,50.07640075683594,59.45000076293945,28.559999465942383,0.5810710191726685,4.73,4.39,1.27,2.1126818,2.0,1.25,2.7,188.9,8.8,5.6,1.2146,14.34000015258789,35.43772727272727,64.5728874206543,36.81716394424439,23.86609764099121,18.2770008246104,39.045372009277344,26.0901419321696,41.09057490030924,26.55642382303873,22.875,0.0338097309441261,0.0171187108912694,0.0178291113621115,0.0019782294528421,0.0126958961387713,0.0851033423450177,0.1481252252521936,0.0056798033056882,0.007786482438755,0.0538701947932344,0.0224082205028896,-0.0190346091749331,0.0367629095081426,0.00755969336895,0.0472465240427422,0.0522716255142692,0.0499999999999998,0.0100000000000006,-0.077787178113009,-0.0999999999999996,0.0,0.0120932476873832,-0.0589357264290208,0.0037125473561845,1,0,0,0,0,0.0167707780287782,0.0327513976107928,0.0153581427246027,-0.0084309218612286,-0.0191485885471578,0.1354252252521936,0.0724033423450177,-0.0154470146943117,-0.0133403355612449,0.0327433767932345,0.0012814025028896,-0.0401614271749331,0.0156360915081426,-0.0135671246310499,0.0261197060427422,0.0311448075142692,2.0,2.0,0.0
2004-07-01,1400.3900146484375,3647.10009765625,1101.719970703125,47.89916610717773,56.70000076293945,28.489999771118164,0.5774999856948853,4.5,4.27,1.33,2.1160455,2.0,1.25,2.6,189.1,8.8,5.5,1.2266,15.31999969482422,38.22681818181818,61.26202583312988,35.576786518096924,22.99487495422364,15.611666520436604,39.90117073059082,25.91797637939453,39.623696645100914,27.60647281010945,21.550000190734863,-0.0797465916648506,-0.0232771604780857,-0.0348922348471668,-0.0444517591082183,-0.0473614117806582,-0.0024539782958305,-0.0061645678540374,-0.0526344530340801,-0.0342707868938899,-0.0371875801343065,-0.1576249952634192,0.021681310309016,-0.0066207425786343,-0.0363514346244297,0.0387785970066722,-0.0596687857610225,-0.1200000000000001,-0.2300000000000004,0.0661062985801632,-0.1,0.0,0.0098313097284084,0.0757603211303652,0.0010582011569475,1,0,0,0,0,-0.0360005681805001,-0.0808549249981839,-0.0250405317280857,-0.0685218667806582,-0.0656122141082183,-0.0194645678540374,-0.0157539782958306,-0.0737949080340801,-0.0554312418938899,-0.0583480351343065,-0.1787854502634192,0.000520855309016,-0.0277811975786343,-0.0575118896244297,0.0176181420066722,-0.0808292407610225,2.0,2.0,0.0
2004-08-01,1368.6800537109375,3594.280029296875,1104.239990234375,49.2846794128418,52.59999847412109,27.299999237060547,0.6158930063247681,4.28,4.11,1.48,2.1142727,2.0,1.5,2.6,189.2,8.9,5.4,1.2191,15.289999961853027,42.22409090909091,57.17290878295898,36.61059474945069,22.32254447937012,13.573000192642212,41.37096118927002,25.35126558939616,39.257829666137695,27.39751609166463,20.8100004196167,-0.0229039687509615,-0.0145886569226167,0.0022847383199045,0.0285151751056214,-0.0750581334548695,-0.0426664662316428,0.0643648397910782,-0.0690800067698041,0.0286443114731772,-0.0296742320346651,-0.1399359491173934,0.0361735490875723,-0.0221081432316837,-0.0092764331449275,-0.0075979116366515,-0.0349421648308341,-0.1599999999999992,-0.2199999999999997,-0.001960126946281,0.0,0.0999999999999996,-0.0061332326207826,0.0994536168405275,0.0005286809533657,1,0,0,0,0,0.0010514049865712,-0.0241373020842949,-0.0163505508392833,-0.0962008604548695,0.0073724481056214,0.0495648397910782,-0.0574664662316428,-0.0902227337698041,0.0075015844731772,-0.0508169590346651,-0.1610786761173934,0.0150308220875723,-0.0432508702316837,-0.0304191601449275,-0.0287406386366515,-0.0560848918308341,2.0,2.0,0.0
2004-09-01,1412.739990234375,3640.610107421875,1114.5799560546875,51.4619140625,53.75,27.64999961853028,0.6919639706611633,4.13,4.09,1.65,2.1185909,2.0,1.75,2.2,189.8,8.9,5.4,1.2224,13.34000015258789,43.31590909090909,56.53309631347656,37.42515993118286,22.399473190307617,12.190666834513346,41.71345043182373,26.74215507507324,39.38247108459473,27.189622561136883,21.53499984741211,0.0316842632317542,0.0128075784309106,0.0093203062182699,0.0432287309784534,0.0216275762732132,0.0127390399275567,0.1164606313273983,-0.0112539214028807,0.0220055311283557,0.0034403093072094,-0.1074118941063456,0.0082444149461002,0.0534125086869085,0.0031699147037149,-0.0076169786801231,0.034245850850769,-0.0200000000000004,-0.1500000000000003,-0.1364319655202237,-0.3999999999999999,0.0,0.0027032578411553,0.025529050244291,0.0031662295580501,1,0,0,0,0,0.0079453062182699,0.0303092632317542,0.0110420860142439,0.0004416672732132,0.0220428219784534,0.0999606313273983,-0.0037609600724432,-0.0324398304028807,0.0008196221283557,-0.0177455996927905,-0.1285978031063457,-0.0129414940538997,0.0322265996869085,-0.018015994296285,-0.0288028876801231,0.013059941850769,2.0,2.0,0.0
2004-10-01,1486.719970703125,3706.820068359375,1130.199951171875,52.84742736816406,53.70000076293945,27.96999931335449,0.9357140064239502,4.1,3.98,1.76,2.1473333,2.0,1.75,2.3,190.8,8.9,5.5,1.2507,16.270000457763672,49.73619047619048,56.54736137390137,38.55641984939575,22.68901672363281,12.719333092371622,41.50892734527588,27.19544537862141,38.81569989522298,27.043208599090576,22.90999984741211,0.0510412572571244,0.0180231051143031,0.0139169521028178,0.0265670318267659,-0.0009306512855146,0.0115067684925408,0.3017759923520554,0.0002522993060376,0.0297794155276428,0.0128435223282224,0.0424524812899573,-0.0049151082618539,0.0168083478564405,-0.0144960197172843,-0.0053994716716844,0.0618939783845886,-0.1099999999999998,-0.0300000000000002,0.1985558974405394,0.0999999999999996,0.0,0.0228872551426048,0.1382128636822295,0.0052548728383587,1,0,0,0,0,0.0124502854361511,0.0495745905904578,0.0162336606976364,-0.0224039842855146,0.0050936988267659,0.2841759923520554,-0.0060932315074591,-0.0212210336939623,0.0083060825276428,-0.0086298106717775,0.0209791482899573,-0.0263884412618539,-0.0046649851435594,-0.0359693527172843,-0.0268728046716844,0.0404206453845886,2.0,2.0,0.0
2004-11-01,1571.5,3753.75,1173.8199462890625,51.75880813598633,53.5,26.809999465942383,1.1973210573196411,4.19,3.86,2.07,2.1703182,2.0,2.0,2.2,191.7,9.0,5.4,1.2997,13.239999771118164,43.74863636363636,56.64563179016113,38.36210060119629,23.493781280517577,14.439666350682575,40.74534893035889,27.120791753133137,40.11894098917643,25.80747350056966,24.25,0.0554582458013441,0.0125809556686739,0.0378687769068283,-0.0208144099517484,-0.0037313618202966,-0.0423575503367336,0.2465320068103017,0.0017363343472435,-0.0050526104885247,0.0348547971466067,0.1268559005968401,-0.0185668243615212,-0.0027488528822524,0.0330237654022243,-0.0467717847981804,0.0568431275784063,-0.1200000000000001,0.0900000000000007,-0.2060804161446756,-0.0999999999999996,0.0999999999999996,0.0384300740326819,-0.1282724032178692,0.0047058910374122,1,0,0,0,0,0.0361437769068283,0.0537332458013441,0.0107723571686739,-0.0254345438202966,-0.0425175919517484,0.2258320068103017,-0.0630575503367336,-0.0199668476527564,-0.0267557924885247,0.0131516151466067,0.1051527185968401,-0.0402700063615212,-0.0244520348822525,0.0113205834022242,-0.0684749667981804,0.0351399455784063,2.0,2.0,0.0
2004-12-01,1621.1199951171875,3821.159912109375,1211.9200439453125,52.74846267700195,56.34999847412109,26.71999931335449,1.149999976158142,4.23,3.64,2.19,2.1731739,2.0,2.25,2.2,191.7,8.9,5.4,1.3406,13.289999961853027,39.96565217391304,57.39672088623047,38.994051933288574,24.38740119934082,13.87333329518636,43.35571002960205,28.347246805826824,40.09002558390299,26.21371666590373,24.105000495910645,0.0310866881236339,0.0177986781266536,0.0319425732114828,0.0189400051790828,0.0519005595052274,-0.003362609357144,-0.0403246872807751,0.0131722985101357,0.0163391112530816,0.0373308948888021,-0.0400104977416087,0.0620967173104983,0.0442292539418248,-0.0007210018470869,0.0156186900901243,-0.0059973089529698,-0.2199999999999997,0.04,0.0037693366330882,0.0,-0.0999999999999996,0.0309838063363145,-0.0904400539152368,0.0,1,0,0,0,0,0.0301175732114828,0.0292616881236339,0.0159876998766536,0.0301688205052274,-0.0027917338209171,-0.0622246872807751,-0.025262609357144,-0.0085594404898642,-0.0053926277469183,0.0155991558888021,-0.0617422367416087,0.0403649783104983,0.0224975149418248,-0.0224527408470869,-0.0061130489098756,-0.0277290479529698,2.0,2.0,0.0
2005-01-01,1519.6300048828125,3913.68994140625,1181.27001953125,54.82673263549805,53.29999923706055,26.280000686645508,1.3732140064239502,4.22,3.58,2.33,2.1454286,2.0,2.25,1.6,191.6,8.7,5.3,1.3123,12.81999969482422,44.1747619047619,59.015554428100586,40.33140182495117,25.96643123626709,13.739666859308878,41.80208873748779,29.25356801350912,41.49930063883463,26.66703192392985,24.10999965667725,-0.0646503779921201,0.023926629562108,-0.0256157676953058,0.0386432684556972,-0.0556458965494507,-0.0166041032261606,0.1773920607489407,0.0278138692587705,0.0337212471772992,0.0627379428699984,-0.0096814890948426,-0.0364921057263535,0.0314716385813994,0.034549010202458,0.0171452324233424,0.0002073695227086,-0.06,-0.0100000000000006,-0.0360054421669415,-0.6000000000000001,-0.200000000000001,-0.0213359520216163,0.1001332388011428,-0.0005217845148388,1,0,0,0,0,-0.0275574343619725,-0.0665920446587867,0.0221387723954413,-0.0771001825494507,0.0171889824556971,0.1540920607489407,-0.0399041032261606,0.0063595832587705,0.0122669611772992,0.0412836568699984,-0.0311357750948426,-0.0579463917263535,0.0100173525813994,0.013094724202458,-0.0043090535766575,-0.0212469164772913,2.0,2.0,0.0
2005-02-01,1511.02001953125,4027.159912109375,1203.5999755859375,54.232940673828125,55.95000076293945,25.15999984741211,1.6021430492401123,4.17,3.6,2.54,2.13835,2.0,2.5,1.9,192.4,8.6,5.4,1.3013,12.079999923706056,45.721,62.08474826812744,41.0860800743103,26.555500793457032,15.107000033060707,43.00157833099365,30.060146967569988,42.00260543823242,29.13536771138509,22.94499969482422,-0.0056819549907514,0.0285807430616773,0.0187268980560266,-0.0108894114801327,0.0485221315362903,-0.0435527939769347,0.1541881564250062,0.0506993156929926,0.0185390126679903,0.022432314893865,0.0948711742971499,0.0282905123132615,0.0271987238472621,0.0120550755845724,0.0885247784062924,-0.0495266434067515,0.02,-0.0499999999999998,-0.0594552414969156,0.2999999999999998,-0.0999999999999996,-0.0084175581195294,0.0344040825807798,0.0041666726948461,1,0,0,0,0,0.01661023138936,-0.007798621657418,0.0267987847283439,0.0271386315362903,-0.0322729114801327,0.1287881564250062,-0.0689527939769347,0.0293158156929926,-0.0028444873320096,0.001048814893865,0.0734876742971499,0.0069070123132615,0.0058152238472621,-0.0093284244154275,0.0671412784062924,-0.0709101434067515,2.0,2.0,0.0
2005-03-01,1482.530029296875,4067.780029296875,1180.5899658203125,54.133975982666016,57.70000076293945,24.170000076293945,1.4882140159606934,4.5,3.75,2.74,2.1371905,2.0,2.75,2.1,193.1,8.6,5.2,1.3185,14.020000457763672,53.22913043478261,61.97394943237305,41.06439542770386,25.948140716552736,14.459999958674112,45.99892520904541,30.607940673828125,42.65468215942383,28.94318040211996,23.39000034332276,-0.019034824862157,0.0100360122309375,-0.0193027609216905,-0.0018264747531402,0.0307987383425466,-0.0401432278955911,-0.0737653848178264,-0.0017862329247031,-0.0005279250540563,-0.0231369540648389,-0.0437720008773507,0.0673812108034946,0.018059200985371,0.0154053983039394,-0.006618209889956,0.0192085607277935,0.1499999999999999,0.33,0.1489337280662597,0.2000000000000001,0.0,0.0131309620106298,0.1520481000990261,0.0036316512028626,1,0,0,0,0,-0.0215860942550239,-0.0213181581954904,0.0082550201476042,0.0094268333425466,-0.0231983797531402,-0.1011653848178264,-0.0675432278955911,-0.0231581379247031,-0.0218998300540563,-0.0445088590648389,-0.0651439058773507,0.0460093058034946,-0.0033127040146289,-0.0059665066960605,-0.027990114889956,-0.0021633442722064,2.0,2.0,0.0
2005-04-01,1420.7900390625,3911.7099609375,1156.8499755859375,50.373294830322266,54.5,25.299999237060547,1.2878570556640625,4.34,3.54,2.78,2.1372381,2.0,2.75,2.0,193.7,8.7,5.2,1.2943,15.3100004196167,52.60428571428571,57.504387855529785,38.70824575424194,25.0660701751709,12.854666550954184,47.54250526428223,30.62344106038412,42.356536865234375,26.90430974960327,22.425000190734863,-0.0425370250978724,-0.0391227947374256,-0.0203135115002225,-0.0720008404181738,-0.0570564850673762,0.0456921677058173,-0.1445971141032638,-0.0748528708804028,-0.0590888088333815,-0.0345848125559901,-0.1176793127402426,0.0330061273768331,0.0005062889795423,-0.0070142863497338,-0.0730481240608312,-0.0421321788239566,-0.2099999999999999,-0.1600000000000001,0.0880213228204014,-0.1,0.0999999999999996,-0.0185247183449489,-0.0118082171699485,0.0031023809784818,1,0,0,0,0,-0.0226301781668892,-0.0448536917645391,-0.0409038264874256,-0.0784288660673762,-0.0933732214181738,-0.1723971141032638,0.0178921677058173,-0.0962252518804028,-0.0804611898333815,-0.0559571935559901,-0.1390516937402426,0.0116337463768331,-0.0208660920204576,-0.0283866673497338,-0.0944205050608312,-0.0635045598239566,2.0,2.0,0.0
2005-05-01,1542.6300048828125,4120.72998046875,1191.5,54.133975982666016,58.0,25.799999237060547,1.4199999570846558,4.14,3.38,2.84,2.1256364,2.0,3.0,1.7,193.6,8.8,5.1,1.2697,13.289999961853027,49.28545454545455,61.05089473724365,40.77927684783936,26.26138229370117,14.076666673024496,50.1015100479126,31.927642186482743,44.92486826578776,28.981345812479656,23.550000190734863,0.082275672743417,0.0520557188330321,0.0295122444890195,0.0720008404181737,0.062242308877221,0.0195700967785102,0.0976772014951308,0.0598466008372679,0.0521213860538505,0.0465843604428224,0.090811679596969,0.0524269897412862,0.0417063973772148,0.0588687377940356,0.0743658876534469,0.0489494121112553,-0.1600000000000001,-0.2000000000000001,-0.1414943672228039,-0.3,0.1000000000000014,-0.0191893563726466,-0.0651685960125267,-0.0005163955704734,1,0,0,0,0,0.0271455778223529,0.0799090060767503,0.0502843551663655,0.040985944877221,0.0507444764181737,0.0692772014951308,-0.0088299032214897,0.0385902368372679,0.0308650220538505,0.0253279964428224,0.069555315596969,0.0311706257412862,0.0204500333772148,0.0376123737940356,0.0531095236534469,0.0276930481112553,2.0,2.0,0.0
2005-06-01,1493.52001953125,4229.35009765625,1191.3299560546875,56.113277435302734,63.900001525878906,24.84000015258789,1.3146430253982544,4.0,3.2,2.97,2.1110455,2.0,3.25,1.8,193.7,8.9,5.0,1.2155,12.039999961853027,54.83909090909091,64.52456092834473,42.45046520233154,28.329914474487303,14.515000343322754,47.5874252319336,33.48703702290853,45.54969914754232,30.21987231572469,24.295000076293945,-0.0323529921553728,0.0260180126457634,-0.0001427243645053,0.0359104483617765,0.0968763747162385,-0.0379191991481669,-0.0770916761897456,0.0553380846464865,0.0401638395485,0.075818788691112,0.0306640404001558,-0.0514825977764094,0.0476862486090267,0.0138125184491473,0.041847356509361,0.0311447424366092,-0.1799999999999997,-0.1399999999999996,-0.0987774331424806,0.1,0.0999999999999996,-0.0436251373195676,0.1067742795367219,0.0005163955704734,1,0,0,0,0,-0.0026177243645053,-0.0348279921553728,0.02425880806243,0.0757659197162385,0.0147999933617765,-0.1067916761897456,-0.0676191991481669,0.0342276296464865,0.0190533845485,0.054708333691112,0.0095535854001558,-0.0725930527764094,0.0265757936090267,-0.0072979365508526,0.020736901509361,0.0100342874366092,2.0,2.0,0.0
2005-07-01,1605.1400146484375,4451.740234375,1234.1800537109375,59.08223724365234,68.55000305175781,25.61000061035156,1.5232139825820925,4.18,3.27,3.22,2.1194286,2.0,3.25,1.8,194.9,8.9,5.0,1.2041,11.56999969482422,57.62571428571429,66.98988723754883,45.39624738693237,28.87657165527344,15.371000130971272,50.15927791595459,36.39242744445801,47.52160517374674,31.520620663960774,26.75999927520752,0.0720752262939135,0.0512467435989346,0.0353365322718687,0.0515578660318987,0.0702440652643779,0.0305276608358741,0.1472573995528751,0.0374957303393537,0.0670915734282899,0.0191123020453826,0.0573000046339128,0.0526349500690203,0.0832023063550322,0.0423804345923647,0.0421422242336684,0.0966376371769255,0.0699999999999998,0.1799999999999997,-0.0398189218832087,0.0,0.0,-0.0094231148580047,0.0495656192470317,0.0061760361005642,1,0,0,0,0,0.0326531989385353,0.0693918929605801,0.0494805530989346,0.0490497792643779,0.0303635800318987,0.1150573995528751,-0.0016723391641258,0.0163014443393537,0.0458972874282899,-0.0020819839546173,0.0361057186339128,0.0314406640690203,0.0620080203550322,0.0211861485923647,0.0209479382336684,0.0754433511769255,2.0,2.0,0.0
2005-08-01,1581.7099609375,4399.35986328125,1220.3299560546875,58.38948059082031,65.5,27.3799991607666,1.6746430397033691,4.26,3.3,3.44,2.1324783,2.0,3.5,2.0,196.1,9.0,4.9,1.2295,12.600000381469728,63.9504347826087,67.121337890625,44.15897846221924,29.540439224243165,14.650999943415323,49.897414207458496,37.236087799072266,48.05741500854492,30.193088213602703,25.60999965667725,-0.0147044737357917,-0.0118360389148252,-0.0112855475028992,-0.0117945782437762,-0.0455133078858296,0.0668298651649912,0.0947774671866545,0.0019603235306541,-0.0276331759032975,0.022729548808431,-0.0479740371064641,-0.0052343186811198,0.0229176773999496,0.011211988713853,-0.0430289248238132,-0.043925321369481,0.0299999999999998,0.08,0.0852813294036942,0.1999999999999999,0.0999999999999996,0.0208751827580739,0.1041394301378693,0.0061381266887856,1,0,0,0,0,-0.0141522141695659,-0.0175711404024584,-0.0136131041648252,-0.0668380908858296,-0.0331193612437762,0.0603774671866545,0.0324298651649912,-0.0193644594693459,-0.0489579589032975,0.001404765808431,-0.0692988201064641,-0.0265591016811198,0.0015928943999496,-0.0101127942861469,-0.0643537078238132,-0.065250104369481,2.0,2.0,0.0
2005-09-01,1601.6600341796875,4600.02001953125,1228.81005859375,62.64498519897461,68.5999984741211,25.729999542236328,1.9146430492401123,4.2,3.13,3.42,2.1391364,2.0,3.75,2.3,198.8,9.0,5.0,1.2234,11.920000076293944,63.26136363636364,69.92261505126953,47.72842264175415,30.74475555419922,16.996667226155598,51.04359245300293,39.29375330607096,49.958787282307945,32.64369344711304,25.179999351501465,0.012534097172358,0.0446016108353311,0.0069249911211933,0.0703478866893509,0.0462423698475003,-0.0621551807063686,0.1339311760539517,0.0408871364902182,0.0777308138970331,0.0399592828350749,0.1485086906595178,0.0227108396856337,0.0537871641268227,0.0388019690833447,0.0780386496872913,-0.0169328839439336,-0.1699999999999999,-0.0599999999999996,-0.0554791761951047,0.2999999999999998,0.0,-0.0049737148477827,-0.0108335530862548,0.0136745610201733,1,0,0,0,0,0.0040749911211933,0.009684097172358,0.0428189971686645,0.0248510058475003,0.0489565226893509,0.0997311760539517,-0.0963551807063686,0.0194957724902182,0.0563394498970331,0.0185679188350749,0.1271173266595179,0.0013194756856337,0.0323958001268227,0.0174106050833447,0.0566472856872913,-0.0383242479439336,2.0,2.0,0.0
2005-10-01,1579.1800537109375,4436.4501953125,1207.010009765625,62.64498519897461,67.55000305175781,25.700000762939453,2.056786060333252,4.46,3.29,3.71,2.196619,2.0,3.75,2.0,199.1,9.1,5.0,1.2022,15.31999969482422,58.90857142857143,68.19144248962402,48.04636573791504,29.463075256347658,16.22933308283488,50.02496719360352,36.97533098856608,48.6848258972168,29.8444299697876,24.64000034332276,-0.0141348537662682,-0.0362061044487273,-0.0179000339063433,0.0,-0.0154244029047378,-0.0011665869150706,0.071613391595294,-0.0250700509819098,0.0066394145995707,-0.0425816355173115,-0.0461969902649361,-0.0201577969410682,-0.0608145970443998,-0.0258310128728651,-0.0896534590253894,-0.0216788502628194,0.1600000000000001,0.2599999999999998,0.2509414763546527,-0.2999999999999998,0.0999999999999996,-0.0174806562034029,-0.0712881685324307,0.001507916847677,1,0,0,0,0,-0.0209917005730099,-0.0172265204329349,-0.0380366202820606,-0.0373905929047378,-0.02196619,0.034513391595294,-0.0382665869150706,-0.0470362409819098,-0.0153267754004292,-0.0645478255173115,-0.0681631802649361,-0.0421239869410682,-0.0827807870443998,-0.0477972028728651,-0.1116196490253894,-0.0436450402628194,2.0,2.0,0.0
2005-11-01,1672.56005859375,4567.41015625,1249.47998046875,66.50462341308594,72.80000305175781,27.68000030517578,2.42214298248291,4.54,3.5,3.88,2.3608636,2.0,4.0,1.8,198.1,9.1,5.0,1.1789,12.0600004196167,55.44954545454545,71.10774898529053,51.069260120391846,31.35512657165528,17.77166684468587,51.38488006591797,37.75394821166992,47.863789876302086,28.070914427439373,25.0,0.0574496628601368,0.029091787743289,0.0345812139547286,0.0597878368246438,0.0748478875384209,0.0742191201870717,0.1635080786797508,0.0418772377205888,0.0610162554473347,0.0622399876096209,0.0907851497674706,0.0268217423757237,0.0208390983725023,-0.0170081322543619,-0.0612642552250918,0.0145046722693282,0.2099999999999999,0.08,-0.2392649182992285,-0.1999999999999999,0.0,-0.0195714113069797,-0.0605130888033222,-0.0050352573656455,1,0,0,0,0,0.0313478806213952,0.0542163295268035,0.0271244014099557,0.0512392515384209,0.0361792008246438,0.1247080786797508,0.0354191201870717,0.0182686017205888,0.0374076194473347,0.0386313516096209,0.0671765137674706,0.0032131063757237,-0.0027695376274976,-0.0406167682543619,-0.0848728912250918,-0.0091039637306717,2.0,2.0,0.0
2005-12-01,1645.199951171875,4715.22998046875,1248.2900390625,67.69220733642578,75.05000305175781,26.14999961853028,2.567500114440918,4.47,3.38,3.89,2.4728571,2.25,4.25,1.8,198.1,9.1,4.9,1.1861,12.06999969482422,57.15681818181818,74.1799840927124,52.4328761100769,32.65845985412598,17.949666659037273,53.48308563232422,38.02122433980306,50.25054295857748,29.14242347081502,25.19499969482422,-0.0164934941536217,0.0318513523891819,-0.0009528030899304,0.0176995972256747,0.030438601620076,-0.0568609658514258,0.0582800291235979,0.042298039614274,0.0263510482743731,0.0407261487674605,0.0099661054156254,0.0400214804635572,0.0070544804469432,0.0486620859639528,0.0374609972504606,0.0077697251518071,-0.1200000000000001,-0.0700000000000002,0.0008287837324871,0.0,0.0,0.0060888137371482,0.0303251700241125,0.0,1,0,0,0,0,-0.004194469756597,-0.0197351608202884,0.0297906381391819,0.005710030620076,-0.0070289737743252,0.0193800291235978,-0.0957609658514258,0.017569468614274,0.0016224772743731,0.0159975777674605,-0.0147624655843745,0.0152929094635572,-0.0176740905530567,0.0239335149639528,0.0127324262504606,-0.0169588458481928,2.0,2.0,0.25
2006-01-01,1710.75,4947.990234375,1280.0799560546875,72.64047241210938,74.25,28.14999961853028,2.696785926818848,4.42,3.34,4.24,2.5116818,2.25,4.5,2.2,199.3,9.2,4.7,1.2126,12.949999809265137,63.31181818181818,75.23582458496094,55.51599979400635,34.77371025085449,19.243332703908283,55.109296798706055,40.76867485046387,51.11100641886393,32.4663610458374,24.875,0.0390699431554807,0.0481837896359901,0.0251478956075799,0.0705511702630164,-0.0107168210596566,0.0736981651111975,0.0491279590564496,0.0141331506555113,0.0571374625124988,0.0627577192368391,0.0695931034613168,0.029952980346746,0.069769474186724,0.0169785117916176,0.1080095447887337,-0.0127822669753515,-0.04,-0.0499999999999998,0.0703727635913722,0.4000000000000001,0.0999999999999996,0.0220962006024002,0.1022733264645507,0.0060392735142436,1,0,0,0,0,0.0216145622742465,0.0355366098221474,0.0460907214693234,-0.0358336390596566,0.0454343522630164,0.0067279590564496,0.0312981651111975,-0.0109836673444886,0.0320206445124988,0.0376409012368391,0.0444762854613168,0.004836162346746,0.044652656186724,-0.0081383062083823,0.0828927267887337,-0.0378990849753515,2.25,2.0,0.0
2006-02-01,1670.5699462890625,5000.4501953125,1280.6600341796875,76.8959732055664,76.25,26.8700008392334,2.446070909500122,4.57,3.51,4.43,2.60035,2.25,4.5,2.0,199.4,9.2,4.8,1.194,12.34000015258789,60.8055,77.5776424407959,59.69043350219727,34.152282333374025,20.12666686375936,53.19315528869629,41.10478274027506,51.71477254231771,33.93098068237305,25.13999938964844,-0.0237670174433227,0.0105464665660036,0.0004530550834012,0.0569312733611472,0.0265796378047121,-0.0465368871738775,-0.0975776396214479,0.0306517645251407,0.0725005009309677,-0.0180322323346331,0.0448809977071986,-0.0353886997722988,0.0082104698601126,0.0117436127096237,0.0441239729205442,0.0105968958393395,0.1699999999999999,0.1500000000000003,-0.0482497425744372,-0.2000000000000001,0.0,-0.0154577996850829,-0.0403917674510809,0.0005016303089888,1,0,0,0,0,-0.0032386115832654,-0.0274586841099893,0.0083795082326703,0.000576137804712,0.0309277733611472,-0.1418776396214479,-0.0908368871738775,0.0046482645251407,0.0464970009309677,-0.0440357323346331,0.0188774977071986,-0.0613921997722988,-0.0177930301398873,-0.0142598872903762,0.0181204729205442,-0.0154066041606604,2.25,2.25,0.0
2006-03-01,1703.6600341796875,5220.85009765625,1294.8699951171875,76.69999694824219,80.9000015258789,27.209999084472656,2.240000009536743,4.72,3.69,4.51,2.7226087,2.5,4.75,1.7,199.7,9.1,4.7,1.2028,11.390000343322754,62.74695652173913,78.93810653686523,60.88020992279053,35.41500816345215,21.64633305867513,57.04189300537109,42.57147343953451,55.38555399576823,36.669366200764976,25.38000011444092,0.0196140446371878,0.04313229514909,0.0110347035094499,-0.0025518425187341,0.0591964274382215,0.0125740652879314,-0.0880071567040527,0.0173848110416098,0.0197363969739012,0.0363062733278186,0.0727904209666999,0.0698562348032626,0.035059908289896,0.0685753250229063,0.0776132165873915,0.0095012879113439,0.1800000000000001,0.1499999999999994,-0.0801102232409864,-0.3,-0.0999999999999996,0.0073431571618267,0.0314298297829287,0.0015033828940316,1,0,0,0,0,0.0072763701761166,0.0158557113038545,0.0408634545657566,0.0319703404382215,-0.0297779295187341,-0.1331071567040527,-0.0325259347120685,-0.0098412759583901,-0.0074896900260987,0.0090801863278186,0.0455643339666999,0.0426301478032626,0.007833821289896,0.0413492380229063,0.0503871295873915,-0.017724799088656,2.25,2.25,0.25
2006-04-01,1700.7099609375,5188.39990234375,1310.6099853515625,74.9000015258789,83.44999694824219,24.14999961853028,2.5139288902282715,4.99,3.95,4.6,2.7937778,2.5,4.75,2.0,200.7,9.0,4.7,1.2273,11.59000015258789,70.34,80.07421112060547,59.72293567657471,33.88123550415039,20.429999351501465,56.62042617797852,42.72664896647135,55.04124323527018,38.81406084696452,25.730000495910645,-0.0017331100819472,-0.0062348969300721,0.0120823662692256,-0.0237477576895836,0.0310337706122049,-0.1193001548456971,0.1153709541337536,0.0142897598483299,-0.0191920328812776,-0.0442743535302814,-0.0578316892828314,-0.0074161562445663,0.0036384317437859,-0.0062360203306793,0.0568408758723162,0.0136961787719481,0.2600000000000002,0.2700000000000004,0.0174068629155761,0.3,-0.0999999999999996,0.0201644624890885,0.1142305518557771,0.0049950153805227,1,0,0,0,0,0.0082490329358923,-0.0055664434152805,-0.0085630450967388,0.0030959926122049,-0.0516855356895836,0.0693709541337536,-0.1653001548456971,-0.01364801815167,-0.0471298108812776,-0.0722121315302815,-0.0857694672828314,-0.0353539342445663,-0.024299346256214,-0.0341737983306793,0.0289030978723162,-0.0142415992280518,2.5,2.25,0.0
2006-05-01,1579.5799560546875,4930.18017578125,1270.0899658203125,72.80000305175781,76.69999694824219,22.64999961853028,2.134643077850342,5.11,4.0,4.72,2.889,2.5,5.0,2.3,201.3,8.9,4.6,1.2767,16.440000534057617,70.51,75.22171211242676,57.89325952529907,30.16870346069336,19.872333367665608,55.80351448059082,39.64114507039388,53.83867645263672,37.31905651092529,24.489999771118164,-0.0738868268663462,-0.0510498114639521,-0.0314049293203158,-0.028437913772999,-0.0843459449529753,-0.0641245292156212,-0.1635473682040566,-0.0625139295082094,-0.0311151668024956,-0.1160562583910327,-0.0276758957286414,-0.0145329557149575,-0.0749552273570337,-0.0220906791605937,-0.0392784793419251,-0.0493927839491422,0.0499999999999998,0.1200000000000001,0.3495747515961516,0.2999999999999998,-0.0999999999999996,0.0394619892228424,0.0024139166851133,0.002985076843454,1,0,0,0,0,-0.0353382626536491,-0.0778201601996796,-0.0534573114639521,-0.1132359449529753,-0.057327913772999,-0.2107473682040566,-0.1113245292156212,-0.0914039295082094,-0.0600051668024956,-0.1449462583910327,-0.0565658957286414,-0.0434229557149575,-0.1038452273570337,-0.0509806791605937,-0.0681684793419251,-0.0782827839491422,2.5,2.5,0.0
2006-06-01,1575.22998046875,4965.9599609375,1270.199951171875,74.9000015258789,77.5999984741211,23.299999237060547,2.0453569889068604,5.11,4.01,4.79,2.9856818,2.75,5.25,2.2,201.8,8.9,4.6,1.2661,13.079999923706056,69.23272727272727,78.31639289855957,57.27237558364868,30.112049865722657,20.47000042597453,57.19550895690918,38.670318603515625,55.2775624593099,35.088925997416176,23.50500011444092,-0.0027576801329941,0.0072310902166373,8.659275533511337e-05,0.0284379137729989,0.0116657389408126,0.0282934927403592,-0.0427271150917277,0.0403170270367696,-0.0107825560387663,-0.0018796583826428,0.0296319391244715,0.0246385296369393,-0.0247952511639879,0.0263749819868724,-0.0616185125592969,-0.0410516922732615,0.0099999999999997,0.0,-0.2286330819171076,-0.0999999999999996,0.0,-0.0083373143000975,-0.0182808554398441,0.0024807752737627,1,0,0,0,0,-0.0039050739113315,-0.0067493467996607,0.0047430220499706,-0.0181910790591873,-0.001418904227001,-0.0906271150917277,-0.0196065072596407,0.0104602090367696,-0.0406393740387663,-0.0317364763826428,-0.0002248788755284,-0.0052182883630606,-0.0546520691639879,-0.0034818360131275,-0.0914753305592969,-0.0709085102732615,2.5,2.5,0.25
2006-07-01,1509.4300537109375,5009.419921875,1276.6600341796875,76.19999694824219,78.6500015258789,24.059999465942383,2.427143096923828,5.09,4.03,4.95,3.1021905,2.75,5.25,2.2,202.9,9.0,4.7,1.2681,14.949999809265137,74.04095238095238,79.80496215820312,58.62007570266724,29.693238830566408,19.260333855946858,56.17767906188965,40.470451990763344,58.169915517171226,35.72973950703939,22.86999988555908,-0.0426691492611442,0.0087134999213656,0.0050729894059884,0.0172075117478959,0.0134402413793777,0.0320973605221523,0.1711425444575837,0.0188287437372956,0.0232588207301521,-0.0140060483196678,-0.0609126801018403,-0.0179558722743614,0.0454997827430626,0.051001221531611,0.0180977993711678,-0.0273871663141701,0.0200000000000004,-0.0200000000000004,0.1336269468823281,0.0,0.0999999999999996,0.0015784077146464,0.0671446623913274,0.0054361389122599,1,0,0,0,0,0.0009479894059884,-0.0467941492611442,0.0061283411713656,-0.0175816636206222,-0.013814393252104,0.1216425444575837,-0.0174026394778476,-0.0121931612627043,-0.0077630842698478,-0.0450279533196678,-0.0919345851018404,-0.0489777772743614,0.0144778777430626,0.019979316531611,-0.0129241056288321,-0.0584090713141701,2.75,2.5,0.0
2006-08-01,1579.72998046875,5165.0400390625,1303.8199462890625,83.0,80.3499984741211,25.700000762939453,2.4232139587402344,4.88,3.9,4.96,3.2264783,3.0,5.25,2.1,203.8,9.0,4.7,1.281,12.3100004196167,73.5004347826087,82.11101531982422,62.91602945327759,31.5739673614502,19.977332909901936,54.60122108459473,41.07248814900717,59.714111328125,38.05229091644287,23.69499969482422,0.0455218022946701,0.0305927302017712,0.021051056620195,0.0854791851533133,0.0213844242879553,0.0659403332379095,-0.0016201442483336,0.0284864920495039,0.0707237448192643,0.0614135923027207,0.0365505359361401,-0.028463261602096,0.0147663818957681,0.0262000575447857,0.0629779091352451,0.035438039509505,-0.1300000000000003,-0.2099999999999999,-0.1942993127946835,-0.1,0.0,0.0101213056558802,-0.0073270290714955,0.0044258739568556,1,0,0,0,0,0.0169177232868617,0.0413884689613368,0.0279039982851045,-0.0108803587120446,0.0532144021533133,-0.0512201442483336,0.0163403332379095,-0.003778290950496,0.0384589618192643,0.0291488093027207,0.0042857529361401,-0.060728044602096,-0.0174984011042318,-0.0060647254552142,0.0307131261352451,0.003173256509505,2.75,2.75,0.25
2006-09-01,1654.1300048828125,5250.009765625,1335.8499755859375,84.9000015258789,81.25,27.350000381469727,2.749285936355591,4.72,3.77,4.81,3.335381,3.0,5.25,1.5,202.8,8.7,4.5,1.2722,11.979999542236328,62.52714285714286,85.72550201416016,63.92052125930786,32.192376899719235,19.979000568389893,54.67581367492676,42.76232083638509,59.815162658691406,38.756789207458496,24.57999992370605,0.0460212598079909,0.0163170821826828,0.0242693991143096,0.0226335034933644,0.0111387480167288,0.0622255212281611,0.1262464772824129,0.0430781774260502,0.0158394847802304,0.0193967188847745,8.347404998158305e-05,0.0013652017934328,0.0403188512983351,0.0016908218592878,0.0183446552575063,0.0366690584937659,-0.1299999999999999,-0.1600000000000001,-0.0271734198071813,-0.6000000000000001,-0.3000000000000007,-0.0068933376520303,-0.161690573429043,-0.0049188490715961,1,0,0,0,0,0.0202610657809763,0.0420129264746575,0.0135375980160162,-0.0222150619832711,-0.0107203065066355,0.0781464772824129,0.0141255212281611,0.0097243674260502,-0.0175143252197695,-0.0139570911152254,-0.0332703359500184,-0.0319886082065671,0.0069650412983351,-0.0316629881407121,-0.0150091547424936,0.0033152484937659,3.0,2.75,0.0
2006-10-01,1732.5400390625,5348.72998046875,1377.93994140625,86.19999694824219,81.6500015258789,28.709999084472656,2.895714044570923,4.73,3.81,4.92,3.502,3.25,5.25,1.2,201.9,8.5,4.4,1.2617,11.100000381469728,58.75818181818182,87.88800239562988,65.24852991104126,31.906167602539064,20.775333404541016,53.22808456420898,43.34275436401367,58.63149770100912,40.0653715133667,25.335000038146973,0.0463133685802971,0.0186292091780811,0.0310218126705608,0.0151960309764615,0.0049110168946724,0.0485289194284808,0.0518905096785847,0.0249129494263296,0.02056305955497,-0.0089303494026778,0.0390846385989186,-0.0268352860840662,0.0134821859997437,-0.0199871293721319,0.0332064621465067,0.0302537393995902,0.04,0.0100000000000006,-0.0762934117917155,-0.3,-0.1999999999999993,-0.0082876673110082,-0.0621703398637656,-0.0044477463982364,1,0,0,0,0,0.0269218126705608,0.0422133685802971,0.0157108758447478,-0.0301089831053275,-0.0198239690235384,0.0026905096785847,-0.0006710805715191,-0.0101070505736703,-0.0144569404450299,-0.0439503494026778,0.0040646385989186,-0.0618552860840662,-0.0215378140002562,-0.0550071293721319,-0.0018135378534932,-0.0047662606004097,3.0,3.0,0.25
2006-11-01,1791.25,5327.64013671875,1400.6300048828125,81.4000015258789,78.30000305175781,29.36000061035156,3.273571014404297,4.6,3.74,4.94,3.5971818,3.25,5.25,1.6,202.0,8.3,4.5,1.2888,10.90999984741211,59.22272727272727,85.94298934936523,62.68460464477539,32.464751434326175,21.25233348210653,52.80980110168457,44.51444371541341,60.294106801350914,39.93908500671387,24.40999984741211,0.0333251377753827,-0.0039507568490419,0.01633255113123,-0.0572948505124883,-0.0418941961325671,0.0223877622906798,0.1226497142546916,-0.0223791419717804,-0.0400876383167425,0.0173555966361132,0.0227003112982113,-0.0078893619853538,0.0266741678246434,0.0279623120263121,-0.0031569894236625,-0.037193962279747,-0.0699999999999998,-0.1300000000000007,-0.0172653568260083,0.4000000000000001,-0.1999999999999993,0.0212515349290689,0.0078749665324409,0.0004951720824131,1,0,0,0,0,0.0122158844645634,0.029208471108716,-0.0069484083490419,-0.0778660141325671,-0.0932666685124884,0.0732497142546916,-0.0270122377093202,-0.0583509599717804,-0.0760594563167425,-0.0186162213638867,-0.0132715067017886,-0.0438611799853538,-0.0092976501753565,-0.0080095059736878,-0.0391288074236625,-0.073165780279747,3.25,3.0,0.0
2006-12-01,1756.9000244140625,5541.759765625,1418.300048828125,82.69999694824219,79.94999694824219,29.86000061035156,3.0299999713897705,4.56,3.81,4.85,3.6842105,3.5,5.25,1.7,203.1,8.3,4.4,1.3205,11.5600004196167,62.26047619047619,88.95326614379883,63.94312238693237,34.28195648193359,21.87999963760376,54.69827461242676,48.2888298034668,60.71951548258463,40.727745374043785,26.450000762939453,-0.0193627938752707,0.0394037084948337,0.0125368668579112,0.0158442733741639,0.0208537591371807,0.0168865880166294,-0.077318832308374,0.0344269704249918,0.0198780979829582,0.0544642361584178,0.0291062607265727,0.0351353657845105,0.0813865525205692,0.0070307858834689,0.0195541461862266,0.0802633089950713,0.0699999999999998,-0.04,0.0578711136843317,0.0999999999999998,0.0,0.0242988998744223,0.0500214385511856,0.005430771185134,1,0,0,0,0,0.0084952001912445,-0.0234044605419373,0.036333533078167,-0.0159883458628192,-0.020997831625836,-0.125818832308374,-0.0316134119833705,-0.0024151345750081,-0.0169640070170417,0.0176221311584178,-0.0077358442734272,-0.0017067392154894,0.0445444475205692,-0.029811319116531,-0.0172879588137733,0.0434212039950713,3.25,3.25,0.25
2007-01-01,1792.280029296875,5608.31005859375,1438.239990234375,85.5999984741211,80.9000015258789,30.86000061035156,3.061785936355591,4.76,4.07,4.98,3.7518636,3.5,5.25,1.4,203.437,8.5,4.6,1.2993,10.420000076293944,54.50304347826087,90.26576614379884,66.78126859664917,36.50478515625,22.356667041778564,54.604848861694336,45.24934260050456,58.01764806111654,42.5738697052002,27.075000762939453,0.0199376624081533,0.0119373392814871,0.0139611313073257,0.0344657001939085,0.0118124418166093,0.03294105416161,0.0104357749660295,0.0146471437586308,0.0434286554742701,0.0628241864971996,0.0215516172311805,-0.0017094803975337,-0.0650121250284642,-0.0455179123403223,0.0443311131590298,0.0233546339168967,0.2600000000000002,0.2000000000000001,-0.1038238558961568,-0.3,0.1999999999999993,-0.0161847948484963,-0.1330702696539405,0.0016579060562325,1,0,0,0,0,0.0098111313073257,0.0157876624081533,0.0088107862814871,-0.0257061941833906,-0.0030529358060914,-0.0393642250339705,-0.0168589458383899,-0.0228714922413691,0.0059100194742701,0.0253055504971996,-0.0159670187688194,-0.0392281163975337,-0.1025307610284642,-0.0830365483403223,0.0068124771590298,-0.0141640020831033,3.5,3.25,0.0
2007-02-01,1761.5999755859375,5516.31982421875,1406.8199462890625,78.9000015258789,83.7300033569336,28.170000076293945,3.0217859745025635,4.72,4.1,5.03,3.8182,3.5,5.25,1.2,204.226,8.5,4.5,1.308,15.420000076293944,57.9695,91.82194709777832,62.68388032913208,35.97579650878906,23.796666145324707,53.0429801940918,44.96012115478516,60.17239761352539,41.92250951131185,27.20500087738037,-0.0172660955658761,-0.0165384973905834,-0.0220883370533768,-0.0815040181307765,0.0343835333829606,-0.0912032821164734,-0.0131503461701843,0.0170930681218701,-0.063318308444807,-0.0145969590188998,0.0624209147160051,-0.0290201538279377,-0.0064122415690811,0.0364664945836574,-0.0154177753570061,0.0047899911227946,0.0299999999999993,-0.04,0.3919383294358134,-0.1999999999999999,0.0,0.0066735951284534,0.0616604664156894,0.0038708491335395,1,0,0,0,0,-0.0262800037200435,-0.0214577622325428,-0.0197203307239168,-0.0037984666170393,-0.1196860181307765,-0.0634503461701843,-0.1415032821164734,-0.0210889318781298,-0.101500308444807,-0.0527789590188998,0.0242389147160051,-0.0672021538279377,-0.0445942415690811,-0.0017155054163425,-0.0535997753570061,-0.0333920088772053,3.5,3.5,0.0
2007-03-01,1772.3599853515625,5634.16015625,1420.8599853515625,78.19999694824219,83.05000305175781,27.8700008392334,3.318213939666748,4.56,4.0,4.94,3.8909091,3.75,5.25,1.2,205.288,8.4,4.4,1.3246,14.640000343322754,62.35727272727273,94.90593910217284,62.74681758880615,38.09499931335449,25.14166720708211,53.41177177429199,46.65293884277344,61.34913126627604,41.84807904561361,27.96500015258789,0.0060895104273317,0.0211371563539612,0.0099305117846988,-0.0089116386650028,-0.0081545035033696,-0.010706712990336,0.0935786293159304,0.0330349422074762,0.0010035384638807,0.0572366287525131,0.0549810249337622,0.0069286349125815,0.0369600227048739,0.0193672750047167,-0.001777007576681,0.0275529215413483,-0.0999999999999996,-0.1600000000000001,-0.0519078410987368,0.0,-0.0999999999999996,0.012611274033735,0.0729632987411657,0.0051866474931996,1,0,0,0,0,0.0058138451180321,0.001972843760665,0.0178947321039612,-0.0470635945033696,-0.0478207296650028,0.0441786293159304,-0.060106712990336,-0.0058741487925237,-0.0379055525361193,0.0183275377525131,0.0160719339337622,-0.0319804560874184,-0.001949068295126,-0.0195418159952832,-0.040686098576681,-0.0113561694586516,3.5,3.5,0.25
2007-04-01,1867.75,5960.0400390625,1482.3699951171875,85.69999694824219,85.97000122070312,29.940000534057617,3.56428599357605,4.69,4.21,4.87,3.9752632,3.75,5.25,1.3,205.904,8.2,4.5,1.3513,14.220000267028809,67.69047619047619,99.76826858520508,71.58991384506226,39.515999984741214,24.86133321126302,55.23135757446289,48.93220901489258,62.57776896158854,46.3514601389567,28.31999969482422,0.0524225143191907,0.0562291032286117,0.0423798432532396,0.0915831814677286,0.0345555395801948,0.0716445252227925,0.071537083309488,0.0499638963133284,0.1318463349484653,0.0366226308956699,-0.0112128044555928,0.0334996971092359,0.0476999277028999,0.019829075856134,0.1022068990334134,0.0126145243195987,0.2099999999999999,0.1300000000000007,-0.0291080888306813,0.1,-0.200000000000001,0.0199565649931612,0.0820651844629614,0.0029961694819986,1,0,0,0,0,0.0383215099199063,0.0483641809858574,0.0529163838952784,-0.0051970924198052,0.0518305494677286,0.022837083309488,0.0229445252227925,0.0102112643133283,0.0920937029484653,-0.00313000110433,-0.0509654364555928,-0.006252934890764,0.0079472957028999,-0.0199235561438659,0.0624542670334134,-0.0271381076804012,3.75,3.5,0.0
2007-05-01,1928.18994140625,6104.0,1530.6199951171875,90.1999969482422,87.72000122070312,30.690000534057617,4.328214168548584,4.75,4.34,4.73,4.0713636,3.75,5.25,1.2,206.755,8.1,4.4,1.3518,13.050000190734863,67.71782608695652,101.38459587097168,69.52199363708496,40.08499984741211,25.16733328501384,57.48124504089356,50.76303482055664,62.02759806315104,49.90301195780436,28.26500034332276,0.0318472107889602,0.0238670949639562,0.0320307238518961,0.0511766032413849,0.0201515250800635,0.0247414892042485,0.1941912732347531,0.0160709824169096,-0.0293110382388233,0.014296542892221,0.012233141966074,0.0399278574030345,0.0367325779845488,-0.0088306705689741,0.0738285668374429,-0.0019439557757154,0.1299999999999999,0.0599999999999996,-0.0858612947690908,-0.1,-0.0999999999999996,0.0003699456222133,0.0004039618899618,0.0041244766569237,1,0,0,0,0,0.0280890571852294,0.0279055441222935,0.0204742919639562,-0.0205621109199364,0.0104629672413849,0.1468912732347531,-0.0225585107957514,-0.0246426535830903,-0.0700246742388233,-0.0264170931077789,-0.0284804940339259,-0.0007857785969654,-0.0039810580154511,-0.0495443065689741,0.0331149308374429,-0.0426575917757154,3.75,3.75,0.0
2007-06-01,1934.0999755859373,6054.93017578125,1503.3499755859375,88.4000015258789,85.54000091552734,29.46999931335449,4.3585710525512695,5.1,4.62,4.61,4.1477619,4.0,5.25,1.3,207.234,8.0,4.6,1.3421,16.229999542236328,70.61904761904762,94.41719436645508,67.34156465530396,39.19499969482422,24.46533314387004,51.51247978210449,51.233622233072914,62.02417755126953,55.08710289001465,26.52500057220459,0.0030603807168553,-0.0080714487064723,-0.017976943869676,-0.0201574063306711,-0.0251658239639141,-0.0405641125835371,0.0069892386668639,-0.0711979648516986,-0.0318655091017179,-0.0224530158337107,-0.0282897135718657,-0.1096346172157781,0.0092275720644235,-5.514652032083365e-05,0.0988342606172501,-0.0635365962015011,0.2800000000000002,0.3499999999999996,0.2180732049373128,0.1,-0.0999999999999996,-0.0072014862624933,0.041950449156916,0.002314072179459,1,0,0,0,0,-0.0218186105363427,-0.0007812859498113,-0.0115279169564723,-0.0666434429639141,-0.0616350253306711,-0.039110761333136,-0.0866641125835371,-0.1126755838516986,-0.0733431281017179,-0.0639306348337107,-0.0697673325718657,-0.1511122362157781,-0.0322500469355764,-0.0415327655203208,0.0573566416172501,-0.1050142152015011,3.75,3.75,0.25
2007-07-01,1932.06005859375,5751.080078125,1455.27001953125,81.69999694824219,82.76000213623047,28.989999771118164,4.705714225769043,5.0,4.58,4.82,4.2161818,4.0,5.25,1.2,207.603,8.1,4.7,1.3726,23.520000457763672,76.13318181818182,90.22536087036131,62.27132749557495,37.1200008392334,21.9503337542216,52.6000919342041,48.38923263549805,58.6837018330892,50.52075004577637,25.80500030517578,-0.0010552678437807,-0.0514851684321739,-0.0325044711803648,-0.0788180223919315,-0.0330392348119809,-0.0164218384114248,0.0766332995535235,-0.0454126500853947,-0.0782765615795274,-0.0543932493279379,-0.1084747972011442,0.0208937633610669,-0.0571186779978302,-0.0553622331594658,-0.0865314775450913,-0.0275194226454043,-0.04,-0.0999999999999996,0.3709897891714533,-0.1,0.0999999999999996,0.022471200070774,0.0751842945682952,0.0017790124666809,1,0,0,0,0,-0.0365211378470315,-0.0050719345104473,-0.0549986532655073,-0.0752010528119809,-0.1209798403919315,0.0284332995535235,-0.0646218384114248,-0.0875744680853947,-0.1204383795795274,-0.0965550673279379,-0.1506366152011442,-0.021268054638933,-0.0992804959978302,-0.0975240511594658,-0.1286932955450913,-0.0696812406454043,4.0,3.75,0.0
2007-08-01,1988.72998046875,5662.7001953125,1473.989990234375,77.4000015258789,81.98999786376953,28.729999542236328,4.945713996887207,4.67,4.39,4.2,4.5436087,4.0,5.25,1.3,207.667,8.0,4.6,1.3626,23.3799991607666,71.31304347826087,91.2716121673584,59.02607822418213,36.35000076293945,21.531999905904133,51.61867713928223,48.77118810017904,58.99714152018229,46.61861610412598,26.929999351501465,0.0289094126943211,-0.0154868320787415,0.0127815390189305,-0.0540671642028607,-0.009347616136379,-0.0090090779804652,0.0497437793379192,0.011529259896418,-0.053521736987456,-0.0209617055584241,-0.0192421482806368,-0.0188343004813085,0.0078624079519874,0.0053269575464314,-0.0803841953130542,0.0426725993156938,-0.1900000000000004,-0.33,-0.0059702223446,0.1,-0.0999999999999996,-0.0073121121349664,-0.0654049503096434,0.0003082332001183,1,0,0,0,0,0.0092815390189305,0.0254094126943211,-0.0192731726620748,-0.054783703136379,-0.0995032512028607,0.0077437793379192,-0.0510090779804652,-0.0339068271035819,-0.098957823987456,-0.0663977925584241,-0.0646782352806368,-0.0642703874813085,-0.0375736790480125,-0.0401091294535685,-0.1258202823130542,-0.0027634876843061,4.0,4.0,0.0
2007-09-01,2091.110107421875,5715.68994140625,1526.75,76.69999694824219,84.06999969482422,29.459999084472656,5.4810709953308105,4.52,4.36,3.89,4.7417,4.0,4.75,1.6,208.547,7.9,4.7,1.391,18.0,76.772,94.40521049499512,59.04110527038574,35.738000106811526,19.87066713968913,51.05658149719238,50.562103271484375,57.79450861612956,48.10851605733236,26.164999961853027,0.0501988426118571,0.0093141698508832,0.0351682902627903,-0.0090851317249066,0.025052518963868,0.0250915228996209,0.1027791766754627,0.0337564574610004,0.0002545507708405,-0.016979673523026,-0.0802955651051642,-0.0109491081886309,0.0360626177719065,-0.0205952293980103,0.0314592618785458,-0.0288182443763788,-0.0299999999999993,-0.1500000000000003,-0.2615091622524024,0.3,-0.0999999999999996,0.020628273583875,0.0737607416704708,0.0042286002454385,1,0,0,0,0,0.0319266235961236,0.0469571759451905,0.0053627531842165,-0.0223644810361319,-0.0565021317249066,0.0638791766754627,-0.013808477100379,-0.0136605425389995,-0.0471624492291594,-0.064396673523026,-0.1277125651051642,-0.0583661081886309,-0.0113543822280934,-0.0680122293980103,-0.0159577381214541,-0.0762352443763788,4.0,4.0,0.0
2007-10-01,2238.97998046875,5847.9501953125,1549.3800048828125,76.0999984741211,88.87999725341797,36.810001373291016,6.783928871154785,4.53,4.4,3.9,4.6873913,4.0,4.5,2.1,209.19,7.7,4.7,1.4233,18.530000686645508,82.50739130434783,99.36663246154784,58.53790855407715,37.62300033569336,20.04366683959961,51.63343048095703,51.43038940429688,60.256368001302086,53.04842185974121,26.74499988555908,0.0683253194522767,0.0228761912621303,0.0147135609401705,-0.0078534237683034,0.0556373329120506,0.2227362047409616,0.2132558946714915,0.0512201002347621,-0.0085593469796156,0.0514010229873716,0.008668604283018,0.0112348813726413,0.0170268828095731,0.0417144952297678,0.0977459060011391,0.021924897338016,0.04,0.0100000000000006,0.0290193194569861,0.5,-0.2000000000000001,0.0229552061531367,0.0720478905517714,0.003078494401099,1,0,0,0,0,0.0114635609401705,0.0650753194522767,0.0189700318454636,0.0087634199120506,-0.0547273367683034,0.1742558946714915,0.1837362047409615,0.0043461872347621,-0.0554332599796156,0.0045271099873716,-0.0382053087169819,-0.0356390316273586,-0.0298470301904268,-0.0051594177702321,0.0508719930011391,-0.0249490156619839,4.0,4.0,0.0
2007-11-01,2089.10009765625,5670.56982421875,1481.1400146484375,77.19999694824219,82.94000244140625,33.599998474121094,6.507856845855713,4.15,4.23,3.27,4.6385455,4.0,4.5,2.6,210.834,7.5,4.7,1.4683,22.8700008392334,92.73136363636364,93.24348831176758,55.05757141113281,35.655999946594235,18.09366623560588,53.269161224365234,51.46556854248047,60.39455795288086,45.60363642374674,25.40000057220459,-0.06928699832579,-0.0308015950891712,-0.0450427826309034,0.0143511726835193,-0.0691696301751891,-0.091243563142387,-0.0415462211670895,-0.0636021421356791,-0.0612951631434199,-0.0536981402861304,-0.1023512902096151,0.031188234820327,0.0006837807870445,0.0022907410103176,-0.1512176569749338,-0.0515983391520178,-0.1699999999999999,-0.3799999999999999,0.2104349673773584,0.5,-0.2000000000000001,0.0311271498923121,0.1168188692584468,0.0078281640828734,1,0,0,0,0,-0.0477677826309034,-0.07201199832579,-0.0346670496725045,-0.1155550851751891,-0.0320342823164806,-0.0742462211670895,-0.123943563142387,-0.1099875971356791,-0.1076806181434199,-0.1000835952861304,-0.1487367452096151,-0.0151972201796729,-0.0457016742129554,-0.0440947139896823,-0.1976031119749338,-0.0979837941520178,4.0,4.0,0.0
2007-12-01,2084.929931640625,5614.080078125,1468.3599853515625,74.19999694824219,82.68000030517578,35.599998474121094,7.074285984039307,4.1,4.35,3.0,4.8483684,4.0,4.25,2.8,211.445,7.3,5.0,1.4559,22.5,91.5195238095238,92.33471298217772,52.36693382263184,34.72000026702881,18.94966665903728,52.70001983642578,52.34750111897787,61.92827606201172,43.881421407063804,25.700000762939453,-0.0019981492101584,-0.0100118689454835,-0.0086659496708298,-0.0396353084556656,-0.0031397457494321,0.0578195734401219,0.0834563249794468,-0.009794066196014,-0.0501040324762632,-0.0266015366633775,0.0462243955246954,-0.0107417431137107,0.0169911899751885,0.0250778769187135,-0.0384964315425182,0.0117418250353032,0.1199999999999992,-0.0500000000000007,-0.0163107355201348,0.1999999999999997,-0.2000000000000001,-0.0084810028896116,-0.0131544256661015,0.0028938234029487,1,0,0,0,0,-0.0111659496708298,-0.0044981492101584,-0.0140521759454835,-0.0516234297494321,-0.0881189924556656,0.0534563249794468,0.0278195734401219,-0.058277750196014,-0.0985877164762632,-0.0750852206633775,-0.0022592884753045,-0.0592254271137107,-0.0314924940248114,-0.0234058070812864,-0.0869801155425182,-0.0367418589646967,4.0,4.0,0.0
2008-01-01,1841.4200439453125,4869.7900390625,1378.550048828125,65.83000183105469,68.52999877929688,32.599998474121094,4.834286212921143,3.74,4.15,2.75,4.4815455,4.0,3.0,3.2,212.174,7.2,5.0,1.4728,26.200000762939453,92.09173913043476,76.31155014038086,45.1814923286438,30.12600040435791,16.086666981379192,45.96700668334961,45.90553029378256,55.06458028157552,35.245391845703125,23.86000061035156,-0.1241982117796021,-0.1422269188068757,-0.0631138642063085,-0.1196884197498402,-0.1877061507195649,-0.0880333534296574,-0.3807330286242621,-0.1905958546322806,-0.1475878169918911,-0.1419272977802242,-0.1637955497292578,-0.1366919388190384,-0.1313186065482865,-0.1174701943304832,-0.2191562350018804,-0.0742875793372292,-0.1999999999999993,-0.3599999999999994,0.152244130676503,0.4000000000000003,-0.0999999999999996,0.0115410848395879,0.0062329201843169,0.0034417753671736,1,0,0,0,0,-0.0654055308729751,-0.1264898784462688,-0.1459615400568757,-0.2325216057195649,-0.1645038747498402,-0.4082330286242622,-0.1155333534296574,-0.2354113096322806,-0.1924032719918911,-0.1867427527802242,-0.2086110047292578,-0.1815073938190384,-0.1761340615482865,-0.1622856493304832,-0.2639716900018803,-0.1191030343372292,4.0,4.0,0.0
2008-02-01,1745.27001953125,4790.66015625,1330.6300048828125,59.56999969482422,68.2300033569336,27.200000762939453,4.465000152587891,3.74,4.08,2.12,4.3620952,4.0,3.0,3.2,212.687,7.0,4.9,1.4759,26.540000915527344,94.72238095238096,77.2485580444336,41.23819637298584,31.03000011444092,16.01966619491577,43.49077987670898,48.24359003702799,54.042547861735024,33.55082639058431,23.13500022888184,-0.0536277543087749,-0.0163826014332766,-0.035379739592448,-0.0999236027770638,-0.0043871877574608,-0.1810952402153636,-0.0794642403256489,0.0122039446916036,-0.0913226179314522,0.0295658824455153,-0.0041736864410142,-0.0553749343596295,0.0496773744742715,-0.0187350236707932,-0.0492732982047961,-0.0308568099980267,-0.0700000000000002,0.0,0.0128936235133156,0.0,-0.2000000000000001,0.002102622268862,0.0281650628915945,0.002414908637454,1,0,0,0,0,-0.0371464062591147,-0.0553944209754416,-0.0200176807666099,-0.0480081397574608,-0.1435445547770638,-0.1006642403256489,-0.2022952402153636,-0.0314170073083963,-0.1349435699314523,-0.0140550695544846,-0.0477946384410142,-0.0989958863596295,0.0060564224742715,-0.0623559756707932,-0.0928942502047961,-0.0744777619980266,4.0,4.0,0.0
2008-03-01,1781.9300537109375,4707.06982421875,1322.699951171875,63.88999938964844,70.5,28.3799991607666,5.125,3.51,4.02,1.26,4.5963684,4.0,2.25,3.5,213.448,7.1,5.1,1.552,25.61000061035156,103.1619047619048,79.31708145141602,40.63782167434693,31.151999855041502,15.495999813079834,43.88180351257324,42.61927032470703,54.59089533487956,33.27582041422526,22.75,0.0207877940431862,-0.0176026251706132,-0.0059774528264186,0.0700107585434708,0.032728309790634,0.0424676408094036,0.1378612765217904,0.0264252588509927,-0.0146657219978453,0.0039239618282169,-0.0332351906091088,0.0089507768068603,-0.1239564639525765,0.0100954570566675,-0.0082304751751447,-0.0167814868553183,-0.0600000000000005,-0.2300000000000004,-0.0356701393562111,0.2999999999999998,0.0999999999999996,0.0502764485554338,0.0853493374308733,0.0035716418927451,1,0,0,0,0,-0.0070274528264186,0.0197377940431862,-0.0214329321706132,-0.0132353742093659,0.0240470745434708,0.1252612765217904,0.0298676408094036,-0.0195384251490072,-0.0606294059978453,-0.042039722171783,-0.0791988746091088,-0.0370129071931396,-0.1699201479525766,-0.0358682269433325,-0.0541941591751447,-0.0627451708553183,4.0,4.0,0.0
2008-04-01,1917.699951171875,4996.5400390625,1385.5899658203125,69.25,73.41999816894531,28.520000457763672,6.212500095367432,3.68,4.27,1.29,4.7835,4.0,2.0,3.4,213.942,7.3,5.0,1.5754,20.790000915527344,110.0331818181818,78.62226676940918,45.77022933959961,31.6810001373291,16.853333950042725,44.485111236572266,47.05084482828776,56.21966298421224,31.31818930308024,23.05500030517578,0.0734294491223919,0.0596800842771342,0.0464509519075854,0.0805603000063586,0.0405836433110112,0.004920969436115,0.1924328817491695,-0.0087985568159969,0.1189346640490871,0.016838692462773,0.0839665837210004,0.013654818656532,0.0989223158043423,0.0293994541337738,-0.0606319629006246,0.0133175334985683,0.25,0.1700000000000003,-0.208510778137152,-0.1,0.2000000000000001,0.0149647865260598,0.0644823282023585,0.002311706965508,1,0,0,0,0,0.0453759519075854,0.0723544491223919,0.0556938342771342,-0.0072513566889887,0.0327253000063586,0.1795328817491695,-0.0079790305638849,-0.0566335568159969,0.0710996640490871,-0.0309963075372269,0.0361315837210004,-0.0341801813434679,0.0510873158043423,-0.0184355458662261,-0.1084669629006246,-0.0345174665014316,4.0,4.0,0.0
2008-05-01,2032.5699462890625,5014.27978515625,1400.3800048828125,66.33999633789062,75.20999908447266,28.31999969482422,6.741071224212647,3.88,4.41,1.73,4.857381,4.0,2.0,3.7,215.208,7.3,5.4,1.5554,17.829999923706055,123.8622727272727,84.43332481384277,41.739190340042114,31.59399967193604,18.757999420166016,43.60604667663574,48.01623026529948,55.672654469807945,31.088584582010903,22.52749919891357,0.0581744499305249,0.003544118258841,0.0106176148073936,-0.0429301667506741,0.0240878355361303,-0.0070373535471767,0.0816554408648135,0.0713072158903717,-0.0921933615880738,-0.0027499176761894,0.1070717994122393,-0.0199587282517182,0.0203102624436788,-0.00977748758172,-0.0073583600875017,-0.0231459293288516,0.1400000000000005,0.1999999999999997,-0.1535897183107457,0.3000000000000002,0.0,-0.012776461008381,0.1183882713072232,0.0059000520681236,1,0,0,0,0,0.0091759481407269,0.0567327832638583,-0.0005036992411589,-0.0244859744638696,-0.0915039767506741,0.0643554408648135,-0.0243373535471767,0.0227334058903717,-0.1407671715880738,-0.0513237276761894,0.0584979894122393,-0.0685325382517182,-0.0282635475563211,-0.05835129758172,-0.0559321700875017,-0.0717197393288516,4.0,4.0,0.0
2008-06-01,1837.0899658203125,4434.85009765625,1280.0,57.540000915527344,66.58000183105469,27.51000022888184,5.980000019073486,4.1,4.73,1.86,4.9405238,4.0,2.0,4.0,217.463,7.4,5.6,1.5562,23.950000762939453,132.7604761904762,75.3479232788086,35.21763777732849,26.77300014495849,15.974332888921102,40.10299301147461,43.12447611490885,46.52883529663086,24.21327273050944,19.644999504089355,-0.1011181964152643,-0.1227959836300505,-0.0898835539178221,-0.1423126042822259,-0.1218799290169138,-0.0290186747931042,-0.1197982764863683,-0.1138458037427362,-0.1698934734335329,-0.1655732963502074,-0.1606370574757674,-0.0837448557656833,-0.1074483570640689,-0.1794168489816298,-0.249939753811251,-0.1369139217998595,0.3200000000000003,0.2199999999999997,0.2950859281163493,0.2999999999999998,0.1000000000000005,0.0005142049219868,0.0693763291932612,0.010423718797166,1,0,0,0,0,-0.0914335539178221,-0.1026681964152643,-0.1269130867967172,-0.1712851670169138,-0.1917178422822259,-0.1383982764863683,-0.0476186747931042,-0.1632510417427362,-0.2192987114335329,-0.2149785343502074,-0.2100422954757674,-0.1331500937656833,-0.1568535950640689,-0.2288220869816298,-0.299344991811251,-0.1863191597998595,4.0,4.0,0.0
2008-07-01,1849.1500244140625,4392.35986328125,1267.3800048828125,63.79999923706055,70.94999694824219,25.71999931335449,5.676785945892334,4.01,4.69,1.63,4.961,4.25,2.0,4.0,219.016,7.5,5.8,1.5759,22.940000534057617,133.5852173913043,76.5147705078125,38.08147358894348,26.341999435424803,17.522666772206623,37.951786041259766,40.87274805704752,43.64240392049154,24.90037441253662,20.71500015258789,0.006543307899014,-0.0096271784035604,-0.009908296633774,0.1032728043578978,0.0635711009448048,-0.0672807105839637,-0.0520353531715784,0.0153674370339279,0.0781808760347445,-0.0162293202686116,0.0925120472508219,-0.0551344044723272,-0.0536271929234962,-0.0640429896062787,0.0279818972538032,0.0530352551286064,-0.04,-0.0899999999999998,-0.0430862207305806,0.0,0.0999999999999996,0.0125795854451958,0.006193033014517,0.0071160653935047,1,0,0,0,0,-0.0112666299671074,0.0051849745656807,-0.013761345070227,0.0139611009448048,0.0536628043578978,-0.0683353531715784,-0.0835807105839637,-0.0342425629660721,0.0285708760347445,-0.0658393202686116,0.0429020472508219,-0.1047444044723272,-0.1032371929234962,-0.1136529896062787,-0.0216281027461967,0.0034252551286064,4.0,4.0,0.25
2008-08-01,1872.5400390625,4482.60009765625,1282.8299560546875,61.47999954223633,72.72000122070312,27.290000915527344,6.054643154144287,3.89,4.4,1.72,4.9651905,4.25,2.0,3.5,218.69,7.5,6.1,1.4955,20.64999961853028,113.8004761904762,77.9963207244873,39.8676028251648,27.87399959564209,17.844000180562336,41.98727798461914,41.260623931884766,47.132981618245445,25.95054244995117,21.53250026702881,0.0125697316077429,0.0203366200785746,0.0121167593514939,-0.0370412671677835,0.0246411060623142,0.0592514955958655,0.0644402232076493,0.0191778546494364,0.0458361284462041,0.05652973804634,0.0181720404344461,0.1010501015252205,0.0094450951901357,0.0769437579340501,0.0413096730467539,0.0387053511869672,-0.29,-0.1199999999999996,-0.105166834047921,-0.5,0.0,-0.0523659385580228,-0.1602929005778364,-0.0014895846082954,1,0,0,0,0,0.0106834260181606,0.0111363982744095,0.0161989613285746,-0.0250107989376857,-0.0866931721677835,0.0472402232076493,0.0420514955958655,-0.0304740503505635,-0.0038157765537958,0.00687783304634,-0.0314798645655538,0.0513981965252205,-0.0402068098098642,0.0272918529340501,-0.008342231953246,-0.0109465538130328,4.25,4.0,0.0
2008-09-01,1594.6300048828125,4032.10009765625,1166.3599853515625,66.08000183105469,61.75,26.690000534057617,4.059286117553711,3.69,4.36,1.13,5.0191818,4.25,2.0,3.4,218.877,7.5,6.1,1.4342,39.38999938964844,98.75545454545455,75.94305038452148,40.03050661087036,24.56649990081787,14.664666970570885,40.32682228088379,35.63693618774414,46.18307240804037,21.515378952026367,20.94499969482422,-0.1606540813906651,-0.1059159007447859,-0.0951807650769433,0.0721542456977256,-0.1635224911474832,-0.0222313848422505,-0.3998183161498203,-0.0266779330309363,0.004077793895029,-0.1263106179843233,-0.1962263343459669,-0.0403498544254596,-0.1465259961284428,-0.0203596697827967,-0.1874245335297393,-0.0276634942537325,-0.04,-0.2000000000000001,0.6457966605537937,-0.1,0.0,-0.0418533966215283,-0.1418000679749349,0.0008547262996732,0,1,0,0,0,-0.0961224317436099,-0.1615957480573318,-0.1100985522447859,-0.2137143091474832,0.0219624276977256,-0.4111183161498203,-0.0335313848422505,-0.0768697510309363,-0.0461140241049709,-0.1765024359843233,-0.2464181523459669,-0.0905416724254596,-0.1967178141284428,-0.0705514877827967,-0.2376163515297393,-0.0778553122537325,4.25,4.25,0.0
2008-10-01,1334.780029296875,3487.070068359375,968.75,56.0,51.8650016784668,22.32999992370605,3.8424999713897705,3.81,4.18,0.67,5.113087,3.75,1.0,3.0,216.995,7.6,6.5,1.3266,59.88999938964844,71.96347826086956,64.49510669708252,30.32543969154358,21.0959997177124,11.56599990526835,41.73453521728516,31.997243245442707,40.60144170125326,12.989001909891764,18.675000190734863,-0.1778752312533293,-0.1452254946101585,-0.1856364738868827,-0.1655144661872384,-0.1744497542620707,-0.1783579209906751,-0.0548839360534565,-0.1633943665849172,-0.2776548746703837,-0.1523002865364711,-0.2373712414934914,0.0343121558746586,-0.1077328828470384,-0.1288097569928354,-0.5046649870583794,-0.1147141985963971,-0.1800000000000006,0.1200000000000001,0.4189975745974355,-0.3999999999999999,0.0999999999999996,-0.0779879243570187,-0.3164878942128428,-0.008635616399558,0,1,0,0,0,-0.186194807220216,-0.1784335645866627,-0.1494864004434918,-0.2255806242620707,-0.2166453361872384,-0.0615839360534565,-0.1850579209906751,-0.2145252365849172,-0.3287857446703837,-0.2034311565364711,-0.2885021114934914,-0.0168187141253413,-0.1588637528470384,-0.1799406269928354,-0.5557958570583794,-0.1658450685963971,4.25,4.25,-0.5
2008-11-01,1185.75,3262.679931640625,896.239990234375,43.32500076293945,44.58000183105469,20.21999931335449,3.309643030166626,3.53,3.98,0.19,4.2383,3.25,1.0,1.9,213.153,7.8,6.8,1.2744,55.27999877929688,52.7135,60.42368316650391,24.4904854297638,21.66699981689453,11.161666552225748,36.99206733703613,30.45794423421224,38.671861012776695,10.551083405812582,19.239999771118164,-0.1183910204379853,-0.0665129390696015,-0.0777983573133054,-0.256621837523798,-0.1513588522148373,-0.0992588828018144,-0.1492828512828033,-0.0652082222690809,-0.2137022617161315,0.0267069216037889,-0.0355844731046259,-0.1206254753576949,-0.04930289598872,-0.0486913459070724,-0.207874445320659,0.0298056921091544,-0.1999999999999997,-0.2800000000000002,-0.0800983787079303,-1.1,0.2000000000000001,-0.0401437984956168,-0.3112871542211999,-0.0178640940928183,0,1,0,1,0,-0.0779566906466387,-0.1185493537713186,-0.0700448557362682,-0.1937418522148373,-0.299004837523798,-0.1511828512828033,-0.1011588828018144,-0.1075912222690809,-0.2560852617161315,-0.015676078396211,-0.0779674731046259,-0.1630084753576949,-0.09168589598872,-0.0910743459070724,-0.2502574453206589,-0.0125773078908455,3.75,4.25,-0.5
2008-12-01,1211.6500244140625,3217.969970703125,903.25,30.25,47.77000045776367,19.440000534057617,3.0482139587402344,2.42,3.54,0.03,3.292619,2.5,0.125,1.2,211.398,8.0,7.3,1.3511,40.0,40.51173913043478,63.44052219390869,21.88903331756592,21.611999702453613,11.823333422342936,39.0014705657959,31.879868189493816,39.40817260742188,10.852806409200031,19.08999919891357,0.021607601438466,-0.0137982057267623,0.0077911466734982,-0.3592336687345007,0.0691124679533521,-0.0393393531292029,-0.0822845059042474,0.0487216751032188,-0.1122989426733739,-0.0025416550595062,0.0575897092048486,0.0528958588723095,0.0456278648103733,0.0188609914250417,0.0281951546231361,-0.007826837567428,-0.4399999999999999,-1.11,-0.3235317032632943,-0.7,0.2000000000000001,0.0584435958700746,-0.263279802539988,-0.0082676050540815,0,1,0,1,0,0.0077661466734982,0.021582601438466,-0.016542054893429,0.0361862779533521,-0.3921598587345007,-0.0825845059042474,-0.039639353129203,0.0157954851032188,-0.1452251326733739,-0.0354678450595062,0.0246635192048486,0.0199696688723095,0.0127016748103733,-0.0140651985749582,-0.0047310353768638,-0.040753027567428,3.25,3.75,-0.75
2009-01-01,1180.25,2973.919921875,825.8800048828125,30.01000022888184,42.80500030517578,17.100000381469727,3.2189290523529053,2.52,3.6,0.13,2.4565238,2.0,0.125,0.8,211.933,8.3,7.8,1.3244,44.84000015258789,43.17454545454545,52.65971660614014,20.59038114547729,21.994000053405763,11.35766633351644,36.542134284973145,28.755814870198567,37.07057825724284,8.8328906695048,17.969999313354492,-0.026256806769761,-0.0788697952541269,-0.0895498795988168,-0.0079655173977223,-0.1097429116606391,-0.1282543406876072,0.0544928800003698,-0.1862520361200496,-0.0611617175824137,0.0175209891027674,-0.0401820238436544,-0.0651333934395106,-0.1031347161834291,-0.0611496052749123,-0.2059413715846568,-0.0604609331891771,0.06,0.1,0.1142211474929641,-0.3999999999999999,0.3000000000000007,-0.0199595487928221,0.0636593088141292,0.0025275743322668,0,1,0,1,0,-0.0896582129321501,-0.0263651401030943,-0.0809168984207935,-0.1343081496606391,-0.0325307553977223,0.0531928800003698,-0.1295543406876072,-0.2108172741200495,-0.0857269555824137,-0.0070442488972325,-0.0647472618436544,-0.0896986314395106,-0.1276999541834291,-0.0857148432749123,-0.2305066095846568,-0.0850261711891771,2.5,3.25,-0.5
2009-02-01,1116.989990234375,2702.47998046875,735.0900268554688,25.989999771118164,45.380001068115234,16.149999618530273,3.189642906188965,2.87,3.68,0.3,1.94305,2.0,0.125,1.0,212.705,8.6,8.3,1.2797,46.34999847412109,42.9105,51.99964904785156,16.07813251018524,20.29000015258789,9.743666410446169,33.75235652923584,26.436786651611328,34.512389500935875,7.187580506006877,18.147500038146973,-0.0550887216915512,-0.0957110588862221,-0.11645651319919,-0.1438188272322638,0.05841657756494,-0.0571584597685362,-0.0091397429009321,-0.0126138029975224,-0.2473639124819636,-0.0806415299588668,-0.1532754888017095,-0.0794157208250413,-0.0840835291495307,-0.0715052405636042,-0.2061277232856459,0.0098291496940999,0.08,0.3500000000000001,0.0331206574841669,0.1999999999999999,0.2999999999999989,-0.0343338512295409,-0.0061345447681726,0.0036360422314452,0,1,0,1,0,-0.11670651319919,-0.0553387216915512,-0.0973302672195554,0.03898607756494,-0.1632493272322638,-0.0121397429009321,-0.0601584597685362,-0.0320443029975224,-0.2667944124819636,-0.1000720299588669,-0.1727059888017095,-0.0988462208250413,-0.1035140291495307,-0.0909357405636042,-0.2255582232856459,-0.0096013503059,2.0,2.5,0.0
2009-03-01,1237.010009765625,2807.340087890625,797.8699951171875,31.1200008392334,47.290000915527344,18.3700008392334,3.754286050796509,2.82,3.65,0.21,1.6354545,1.5,0.125,0.4,212.495,8.9,8.7,1.305,44.13999938964844,46.58272727272727,57.88088893890381,18.98166561126709,19.46400032043457,10.311333179473875,35.31263542175293,26.143924395243328,34.52735710144043,9.08971118927002,18.23499965667725,0.1020596265938805,0.0380675843874451,0.0819526935612557,0.1801388864309805,0.0412273731268035,0.1287989188637816,0.1629891652975982,0.107150290475106,0.1660134258771507,-0.0415615394139162,0.0566261240260882,0.0451906058821118,-0.0111396471828993,0.0004335937333389,0.2347885284306224,0.0048099931540533,-0.0300000000000002,-0.0500000000000002,-0.0488548720901067,-0.6,0.3000000000000007,0.0195773653132434,0.0821132618058482,-0.0009877705412728,0,1,0,1,0,0.0817776935612557,0.1018846265938805,0.0367047056374451,0.0248728281268035,0.1637843414309805,0.1608891652975982,0.1266989188637816,0.090795745475106,0.1496588808771507,-0.0579160844139162,0.0402715790260882,0.0288360608821118,-0.0274941921828993,-0.015920951266661,0.2184339834306224,-0.0115445518459466,2.0,2.0,-0.5
2009-04-01,1394.3299560546875,3159.85009765625,872.8099975585938,40.25,57.38999938964844,20.26000022888184,4.493928909301758,2.93,3.66,0.16,1.4223,1.25,0.125,0.1,212.709,9.1,9.0,1.3199,36.5,50.51909090909091,66.6815013885498,25.15211057662964,22.957799911499023,12.17816694577535,37.78480339050293,28.61961809794108,36.65744400024414,13.72997760772705,20.06750011444092,0.1197167962966163,0.1182871419139881,0.0897722182435997,0.2572592775867277,0.1935711854694807,0.0979295652057348,0.1798292204181735,0.1415403140001059,0.2814682671153912,0.1650911222460206,0.1664011548667074,0.0676661512332665,0.0904756033372177,0.0598645489468467,0.4124384535502862,0.0957587912934308,0.0100000000000002,0.1100000000000003,-0.1900541264125146,-0.3,0.1999999999999993,0.0113529353781152,0.0811214896099112,0.0010065757521973,0,1,0,1,0,0.0896388849102664,0.119583462963283,0.1171018919139881,0.1793481854694807,0.2430362775867277,0.1782292204181735,0.0963295652057348,0.1273173140001059,0.2672452671153912,0.1508681222460206,0.1521781548667073,0.0534431512332665,0.0762526033372177,0.0456415489468467,0.3982154535502862,0.0815357912934308,1.5,2.0,-0.25
2009-05-01,1435.5699462890625,3277.64990234375,919.1400146484376,48.75,58.52999877929688,20.88999938964844,4.850357055664063,3.29,3.8,0.18,1.2817,1.0,0.125,-0.3,213.022,9.2,9.4,1.3646,28.920000076293945,57.50142857142857,66.00541973114014,27.591625690460205,22.79169998168945,11.87150009473165,38.261512756347656,29.47814051310221,36.24467086791992,14.8374924659729,20.074999809265137,0.0291479638295514,0.0366020833811787,0.051720577155174,0.1915951935792837,0.0196693609619889,0.0306220362333052,0.0763249673511026,-0.0101907181606018,0.09257049709794,-0.0072613103977458,-0.0255041762782384,0.0125375069942046,0.029556558962227,-0.0113241582665144,0.0775756632889618,0.0003736536053172,0.1399999999999996,0.3599999999999999,-0.2327788606597787,-0.4,0.0999999999999996,0.0333053692464143,0.129458489568369,0.0014704123326474,0,1,0,1,0,0.051570577155174,0.0289979638295514,0.0355340000478454,0.0068523609619889,0.1787781935792837,0.0745249673511026,0.0288220362333052,-0.0230077181606018,0.07975349709794,-0.0200783103977458,-0.0383211762782384,-0.0002794930057953,0.016739558962227,-0.0241411582665144,0.0647586632889618,-0.0124433463946827,1.25,1.5,-0.25
2009-06-01,1477.25,3140.43994140625,919.3200073242188,46.25,54.400001525878906,23.770000457763672,5.086785793304443,3.72,3.9,0.18,1.2279091,1.0,0.125,-0.6,214.79,9.2,9.5,1.4014,26.350000381469727,68.58,65.18170547485352,26.18383502960205,22.38400001525879,11.572999954223633,37.4466609954834,28.41931915283203,36.8233331044515,14.238000869750977,18.94499969482422,0.0286203057708906,-0.0427637735702983,0.0001958080939536,-0.052643733485422,-0.0731752405359635,0.1291537542790744,0.0475938343412665,-0.0125580171103426,-0.0523700729191702,-0.0180500151876231,-0.0254657827044186,-0.0215269550898524,-0.0365798233530277,0.0158393360469651,-0.0412427443980728,-0.0579352219696605,0.1,0.4300000000000001,-0.0930651104642668,-0.3,0.0,0.0266103915551101,0.1761911548195973,0.0082653598554411,0,1,0,1,0,4.5808093953607934e-05,0.0284703057708906,-0.0437870311536316,-0.0854543315359635,-0.064922824485422,0.0457938343412665,0.1273537542790744,-0.0248371081103426,-0.0646491639191702,-0.0303291061876231,-0.0377448737044186,-0.0338060460898524,-0.0488589143530277,0.0035602450469651,-0.0535218353980728,-0.0702143129696605,1.0,1.25,0.0
2009-07-01,1603.3599853515625,3426.27001953125,987.47998046875,51.150001525878906,63.290000915527344,23.520000457763672,5.835357189178467,3.56,3.73,0.18,0.9749565,1.0,0.125,-0.8,214.726,9.1,9.5,1.4092,25.920000076293945,64.90434782608696,75.55580615997314,29.49557948112488,24.29400005340576,13.754666884740194,41.88776016235352,29.660151799519856,41.70000076293945,16.506333351135254,21.225000381469727,0.081919166948147,0.0871093127699688,0.0715219493430142,0.1007010582706554,0.1513631713416652,-0.0105731581369777,0.1372893225001638,0.147692698968464,0.1190981672685967,0.0818829898715816,0.1727033814148955,0.1120761170332198,0.0427352889235266,0.1243694511002656,0.147829638953479,0.1136397218080208,-0.1699999999999999,-0.1600000000000001,-0.0164534150368873,-0.2,-0.0999999999999996,0.005550430530649,-0.0550863328708439,-0.0002980098551557,0,1,0,1,0,0.0713719493430142,0.081769166948147,0.0862968490199688,0.1416136063416652,0.0909514932706554,0.1354893225001638,-0.0123731581369777,0.137943133968464,0.1093486022685967,0.0721334248715816,0.1629538164148955,0.1023265520332198,0.0329857239235266,0.1146198861002656,0.138080073953479,0.1038901568080208,1.0,1.0,0.0
2009-08-01,1625.18994140625,3653.5400390625,1020.6199951171876,56.16999816894531,66.69000244140625,24.64999961853028,6.007500171661377,3.59,3.59,0.17,0.8604762,1.0,0.125,-0.2,215.445,9.2,9.6,1.4266,26.01000022888184,72.59190476190476,78.50356483459473,34.35076212882996,25.770000076293947,14.447333971659342,41.962263107299805,30.875151952107743,41.71500015258789,17.30196539560954,21.69499969482422,0.0135232777783822,0.064224359682601,0.0330093363428553,0.0936202517168054,0.0523276999996887,0.0469257425200866,0.0290732383974253,0.0382724980113323,0.1523838015588844,0.0589816191484562,0.0491317209796012,0.0017770529249077,0.0401472617772407,0.0003596329112383,0.0470759550118587,0.021902055013601,-0.1400000000000001,0.0299999999999998,0.00346621383281,0.6000000000000001,0.0999999999999996,0.0122718233768552,0.1119387967927547,0.0033428597908793,0,1,0,1,0,0.0328676696761886,0.0133816111117155,0.063507296182601,0.0437229379996887,0.0850154897168054,0.0273732383974253,0.0452257425200866,0.0296677360113323,0.1437790395588844,0.0503768571484562,0.0405269589796012,-0.0068277090750922,0.0315424997772407,-0.0082451290887616,0.0384711930118587,0.013297293013601,1.0,1.0,0.0
2009-09-01,1718.989990234375,3795.409912109375,1057.0799560546875,54.59999847412109,68.7300033569336,25.71999931335449,6.619643211364746,3.4,3.59,0.12,0.7720909,1.0,0.125,-0.4,215.861,9.3,9.8,1.4575,25.61000061035156,67.51318181818182,79.73500061035156,34.63894748687744,27.06800060272217,15.347663561503092,43.99339294433594,32.06721560160319,42.15000025431315,17.730554898579914,22.80749988555908,0.0561122073969299,0.0380958474590651,0.0351000673677463,-0.0283489191415364,0.0301307807233512,0.0424919876592161,0.0970327557292632,0.0155646081917477,0.0083544933257538,0.0491412130120965,0.0604533541659501,0.0472687453397167,0.0378824709483569,0.010373910469487,0.0244693150189831,0.0500076190361314,0.0,-0.1899999999999999,-0.0154981642163414,-0.2,0.1000000000000014,0.0214286483807096,-0.0725305459487808,0.0019290254668362,0,1,0,1,0,0.0350000673677463,0.0560122073969299,0.0374524383757318,0.0224098717233512,-0.0360698281415364,0.0958327557292632,0.0412919876592161,0.0078436991917477,0.0006335843257538,0.0414203040120965,0.0527324451659501,0.0395478363397167,0.0301615619483569,0.002653001469487,0.0167484060189831,0.0422867100361314,1.0,1.0,0.0
2009-10-01,1667.1300048828125,3607.68994140625,1036.18994140625,51.45000076293945,70.6500015258789,27.729999542236328,6.732142925262451,3.39,3.56,0.07,0.7375,1.0,0.125,-0.2,216.509,9.5,10.0,1.4821,30.690000534057617,72.96863636363636,76.05586433410645,31.51865077018737,25.58800048828125,13.676833470662435,43.40302467346192,30.20563570658366,42.33833440144857,17.596906979878742,21.38000011444092,-0.0306333153070821,-0.0507247566552956,-0.0199598801971195,-0.059423377695545,0.0275522967524097,0.0752459704473308,0.0168520338991609,-0.0472405165627429,-0.0943992403454666,-0.0562287299666201,-0.1152598375129917,-0.0135103306722348,-0.0598056676385397,0.0044582357989346,-0.0075662699321536,-0.0646335132701959,-0.0299999999999998,-0.0099999999999997,0.1809539619893447,0.2,0.1999999999999993,0.0167373617382218,0.0777068449649744,0.0029974349985852,0,1,0,1,0,-0.0200182135304528,-0.0306916486404154,-0.0513393399886289,0.0201772967524097,-0.066798377695545,0.0161520338991609,0.0745459704473308,-0.0546155165627429,-0.1017742403454666,-0.0636037299666202,-0.1226348375129917,-0.0208853306722348,-0.0671806676385397,-0.0029167642010653,-0.0149412699321536,-0.0720085132701959,1.0,1.0,0.0
2009-11-01,1767.4300537109375,3680.14990234375,1095.6300048828125,55.0,69.36000061035156,29.40999984741211,7.13964319229126,3.4,3.56,0.05,0.7161905,1.0,0.125,0.5,217.234,9.6,9.9,1.4908,24.51000022888184,76.93666666666667,77.80829811096191,32.757405519485474,25.798000144958497,13.3269997437795,43.92625427246094,30.252414067586265,42.971666971842446,17.939645449320476,21.482500076293945,0.0584229563731995,0.0198858235934645,0.0557790765867372,0.0667227081236573,-0.0184277894562066,0.0588199042578032,0.0587692952029247,0.0227799577286118,0.0385496006926138,0.0081734644916041,-0.0259113805860309,0.0119830569160085,0.0015474654082342,0.0148480646066279,0.0192899464778149,0.0047827428070789,0.0,0.0099999999999997,-0.2248556791550009,0.7,0.0999999999999996,0.0058528876422339,0.0529528626106712,0.0033429965449309,0,1,0,1,0,0.0557374099200705,0.0583812897065328,0.0192889981767978,-0.0255896944562066,0.0595608031236573,0.0582692952029247,0.0583199042578032,0.0156180527286118,0.0313876956926138,0.0010115594916041,-0.0330732855860309,0.0048211519160085,-0.0056144395917657,0.0076861596066279,0.0121280414778149,-0.002379162192921,1.0,1.0,0.0
2009-12-01,1860.31005859375,3936.330078125,1115.0999755859375,55.900001525878906,78.37999725341797,30.479999542236328,7.526071071624756,3.59,3.48,0.05,0.7120455,1.0,0.125,1.0,217.347,9.5,9.9,1.4579,21.68000030517578,74.7895652173913,81.99658966064453,33.323054790496826,28.81599998474121,14.12333313624064,47.80745887756348,32.528821309407554,45.43333435058594,19.606359481811523,22.96500015258789,0.0512166275679731,0.0672953513023296,0.0176145203503,0.0162312222251636,0.122258416457562,0.0357359684223482,0.0527103335715488,0.0524295718744952,0.0171204342315616,0.1106338127421491,0.0580362286433264,0.0846694822567279,0.0725505206928396,0.0557050815374292,0.0888408836690908,0.0667326706654365,-0.08,0.1899999999999999,-0.1226910162305068,0.5,-0.0999999999999996,-0.022315844494327,-0.0283041997757811,0.0005200411547976,0,1,0,1,0,0.0175728536836333,0.0511749609013064,0.0667019800523296,0.115137961457562,0.0091107672251636,0.0522103335715488,0.0352359684223482,0.0453091168744952,0.0099999792315616,0.1035133577421491,0.0509157736433264,0.0775490272567279,0.0654300656928396,0.0485846265374292,0.0817204286690908,0.0596122156654365,1.0,1.0,0.0
2010-01-01,1741.0400390625,3739.4599609375,1073.8699951171875,52.150001525878906,79.06999969482422,28.18000030517578,6.859285831451416,3.73,3.52,0.06,0.67975,1.0,0.125,1.2,217.488,9.5,9.8,1.4266,24.6200008392334,76.60238095238095,84.3448314666748,30.09282350540161,27.50900001525879,14.128166516621908,47.2551155090332,30.8186149597168,45.03166707356771,18.7968864440918,23.199999809265137,-0.06626051374122,-0.0513076314569354,-0.0376751237121947,-0.0694401967514306,0.0087647744936595,-0.0784581984999013,-0.0927698054899459,0.0282358753727746,-0.1019627719029197,-0.0464175634916309,0.00034216806101,-0.0116207579665753,-0.0540076166492927,-0.0088801173978275,-0.0421627355230398,0.01018094602881,0.04,0.1400000000000001,0.1271689641959534,0.1999999999999999,0.0,-0.0217030532668384,0.0239497863849678,0.0006485218758465,0,1,0,1,0,-0.0377251237121947,-0.0663105137412199,-0.0518740897902687,0.0019672744936595,-0.0762376967514306,-0.0933698054899459,-0.0790581984999013,0.0214383753727746,-0.1087602719029197,-0.0532150634916309,-0.0064553319389899,-0.0184182579665753,-0.0608051166492927,-0.0156776173978275,-0.0489602355230398,0.00338344602881,1.0,1.0,0.0
2010-02-01,1818.6800537109373,3708.800048828125,1104.489990234375,53.130001068115234,79.5999984741211,28.670000076293945,7.307857036590576,3.69,3.5,0.11,0.6617,1.0,0.125,1.4,217.281,9.4,9.8,1.368,19.5,73.903,83.23820686340332,29.707638025283813,27.889000129699703,14.808333079020182,48.38628768920898,30.30230649312337,44.05499776204427,16.607616742451984,23.09749984741211,0.0436283344974221,-0.0082328182003807,0.0281147397418404,0.0186175498604541,0.0066805414577331,0.0172387652563349,0.0633467456182276,-0.0132070727403569,-0.0128825362664559,0.0137191260894972,0.0470196381226973,0.0236555485546839,-0.0168950577199264,-0.0219271525069949,-0.1238298114099076,-0.004427890494422,-0.02,-0.04,-0.2331446892740714,0.1999999999999999,-0.0999999999999996,-0.0419441716614419,-0.0358747366633629,-0.000952229876745,0,1,0,1,0,0.0280230730751737,0.0435366678307555,-0.0087842348670473,6.354145773312166e-05,0.0120005498604541,0.0622467456182276,0.0161387652563349,-0.0198240727403569,-0.0194995362664559,0.0071021260894972,0.0404026381226973,0.0170385485546839,-0.0235120577199264,-0.0285441525069949,-0.1304468114099076,-0.011044890494422,1.0,1.0,0.0
2010-03-01,1958.3399658203125,3974.010009765625,1169.4300537109375,56.86000061035156,86.54000091552734,29.290000915527344,8.39285659790039,3.73,3.44,0.15,0.6449565,1.0,0.125,1.7,217.353,9.3,9.9,1.357,17.59000015258789,79.51913043478261,89.71632385253906,33.09374809265137,30.19399757385254,16.073166688283283,50.572879791259766,32.1133066813151,47.71833292643229,19.02399730682373,24.69750022888184,0.0739861654008404,0.0690672756113747,0.0571328154163926,0.0678503563904826,0.0835926716949734,0.0213949095405909,0.1384308633037585,0.0749462757289147,0.1079401998530336,0.0794107982916268,0.0819611480356547,0.0441989987283911,0.0580466510939487,0.0798768596161152,0.1358397683467154,0.0669776532473893,-0.06,0.04,-0.1030838981455386,0.3,-0.0999999999999996,-0.0080734383476267,0.0732442045828811,0.0003313132458968,0,1,0,1,0,0.0570078154163926,0.0738611654008404,0.0685298118613747,0.0771431066949734,0.0614007913904826,0.1369308633037585,0.0198949095405909,0.0684967107289147,0.1014906348530336,0.0729612332916268,0.0755115830356547,0.0377494337283911,0.0515970860939487,0.0734272946161152,0.1293902033467154,0.0605280882473893,1.0,1.0,0.0
2010-04-01,2000.6300048828125,3816.989990234375,1186.68994140625,52.130001068115234,86.83999633789062,30.540000915527344,9.3246431350708,3.85,3.4,0.16,0.6447,1.0,0.125,1.9,217.403,9.3,9.9,1.3417,22.049999237060547,85.15636363636364,89.76802253723145,29.5123143196106,29.28199977874756,16.700999577840168,48.16429138183594,30.21975008646648,48.3900006612142,19.36467965443929,24.850000381469727,0.0213649752402593,-0.0403135115974772,0.0146513730069184,-0.0868514976876723,0.0034605574633458,0.0417911376714837,0.1052797560621388,0.0005760801670122,-0.1145367743596931,-0.0306701635781976,0.0383173563573532,-0.0487975563075763,-0.0607747955928842,0.0139775323338248,0.0177495719462787,0.0061557346896308,-0.04,0.1200000000000001,0.2259819998682632,0.1999999999999999,0.0,-0.0113389142384431,0.0684915116298441,0.0002300140778759,0,1,0,1,0,0.014518039673585,0.021231641906926,-0.0408507615974772,-0.0029864425366541,-0.0932984976876723,0.1036797560621388,0.0401911376714837,-0.0058709198329877,-0.1209837743596931,-0.0371171635781976,0.0318703563573532,-0.0552445563075763,-0.0672217955928842,0.0075305323338248,0.0113025719462787,-0.0002912653103691,1.0,1.0,0.0
2010-05-01,1852.3900146484373,3507.56005859375,1089.4100341796875,46.29499053955078,86.22000122070312,25.799999237060547,9.174285888671877,3.42,3.08,0.16,0.6865238,1.0,0.125,1.9,217.29,9.3,9.6,1.2563,32.06999969482422,76.13238095238096,90.33049774169922,25.83705186843872,28.863999938964845,15.912832895914711,47.31726837158203,27.72818946838379,45.84999974568685,16.994524319966633,24.787500381469727,-0.0769854282828253,-0.084541495588515,-0.0855315728834906,-0.1187068597209036,-0.0071651193623308,-0.1686628674121858,-0.016256136485874,0.0062463259822168,-0.1329980301805249,-0.0143778434497347,-0.0483426885241414,-0.0177425930731377,-0.0860461209478757,-0.0539180013136604,-0.1305595769816417,-0.0025182586580171,-0.3199999999999998,-0.4300000000000001,0.3746084368967111,0.0,0.0,-0.0657665735860537,-0.1120154590886324,-0.0005199071645751,0,1,0,1,0,-0.0856649062168239,-0.0771187616161587,-0.0851135987551816,-0.0140303573623308,-0.1255720977209036,-0.017856136485874,-0.1702628674121858,-0.0006189120177831,-0.1398632681805249,-0.0212430814497347,-0.0552079265241414,-0.0246078310731377,-0.0929113589478757,-0.0607832393136604,-0.1374248149816417,-0.0093834966580171,1.0,1.0,0.0
2010-06-01,1739.1400146484375,3442.889892578125,1030.7099609375,44.77000045776367,89.80999755859375,23.01000022888184,8.983214378356934,3.2,3.07,0.12,0.7275909,1.0,0.125,1.7,217.199,9.2,9.4,1.2223,34.540000915527344,75.24636363636364,93.7611198425293,25.03254508972168,28.507000350952147,15.958829879760742,48.59490776062012,26.375512440999348,46.97333399454752,17.616918245951336,23.582500457763672,-0.0630859585232066,-0.018609451991012,-0.0553884494055037,-0.0334954770709044,0.0407941170217405,-0.1144455483619406,-0.0210467917563198,0.0372751280647478,-0.0316327987813074,-0.0124454583030458,0.0028863894616425,0.0266434361053727,-0.0500135454065299,0.0242048857254601,0.0359685109545091,-0.0498345782824842,-0.0100000000000002,-0.2199999999999997,0.074197095035688,-0.1999999999999999,-0.1000000000000014,-0.027436563227155,-0.0117061009613657,-0.000418882877728,0,1,0,1,0,-0.0554884494055037,-0.0631859585232066,-0.019215777741012,0.0335182080217405,-0.0407713860709044,-0.0222467917563198,-0.1156455483619406,0.0299992190647478,-0.0389087077813074,-0.0197213673030458,-0.0043895195383574,0.0193675271053727,-0.0572894544065299,0.0169289767254601,0.0286926019545091,-0.0571104872824842,1.0,1.0,0.0
2010-07-01,1864.0,3643.139892578125,1101.5999755859375,52.709999084472656,93.62000274658205,25.809999465942383,9.1875,3.01,2.99,0.16,0.8488182,1.0,0.125,1.9,217.605,9.2,9.4,1.2811,23.5,75.195,100.29935646057127,30.30268406867981,29.237000274658204,15.945833206176758,45.64889717102051,27.948330561319988,46.14166768391927,19.233620007832844,25.32749938964844,0.0693339696709325,0.0565347139043011,0.066515799010857,0.1632668910203156,0.0415477647107474,0.1148330790443006,0.0224860976810744,0.0674090093310965,0.1910595098713721,0.0252853563703244,-0.0008147194200342,-0.0625392984361806,0.0579214476973459,-0.0178636827940886,0.0878000855212294,0.0713858068942908,-0.0799999999999996,-0.1900000000000004,-0.3851176780747112,0.1999999999999999,0.0,0.0469847540791709,-0.0006828393085243,0.0018675086613582,0,1,0,1,0,0.0663824656775236,0.0692006363375992,0.0558273654043011,0.0330595827107474,0.1547787090203156,0.0208860976810744,0.1132330790443006,0.0589208273310965,0.1825713278713721,0.0167971743703244,-0.0093029014200342,-0.0710274804361806,0.0494332656973459,-0.0263518647940886,0.0793119035212294,0.0628976248942908,1.0,1.0,0.0
2010-08-01,1767.4300537109375,3490.7900390625,1049.3299560546875,49.369998931884766,91.7699966430664,23.46999931335449,8.682143211364746,2.7,2.68,0.16,0.8955,1.0,0.125,1.6,217.923,9.3,9.5,1.2903,26.049999237060547,76.89181818181818,102.1925926208496,27.847915410995483,27.69099998474121,14.459500312805176,45.94562149047852,26.33894220987956,46.64166641235352,18.31515630086263,24.545000076293945,-0.0531981718301757,-0.042717834847223,-0.0486118228874188,-0.065462242862109,-0.0199586549584177,-0.0950390124320094,-0.0565754525931808,0.0186999170933529,-0.0844781787375904,-0.0543275897325599,-0.097845894490065,0.0064791073047846,-0.0593089319169516,0.0107778745696134,-0.0489308595914975,-0.0313825672289762,-0.31,-0.3099999999999996,0.103017317761759,-0.2999999999999998,0.1000000000000014,0.0071556655954123,0.022314735912583,0.001460296727239,0,1,0,1,0,-0.0487451562207521,-0.0533315051635091,-0.043464084847223,-0.0289136549584177,-0.074417242862109,-0.0581754525931808,-0.0966390124320095,0.0097449170933529,-0.0934331787375904,-0.0632825897325599,-0.106800894490065,-0.0024758926952153,-0.0682639319169516,0.0018228745696134,-0.0578858595914975,-0.0403375672289762,1.0,1.0,0.0
2010-09-01,1998.0400390625,3715.179931640625,1141.199951171875,52.16999816894531,107.5999984741211,24.489999771118164,10.133929252624512,2.65,2.68,0.15,0.8805,1.0,0.125,1.8,218.275,9.2,9.5,1.3103,23.700000762939453,77.93818181818182,116.98787117004396,29.571340799331665,29.80000038146973,15.937333106994627,48.99819946289063,27.56426366170248,48.18000030517578,20.831071217854817,25.34500026702881,0.1226401751631694,0.0622990279964391,0.083928474188034,0.0551646513005867,0.1591352232955903,0.0425418810115205,0.1546207138939672,0.1352110683160376,0.0600475630878821,0.0734009562120016,0.0973126915264683,0.0643249960828663,0.0454716024555917,0.032449732863976,0.1287167504058782,0.0320733118417261,0.0,-0.0500000000000002,-0.0945426585792494,0.1999999999999999,-0.1000000000000014,0.0153813691527392,0.0135164963744021,0.0016139463106572,0,1,0,1,0,0.083803474188034,0.1225151751631694,0.0615652779964391,0.1503302232955903,0.0463596513005867,0.1531207138939672,0.0410418810115205,0.1264060683160376,0.0512425630878821,0.0645959562120016,0.0885076915264683,0.0555199960828663,0.0366666024555917,0.023644732863976,0.1199117504058782,0.0232683118417261,1.0,1.0,0.0
2010-10-01,2124.449951171875,3833.5,1183.260009765625,52.54999923706055,112.5999984741211,26.670000076293945,10.749285697937012,2.54,2.72,0.13,0.9976667,1.0,0.125,1.8,219.035,9.2,9.4,1.3901,21.200000762939453,83.33857142857143,114.7246265411377,29.99847102165222,32.068000411987306,16.149999618530273,48.42887115478516,29.35794258117676,49.32166290283203,21.86546007792155,26.52750015258789,0.0613462027660948,0.0313511132001509,0.0361930517504907,0.0072575008681534,0.0454210686076142,0.0852744794364423,0.0589501798227167,-0.0195355591879159,0.0143407383513134,0.0733502547156515,0.0132556749024169,-0.0116874044373485,0.063042986831804,0.0234193908093842,0.0484625457602781,0.0456004540576013,0.04,-0.1099999999999998,-0.1114738626669469,0.0,0.0,0.0591195683725072,0.0669955126910046,0.0034757987017952,0,1,0,1,0,0.0360847184171574,0.0612378694327615,0.0305197242834842,0.0354444016076142,-0.0027191661318465,0.0576501798227167,0.0839744794364423,-0.0295122261879159,0.0043640713513134,0.0633735877156515,0.0032790079024169,-0.0216640714373485,0.053066319831804,0.0134427238093842,0.0384858787602781,0.0356237870576012,1.0,1.0,0.0
2010-11-01,2117.330078125,3610.43994140625,1180.550048828125,45.59999847412109,116.8499984741211,25.26000022888184,11.112500190734863,2.76,3.0,0.14,1.0420455,1.0,0.125,1.8,219.59,9.2,9.8,1.3654,23.540000915527344,85.80090909090909,114.635986328125,25.36408233642578,31.956000137329102,14.889333883921305,46.7144832611084,27.47440465291341,47.59000015258789,21.911017417907715,25.012499809265137,-0.003357024496422,-0.0599485916716999,-0.0022928763797244,-0.141857399746524,0.0370493457721577,-0.0543172150712045,0.0332313123415569,-0.0007729332104306,-0.1678123223934363,-0.0034987001107689,-0.0812749161541281,-0.0360418966787815,-0.0663082943467632,-0.0357407359908647,0.0020813623680418,-0.0588062442334028,0.2799999999999998,0.2199999999999997,0.1046999230588641,0.0,0.0,-0.0179282609988669,0.0291181175413601,0.0025306368592339,0,1,0,1,0,-0.0024095430463911,-0.0034736911630887,-0.0608169629216999,0.0266288907721577,-0.152277854746524,0.0318313123415569,-0.0557172150712045,-0.0111933882104306,-0.1782327773934363,-0.0139191551107689,-0.0916953711541281,-0.0464623516787815,-0.0767287493467632,-0.0461611909908647,-0.0083390926319581,-0.0692266992334028,1.0,1.0,0.0
2010-12-01,2217.860107421875,3804.780029296875,1257.6400146484375,47.61000061035156,123.0999984741211,27.90999984741211,11.520000457763672,3.29,3.34,0.14,1.0216957,1.0,0.125,2.0,220.472,9.2,9.3,1.3221,17.75,91.96,118.38346099853516,27.357999086380005,33.36100006103516,16.10366678237915,47.36560821533203,29.195476531982425,49.410000483194985,23.81314945220948,27.297500133514404,0.0463869175770203,0.0524285463373336,0.063256487508998,0.043135152968163,0.0521059728685404,0.0997629160977064,0.0360140770001592,0.0321672533678236,0.0756748652472819,0.0430275939727562,0.0784018866234305,0.0138421496098488,0.0607589526145148,0.0375301842976334,0.0832483373344076,0.0874194355128997,0.3399999999999998,0.5300000000000002,-0.2823156248031155,0.1999999999999999,0.0,-0.0322260444681288,0.0693240979920544,0.0040085314388491,0,1,0,1,0,0.0631398208423314,0.0462702509103536,0.0515771332540003,0.0418890158685404,0.032918195968163,0.0346140770001592,0.0983629160977064,0.0219502963678236,0.0654579082472819,0.0328106369727562,0.0681849296234305,0.0036251926098488,0.0505419956145148,0.0273132272976334,0.0730313803344076,0.0772024785128997,1.0,1.0,0.0
2011-01-01,2281.909912109375,4005.5,1286.1199951171875,54.59999847412109,114.0500030517578,27.729999542236328,12.118571281433104,3.39,3.44,0.15,1.0172381,1.0,0.125,2.0,221.187,9.2,9.1,1.3371,19.530000686645508,96.95238095238096,113.69064712524414,31.920090675354004,34.765999984741214,17.12666670481364,48.69063186645508,31.234010696411133,49.801666259765625,22.61696942647298,26.772500038146973,0.0284699576142828,0.0514102379905886,0.0223929698124121,0.1369910187781128,-0.0763600453064999,-0.0064701989612895,0.0506543976185988,-0.0404478870399912,0.154226656011885,0.0412523423704537,0.0615897087234203,0.0275902471717765,0.0674938035404312,0.0078955998653506,-0.0515374419959353,-0.01941988507942,0.1,0.1,0.0955662641256624,0.0,0.0,0.0112817081045687,0.0528662400520101,0.0032377948808059,0,1,0,1,0,0.0222679698124121,0.0283449576142828,0.0505625395739219,-0.0865324263064998,0.1268186377781128,0.0491543976185988,-0.0079701989612895,-0.0506202680399912,0.144054275011885,0.0310799613704537,0.0514173277234203,0.0174178661717765,0.0573214225404312,-0.0022767811346493,-0.0617098229959353,-0.02959226607942,1.0,1.0,0.0
2011-02-01,2350.989990234375,4110.35009765625,1327.219970703125,56.58000183105469,114.25,26.57999992370605,12.614643096923828,3.58,3.6,0.13,1.08675,1.0,0.125,1.8,221.898,9.2,9.0,1.3656,18.350000381469727,104.2385,114.6197109222412,33.74972152709961,35.55200004577637,19.06499989827474,50.183908462524414,32.25373458862305,49.27333323160807,21.849820295969646,28.68249988555908,0.029823738828537,0.025839790118832,0.0314565767628246,0.0356217434312868,0.0017520542858481,-0.0423557927050531,0.0401191971099618,0.0081386489266948,0.055736552951446,0.0223565174843596,0.107217482732848,0.0302077793100324,0.0321262502088627,-0.010665415878183,-0.0345077870356372,0.0689119339834899,0.1600000000000001,0.1899999999999999,-0.0623221847579671,-0.1999999999999999,0.0,0.021090802859611,0.0724616028965323,0.0032093192514253,0,1,0,1,0,0.0313482434294913,0.0297154054952036,0.024934165118832,-0.0091154457141518,0.0247542434312868,0.0388191971099618,-0.0436557927050531,-0.0027288510733051,0.044869052951446,0.0114890174843596,0.096349982732848,0.0193402793100324,0.0212587502088627,-0.021532915878183,-0.0453752870356372,0.0580444339834899,1.0,1.0,0.0
2011-03-01,2338.989990234375,3989.179931640625,1325.8299560546875,51.61000061035156,111.6999969482422,25.38999938964844,12.446785926818848,3.41,3.61,0.1,1.1755217,1.0,0.125,2.2,223.046,9.1,9.0,1.402,17.739999771118164,114.9173913043478,112.27984046936037,30.83902621269226,35.60400047302246,18.38266674677531,50.2408561706543,30.95297368367513,47.7450008392334,19.968502680460613,27.69250059127808,-0.0051173037994875,-0.0299225279316046,-0.0010478617545838,-0.091940134248783,-0.0225723510201782,-0.0458036787372138,-0.0133958586391029,-0.0206254564029946,-0.0901911935029195,0.0014615896375313,-0.0364459919747109,0.0011341368723551,-0.0411647629717757,-0.0315086596445466,-0.0900365308949663,-0.0351255369407287,0.0099999999999997,-0.1699999999999999,-0.0338076313097066,0.4000000000000001,-0.0999999999999996,0.0263058961143045,0.0975319909085206,0.0051602113856565,0,1,0,1,0,-0.0011311950879172,-0.0052006371328209,-0.0309021293482712,-0.0343275680201782,-0.103695351248783,-0.0143958586391029,-0.0468036787372138,-0.0323806734029946,-0.1019464105029195,-0.0102936273624686,-0.0482012089747109,-0.0106210801276448,-0.0529199799717757,-0.0432638766445466,-0.1017917478949663,-0.0468807539407287,1.0,1.0,0.0
2011-04-01,2404.080078125,4106.919921875,1363.6099853515625,53.43000030517578,121.25,25.920000076293945,12.504643440246582,3.46,3.69,0.06,1.3212105,1.25,0.125,2.2,224.093,9.1,9.1,1.446,14.75,123.3257142857143,119.3225917816162,31.14092445373535,36.33300018310547,18.12666702270508,54.208492279052734,30.86396217346192,49.77500025431315,21.63243802388509,27.047499179840088,0.0274481183999011,0.029087657963273,0.0280969387702452,0.0346569276945109,0.0820378510634566,0.0206595027499795,0.0046376194545129,0.0608363500139279,0.0097418802503566,0.0202684198643293,-0.0140240258212013,0.0760090166592121,-0.0028798441882339,0.0416384880799398,0.0800377823687047,-0.0235670905038669,0.08,0.0499999999999998,-0.1845788811935844,0.0,0.0,0.0309013351241746,0.0706154052481213,0.0046831160490556,0,1,0,1,0,0.0280469387702452,0.0273981183999011,0.027986649213273,0.0688257460634566,0.0214448226945109,0.0040376194545129,0.0200595027499795,0.0476242450139279,-0.0034702247496433,0.0070563148643293,-0.0272361308212013,0.0627969116592121,-0.0160919491882339,0.0284263830799398,0.0668256773687047,-0.0367791955038669,1.0,1.0,0.25
2011-05-01,2372.5400390625,4006.93994140625,1345.199951171875,54.220001220703125,120.9000015258789,25.01000022888184,12.422499656677246,3.17,3.49,0.04,1.4250909,1.25,0.125,2.2,224.806,9.1,9.0,1.4335,15.449999809265137,114.9295454545455,124.91156387329102,30.13166618347168,36.470999526977536,17.782999674479168,54.89177322387695,28.61413955688477,50.62666765848795,20.882221539815266,27.050000190734863,-0.0132061988096011,-0.0246454937005598,-0.013592919455284,0.0146774749030359,-0.0028907595758455,-0.0357391203863726,-0.0065907336909775,0.045775317222211,-0.0329462015532864,0.0037909870252726,-0.0191412437215537,0.0125259067969253,-0.0756882448187926,0.0169656112268637,-0.0352957956009167,9.246308704307484e-05,-0.1999999999999997,-0.29,0.046365908212627,0.0,0.0,-0.0086821173952854,-0.070509646603865,0.0031766637911196,0,1,0,1,0,-0.0136262527886173,-0.0132395321429345,-0.0258330694505598,-0.0171416685758455,0.0004265659030359,-0.0069907336909775,-0.0361391203863726,0.031524408222211,-0.0471971105532864,-0.0104599219747273,-0.0333921527215537,-0.0017250022030746,-0.0899391538187926,0.0027147022268637,-0.0495467046009167,-0.0141584459129569,1.25,1.0,0.0
2011-06-01,2325.070068359375,3982.2099609375,1320.6400146484375,53.22999954223633,124.0999984741211,26.0,11.988213539123535,3.0,3.43,0.04,1.4885909,1.25,0.125,2.3,224.806,9.2,9.1,1.4403,16.520000457763672,114.37045454545452,132.92392921447754,29.95147967338562,36.80699958801269,17.71400038401286,54.93428039550781,27.95604515075684,49.2466672261556,21.642107486724854,26.55750036239624,-0.0202109521627434,-0.0061909113628552,-0.0184261859119325,-0.0184277279994742,0.0261239096732552,0.0388207839803413,-0.0355853548216946,0.0621710058962082,-0.0059979233011672,0.0091706220120349,-0.0038876173904678,0.0007740817839219,-0.0232675250775843,-0.027636771492946,0.0357426847772949,-0.0183748050259343,-0.06,-0.1699999999999999,0.0669628048040409,0.0999999999999996,0.0999999999999996,0.0047324188815797,-0.0048765112694217,0.0,0,1,0,1,0,-0.0184595192452659,-0.0202442854960767,-0.0074314037795218,0.0112380006732552,-0.0333136369994742,-0.0359853548216946,0.0384207839803413,0.0472850968962082,-0.0208838323011672,-0.005715286987965,-0.0187735263904678,-0.014111827216078,-0.0381534340775843,-0.042522680492946,0.0208567757772949,-0.0332607140259343,1.25,1.25,0.0
2011-07-01,2362.81005859375,3672.77001953125,1292.280029296875,45.46500015258789,127.9499969482422,27.39999961853028,13.945713996887209,3.0,3.4,0.04,1.597619,1.5,0.125,2.1,225.395,9.2,9.0,1.4275,25.25,117.48333333333332,143.16456985473633,25.40220284461975,34.82600059509277,15.344666639963783,54.35261917114258,25.282908757527668,46.50666745503744,19.48874807357788,24.96749925613404,0.0161014379931472,-0.0808907806778377,-0.0217083558566638,-0.1576793360508973,0.0305518588396207,0.0524464614502898,0.1512482586574024,0.0742178029019478,-0.1647428316984555,-0.0553237819391859,-0.1435873455726996,-0.0106447656406691,-0.1005048364079275,-0.0572460063490928,-0.1048035605564324,-0.0617372579759701,-0.0300000000000002,0.0,0.4242543599188719,-0.1999999999999997,0.0,-0.0089267626748389,0.0268536984248966,0.0026166105186637,0,1,0,1,0,-0.0217416891899971,0.0160681046598138,-0.0822221298445043,0.0145756688396207,-0.1736555260508973,0.1508482586574024,0.0520464614502898,0.0582416129019477,-0.1807190216984555,-0.0712999719391859,-0.1595635355726996,-0.0266209556406691,-0.1164810264079275,-0.0732221963490928,-0.1207797505564324,-0.0777134479759701,1.25,1.25,0.25
2011-08-01,2241.010009765625,3256.760009765625,1218.8900146484375,35.869998931884766,117.9499969482422,26.600000381469727,13.743928909301758,2.3,2.98,0.02,1.552087,1.5,0.125,2.4,226.106,9.2,9.0,1.4333,31.6200008392334,110.3547826086957,142.9263744354248,19.239591598510746,31.73999938964844,12.911000410715738,51.0162296295166,22.36497529347737,42.68666648864746,15.143133799235024,23.11000061035156,-0.0529249520469802,-0.1202133119470999,-0.0584675022719568,-0.2370415407672442,-0.0813787587742566,-0.0296317693431513,-0.0145750279540388,-0.0016651731143854,-0.2778656781064859,-0.0927865554762561,-0.1726882704893019,-0.0633489930972054,-0.1226324920822862,-0.0857090771921633,-0.2522900625100465,-0.0773094986447811,-0.4199999999999999,-0.7000000000000002,0.2249637026011774,0.2999999999999998,0.0,0.0040548153990047,-0.0625960074284703,0.003149497288911,0,1,0,1,0,-0.0584841689386235,-0.0529416187136469,-0.1215067177804332,-0.0968996287742566,-0.2525624107672442,-0.0147750279540388,-0.0298317693431513,-0.0171860431143854,-0.2933865481064859,-0.1083074254762561,-0.1882091404893019,-0.0788698630972054,-0.1381533620822862,-0.1012299471921633,-0.2678109325100465,-0.0928303686447811,1.5,1.25,0.0
2011-09-01,2139.179931640625,2981.9599609375,1131.4200439453125,30.049999237060547,99.6500015258789,24.88999938964844,13.618571281433104,1.98,2.64,0.01,1.5364545,1.5,0.125,2.4,226.597,9.2,9.0,1.3747,42.959999084472656,111.96272727272732,122.35661125183104,16.246573209762573,28.182999420166016,11.787999788920084,50.95664024353027,22.11612606048584,40.72333399454752,13.439637184143066,21.855000019073486,-0.0465041153836377,-0.0881520497984382,-0.0744671007197857,-0.1770386261745774,-0.1685967180091802,-0.0664451382710791,-0.0091627960929036,-0.1553898095864258,-0.169088211185307,-0.1188587571570021,-0.0909976460347747,-0.0011687303268688,-0.0111891037612035,-0.0470853662675772,-0.1193388751474918,-0.0558357215089946,-0.3399999999999998,-0.3199999999999998,0.3064795705669048,0.0,0.0,-0.0417439524517956,0.0144655515763831,0.0021691934558836,0,1,0,1,0,-0.074475434053119,-0.046512448716971,-0.0894324285484382,-0.1839612630091802,-0.1924031711745774,-0.0092627960929036,-0.0665451382710791,-0.1707543545864258,-0.184452756185307,-0.1342233021570021,-0.1063621910347747,-0.0165332753268688,-0.0265536487612035,-0.0624499112675772,-0.1347034201474918,-0.0712002665089946,1.5,1.5,0.0
2011-10-01,2360.080078125,3242.840087890625,1253.300048828125,32.849998474121094,120.25,26.6299991607666,14.456428527832031,2.15,2.99,0.02,1.5758571,1.5,0.125,2.5,226.75,9.3,8.8,1.3732,29.959999084472656,110.4295238095238,137.7110595703125,17.796443581581116,29.79300079345704,12.938999811808268,51.47661018371582,22.745619773864743,45.676666259765625,16.011913299560547,24.03749990463257,0.0982730037942554,0.0838687268406932,0.1023065917693886,0.0890890628885116,0.1879088470146845,0.067572276453714,0.0597047998012031,0.118217894926662,0.0911166314096915,0.0555545545101289,0.0931639448201714,0.0101524535093388,0.0280655610195632,0.1147863373971098,0.1751246868960637,0.0951853777594476,0.3500000000000001,0.1699999999999999,-0.3604063007987554,0.1,0.1000000000000014,-0.0010917428938373,-0.0137884997976973,0.0006749796769751,0,1,0,1,0,0.102289925102722,0.0982563371275888,0.0825555125906932,0.1721502760146845,0.0733304918885116,0.0595047998012031,0.067372276453714,0.102459323926662,0.0753580604096915,0.0397959835101289,0.0774053738201714,-0.0056061174906611,0.0123069900195633,0.0990277663971098,0.1593661158960637,0.0794268067594476,1.5,1.5,0.0
2011-11-01,2295.199951171875,3154.6201171875,1246.9599609375,29.46999931335449,116.5999984741211,25.57999992370605,13.649999618530272,2.01,3.41,0.01,1.4846818,1.25,0.125,2.7,227.169,9.3,8.6,1.3558,27.799999237060547,111.1586363636364,134.06854438781738,15.71198058128357,28.532999801635743,12.954666455586752,51.88863754272461,22.746055603027344,46.27833048502604,14.402271668116253,24.12500047683716,-0.0278755854597595,-0.027581434030389,-0.0050715537225125,-0.1085789250309384,-0.0308236481559186,-0.0402275751431212,-0.0573997027626675,-0.0268065244755076,-0.1245751228529483,-0.0432121880054032,0.0012100755086899,0.0079723030778519,1.916083147094344e-05,0.013086245071513,-0.1059470775289577,0.0036335600428661,0.4199999999999999,-0.1400000000000001,-0.0748271348379701,0.2000000000000001,0.0,-0.0127520965866718,0.006580813567421,0.0018461448804947,0,1,0,1,0,-0.0050798870558458,-0.0278839187930928,-0.0288186688637223,-0.0456704661559186,-0.1234257430309384,-0.0574997027626675,-0.0403275751431212,-0.0416533424755076,-0.1394219408529483,-0.0580590060054032,-0.01363674249131,-0.006874514922148,-0.014827657168529,-0.0017605729284869,-0.1207938955289577,-0.0112132579571338,1.5,1.5,-0.25
2011-12-01,2277.830078125,3159.81005859375,1257.5999755859375,30.350000381469727,109.4000015258789,25.959999084472656,14.464285850524902,1.98,3.16,0.01,1.4260952,1.0,0.125,2.7,227.223,9.4,8.5,1.3155,23.39999961853028,108.3477272727273,130.8232460021973,15.449629068374634,29.23899955749512,11.64300012588501,54.9105281829834,22.92852274576823,45.94833437601725,13.877971013387045,23.83999919891357,-0.0075966947384109,0.0016438356052591,0.0084965654071145,0.0294237566247369,-0.0637383568943663,0.0147460634009076,0.0579430726658727,-0.0245040494868714,-0.0168385211589724,0.0244421142200294,-0.1067509154310155,0.0566052639211959,0.0079899199967959,-0.0071562279262105,-0.0370831850687583,-0.0118838583957906,-0.25,-0.0299999999999998,-0.1722999871911947,0.0,0.0999999999999996,-0.0301748645165177,-0.0256125855009718,0.0002376802419687,0,1,0,1,0,0.0084882320737811,-0.0076050280717442,0.0004554229385925,-0.0779993088943663,0.0151628046247369,0.0578430726658727,0.0146460634009076,-0.0387650014868714,-0.0310994731589724,0.0101811622200294,-0.1210118674310155,0.0423443119211959,-0.006271032003204,-0.0214171799262105,-0.0513441370687583,-0.0261448103957906,1.25,1.5,-0.25
2012-01-01,2467.949951171875,3298.550048828125,1312.4100341796875,32.369998931884766,123.5999984741211,29.530000686645508,16.3028564453125,1.97,3.18,0.03,1.2222273,1.0,0.125,2.6,227.842,9.5,8.3,1.291,19.440000534057617,111.415,145.60553169250488,17.219128608703613,31.7189998626709,13.109333197275795,55.48073196411133,23.177240053812664,46.00833384195963,16.66793982187907,24.96249961853028,0.08016455706115,0.0429710750218349,0.0426600444678073,0.0644355048665537,0.1220396287427061,0.1288498624392615,0.1196577681529942,0.1070539824726706,0.1084358997396228,0.0814124466526578,0.1186192824698817,0.0103306883447067,0.010789094707029,0.001304951030078,0.1831843393537426,0.0460098748656922,0.02,-0.01,-0.1854031795571384,-0.1,0.0999999999999996,-0.0187997096337049,0.0279162163704924,0.0027204921572616,0,1,0,1,0,0.0426350444678073,0.08013955706115,0.0419525522718349,0.1098173557427061,0.0522132318665537,0.1193577681529942,0.1285498624392615,0.0948317094726706,0.0962136267396228,0.0691901736526578,0.1063970094698817,-0.0018915846552932,-0.0014331782929709,-0.0109173219699219,0.1709620663537426,0.0337876018656922,1.0,1.25,0.0
2012-02-01,2623.10009765625,3452.449951171875,1365.6800537109375,36.63499069213867,126.3000030517578,31.739999771118164,19.37285614013672,1.97,3.02,0.09,1.0482857,1.0,0.125,2.5,228.329,9.5,8.3,1.3238,18.43000030517578,119.1657142857143,152.63926315307617,19.40473759174347,33.92199935913086,14.967666467030844,56.84299659729004,23.43863836924235,49.08666737874349,19.005120754241943,26.25999927520752,0.0609690349387821,0.04560111702003,0.0397873446720445,0.1237717786006271,0.0216095208409229,0.0721709888788116,0.1725325837821675,0.0471762529024141,0.119496347740155,0.0671478864682674,0.13256787131819,0.0242572330506442,0.0112151079901222,0.0647649072218939,0.1312213530801227,0.0506721578138001,-0.1600000000000001,0.0,-0.0533530382640181,-0.1,0.0,0.02508927683818,0.0672531130870925,0.0021351650368677,0,1,0,1,0,0.0397123446720445,0.0608940349387821,0.0447275456033633,0.0111266638409229,0.1132889216006271,0.1716325837821674,0.0712709888788116,0.0366933959024141,0.109013490740155,0.0566650294682674,0.12208501431819,0.0137743760506442,0.0007322509901222,0.0542820502218939,0.1207384960801227,0.0401893008138001,1.0,1.0,0.0
2012-03-01,2755.27001953125,3423.81005859375,1408.469970703125,35.57500076293945,128.85000610351562,32.2599983215332,21.412500381469727,2.17,2.95,0.08,0.8584545,1.0,0.125,2.6,228.807,9.5,8.2,1.3208,15.5,124.7031818181818,148.4720687866211,18.614351511001587,34.88199996948242,15.528667132059732,61.65474891662598,23.19982465108236,49.55833371480306,19.266296704610188,26.21999931335449,0.0491585868487666,-0.0083301265949356,0.0308514756329961,-0.0293606481198474,0.0199889309483133,0.0162503127805973,0.1001019631800175,-0.027680528764063,-0.0415843722036569,0.0279071834143831,0.0367955024559559,0.0812572352143355,-0.0102411524714322,0.0095629768429525,0.0136488284076072,-0.0015243891263219,-0.0699999999999998,0.1999999999999999,-0.1731397643151733,0.1,0.0,-0.0022687750789042,0.0454212867177785,0.0020912821313983,0,1,0,1,0,0.0307848089663294,0.0490919201821,-0.0090455053449356,0.0114043859483133,-0.0379451931198474,0.0993019631800175,0.0154503127805973,-0.036265073764063,-0.0501689172036569,0.0193226384143831,0.0282109574559559,0.0726726902143355,-0.0188256974714322,0.0009784318429525,0.0050642834076072,-0.0101089341263219,1.0,1.0,0.0
2012-04-01,2723.679931640625,3212.800048828125,1397.9100341796875,30.350000381469727,125.1500015258789,32.02000045776367,20.856428146362305,2.05,2.99,0.08,0.7443158,1.0,0.125,2.4,229.187,9.6,8.2,1.316,17.149999618530273,120.47,150.1813144683838,15.662295937538149,33.081999969482425,13.702333132425943,61.22941017150879,21.37618509928385,48.91166845957438,17.29753239949544,24.64749956130981,-0.0115315665353319,-0.0636111369260215,-0.0075256995449887,-0.1588466353473335,-0.0291359543973444,-0.0074672988029643,-0.0263126763548545,0.0114464756800278,-0.1726765784035228,-0.0529816090740497,-0.1251216881396515,-0.0069226244763885,-0.0818672639734456,-0.0131344478008464,-0.1077934291800405,-0.0618469944792084,0.04,-0.1200000000000001,0.101158127443615,-0.2000000000000001,0.0999999999999996,-0.0036407807206557,-0.0345356088650419,0.0016594107660745,0,1,0,1,0,-0.0075923662116554,-0.0115982332019986,-0.0642314000926882,-0.0365791123973444,-0.1662897933473335,-0.0271126763548545,-0.0082672988029643,0.0040033176800278,-0.1801197364035228,-0.0604247670740497,-0.1325648461396515,-0.0143657824763885,-0.0893104219734456,-0.0205776058008464,-0.1152365871800406,-0.0692901524792084,1.0,1.0,0.0
2012-05-01,2524.8701171875,3017.010009765625,1310.3299560546875,25.725000381469727,119.4000015258789,29.190000534057617,20.633214950561523,1.8,2.75,0.09,0.6849091,1.0,0.125,2.3,228.713,9.7,8.2,1.2806,24.059999465942383,110.8221739130435,144.70151710510254,13.412721812725067,30.82599983215332,12.90766668319702,61.14938163757324,19.88169511159261,48.278333028157554,16.50369946161906,23.78499984741211,-0.075794259319274,-0.0628765683140506,-0.0646993081586247,-0.1653332335256578,-0.0470338163321265,-0.0925345187028147,-0.0107600515572758,-0.0371702091845225,-0.1550526458272111,-0.0706308426179896,-0.0597446686129295,-0.0013078825858679,-0.0724779917511388,-0.0130331183593853,-0.0469792898925852,-0.0356203341995461,-0.2400000000000002,-0.2499999999999997,0.3385525369808082,-0.1,0.0999999999999996,-0.0272681148005607,-0.083473879419043,-0.0020703217702822,0,1,0,1,0,-0.0647743081586247,-0.075869259319274,-0.0634473258973839,-0.0538829073321265,-0.1721823245256578,-0.0116600515572758,-0.0934345187028147,-0.0440193001845225,-0.1619017368272111,-0.0774799336179896,-0.0665937596129295,-0.0081569735858679,-0.0793270827511388,-0.0198822093593853,-0.0538283808925852,-0.0424694251995461,1.0,1.0,0.0
2012-06-01,2615.719970703125,3196.64990234375,1362.1600341796875,30.334999084472656,119.8499984741211,30.59000015258789,20.85714340209961,1.62,2.57,0.09,0.6588571,1.0,0.125,2.3,228.524,9.7,8.2,1.2541,17.079999923706055,95.88904761904762,139.66752243041992,15.641860127449036,32.73500022888184,13.57200002670288,65.57122421264648,21.29376220703125,49.27333386739095,16.01906482378642,23.21249961853028,0.0353497603603075,0.0578370779405828,0.0387927198736999,0.1648388346648305,0.0037617344107642,0.0468469599890412,0.0107943452276964,-0.0354083596462922,0.153747016443706,0.0600863646054584,0.0501873975310794,0.0698171945584309,0.0686147109191312,0.0204001710656014,-0.0298050011779938,-0.0243642132239276,-0.1800000000000001,-0.1799999999999999,-0.3426425044560588,0.0,0.0,-0.0209105342546977,-0.1447351107588055,-0.000826704797574,0,1,0,1,0,0.0387177198736999,0.0352747603603075,0.0572880303572495,-0.0028268365892357,0.1582502636648305,0.0098943452276964,0.0459469599890412,-0.0419969306462922,0.147158445443706,0.0534977936054584,0.0435988265310794,0.0632286235584309,0.0620261399191312,0.0138116000656014,-0.0363935721779938,-0.0309527842239276,1.0,1.0,0.0
2012-07-01,2642.530029296875,3291.659912109375,1379.3199462890625,30.170000076293945,122.5500030517578,29.46999931335449,21.812856674194336,1.53,2.28,0.1,0.4970455,0.75,0.125,2.2,228.59,9.7,8.2,1.2278,18.93000030517578,102.9795454545455,138.80304336547852,15.372925519943236,32.58399963378906,14.074333349863688,67.71433639526367,21.545423825581867,50.52500057220459,17.724406878153484,25.49749994277954,0.0101974196430238,0.0292886141998179,0.0125188849402827,-0.0054540755139274,0.0222781867274443,-0.0373003897011852,0.0448030528733982,-0.0062087843254528,-0.0173427829680314,-0.0046234897778845,0.0363439598840904,0.0321609766751022,0.0117492668236223,0.0250852350875565,0.1011630450204335,0.0938894956533585,-0.29,-0.09,0.1028397974489432,-0.0999999999999996,0.0,-0.021194233836608,0.0713386115876044,0.0002887682305008,0,1,0,1,0,0.0124355516069493,0.0101140863096905,0.0288744096164845,0.0173077317274443,-0.0104245305139274,0.0438030528733982,-0.0383003897011852,-0.0111792393254528,-0.0223132379680314,-0.0095939447778845,0.0313735048840904,0.0271905216751022,0.0067788118236223,0.0201147800875566,0.0961925900204335,0.0889190406533585,1.0,1.0,-0.25
2012-08-01,2772.239990234375,3413.070068359375,1406.5799560546875,34.55500030517578,129.8000030517578,30.81999969482422,23.75857162475586,1.68,2.12,0.1,0.3323913,0.75,0.125,2.4,229.918,9.7,8.1,1.2406,17.469999313354492,113.78043478260868,142.98173713684082,17.895304918289185,33.87899971008301,13.887666861216228,66.29875564575195,22.46482276916504,50.6283327738444,18.48959255218506,26.12999963760376,0.0479188514737361,0.0362202294587984,0.019570609701871,0.1357042106751817,0.0574756929049548,0.0447910465403056,0.0854438242296676,0.0296609356776271,0.1519305043165325,0.038973985745087,-0.0133516386709163,-0.0211267926177529,0.0417872107740503,0.0020430812147386,0.0422653996257973,0.0245036597651724,-0.1599999999999997,0.1499999999999999,-0.0802628965008089,0.1999999999999997,0.0,0.0103711835456211,0.0997401998835707,0.0057927177431231,0,1,0,1,0,0.0194872763685377,0.0478355181404027,0.0359432367087984,0.0541517799049548,0.1323802976751817,0.0844438242296676,0.0437910465403056,0.0263370226776271,0.1486065913165325,0.035650072745087,-0.0166755516709163,-0.0244507056177529,0.0384632977740503,-0.0012808317852613,0.0389414866257973,0.0211797467651724,0.75,1.0,0.0
2012-09-01,2799.18994140625,3354.820068359375,1440.6700439453125,36.97999954223633,117.0,29.76000022888184,23.825000762939453,1.72,2.24,0.11,0.2463,0.75,0.125,2.2,231.015,9.8,7.8,1.2885,15.729999542236328,113.6415,133.30890464782715,18.9602769613266,31.715000534057616,15.097999572753906,68.64788436889648,21.36506017049153,50.4533322652181,18.58145276705424,26.46899938583374,0.0096744145395441,-0.0172140614642999,0.0239471187962545,0.0678249472053433,-0.1038208929834644,-0.0349986023342817,0.0027921056787554,-0.0700478832615772,0.0578077210113915,-0.0660055729270825,0.0835610863165856,0.0348191856224039,-0.0501937678895683,-0.0034625603645024,0.0049559111211114,0.0128901480412995,0.1200000000000001,0.04,-0.1049153968728275,-0.1999999999999997,0.1000000000000014,0.0378836175534026,-0.0012218240956007,0.0047599198634582,0,1,0,1,0,0.0238554521295879,0.0095827478728774,-0.0174193114642999,-0.1062838929834644,0.0653619472053433,0.0016921056787554,-0.0360986023342817,-0.0725108832615772,0.0553447210113915,-0.0684685729270825,0.0810980863165856,0.0323561856224039,-0.0526567678895683,-0.0059255603645024,0.0024929111211114,0.0104271480412995,0.75,0.75,0.0
2012-10-01,2647.919921875,3429.27001953125,1412.1600341796875,38.810001373291016,125.4000015258789,28.540000915527344,21.26142883300781,1.75,2.19,0.1,0.207913,0.75,0.125,2.1,231.638,10.0,7.8,1.2974,18.600000381469727,111.7926086956522,140.08727264404297,20.298221826553345,33.52400016784668,15.032000064849854,67.75451278686523,21.296125253041584,49.69833246866862,18.21082027753194,25.083499431610107,-0.0555556720495612,0.0219492781398102,-0.0199878423580502,0.0483007671854963,0.0693347055691575,-0.0418585735283795,-0.1138409033341593,0.049596577907424,0.0681871830749407,0.0554718333182857,-0.004380989993957,-0.0130992471556674,-0.0032317422388911,-0.0150774148636512,-0.0201479819908981,-0.0537639769076871,-0.0500000000000002,0.03,0.1675919132594083,-0.1,0.1999999999999993,0.0068835106865353,-0.0164033097866598,0.0026931647544001,0,1,0,1,0,-0.0200711756913835,-0.0556390053828945,0.0217760173064769,0.0672555755691575,0.0462216371854963,-0.1148409033341593,-0.0428585735283795,0.047517447907424,0.0661080530749407,0.0533927033182857,-0.006460119993957,-0.0151783771556674,-0.0053108722388911,-0.0171565448636512,-0.0222271119908981,-0.0558431069076871,0.75,0.75,0.0
2012-11-01,2677.8798828125,3557.280029296875,1416.1800537109375,42.94499969482422,134.89999389648438,26.6200008392334,20.902856826782227,1.65,2.14,0.09,0.192,0.75,0.125,1.6,231.249,10.2,7.7,1.2837,15.869999885559082,109.9118181818182,152.53306770324707,22.249527096748352,34.6,15.38333304723104,70.4718017578125,21.27682336171468,51.606666564941406,19.90007781982422,25.816999435424805,0.0112509963105999,0.0366487998908988,0.0028426724604567,0.1012422393461947,0.073025077602054,-0.0696437996340447,-0.017008738322586,0.0851158055199212,0.0917874668476216,0.0315920768202571,0.0231033872572682,0.0393215877986434,-0.0009067679490144,0.0376794805358455,0.0887077040979113,0.0288229310017453,-0.0499999999999998,-0.1,-0.1587310739011105,-0.5,0.1999999999999993,-0.0106157286880742,-0.016967055285483,-0.0016807561740774,0,1,0,1,0,0.0027676724604567,0.0111759963105999,0.0364887998908988,0.071105077602054,0.0993222393461947,-0.017908738322586,-0.0705437996340447,0.0831958055199212,0.0898674668476216,0.0296720768202571,0.0211833872572682,0.0374015877986434,-0.0028267679490144,0.0357594805358455,0.0867877040979113,0.0269029310017453,0.75,0.75,0.0
2012-12-01,2660.929931640625,3641.070068359375,1426.18994140625,42.584999084472656,138.8000030517578,26.709999084472656,19.00607109069824,1.72,2.01,0.07,0.1854737,0.75,0.125,1.5,231.221,10.3,7.9,1.3119,18.020000457763672,109.5690476190476,150.22804832458496,22.533415913581848,35.82600059509277,15.550333658854166,72.69539260864258,21.1373291015625,52.2300001780192,20.694347858428955,26.79449987411499,-0.0063497328848558,0.0232813971457483,0.0070433681007134,-0.0084181630177657,0.028500352090464,0.0033751483519041,-0.0951273806895271,-0.0152269481995494,0.0126786048703692,0.0348202213398711,0.0107974418735287,0.0310653523938589,-0.0065777461062221,0.0120061847192855,0.0391369704021252,0.0371634700778392,-0.1300000000000003,0.07,0.1270517502561112,-0.1,0.1000000000000014,0.0217299349961037,-0.0031234690112409,-0.0001210889356464,0,1,0,1,0,0.00698503476738,-0.0064080662181892,0.0231268357290817,0.026645615090464,-0.0102729000177657,-0.0958273806895271,0.0026751483519041,-0.0170816851995494,0.0108238678703692,0.0329654843398711,0.0089427048735287,0.0292106153938589,-0.0084324831062221,0.0101514477192855,0.0372822334021252,0.0353087330778392,0.75,0.75,0.0
2013-01-01,2731.530029296875,3732.60009765625,1498.1099853515625,46.209999084472656,138.85000610351562,27.450000762939453,16.267499923706055,1.91,2.17,0.07,0.2049091,0.75,0.125,1.4,231.679,10.4,8.0,1.3304,14.279999732971191,112.52782608695648,158.7309856414795,25.033841967582703,37.71199951171875,16.677666982014973,72.47409057617188,21.398590405782063,54.73999913533529,21.92300748825073,28.30850076675415,0.0261862424356777,0.0248274546594335,0.0491977919987461,0.0816941479756322,0.0003601876509966,0.0273282029040332,-0.1555892115195942,0.0550563933719736,0.1052292289964805,0.0513044298425894,0.0699884224081583,-0.0030488805091109,0.0122844218604436,0.0469376419601069,0.0576760429306434,0.0549655021179475,0.1600000000000001,0.1899999999999999,-0.2326223393713395,-0.1,0.0999999999999996,0.0140031807917332,0.026645611662305,0.0019788297664797,0,1,0,1,0,0.0491394586654127,0.0261279091023444,0.0246566970761001,-0.0016889033490033,0.0796450569756322,-0.1562892115195942,0.0266282029040332,0.0530073023719736,0.1031801379964805,0.0492553388425894,0.0679393314081583,-0.0050979715091109,0.0102353308604436,0.0448885509601069,0.0556269519306434,0.0529164111179475,0.75,0.75,0.0
2013-02-01,2738.580078125,3723.0,1514.6800537109375,43.10499954223633,131.89999389648438,27.799999237060547,15.764286041259766,1.98,2.24,0.1,0.22335,0.75,0.125,1.2,232.937,10.4,7.7,1.3347,15.510000228881836,116.488,165.3088836669922,23.188332438468933,39.12300033569336,17.498666604359943,74.76964569091797,20.68922678629557,57.81999905904134,23.198507070541385,29.01949954032898,0.0025776639201986,-0.002575273039375,0.0109999271263544,-0.0695572160277006,-0.051350244260971,0.0126697975033996,-0.0314222433081647,0.0406048909625183,-0.0765793481399202,0.0367322046771958,0.048054166025741,0.0311828697225148,-0.0337119312833999,0.0547400324975843,0.0565512705944892,0.0248058619759464,0.0700000000000002,0.07,0.0826250537335551,-0.1999999999999999,0.0,0.0032268986013878,0.0345877293531948,0.0054152378489549,0,1,0,1,0,0.0109165937930211,0.0024943305868653,-0.002761398039375,-0.053583744260971,-0.0717907160277006,-0.0324222433081647,0.0116697975033996,0.0383713909625183,-0.0788128481399202,0.0344987046771958,0.045820666025741,0.0289493697225148,-0.0359454312833999,0.0525065324975843,0.0543177705944892,0.0225723619759464,0.75,0.75,0.0
2013-03-01,2818.68994140625,3731.419921875,1569.18994140625,40.040000915527344,133.89999389648438,28.61000061035156,15.809286117553713,1.96,2.07,0.09,0.20605,0.75,0.125,1.1,232.282,10.4,7.5,1.2953,12.699999809265137,109.5857142857143,171.9391746520996,21.316999197006226,39.92699966430664,16.839333216349285,81.86385726928711,20.62017281850179,57.61499913533529,23.054123640060425,30.100000619888306,0.0288326508083228,0.0022590424322769,0.0353552943297048,-0.0737600117298155,0.0150491936650276,0.0287203351427972,0.0028504919581185,0.0393250324510614,-0.0841444012526987,0.0203422404415156,-0.0384072711883764,0.0906455939251752,-0.003343260021915,-0.0035517848559236,-0.0062432729662881,0.0365571903784858,-0.1700000000000003,-0.02,-0.1998830134994444,-0.0999999999999998,0.0,-0.0299642189438956,-0.0610812414986652,-0.0028158799739523,0,1,0,1,0,0.0352802943297048,0.0287576508083228,0.0020873340989436,0.0129886936650276,-0.0758205117298155,0.0019504919581185,0.0278203351427972,0.0372645324510614,-0.0862049012526987,0.0182817404415156,-0.0404677711883764,0.0885850939251752,-0.005403760021915,-0.0056122848559236,-0.0083037729662881,0.0344966903784858,0.75,0.75,0.0
2013-04-01,2887.43994140625,3856.75,1597.5699462890625,42.310001373291016,131.5,33.099998474121094,15.813570976257324,1.76,1.8,0.06,0.2089048,0.75,0.125,0.8,231.797,10.5,7.6,1.3025,13.520000457763672,102.96,169.5659065246582,22.69963836669922,40.96700057983399,16.928666432698567,83.18717956542969,21.55335076649984,58.16999944051107,24.22612428665161,30.471999645233154,0.0240980588949359,0.0330360225870552,0.0179241658366525,0.055144519877473,-0.0180863554966655,0.1457769078884325,0.0002709975709735,-0.0138990982258721,0.0628441545961611,0.0257141003561115,0.0052910107606641,0.0160356539193361,0.0442614328030312,0.0095868128461545,0.0495869136539069,0.0122830251847891,-0.2699999999999998,-0.1999999999999999,0.062568126027025,-0.3,0.0999999999999996,0.0055431660913117,-0.0623664586220664,-0.0020901621343405,0,1,0,1,0,0.0178741658366525,0.0240480588949359,0.0328619352537218,-0.0201754034966655,0.053055471877473,-0.0003290024290264,0.1451769078884325,-0.0159881462258721,0.0607551065961611,0.0236250523561115,0.0032019627606641,0.0139466059193361,0.0421723848030312,0.0074977648461545,0.0474978656539069,0.0101939771847891,0.75,0.75,0.0
2013-05-01,2981.760009765625,3948.590087890625,1630.739990234375,45.32500076293945,136.64999389648438,34.900001525878906,16.061786651611328,1.93,1.87,0.04,0.2012273,0.5,0.125,0.9,231.893,10.4,7.5,1.2983,16.299999237060547,102.9804347826087,174.63312530517578,24.710434675216675,44.83000030517578,18.24400011698405,82.68243789672852,21.19958559672038,57.41500155131022,27.53521426518758,31.55650019645691,0.0321434573627492,0.0235337155104292,0.0205502023835115,0.0688352762837445,0.0384160160909393,0.0529536366458836,0.0155744569566564,0.0294456662170103,0.0848766175327747,0.0901106862537866,0.0748278416993788,-0.0060860238828424,-0.0165496583049779,-0.0130641280570985,0.1280341373601268,0.0349713786462164,0.07,0.1699999999999999,0.1869949565335371,0.0999999999999999,-0.0999999999999996,-0.0032297782613142,0.0001984533313947,0.0004140697507883,0,1,0,1,0,0.0205168690501782,0.0321101240294159,0.0233660260937626,0.0364037430909393,0.0668230032837445,0.0151744569566564,0.0525536366458836,0.0274333932170103,0.0828643445327747,0.0880984132537866,0.0728155686993788,-0.0080982968828424,-0.0185619313049779,-0.0150764010570985,0.1260218643601268,0.0329591056462164,0.75,0.75,-0.25
2013-06-01,2909.60009765625,3738.909912109375,1606.280029296875,41.97499847412109,124.5,34.540000915527344,14.161786079406738,2.3,2.21,0.05,0.21025,0.5,0.125,1.0,232.445,10.4,7.5,1.3197,16.860000610351562,103.3585,160.97067260742188,22.45710980892181,42.26999969482422,17.889666080474854,79.58666229248047,20.32594108581543,54.660000483194985,24.69753726323445,30.98400044441223,-0.0244980852272572,-0.0545644738291986,-0.01511292877028,-0.0767846068620401,-0.0931171518039962,-0.0103687737050144,-0.1258957350121473,-0.0814651558432648,-0.0956183515850054,-0.0587999576157282,-0.0196130330647484,-0.038160700638259,-0.0420836779152918,-0.0491734309074693,-0.108762171520696,-0.018308639624399,0.3399999999999998,0.3699999999999999,0.0337789277682545,0.0999999999999999,0.0,0.016348721656576,0.0036645109258186,0.0023775795219549,0,1,0,1,0,-0.0151545954369467,-0.0245397518939239,-0.054739682162532,-0.0952196518039962,-0.0788871068620401,-0.1263957350121473,-0.0108687737050144,-0.0835676558432648,-0.0977208515850054,-0.0609024576157282,-0.0217155330647484,-0.040263200638259,-0.0441861779152918,-0.0512759309074693,-0.110864671520696,-0.020411139624399,0.5,0.75,0.0
2013-07-01,3090.18994140625,3992.68994140625,1685.72998046875,48.6349983215332,136.64999389648438,31.84000015258789,16.161785125732422,2.58,2.25,0.04,0.2214348,0.5,0.125,1.2,232.9,10.3,7.3,1.3088,13.449999809265137,107.77956521739128,169.48932647705078,25.584286093711853,45.63499984741211,19.16300058364868,81.01484680175781,21.86455567677816,57.323333740234375,27.92645740509033,34.01449966430664,0.0602169104771252,0.0656710729381057,0.048277728051788,0.1472692351983877,0.0931171518039963,-0.0813947334563092,0.1321022968308496,0.0515677635270482,0.130371079227958,0.0765973552661607,0.0687581347465211,0.0177859120539918,0.0729689072028843,0.0475755720864151,0.1228710008487534,0.0933159378668045,0.04,0.2800000000000002,-0.2259648969080516,0.1999999999999999,-0.0999999999999996,-0.0082937511743012,0.0418845509698622,0.0019555389871959,0,1,0,1,0,0.0482443947184547,0.0601835771437919,0.0654865439381057,0.0909028038039963,0.1450548871983877,0.1317022968308495,-0.0817947334563092,0.0493534155270482,0.128156731227958,0.0743830072661606,0.0665437867465211,0.0155715640539918,0.0707545592028843,0.0453612240864151,0.1206566528487534,0.0911015898668045,0.5,0.5,0.0
2013-08-01,3073.81005859375,3933.780029296875,1632.969970703125,47.415000915527344,132.5500030517578,33.400001525878906,17.400714874267578,2.74,2.36,0.04,0.2258636,0.5,0.125,1.0,233.456,10.1,7.2,1.3314,17.010000228881836,111.0581818181818,167.8354949951172,26.09421277046204,43.97399978637695,19.04899946848552,76.11602401733398,23.184139251708984,55.9549986521403,25.924858887990315,31.99799990653992,-0.0053147051810903,-0.0148643714035643,-0.0317982680379454,-0.0254047481654001,-0.0304629119502779,0.0478325798991354,0.073861777411224,-0.0098056509813204,0.0197352182560061,-0.0370764173113531,-0.0059667880893464,-0.06237362374938,0.0586015284814515,-0.0241599892446373,-0.0743722225552126,-0.0611134964968268,0.1099999999999998,0.1600000000000001,0.2348223279966754,-0.1999999999999999,-0.200000000000001,0.0171203333181205,0.0299661459974043,0.002384445631371,0,1,0,1,0,-0.0318316013712787,-0.0053480385144236,-0.0150525910702309,-0.0327215479502779,-0.0276633841654001,0.073461777411224,0.0474325798991354,-0.0120642869813204,0.0174765822560061,-0.0393350533113531,-0.0082254240893464,-0.06463225974938,0.0563428924814514,-0.0264186252446373,-0.0766308585552126,-0.0633721324968268,0.5,0.5,0.0
2013-09-01,3218.199951171875,4143.43994140625,1681.550048828125,50.0,145.60000610351562,33.279998779296875,17.02678680419922,2.81,2.49,0.02,0.2232381,0.5,0.125,1.0,233.544,10.3,7.2,1.3364,16.600000381469727,111.9628571428571,173.15310287475586,27.951027154922485,47.74899826049805,20.21833372116089,76.17832565307617,24.54588762919108,57.60166676839193,28.35566918055217,34.04449987411499,0.045904328320278,0.0519255434234584,0.0293155913664249,0.053084351783643,0.0939032219238542,-0.0035993663944251,-0.021723491787528,0.0311918876228088,0.0687403918449661,0.0823595425551149,0.059575223882674,0.0008181740078008,0.0570759382651281,0.0290037320527184,0.089624670262942,0.0619950907593004,0.1300000000000003,0.0699999999999998,-0.0243987015208912,0.0,0.200000000000001,0.0037484113159983,0.0081129591274127,0.0003768736661315,0,1,0,1,0,0.0292989246997583,0.0458876616536114,0.0517395116734584,0.0916708409238542,0.050851970783643,-0.021923491787528,-0.0037993663944251,0.0289595066228088,0.0665080108449661,0.0801271615551149,0.057342842882674,-0.0014142069921991,0.0548435572651281,0.0267713510527184,0.087392289262942,0.0597627097593004,0.5,0.5,0.0
2013-10-01,3377.72998046875,4299.89013671875,1756.5400390625,54.540000915527344,141.8000030517578,35.40999984741211,18.667856216430664,2.62,2.39,0.05,0.2258261,0.5,0.125,0.7,233.669,10.1,7.2,1.3646,13.75,109.6186956521739,168.5981159210205,30.83186936378479,50.43600006103516,21.032333691914875,77.75791931152344,25.25761381785075,56.699999491373696,29.689330736796062,35.769999980926514,0.0483816985862998,0.0370631262236872,0.0436299711128339,0.0869113887756428,-0.0264455420627436,0.0620376825414114,0.0920153275998232,-0.0266583201827423,0.0980949259748445,0.0547471191521874,0.0394711504795231,0.0205234199856716,0.0285833174121685,-0.015777302471204,0.045960765539669,0.04944106405269,-0.1,-0.1899999999999999,-0.1883638942300209,-0.3,-0.200000000000001,0.0208819138987217,-0.0211592429050835,0.0005350878634899,0,1,0,1,0,0.0435883044461672,0.0483400319196331,0.0368749378070205,-0.0287038030627436,0.0846531277756428,0.0915153275998232,0.0615376825414114,-0.0289165811827423,0.0958366649748445,0.0524888581521875,0.0372128894795231,0.0182651589856716,0.0263250564121685,-0.018035563471204,0.043702504539669,0.04718280305269,0.5,0.5,0.0
2013-11-01,3487.820068359375,4295.2099609375,1805.81005859375,55.25,138.75,38.130001068115234,19.859643936157227,2.72,2.27,0.07,0.223381,0.25,0.125,0.8,234.1,10.2,6.9,1.3491,13.699999809265137,108.1504761904762,167.65793418884277,31.43953561782837,51.05500030517578,20.74566650390625,76.48509979248047,24.385974248250324,55.28999964396159,30.247254371643063,37.33749866485596,0.032073038353275,-0.0010890335634558,0.0276632897732354,0.0129339461940732,-0.0217438829930472,0.0740071400672983,0.0618866038464699,-0.0055920729570603,0.0195173223970275,0.0121982819637633,-0.013723571535579,-0.0165044540620516,-0.0351195064767119,-0.0251821478528552,0.0186176689665239,0.042888595045731,-0.1200000000000001,0.1,-0.0036430052007538,0.1,0.0999999999999996,-0.0114236419365519,-0.0134843852895851,0.0018427904455773,0,1,0,1,0,0.027604956439902,0.0320147050199417,-0.0012751843967891,-0.0239776929930472,0.0107001361940732,0.0611866038464699,0.0733071400672983,-0.0078258829570603,0.0172835123970275,0.0099644719637633,-0.015957381535579,-0.0187382640620516,-0.0373533164767119,-0.0274159578528552,0.0163838589665239,0.040654785045731,0.5,0.5,-0.25
2013-12-01,3592.0,4295.9501953125,1848.3599853515625,56.650001525878906,132.60000610351562,37.40999984741211,20.03642845153809,2.9,2.33,0.07,0.2735,0.25,0.125,0.8,234.719,10.2,6.7,1.3708,13.720000267028809,111.0704545454545,166.65227127075195,32.01009202003479,52.84800033569336,21.331000328063965,76.16130447387695,24.351749738057453,54.64666557312012,27.76122760772705,37.755001068115234,0.029432231629961,0.0001723246600852,0.0232894744820535,0.0250236740113497,-0.0453366288452532,-0.0190633576006803,0.0088623095889686,-0.0060163640543032,0.0179850316787587,0.0345163860155939,0.0278240474086693,-0.0042424294997869,-0.0014044363593168,-0.0117038553648163,-0.0857650589425129,0.011119797762653,0.06,0.1799999999999997,0.0014588228486536,0.0,0.0,0.0159568075556824,0.0266411701488467,0.0026406794933659,0,1,0,1,0,0.0232311411487201,0.0293738982966276,-5.559200658138432e-05,-0.0480716288452532,0.0222886740113497,0.0081623095889686,-0.0197633576006803,-0.0087513640543032,0.0152500316787587,0.0317813860155939,0.0250890474086693,-0.0069774294997869,-0.0041394363593168,-0.0144388553648163,-0.0885000589425129,0.008384797762653,0.25,0.5,0.0
2014-01-01,3521.919921875,4165.72021484375,1782.5899658203125,57.45000076293945,132.14999389648438,37.84000015258789,17.878570556640625,2.86,2.38,0.04,0.2920455,0.25,0.125,0.8,235.288,10.2,6.6,1.3618,18.40999984741211,107.9269565217391,157.00104522705078,32.16177725791931,52.42999954223633,21.81599998474121,72.66754913330078,23.322412808736164,51.40000025431315,30.428056399027508,37.47799921035767,-0.0197028771732539,-0.0307835824689267,-0.0362314077760193,0.0140230031656127,-0.0033995289172639,0.0114287039348718,-0.1139492192994172,-0.0596569708249996,0.0047274770734515,-0.0079409371469958,0.0224822157544951,-0.0469586003237991,-0.0431888834309103,-0.0612500211367072,0.0917247338161105,-0.0073638724621002,0.0499999999999998,-0.04,0.2940393451961909,0.0,0.0,-0.0065871569515875,-0.0287100557854342,0.0024212417175748,0,1,0,1,0,-0.0362647411093526,-0.0197362105065872,-0.0310269537189267,-0.0063199839172639,0.0111025481656127,-0.1143492192994172,0.0110287039348718,-0.0625774258249996,0.0018070220734515,-0.0108613921469958,0.0195617607544951,-0.0498790553237991,-0.0461093384309103,-0.0641704761367072,0.0888042788161105,-0.0102843274621002,0.25,0.25,0.0
2014-02-01,3696.10009765625,4408.080078125,1859.449951171875,59.459999084472656,134.85000610351562,38.310001373291016,18.79428672790528,2.71,2.25,0.05,0.2881,0.25,0.125,1.1,235.547,10.2,6.7,1.3665,14.0,108.838,157.30384826660156,34.467082023620605,54.27599945068359,23.875666459401447,74.47854995727539,26.27959601084392,54.39666684468588,33.85093466440836,38.93450164794922,0.0482719628452106,0.0565500568288556,0.0422133750722756,0.0343887845977613,0.0202254999832284,0.0123442463432326,0.0499501061450011,0.0019268114464731,0.0692260185302334,0.0346031923094166,0.090216155663238,0.02461624580852,0.1193779996619213,0.0566647033385,0.1066015202668406,0.0381267162726866,-0.1299999999999999,-0.1499999999999999,-0.2738366573414126,0.3,0.0,0.0034453723192565,0.008405868340497,0.0011001732077007,0,1,0,1,0,0.0421717084056089,0.0482302961785439,0.0563099734955223,0.0173444999832284,0.0315077845977613,0.0494501061450011,0.0118442463432326,-0.0009541885535268,0.0663450185302334,0.0317221923094166,0.087335155663238,0.02173524580852,0.1164969996619213,0.0537837033385,0.1037205202668406,0.0352457162726866,0.25,0.25,0.0
2014-03-01,3595.739990234375,4391.5,1872.3399658203125,55.9900016784668,131.9499969482422,40.9900016784668,19.16928672790528,2.72,2.15,0.05,0.3053333,0.25,0.125,0.8,236.028,10.2,6.7,1.3828,13.880000114440918,107.8680952380952,157.7135467529297,32.64527726173401,53.73400039672852,23.392666816711422,73.44899368286133,27.10183334350586,54.64166704813639,33.75670782725016,38.15000104904175,-0.0275284273907776,-0.0037683838543527,0.0069082484269442,-0.0601306688338101,-0.0217400550260606,0.0676171809050875,0.0197564224421223,0.0026011180576111,-0.0543045264691579,-0.0100361745043719,-0.020437211159656,-0.0139199620758323,0.0308085556455745,0.0044938437155246,-0.0027874629168234,-0.0203550041283875,-0.1,0.0100000000000002,-0.0086083662915772,-0.3,0.0,0.0118577026793467,-0.0089513978568014,0.0020399731402491,0,1,0,1,0,0.0068665817602775,-0.0275700940574443,-0.0040228282710194,-0.0247933880260606,-0.0631840018338101,0.0192564224421223,0.0671171809050875,-0.0004522149423888,-0.0573578594691579,-0.0130895075043719,-0.023490544159656,-0.0169732950758323,0.0277552226455745,0.0014405107155246,-0.0058407959168234,-0.0234083371283875,0.25,0.25,0.0
2014-04-01,3582.02001953125,4487.39013671875,1883.949951171875,54.11000061035156,141.75,40.400001525878906,21.074642181396484,2.71,2.03,0.03,0.32975,0.25,0.125,0.8,236.468,10.1,6.2,1.381,13.40999984741211,108.0036363636364,166.76334381103516,32.15485954284668,53.13500061035156,22.222999890645344,76.51589965820312,27.5378204981486,55.90000089009603,33.42982546488444,36.537500858306885,-0.0038229161726997,0.0216004170714264,0.0061816433655846,-0.0341541104043029,0.0716419027866666,-0.0144983527280637,0.0947611767596181,0.0557953121214887,-0.0151366063905369,-0.0112100993470702,-0.0512948056688939,0.0409073560901698,0.0159589740187334,0.0227676716211885,-0.0097306685017705,-0.0431866312997969,-0.1200000000000001,-0.0100000000000002,-0.0344482774087584,0.0,-0.0999999999999996,-0.0013025546381773,0.0012557562988639,0.0018624501675628,0,1,0,1,0,0.0061566433655846,-0.0038479161726997,0.0213256254047597,0.0683444027866666,-0.0374516104043029,0.0944611767596182,-0.0147983527280637,0.0524978121214887,-0.0184341063905369,-0.0145075993470702,-0.0545923056688939,0.0376098560901698,0.0126614740187334,0.0194701716211885,-0.0130281685017705,-0.0464841312997969,0.25,0.25,0.0
2014-05-01,3736.820068359375,4519.56982421875,1923.5699462890625,51.369998931884766,145.9499969482422,40.93999862670898,22.60714340209961,2.56,1.84,0.03,0.3245714,0.25,0.125,0.8,236.918,10.1,6.3,1.3739,11.399999618530272,109.8322727272727,171.15321731567383,30.691526174545288,53.9370002746582,23.32800006866455,76.71007919311523,28.4942274093628,57.08333269755045,32.95659637451172,37.77249956130981,0.04230810810945,0.0071455462355513,0.0208121960133582,-0.0519646992478846,0.0291991337826503,0.0132777239527675,0.0701954106748747,0.0259834585725257,-0.046576995329965,0.0149808475930046,0.0485265750911425,0.0025345524344875,0.0341411690512447,0.0209477812523632,-0.0142570451329357,0.0332421590893624,-0.1899999999999997,-0.1499999999999999,-0.1623873639767303,0.0,0.0,-0.0051544634793896,0.0167895121324148,0.0019011974817404,0,1,0,1,0,0.0207871960133582,0.04228310810945,0.0068750700688846,0.0259534197826503,-0.0552104132478846,0.0698954106748747,0.0129777239527675,0.0227377445725257,-0.049822709329965,0.0117351335930046,0.0452808610911426,-0.0007111615655124,0.0308954550512447,0.0177020672523632,-0.0175027591329357,0.0299964450893624,0.25,0.25,0.0
2014-06-01,3849.47998046875,4422.83984375,1960.22998046875,49.54499816894531,140.8000030517578,41.70000076293945,23.232500076293945,2.6,1.71,0.04,0.2414286,0.15,0.125,0.6,237.231,10.2,6.1,1.3595,11.56999969482422,112.2409523809524,171.2501163482666,28.793378353118896,52.85599899291992,22.68266614278157,76.47323226928711,28.767147382100426,56.29333305358887,31.54579369227092,36.73249912261963,0.0297030685109183,-0.0216348293202833,0.0188789967135605,-0.0361730131331326,-0.0359236109921538,0.0183936004115146,0.0272862276588051,0.0005659935266557,-0.063841153707245,-0.0202454882301654,-0.0280533320227936,-0.0030923357160145,0.0095325004117443,-0.0139360674338738,-0.0437511762301103,-0.0279194151355547,-0.1300000000000001,0.04,0.0148021928909205,-0.2,0.0999999999999996,-0.010536425857377,0.0216935122534733,0.0013202602787965,0,1,0,1,0,0.0188456633802272,0.029669735177585,-0.0218360198202833,-0.0383378969921538,-0.0385872991331326,0.0268862276588051,0.0179936004115146,-0.0018482924733442,-0.066255439707245,-0.0226597742301654,-0.0304676180227936,-0.0055066217160145,0.0071182144117443,-0.0163503534338738,-0.0461654622301103,-0.0303337011355547,0.25,0.25,-0.1
2014-07-01,3892.5,4246.14013671875,1930.6700439453125,49.5,128.60000610351562,43.15999984741211,23.89999961853028,2.54,1.56,0.03,0.2050435,0.15,0.125,0.6,237.498,10.2,6.2,1.3533,16.950000762939453,107.4626086956522,165.42864418029785,28.49754524230957,48.92300033569336,23.4943331082662,74.79847717285156,26.698662439982098,54.53999900817871,29.9240821202596,33.04999923706055,0.0111135555572153,-0.0407716212167375,-0.0151946876379915,-0.0009086409788111,-0.0906336061335989,0.0344129897538674,0.0283262792430994,-0.0345852076932342,-0.0103274906958972,-0.0773235752623332,0.0351582209941532,-0.0221432485033466,-0.0746205518604824,-0.0316417506703152,-0.0527766798419208,-0.105640354669,-0.1499999999999999,-0.06,0.3818523640085227,0.0,0.0,-0.0045709309900654,-0.0435049600017185,0.0011248524027509,0,1,0,1,0,-0.0152196876379915,0.0110885555572153,-0.0409424908000708,-0.0926840411335989,-0.0029590759788111,0.0280262792430994,0.0341129897538674,-0.0366356426932342,-0.0123779256958972,-0.0793740102623332,0.0331077859941532,-0.0241936835033466,-0.0766709868604824,-0.0336921856703152,-0.0548271148419208,-0.107690789669,0.15,0.25,0.0
2014-08-01,4082.56005859375,4381.0400390625,2003.3699951171875,51.380001068115234,132.0500030517578,45.43000030517578,25.625,2.42,1.41,0.03,0.1915714,0.15,0.125,0.5,237.46,10.2,6.1,1.3315,12.09000015258789,102.4019047619048,167.4432144165039,29.913008451461792,50.65099945068359,23.521333535512287,81.01706314086914,27.469764709472656,56.42166582743327,29.29157543182373,34.11000061035156,0.0476726322575901,0.03127578089689,0.0369636444079892,0.0372763428956336,0.0264738025890052,0.0512585496342731,0.0696899944821836,0.0121043265216508,0.0484754993332122,0.0347113225793216,0.0011485716205598,0.0798622624262049,0.0284724664367479,0.0339188713831193,-0.0213636315457535,0.0315690711108856,-0.1500000000000001,-0.1200000000000001,-0.3378892015899342,-0.0999999999999999,0.0,-0.016239927828473,-0.0482376473523533,-0.0001600141489603,0,1,0,1,0,0.0369386444079892,0.0476476322575901,0.0311161380635567,0.0245580885890052,0.0353606288956336,0.0693899944821836,0.0509585496342731,0.0101886125216508,0.0465597853332122,0.0327956085793216,-0.0007671423794401,0.0779465484262049,0.0265567524367479,0.0320031573831193,-0.0232793455457535,0.0296533571108856,0.15,0.15,0.0
2014-09-01,4049.449951171875,4416.240234375,1972.2900390625,52.52000045776367,128.6999969482422,46.36000061035156,25.1875,2.53,1.35,0.02,0.0970909,0.05,0.125,0.4,237.477,10.4,5.9,1.2889,16.309999465942383,97.85272727272728,159.8839340209961,30.988146543502808,50.03600006103515,24.374000549316406,87.0738639831543,28.263039271036785,55.699999491373696,27.7559118270874,33.13749933242798,-0.0081431996142495,0.0080025603533729,-0.0156354361052898,0.0219450456803047,-0.0256965709638655,0.0202643451482224,-0.0172205977516705,-0.046196135750269,0.0353113107493689,-0.0122162154189747,0.0356091935766862,0.0720969812012992,0.0284689835121708,-0.012873092813646,-0.0538510904379798,-0.0289250628545514,-0.0599999999999998,0.1099999999999998,0.2993997066410379,-0.0999999999999999,0.200000000000001,-0.032516984843253,-0.0454417481944853,7.158844228705163e-05,0,1,0,1,0,-0.0156521027719565,-0.0081598662809162,0.0079216512700396,-0.0266674799638655,0.0209741366803047,-0.0174205977516705,0.0200643451482224,-0.047167044750269,0.0343404017493689,-0.0131871244189747,0.0346382845766862,0.0711260722012992,0.0274980745121708,-0.013844001813646,-0.0548219994379798,-0.0298959718545514,0.15,0.15,-0.0999999999999999
2014-10-01,4158.2099609375,4233.08984375,2018.050048828125,50.13999938964844,135.35000610351562,46.95000076293945,27.0,2.3,1.26,0.02,0.0826087,0.05,0.125,0.5,237.43,10.4,5.7,1.2677,14.029999732971191,87.58478260869565,162.65947914123535,29.580785751342773,49.20899963378906,22.630999724070232,79.73461151123047,26.544074376424152,56.14000129699707,27.68791500727336,33.99250030517578,0.0265036264475658,-0.0423565224774072,0.0229363988295643,-0.0463749775933827,0.0503799702647259,0.0126461902672843,0.0694890262974272,0.0172107909754772,-0.0464797412671392,-0.0166662214158117,-0.0741963773322407,-0.0880530058098561,-0.0627483827701692,0.0078684562349341,-0.0024528196478242,0.0254743695558144,-0.09,-0.2299999999999999,-0.1505805088070717,0.0999999999999999,0.0,-0.0165849064660527,-0.1108562970887732,-0.0001979334907824,0,1,0,1,0,0.0229197321628977,0.0264869597808991,-0.0424253630607405,0.0495538832647259,-0.0472010645933827,0.0692890262974272,0.0124461902672843,0.0163847039754772,-0.0473058282671392,-0.0174923084158117,-0.0750224643322407,-0.0888790928098561,-0.0635744697701692,0.0070423692349341,-0.0032789066478242,0.0246482825558144,0.05,0.15,0.0
2014-11-01,4337.7900390625,4390.18017578125,2067.56005859375,51.560001373291016,144.5,47.810001373291016,29.732500076293945,2.33,1.14,0.02,0.0809,0.05,0.125,0.4,236.983,10.5,5.8,1.2473,13.329999923706056,79.2295,176.3326644897461,30.437823057174683,50.55399856567383,25.157000064849854,82.89959335327148,26.31485843658448,59.16833241780599,29.84791358311971,36.61250066757202,0.0422803270158923,0.0364380826462108,0.0242374735633067,0.0279271241486002,0.065415446397862,0.0181516294576265,0.096403860180946,0.0807134195175091,0.0285609940428634,0.0269655173819111,0.1058155548107683,0.0389263929219595,-0.008672796229197,0.0525378793547993,0.0751189040137806,0.0742498093618546,-0.1200000000000001,0.0300000000000002,-0.051180746614527,-0.0999999999999999,0.0999999999999996,-0.0162230198130175,-0.1002585641232682,-0.0018844345845421,0,1,0,0,0,0.02422080689664,0.0422636603492256,0.0363706659795442,0.064606446397862,0.0271181241486002,0.096203860180946,0.0179516294576265,0.0799044195175091,0.0277519940428634,0.0261565173819111,0.1050065548107683,0.0381173929219595,-0.009481796229197,0.0517288793547993,0.0743099040137806,0.0734408093618546,0.05,0.05,0.0
2014-12-01,4236.27978515625,4272.75,2058.89990234375,49.2599983215332,132.25,46.45000076293945,27.59499931335449,2.21,0.92,0.03,0.0809048,0.05,0.125,0.1,236.252,10.5,5.6,1.2329,19.200000762939453,62.90391304347826,178.64907836914062,28.454118967056274,48.74299926757813,25.26266638437907,82.97003555297852,25.39211622873942,57.33666737874349,28.627914269765217,36.89499950408936,-0.0236795358989339,-0.0271126205175808,-0.004197384221126,-0.0456338460870347,-0.088585436814078,-0.0288583696771312,-0.0746061541767791,0.0130510754740248,-0.0673930853233208,-0.0364804611743428,0.0041914785110844,0.0008493683190399,-0.0356949980702019,-0.0314461349820279,-0.0417326754397995,0.0076862966818988,-0.2199999999999998,-0.1200000000000001,0.3648931903030243,-0.3,0.0,-0.0116120972571563,-0.2307403318968139,-0.0030893766581243,0,1,0,0,0,-0.004222384221126,-0.0237045358989339,-0.0271800411842474,-0.089394484814078,-0.0464428940870347,-0.0749061541767791,-0.0291583696771312,0.0122420274740248,-0.0682021333233208,-0.0372895091743428,0.0033824305110844,4.0320319039940456e-05,-0.0365040460702019,-0.0322551829820279,-0.0425417234397995,0.0068772486818988,0.05,0.05,0.0
2015-01-01,4148.43017578125,4604.25,1994.989990234375,46.775001525878906,143.5,40.400001525878906,29.290000915527344,1.88,0.67,0.03,0.0626667,0.05,0.125,-0.4,234.747,10.4,5.7,1.1615,20.96999931335449,48.93318181818182,192.4355697631836,28.4096748828888,53.405999755859376,27.651333332061768,89.24924850463867,26.96586831410725,64.67166582743327,32.14291493097941,41.02500009536743,-0.0209554831498414,0.0747221419471006,-0.0315327792664254,-0.0517634538369366,0.0816409644612669,-0.1395466589484252,0.0596116200884806,0.0743379695803304,-0.0015631772067396,0.0913615122693651,0.0903462796521924,0.0729534753280839,0.0601331886453061,0.120382835607597,0.1158097857571685,0.1061056122315761,-0.25,-0.33,0.0881824933994805,-0.5,-0.0999999999999996,-0.0596568446640433,-0.2511526411707132,-0.0063906934924871,0,1,0,0,0,-0.0315577792664254,-0.0209804831498414,0.0746699196971006,0.0810142974612669,-0.0523901208369366,0.0593116200884806,-0.1398466589484252,0.0737113025803304,-0.0021898442067396,0.0907348452693651,0.0897196126521924,0.0723268083280839,0.0595065216453061,0.119756168607597,0.1151831187571685,0.1054789452315761,0.05,0.05,0.0
2015-02-01,4440.669921875,4951.47998046875,2104.5,52.09000015258789,163.89999389648438,43.84999847412109,32.1150016784668,1.98,0.6,0.02,0.0482,0.05,0.125,-0.3,235.342,10.3,5.5,1.135,13.34000015258789,58.254,195.91470336914065,32.04985952377319,58.928001403808594,30.91866540908813,94.71603775024414,28.29552777608236,65.94833310445149,37.96041472752889,44.58500099182129,0.0680752565835325,0.0727067278529102,0.0534388763256272,0.1076240899045837,0.1329214133108418,0.0819448612841131,0.0920770708770404,0.0179179824435507,0.1205630482789737,0.0983932888917053,0.1116861115002179,0.0594503385684635,0.0481318332523789,0.0195484296858992,0.1663518480646042,0.0832158625316977,-0.07,0.1,-0.4523257602437951,0.1,-0.0999999999999996,-0.0230796222949607,0.1743570284672326,0.0025314368884981,0,1,0,0,0,0.0534222096589605,0.0680585899168658,0.0726665611862435,0.1324394133108418,0.1071420899045837,0.0918770708770404,0.0817448612841131,0.0174359824435507,0.1200810482789737,0.0979112888917053,0.1112041115002179,0.0589683385684635,0.0476498332523789,0.0190664296858992,0.1658698480646042,0.0827338625316977,0.05,0.05,0.0
2015-03-01,4333.68994140625,5033.64013671875,2067.889892578125,56.56999969482422,164.14999389648438,40.65999984741211,31.107500076293945,2.04,0.51,0.03,0.0271818,0.05,0.125,0.0,235.976,10.4,5.4,1.0819,15.289999961853027,56.52454545454545,208.21823120117188,34.54087829589844,60.54399948120117,32.56466770172119,97.96933364868164,27.221293767293293,67.95333353678386,38.15291388829549,43.39750099182129,-0.0243858887894518,0.0164568897636248,-0.0175491974339631,0.082505809273994,0.0015241582545329,-0.0755298795730726,-0.0318743128537778,0.0609073405378686,0.0748507004417217,0.0270539813353111,0.0518678277118702,0.0337711686713843,-0.0387042369283042,0.0299495943632226,0.0050582355207264,-0.0269956432175612,-0.0899999999999999,0.06,0.1364319655202237,0.3,0.0999999999999996,-0.0479138962219752,-0.0301377829784712,0.0026903295965814,0,1,0,0,1,-0.0175741974339631,-0.0244108887894518,0.0164342382636248,0.0012523402545329,0.0822339912739941,-0.0321743128537778,-0.0758298795730726,0.0606355225378686,0.0745788824417217,0.0267821633353111,0.0515960097118702,0.0334993506713843,-0.0389760549283042,0.0296777763632226,0.0047864175207264,-0.0272674612175612,0.05,0.05,0.0
2015-04-01,4414.25,5046.490234375,2085.510009765625,56.43999862670898,156.60000610351562,48.63999938964844,31.287500381469727,1.94,0.44,0.02,0.0047,0.05,0.125,0.1,236.222,10.4,5.4,1.0822,14.550000190734863,59.82636363636364,204.3761825561524,34.287498474121094,60.62999954223633,33.46000003814697,98.56039428710938,28.310707728068035,68.76666768391927,41.85124762852987,44.80000019073486,0.0184185846226498,0.0025495909564845,0.0084847225446355,-0.0023007013076687,-0.0470857842331532,0.1792014206621412,0.0057697188300537,-0.0186243903126977,-0.0073626890039605,0.0014194476730631,0.0271228089065693,0.0060149925071308,0.0392405719173514,0.0118979481357803,0.0925194738179065,0.0318062850635057,-0.07,-0.1,-0.0496080107196474,0.1,0.0,0.0002772515151071,0.0567714506515839,0.0010419358923821,0,1,0,0,1,0.0084680558779688,0.0184019179559832,0.0025456742898178,-0.0471327842331532,-0.0023477013076687,0.0055697188300537,0.1790014206621412,-0.0186713903126977,-0.0074096890039605,0.0013724476730631,0.0270758089065693,0.0059679925071308,0.0391935719173514,0.0118509481357803,0.0924724738179065,0.0317592850635057,0.05,0.05,0.0
2015-05-01,4508.25,5007.89013671875,2107.389892578125,54.93000030517578,162.14999389648438,46.86000061035156,32.56999969482422,2.2,0.89,0.02,-0.0103684,0.05,0.125,0.3,237.001,10.5,5.6,1.1167,13.84000015258789,65.19380952380952,209.60364151000977,33.36536931991577,61.18200073242188,33.67599900563558,98.71521377563477,27.52909978230794,68.66166750590007,41.81958119074503,43.5849986076355,0.0210711074044735,-0.0076783025655924,0.0104367296753368,-0.0271184497424874,0.0348269725802593,-0.0372817790049144,0.0401729409680063,0.0252559980701751,-0.0272622963850835,0.0090632280478214,0.0064346912492712,0.0015695759027661,-0.0279964789333525,-0.0015280720428648,-0.0007569290215864,-0.0274951211608314,0.45,0.2600000000000002,-0.0500280455117665,0.1999999999999999,0.0999999999999996,0.0313819012431115,0.0859180911819379,0.0032923197040535,0,1,0,0,1,0.0104200630086701,0.0210544407378069,-0.0076696622322591,0.0349306565802593,-0.0270147657424874,0.0399729409680063,-0.0374817790049144,0.0253596820701751,-0.0271586123850835,0.0091669120478214,0.0065383752492712,0.0016732599027661,-0.0278927949333525,-0.0014243880428648,-0.0006532450215864,-0.0273914371608314,0.05,0.05,0.0
2015-06-01,4396.759765625,4790.2001953125,2063.110107421875,54.150001525878906,157.14999389648438,44.150001525878906,31.357500076293945,2.36,1.2,0.02,-0.0139091,0.05,0.125,0.3,237.657,10.4,5.3,1.1226,18.229999542236328,62.62,200.15011596679688,32.873979806900024,57.39200057983398,33.25633414586385,96.23221588134766,25.948230743408203,63.43666648864746,41.15124750137329,40.06500005722046,-0.0250411988725611,-0.0444424910230476,-0.0212355588717586,-0.0143016512845088,-0.0313210707073695,-0.0595714844934387,-0.0379381345685698,-0.0461506610745767,-0.0148370578494755,-0.0639481096883702,-0.012540138361619,-0.0254748901260687,-0.0591401912604698,-0.0791490441044713,-0.0161104367675263,-0.084209885859358,0.3099999999999999,0.1599999999999997,0.2755056023654521,0.0,-0.0999999999999996,0.0052695160563525,-0.0402798025728534,0.0027640971717151,0,1,0,0,1,-0.0212522255384253,-0.0250578655392277,-0.0444309001063809,-0.0311819797073695,-0.0141625602845088,-0.0381381345685698,-0.0597714844934387,-0.0460115700745767,-0.0146979668494755,-0.0638090186883702,-0.012401047361619,-0.0253357991260687,-0.0590011002604698,-0.0790099531044713,-0.0159713457675263,-0.084070794859358,0.05,0.05,0.0
2015-07-01,4588.91015625,5082.60986328125,2103.840087890625,59.310001373291016,170.6999969482422,46.70000076293945,30.325000762939453,2.32,1.11,0.03,-0.0187391,0.05,0.125,0.2,238.034,10.3,5.2,1.0997,12.119999885559082,56.8295652173913,214.67759704589844,35.48092436790466,63.41600036621094,35.972334225972496,105.7677764892578,27.385594685872395,67.33166694641113,37.53874762852987,41.93750143051148,0.0427747044212436,0.0592526773011602,0.0195496829900196,0.091019947379353,0.0827068875177058,0.0561512194006726,-0.033480995360854,0.0700696892177973,0.0763137527857127,0.099811270416623,0.0785048997040419,0.0944817169566188,0.0539137059092395,0.0595886300516482,-0.0918805729999188,0.0456773121842323,-0.0899999999999998,-0.04,-0.4082115923812637,-0.0999999999999999,-0.0999999999999996,-0.0206100081912102,-0.097028011201087,0.0015850629039944,0,1,0,0,1,0.0195246829900196,0.0427497044212436,0.0592682932178269,0.0828942785177058,0.091207338379353,-0.033780995360854,0.0558512194006726,0.0702570802177973,0.0765011437857127,0.099998661416623,0.0786922907040419,0.0946691079566188,0.0541010969092395,0.0597760210516482,-0.0916931819999188,0.0458647031842323,0.05,0.05,0.0
2015-08-01,4274.580078125,4652.9501953125,1972.1800537109373,56.27000045776367,148.64999389648438,43.52000045776367,28.190000534057617,2.17,1.01,0.07,-0.0276667,0.05,0.125,0.1,238.033,10.3,5.1,1.1136,28.43000030517578,47.53380952380952,189.9931411743164,33.45935106277466,60.57200088500976,32.990334351857506,95.90383911132812,25.213183403015137,59.29666519165039,34.06624714533488,38.80500030517578,-0.0709566869290053,-0.0883234132537121,-0.064624730993124,-0.0526164074247789,-0.1383131035380281,-0.0705235679457309,-0.0730051559179229,-0.1221493816292934,-0.0586639093597587,-0.0458834466043138,-0.0865355291556517,-0.0978998894569219,-0.0826501251170971,-0.1270775919123523,-0.0970665953049189,-0.077631336672013,-0.1,-0.1499999999999999,0.8525879651983468,-0.1,0.0,0.0125605952632664,-0.1786154674028082,-4.2010893430699525e-06,0,1,0,0,1,-0.0646830643264573,-0.0710150202623386,-0.0883003576703787,-0.1380364365380281,-0.0523397404247789,-0.0737051559179229,-0.0712235679457309,-0.1218727146292934,-0.0583872423597587,-0.0456067796043138,-0.0862588621556517,-0.0976232224569219,-0.0823734581170971,-0.1268009249123523,-0.0967899283049189,-0.077354669672013,0.05,0.05,0.0
2015-09-01,4181.06005859375,4455.2900390625,1920.030029296875,52.459999084472656,152.1999969482422,44.2599983215332,27.575000762939453,2.17,1.0,0.02,-0.0370455,0.05,0.125,0.1,237.498,10.3,5.0,1.1229,24.5,48.03045454545455,191.9872093200684,30.955044507980347,57.81999969482422,32.967000802357994,95.49592590332033,24.77934042612712,57.679999669392906,30.297081470489506,37.25,-0.0221210533055533,-0.043409306055151,-0.0267987309634627,-0.0701105845935011,0.0236009169921491,0.016860683633866,-0.0220577312635914,0.0104407792576985,-0.077795326153998,-0.0464980233951127,-0.0007075346636841,-0.0042624276531042,-0.017356749974346,-0.0276425809489232,-0.1172556875392794,-0.0408971673448753,-0.01,0.0,-0.1487718188465137,0.0,0.0,0.0083166139983378,0.0103940421196933,-0.0022501171352722,0,1,0,0,1,-0.0268153976301294,-0.02213771997222,-0.043378434805151,0.0239713719921491,-0.0697401295935011,-0.0222577312635914,0.016660683633866,0.0108112342576985,-0.077424871153998,-0.0461275683951127,-0.0003370796636841,-0.0038919726531042,-0.016986294974346,-0.0272721259489232,-0.1168852325392794,-0.0405267123448753,0.05,0.05,0.0
2015-10-01,4648.830078125,4897.66015625,2079.360107421875,55.2599983215332,169.60000610351562,52.63999938964844,29.875,2.07,0.87,0.02,-0.0535909,0.05,0.125,0.2,237.733,10.3,5.0,1.1228,15.06999969482422,48.90636363636364,210.6644515991211,33.247082233428955,62.97200088500976,33.89833291371664,104.19221496582033,26.838776270548504,66.75999895731609,38.30541594823202,37.54750061035156,0.1060507749221375,0.0946654089651033,0.0797193795433987,0.0519983321344633,0.1082473339688979,0.1733949787222173,0.0801124174443137,0.0928378391782834,0.0714310360746877,0.0853554658962342,0.0278587511195535,0.0871538282295296,0.079837458906764,0.1461935959302934,0.2345399079891865,0.0079548695274815,-0.13,-0.1,-0.4859671251628268,0.1,0.0,-8.905909076553642e-05,0.0180722443128091,0.0009889928020463,0,1,0,0,1,0.079702712876732,0.1060341082554708,0.0947100680484367,0.1087832429688979,0.0525342411344633,0.0799124174443137,0.1731949787222172,0.0933737481782834,0.0719669450746877,0.0858913748962342,0.0283946601195535,0.0876897372295296,0.080373367906764,0.1467295049302934,0.2350758169891866,0.0084907785274815,0.05,0.05,0.0
2015-11-01,4664.509765625,4957.60009765625,2080.409912109375,56.11000061035156,158.75,54.34999847412109,29.575000762939453,2.26,0.88,0.12,-0.087619,0.05,0.125,0.1,238.017,10.3,5.1,1.0727,16.1299991607666,45.0952380952381,202.902645111084,34.47425842285156,66.07000045776367,36.42133315404256,102.41012573242188,28.4556827545166,67.73666636149089,41.923749128977455,38.040000915527344,0.0033671491811415,0.0121642004286935,0.0005047417068051,0.0152647715193705,-0.0661121215727111,0.0319683100699319,-0.0100925745904552,-0.0375403075897449,0.0362459019975038,0.0480245957638564,0.0717888420372712,-0.0172518222856253,0.0585001683842503,0.0145235507431748,0.0902611765829693,0.0130314473916297,0.01,0.1899999999999999,0.0679748477199124,-0.1,0.0,-0.0456467308843439,-0.0811308682642115,0.0011939045033511,0,1,0,0,1,0.0004047417068051,0.0032671491811415,0.0122372162620268,-0.0652359315727111,0.0161409615193705,-0.0112925745904552,0.0307683100699319,-0.0366641175897449,0.0371220919975038,0.0489007857638564,0.0726650320372712,-0.0163756322856253,0.0593763583842503,0.0153997407431748,0.0911373665829693,0.0139076373916297,0.05,0.05,0.0
2015-12-01,4593.27001953125,4637.06005859375,2043.93994140625,52.22999954223633,144.89999389648438,55.47999954223633,26.315000534057617,2.24,0.93,0.23,-0.1263182,0.05,0.375,0.3,237.761,10.2,5.0,1.0889,18.209999084472656,38.52521739130435,189.6889190673828,32.62675762176514,61.23399963378906,35.51166613896688,95.37702941894533,26.22386932373047,64.70999844868977,40.38041416803996,38.43250036239624,-0.0153905480468496,-0.0668412150019974,-0.0176856583902572,-0.0716570269568232,-0.0912868305684262,0.0205780017034942,-0.1167902965606791,-0.067340820966649,-0.0550801752150251,-0.076012208140795,-0.0252934124986172,-0.0711478241327844,-0.081677847041778,-0.0457119088225104,-0.0375076017484933,0.0102652034893589,0.05,-0.0199999999999995,0.1212900033556723,0.1999999999999999,-0.1000000000000014,0.0149891777486317,-0.1574636314092079,-0.0010761322495165,0,1,0,0,1,-0.0178773250569238,-0.0155822147135162,-0.0667359498353307,-0.0900236485684262,-0.0703938449568232,-0.1190902965606791,0.0182780017034942,-0.066077638966649,-0.0538169932150251,-0.074749026140795,-0.0240302304986172,-0.0698846421327844,-0.080414665041778,-0.0444487268225104,-0.0362444197484933,0.0115283854893589,0.05,0.05,0.0
2016-01-01,4279.169921875,4417.02001953125,1940.239990234375,43.72499847412109,148.1999969482422,55.09000015258789,24.334999084472656,2.09,0.84,0.26,-0.14615,0.05,0.375,0.3,237.652,10.3,4.8,1.0855,20.200000762939453,32.0452380952381,190.85256958007807,27.63260054588318,59.8359992980957,34.77800051371256,94.01510620117188,25.671593983968098,65.87666575113933,35.16041485468546,35.80000019073486,-0.0708331456787115,-0.0486152923759463,-0.0520676173054967,-0.1777370476763337,0.0225188850654536,-0.0070543729412453,-0.078223533436958,0.0061157806672202,-0.1661364827773447,-0.0230951100477178,-0.0208762483982504,-0.0143822940633521,-0.0212849507474426,0.017868567990731,-0.138423997793998,-0.0709555664995948,-0.09,-0.1500000000000003,0.1037117987129989,0.0,0.1000000000000014,-0.0031273020336688,-0.1841644290971453,-0.0004585486804522,0,1,0,0,1,-0.0522842839721634,-0.0710498123453782,-0.0484935007092796,0.0239803850654536,-0.1762755476763337,-0.080823533436958,-0.0096543729412453,0.0075772806672202,-0.1646749827773447,-0.0216336100477178,-0.0194147483982504,-0.0129207940633521,-0.0198234507474426,0.019330067990731,-0.136962497793998,-0.0694940664995948,0.05,0.05,0.0
2016-02-01,4201.1201171875,4353.5498046875,1932.22998046875,43.0,153.8000030517578,50.880001068115234,24.17250061035156,1.78,0.59,0.31,-0.1835714,0.05,0.375,-0.1,237.336,10.4,4.9,1.1092,20.549999237060547,33.76238095238095,193.4154167175293,26.237739324569706,61.81800079345703,31.991332213083904,90.0446662902832,25.26718012491862,62.245001475016274,37.17541488011678,36.58749961853027,-0.0184078629959854,-0.014473705616282,-0.0041369055149924,-0.0167198703139292,0.0370903846440936,-0.0794982742297207,-0.0066999570381853,0.0133390510237812,-0.051797448303282,0.0325871222446117,-0.0835200199639267,-0.0431496342939193,-0.015878762821957,-0.0567060585559437,0.0557267806755286,0.0217587428573291,-0.25,-0.3099999999999998,0.0171782616397968,-0.4,0.0999999999999996,0.0215983244232764,0.0521985981252921,-0.0013305601262363,0,1,0,0,1,-0.0043952388483257,-0.0186661963293187,-0.0143207294496154,0.0389260986440936,-0.0148841563139292,-0.0097999570381853,-0.0825982742297207,0.0151747650237812,-0.049961734303282,0.0344228362446117,-0.0816843059639267,-0.0413139202939193,-0.014043048821957,-0.0548703445559437,0.0575624946755286,0.0235944568573291,0.05,0.05,0.0
2016-03-01,4483.66015625,4385.06005859375,2059.739990234375,44.22999954223633,150.5,55.22999954223633,27.247499465942383,1.89,0.51,0.29,-0.2285238,0.0,0.375,-0.1,238.08,10.2,5.0,1.1134,13.949999809265137,39.79217391304348,190.8539161682129,26.641369104385376,63.56800003051758,33.80133390426636,88.34779739379883,24.70383675893148,61.563332875569664,38.77958154678345,38.55249977111816,0.0650885277265914,0.0072117627331027,0.0639049902868289,0.0282031658370533,-0.0216899927249914,0.0820363356000831,0.1197461055556894,-0.0133319954028521,0.015266430583709,0.0279156025259629,0.0550352685663868,-0.0190245713380677,-0.022547759399943,-0.011011786746637,0.0422462068421071,0.052314301221014,-0.0799999999999999,0.1099999999999998,-0.3873814092216108,0.0,-0.200000000000001,0.0037793620077844,0.1643230645228661,0.0031298930089276,0,1,0,0,1,0.0636633236201623,0.0648468610599248,0.0074021992331027,-0.0194047547249914,0.0304884038370533,0.1168461055556894,0.0791363356000831,-0.0110467574028521,0.017551668583709,0.0302008405259629,0.0573205065663868,-0.0167393333380677,-0.020262521399943,-0.008726548746637,0.0445314448421071,0.054599539221014,0.05,0.05,-0.05
2016-04-01,4341.2998046875,4428.9599609375,2065.300048828125,46.2400016784668,145.10000610351562,49.869998931884766,23.434999465942383,1.81,0.51,0.23,-0.2491905,0.0,0.375,-0.1,238.992,10.1,5.1,1.1346,15.699999809265137,43.33047619047619,188.41032791137687,27.951564073562626,62.47199935913086,33.517999490102135,91.17111587524414,26.338765462239586,60.06499926249186,37.86791467666626,39.55499839782715,-0.0322659145871772,0.0099614625934987,0.0026957614511553,0.0444419791325279,-0.0365398822345877,-0.102086677484741,-0.1507311455953066,-0.0128861188918277,0.0480079205746667,-0.017391753450449,-0.0084176735835066,0.0314568670279737,0.0640832599611154,-0.0246391508892181,-0.0237896842311007,0.025671125155633,0.0,-0.0799999999999998,0.1181812056109206,0.0,-0.0999999999999996,0.0188617691430595,0.0851859679433322,0.0038233269232099,0,1,0,0,1,0.0025040947844887,-0.0324575812538438,0.0101691213434987,-0.0340479772345877,0.0469338841325279,-0.1530311455953066,-0.104386677484741,-0.0103942138918277,0.0504998255746667,-0.014899848450449,-0.0059257685835066,0.0339487720279737,0.0665751649611154,-0.0221472458892181,-0.0212977792311007,0.028163030155633,0.0,0.05,0.0
2016-05-01,4523.89013671875,4505.6201171875,2096.949951171875,49.76499938964844,144.0500030517578,53.0,24.96500015258789,1.81,0.51,0.27,-0.2571818,0.0,0.375,0.1,239.557,10.0,4.8,1.1312,14.1899995803833,47.735,193.2022018432617,29.50643420219421,64.51599960327148,35.1296656926473,94.06068801879884,25.658992449442547,61.78000195821127,37.90374676386515,40.33749866485596,0.0411984759735579,0.0171607477648901,0.0152083668105238,0.0734666527702078,-0.0072627192383988,0.0608723154120823,0.063244241478865,0.0251151387154656,0.0541351903789699,0.0321948028037599,0.0469633571900121,0.0312020561479,-0.026147732900358,0.0281524222921217,0.0009457913206261,0.0195894563103339,0.0,0.0,-0.1011232386048908,0.2,-0.0999999999999996,-0.0030011497501585,0.0968086559022038,0.0023613057911546,0,1,0,0,1,0.0149833668105238,0.0409734759735579,0.0173750659315567,-0.0046909012383988,0.0760384707702078,0.060544241478865,0.0581723154120823,0.0276869567154656,0.05670700837897,0.0347666208037599,0.0495351751900121,0.0337738741479,-0.023575914900358,0.0307242402921217,0.0035176093206261,0.0221612743103339,0.0,0.0,0.0
2016-06-01,4417.7001953125,4237.47998046875,2098.860107421875,39.755001068115234,136.0,51.16999816894531,23.89999961853028,1.64,0.39,0.27,-0.2679091,0.0,0.375,0.3,240.222,9.9,4.9,1.1232,15.630000114440918,49.87727272727273,195.0344123840332,23.2624990940094,60.88199996948242,32.36733229955038,95.40625,25.55413881937663,61.90666580200195,32.09291569391886,37.59249925613403,-0.0237530305393492,-0.0613567841390654,0.0009105066031534,-0.2245762672124611,-0.0575055969798918,-0.0351385265188759,-0.0435964070882565,0.0094386983406278,-0.2377657650905491,-0.0579756848818887,-0.081896298139724,0.0142038987650223,-0.0040948004536431,0.0020481413294206,-0.1664146555212416,-0.0704769816520325,-0.12,-0.1700000000000001,0.0966546901546068,0.1999999999999999,-0.0999999999999996,-0.0070972618707616,0.0439005611884413,0.0027721114340346,0,1,0,0,1,0.0006855066031534,-0.0239780305393492,-0.061133526555732,-0.0548265059798918,-0.2218971762124611,-0.0462964070882565,-0.0378385265188759,0.0121177893406278,-0.2350866740905491,-0.0552965938818887,-0.079217207139724,0.0168829897650223,-0.0014157094536431,0.0047272323294206,-0.1637355645212417,-0.0677978906520325,0.0,0.0,0.0
2016-07-01,4730.22998046875,4439.81005859375,2173.60009765625,44.35499954223633,153.39999389648438,56.68000030517578,26.052499771118164,1.5,0.17,0.3,-0.2945238,0.0,0.375,0.4,240.101,9.8,4.8,1.1055,11.869999885559082,46.59857142857143,216.59062957763672,25.191665649414062,64.26599960327148,35.75033235549927,93.91404724121094,25.54448064168294,64.49499829610188,35.88208182652792,40.1449990272522,0.0683545801107069,0.0466428476108057,0.034990432691054,0.1094897854312073,0.1203939634088655,0.1022680331734217,0.086235281122649,0.1048330554583121,0.0796706285949213,0.0540931498135788,0.0994099139538132,-0.0157641170266109,-0.0003780210859144,0.0409598144816457,0.1116027465426817,0.0656933327790672,-0.22,-0.1399999999999999,-0.2751779527748739,0.1,-0.0999999999999996,-0.0158840329740457,-0.067995558015983,-0.0005038276433131,0,1,0,0,1,0.034740432691054,0.0681045801107069,0.0468882841108058,0.1233392014088655,0.1124350234312073,0.083235281122649,0.0992680331734217,0.1077782934583121,0.0826158665949213,0.0570383878135788,0.1023551519538132,-0.0128188790266109,0.0025672169140855,0.0439050524816457,0.1145479845426817,0.0686385707790672,0.0,0.0,0.0
2016-08-01,4771.0498046875,4438.22021484375,2170.949951171875,45.60499954223633,151.6999969482422,57.459999084472656,26.52499961853028,1.56,0.15,0.3,-0.2982174,0.0,0.375,0.4,240.545,9.9,4.9,1.1207,13.420000076293944,47.05217391304348,214.4022560119629,26.31138777732849,64.3359992980957,36.38233216603597,90.0507926940918,25.140642484029133,64.52666727701823,34.55708106358846,40.12000131607056,0.0085925425398505,-0.0003581523644386,-0.0012199867803522,0.0277919179424477,-0.01114398290749,0.0136676174111768,0.0179739460194927,-0.0101551206315255,0.0434886291870828,0.0010886254076188,0.0175237109995831,-0.0420060985036452,-0.0159355123799599,0.0004909095137111,-0.0376255770251573,-0.0006228795087007,-0.02,0.06,0.1227319382482412,0.0,0.0999999999999996,0.0136557687604814,0.0096871846570305,0.0018475140801852,0,1,0,0,1,-0.0014699867803522,0.0083425425398505,-0.0001096378644386,-0.00816180890749,0.0307740919424477,0.0149739460194927,0.0106676174111768,-0.0071729466315255,0.0464708031870828,0.0040707994076188,0.0205058849995831,-0.0390239245036452,-0.0129533383799599,0.0034730835137111,-0.0346434030251573,0.0023592944912992,0.0,0.0,0.0
2016-09-01,4875.7001953125,4448.259765625,2168.27001953125,45.77000045776367,151.8000030517578,57.59999847412109,28.262500762939453,1.63,0.18,0.29,-0.3016364,0.0,0.375,0.5,241.176,9.9,5.0,1.1218,13.289999961853027,47.37681818181818,212.2579231262207,25.98572158813477,66.00200042724609,36.630666732788086,89.80448532104492,25.241836865743,64.82166735331218,34.763748009999595,40.625,0.0216973584184485,0.0022595122196051,-0.0012352137017536,0.0036115150723965,0.0006590188279082,0.0024335035930471,0.0634481944803192,-0.0100517978738168,-0.012454623318519,0.0255657118258895,0.00680250169468,-0.0027389524482725,0.0040170519235454,0.0045613356926859,0.0059626395551354,0.0125086447528135,0.03,0.0699999999999998,-0.0097342673738261,0.0999999999999999,0.0,0.0009810480162541,0.0068759718947046,0.0026197751847689,0,1,0,0,1,-0.0014768803684202,0.0214556917517818,0.0025108758862718,0.0036753828279082,0.0066278790723965,0.0605481944803192,-0.0004664964069528,-0.0070354338738168,-0.009438259318519,0.0285820758258895,0.00981886569468,0.0002774115517274,0.0070334159235454,0.0075776996926859,0.0089790035551354,0.0155250087528135,0.0,0.0,0.0
2016-10-01,4801.27001953125,4509.259765625,2126.14990234375,52.84000015258789,165.5500030517578,59.91999816894531,28.38500022888184,1.76,0.33,0.33,-0.309,0.0,0.375,0.5,241.741,10.1,4.9,1.1014,17.059999465942383,51.41380952380952,221.3735466003418,29.600712060928345,65.93400039672852,32.86500136057536,85.38851165771484,25.340909322102863,65.10833358764648,36.76791493097941,38.42500019073486,-0.0153832536246141,0.0136200524648003,-0.0196168370434727,0.1436396178749173,0.0867093973619743,0.039487767439749,0.0043249800873184,0.0420493770413414,0.1302511996676602,-0.0010308033609331,-0.108477475333934,-0.0504233541255977,0.0039172480940214,0.0044126329162752,0.0560504680351784,-0.0556753462614199,0.15,0.1300000000000001,0.2497246409040632,0.0,0.1999999999999993,-0.0183524402458554,0.0817737629806001,0.0023399476837555,0,1,0,0,1,-0.0198918370434727,-0.0156582536246141,0.0138775524648003,0.0897993973619743,0.1467296178749173,0.0010249800873184,0.036187767439749,0.0451393770413414,0.1333411996676602,0.0020591966390668,-0.105387475333934,-0.0473333541255977,0.0070072480940214,0.0075026329162752,0.0591404680351784,-0.0525853462614199,0.0,0.0,0.0
2016-11-01,4810.81005859375,4578.33984375,2198.81005859375,54.77999877929688,171.6999969482422,60.2599983215332,27.6299991607666,2.14,0.67,0.45,-0.3126818,0.0,0.375,0.7,242.026,10.1,4.7,1.0792,13.329999923706056,46.94227272727273,228.17150497436523,31.96263694763184,68.24399871826172,32.84266662597656,86.82420349121094,24.108605066935223,60.160000483194985,35.3754137357076,37.49249982833862,0.001985010969007,0.015203444630916,0.0336035450444343,0.0360566590093357,0.0364754677023407,0.0056581971977667,-0.0269587361248353,0.0302460302298624,0.076769208089562,0.0344352516210664,-0.0006798212794145,0.0166738570306987,-0.0498512256129672,-0.0790448654472825,-0.0386085363895571,-0.024567385993336,0.34,0.3800000000000001,-0.246719382291725,0.1999999999999999,0.0,-0.0203620719348349,-0.0909881971947506,0.0011782533036424,0,1,0,0,1,0.0332285450444343,0.001610010969007,0.0154640127975827,0.0396022857023407,0.0391834770093357,-0.0314587361248353,0.0011581971977667,0.0333728482298624,0.079896026089562,0.0375620696210664,0.0024469967205854,0.0198006750306987,-0.0467244076129672,-0.0759180474472825,-0.0354817183895571,-0.021440567993336,0.0,0.0,0.0
2016-12-01,4863.6201171875,4862.31005859375,2238.830078125,60.54999923706055,181.3999938964844,62.13999938964844,28.95499992370605,2.49,0.75,0.51,-0.3157619,0.0,0.625,0.8,242.637,10.0,4.7,1.0545,14.039999961853027,55.02272727272727,235.7625999450684,35.65592408180237,70.83999862670899,35.13433361053467,90.76426315307616,25.47849114735921,62.01333236694336,39.15708208084106,39.992501735687256,0.0109175594185336,0.0601771927976643,0.018037111299279,0.1001443158477503,0.0549557539046614,0.0307213882942927,0.0468407894815059,0.0327278053173385,0.1093476812149482,0.0373342941978558,0.0674503360869079,0.0443802056642352,0.0552657783276177,0.0303417124307868,0.1015642505353875,0.064551071538786,0.0799999999999999,0.3500000000000001,0.0518932674135035,0.1,-0.0999999999999996,-0.0231533049747167,0.1588277160597582,0.0025213409056821,0,1,0,0,1,0.017612111299279,0.0104925594185336,0.0604403277143309,0.0581133729046614,0.1033019348477503,0.0417407894815059,0.0256213882942927,0.0358854243173385,0.1125053002149482,0.0404919131978558,0.0706079550869079,0.0475378246642352,0.0584233973276177,0.0334993314307868,0.1047218695353875,0.067708690538786,0.0,0.0,0.0
2017-01-01,5116.77001953125,4748.89990234375,2278.8701171875,59.18000030517578,186.6000061035156,64.6500015258789,30.33749961853028,2.43,0.86,0.51,-0.3255455,0.0,0.625,1.6,243.618,9.7,4.7,1.0635,11.989999771118164,55.71090909090909,240.51589965820312,34.74143385887146,68.67200012207032,33.96700096130371,90.07954788208008,24.30195903778076,62.9983336130778,38.25374714533488,38.94250059127808,0.0507403437113599,-0.0236006539649418,0.0177263146210628,-0.022885805270143,0.0282628170880173,0.0395982346773144,0.0466416604356834,0.0199608319056407,-0.0259822724932063,-0.031082244743001,-0.033789324565735,-0.0075724852182211,-0.0472776458782567,0.0157588753514404,-0.023339782081197,-0.0266057655319457,0.1099999999999999,-0.06,-0.1578374459306153,0.8,-0.3000000000000007,0.0084986347214624,0.0124296591513539,0.0040349254236584,0,1,0,0,1,0.0173013146210628,0.0503153437113599,-0.0233293660482751,0.0315182720880173,-0.019630350270143,0.0415416604356834,0.0344982346773144,0.0232162869056407,-0.0227268174932063,-0.027826789743001,-0.030533869565735,-0.0043170302182211,-0.0440221908782567,0.0190143303514404,-0.020084327081197,-0.0233503105319457,0.0,0.0,0.0
2017-02-01,5330.31005859375,4858.580078125,2363.639892578125,55.130001068115234,189.4499969482422,63.97999954223633,34.247501373291016,2.42,1.03,0.52,-0.3286,0.0,0.625,1.4,244.006,9.6,4.6,1.065,12.920000076293944,56.096,247.6099395751953,32.57073974609375,72.2760009765625,36.77866744995117,93.35864639282228,24.495482126871742,64.3333346048991,38.91958157221476,38.947500705718994,0.0408860244118351,0.0228332385123757,0.0365230007382769,-0.0708896001527272,0.0151578002337668,-0.0104176014534361,0.1212290509638997,0.0290684854793057,-0.0645187024351612,0.0511505885753396,0.0795284948741017,0.0357553437739193,0.0079317316258401,0.0209696445464035,0.0172559862309217,0.0001283891222113,0.17,-0.0100000000000002,0.0747035543095311,-0.2000000000000001,-0.0999999999999996,0.0014094435032336,0.0068885265676721,0.0015913904232975,0,1,0,0,1,0.0360896674049436,0.0404526910785018,0.0231070718457091,0.0184438002337668,-0.0676036001527272,0.1160290509638997,-0.0156176014534361,0.0323544854793057,-0.0612327024351612,0.0544365885753396,0.0828144948741017,0.0390413437739193,0.0112177316258401,0.0242556445464035,0.0205419862309217,0.0034143891222113,0.0,0.0,0.0
2017-03-01,5436.22998046875,5122.509765625,2362.719970703125,62.43000030517578,205.8500061035156,65.86000061035156,35.915000915527344,2.48,1.02,0.74,-0.3293478,0.0,0.875,1.4,243.892,9.6,4.4,1.0691,12.369999885559082,52.65521739130435,263.8609275817871,36.61615562438965,74.99000091552735,39.03933270772298,97.80801391601562,25.875283241271973,65.58666674296062,38.80958159764608,40.037500858306885,0.019676393493631,0.0528982773178258,-0.0003892728921313,0.1243518819858653,0.0830226565101232,0.0289607588490485,0.0475414515758461,0.0635674911962555,0.1170752219875554,0.0368626461607992,0.0596516806409106,0.0465580264836125,0.0547995004866752,0.0192945044202367,-0.0028303417537358,0.0276019328486533,-0.01,0.06,-0.0435023271066521,0.0,0.0,0.0038423738759287,-0.0632991793172292,-0.0004673107988741,0,1,0,0,1,-0.001005939558798,0.0190597268269643,0.0531727338178258,0.0863161345101233,0.1276453599858653,0.0401414515758461,0.0215607588490485,0.0668609691962555,0.1203686999875554,0.0401561241607992,0.0629451586409106,0.0498515044836125,0.0580929784866752,0.0225879824202367,0.0004631362462641,0.0308954108486533,0.0,0.0,0.0
2017-04-01,5583.52978515625,5267.330078125,2384.199951171875,64.77999877929688,226.5,68.45999908447266,35.912498474121094,2.3,0.88,0.8,-0.3303889,0.0,0.875,1.4,244.193,9.5,4.4,1.0714,10.81999969482422,53.978,278.2558288574219,38.16110897064209,79.4739990234375,41.04533386230469,101.2684211730957,25.64504909515381,66.88499959309895,40.71124823888143,40.23499822616577,0.0267353520616112,0.0278791000860717,0.0090501324781982,0.0369509609374158,0.0955971670568688,0.0387183335132401,-6.967920165747648e-05,0.0531187633298232,0.0413273537165341,0.0580751283347882,0.0501074909513423,0.0347681113848134,-0.008937662794545,0.0196022962416744,0.047837259235786,0.004920683138399,-0.14,-0.1800000000000001,-0.1338779319393581,0.0,-0.0999999999999996,0.0021490314274057,0.0248112267223272,0.0012333918811604,0,1,0,0,1,0.0083834658115315,0.0260686853949445,0.0281544241694051,0.0989010560568688,0.0402548499374158,-0.0080696792016574,0.0307183335132401,0.0564226523298232,0.0446312427165341,0.0613790173347882,0.0534113799513423,0.0380720003848134,-0.005633773794545,0.0229061852416744,0.051141148235786,0.008224572138399,0.0,0.0,0.0
2017-05-01,5788.7998046875,5283.6298828125,2411.800048828125,62.81999969482422,227.1499938964844,69.83999633789062,38.18999862670898,2.3,0.81,0.89,-0.3294545,0.0,0.875,0.9,244.004,9.5,4.4,1.105,10.40999984741211,51.37434782608696,282.79458236694336,36.59120130538941,79.29600067138672,41.09100119272868,101.7506217956543,26.5810391108195,70.07500139872234,39.20874706904093,41.89500093460083,0.0361038280940232,0.0030897316860151,0.0115097591109806,-0.0307234056467952,0.0028656204123448,0.0199572393667767,0.0614882834613734,0.0161798385097187,-0.0420090972191901,-0.0022422173832257,0.0011119886247446,0.0047503083677508,0.035847610977586,0.0465913963472556,-0.0376045623503705,0.0404292908621708,-0.0699999999999999,0.0,-0.0386293772444905,-0.4999999999999999,0.0,0.0308791305049933,-0.0494375777908331,-0.000774277635636,0,1,0,0,1,0.0107680924443139,0.0353621614273566,0.0033642771026817,0.0061601654123448,-0.0274288606467952,0.0525882834613734,0.0110572393667767,0.0194743835097187,-0.0387145522191901,0.0010523276167742,0.0044065336247446,0.0080448533677508,0.039142155977586,0.0498859413472556,-0.0343100173503705,0.0437238358621708,0.0,0.0,0.0
2017-06-01,5646.919921875,5120.68017578125,2423.409912109375,63.060001373291016,218.3000030517578,68.93000030517578,36.005001068115234,2.19,0.66,0.98,-0.33,0.0,1.125,0.8,244.163,9.5,4.3,1.1233,11.18000030517578,47.65272727272727,277.6275520324707,36.92083239555359,77.69599914550781,39.58266766866048,96.15717697143556,24.779056549072266,68.40333239237468,38.2954150835673,39.59999895095825,-0.0248147325379807,-0.0313260622586193,0.0048022260405038,0.0038131866418835,-0.0397402877998844,-0.0131153577707547,-0.0589158179114069,-0.0184403021755714,0.0089681452914087,-0.0203839294744327,-0.0373978111338104,-0.0565408225800621,-0.0701993438352667,-0.0241445743826852,-0.0235696830119548,-0.0563374186039393,-0.15,-0.1099999999999998,0.0713596270544751,-0.0999999999999999,0.0,0.0164254466956703,-0.0751991143665855,0.0006514164440556,0,1,0,0,1,0.0039855593738372,-0.0256313992046473,-0.0310510622586193,-0.0364402877998844,0.0071131866418835,-0.0687158179114069,-0.0229153577707547,-0.0151403021755713,0.0122681452914087,-0.0170839294744327,-0.0340978111338104,-0.0532408225800621,-0.0668993438352667,-0.0208445743826852,-0.0202696830119548,-0.0530374186039393,0.0,0.0,0.0
2017-07-01,5880.330078125,5093.77001953125,2470.300048828125,65.56999969482422,212.6999969482422,72.69999694824219,37.182498931884766,2.32,0.84,1.07,-0.3304286,0.0,1.125,0.8,244.243,9.6,4.3,1.153,10.260000228881836,49.25333333333333,272.6126823425293,38.607497453689575,77.24199829101562,41.00266647338867,92.54157257080078,24.979094823201496,66.88166681925456,37.09458271662394,39.06500005722046,0.0405026461293921,-0.0052690488462963,0.0191640175471008,0.0390315937268856,-0.0259875696770672,0.0532498412371719,0.0321803443917497,-0.0182284327311634,0.0446705368556742,-0.0058604365795422,0.0352457632123703,-0.0383261359863951,0.0080404655841179,-0.0224966516259421,-0.031859237877071,-0.0136021648560236,0.1799999999999999,0.1299999999999999,-0.0858736329727398,0.0,0.0999999999999996,0.0260964596215355,0.0330371832363716,0.0003275963060049,0,1,0,0,1,0.0182723508804342,0.0396109794627255,-0.0049936916796296,-0.0226832836770672,0.0423358797268856,0.0214803443917497,0.0425498412371719,-0.0149241467311634,0.0479748228556742,-0.0025561505795422,0.0385500492123703,-0.0350218499863951,0.0113447515841179,-0.0191923656259421,-0.0285549518770709,-0.0102978788560236,0.0,0.0,0.0
2017-08-01,5988.60009765625,5085.58984375,2471.64990234375,63.90999984741211,220.25,74.7699966430664,41.0,2.21,0.71,1.01,-0.329087,0.0,1.125,1.0,245.183,9.5,4.4,1.1813,10.59000015258789,51.92782608695652,283.7384262084961,37.394118309021,78.05599975585938,41.41166559855143,92.49528121948242,25.48960622151693,65.96333503723145,36.50374778111776,35.48750019073486,0.0182447821749551,-0.0016072086362958,0.0005462837796946,-0.0256424283466826,0.034880556957807,0.0280753475529637,0.0977338749459811,0.0400007374573283,-0.0319330645727856,0.010483186258342,0.0099255183562927,-0.0005003473776803,0.0202315019369652,-0.013825833078895,-0.0160560062797642,-0.0960463997396624,-0.13,-0.1099999999999998,0.0316573119711978,0.1999999999999999,-0.0999999999999996,0.0242482856854152,0.0528777473838375,0.0038412391487883,0,1,0,0,1,-0.0002953828869719,0.0174031155082885,-0.0013329694696292,0.038171426957807,-0.0223515583466826,0.0876338749459811,0.0179753475529637,0.0432916074573283,-0.0286421945727856,0.013774056258342,0.0132163883562927,0.0027905226223196,0.0235223719369652,-0.010534963078895,-0.0127651362797642,-0.0927555297396624,0.0,0.0,0.0
2017-09-01,5979.2998046875,5329.81005859375,2519.360107421875,68.25,233.4499969482422,74.48999786376953,38.52999877929688,2.2,0.7,1.03,-0.329381,0.0,1.125,1.1,246.435,9.3,4.3,1.1913,9.510000228881836,55.55761904761905,288.2922706604004,39.54634070396423,83.33200073242188,44.21600151062012,93.0278434753418,26.22151660919189,66.83833503723145,40.17374849319458,36.47499990463257,-0.0015542066555962,0.046904581678674,0.0191190393523553,0.065701592790422,0.0582046435282311,-0.0037518306049244,-0.0621349397481294,0.0159220149561766,0.0559597390567819,0.0654061231774519,0.0655241298133549,0.0057412111786327,0.0283095484387759,0.0131777358168811,0.0957988255034682,0.027446564620457,-0.01,-0.0099999999999997,-0.1075662733972029,0.1,-0.1999999999999993,0.0084296208508412,0.067565868646624,0.0050933965261075,0,1,0,0,1,0.018260706019022,-0.0024125399889296,0.0471790658453407,0.0614984535282311,0.0689954027904219,-0.0724349397481294,-0.0140518306049244,0.0192158249561766,0.0592535490567819,0.0686999331774519,0.0688179398133549,0.0090350211786327,0.0316033584387759,0.0164715458168811,0.0990926355034682,0.030740374620457,0.0,0.0,0.0
2017-10-01,6248.56005859375,5503.2900390625,2575.260009765625,67.04000091552734,256.1000061035156,83.18000030517578,42.2599983215332,2.36,0.81,1.07,-0.3295455,0.0,1.125,1.2,246.626,9.1,4.2,1.1755,10.18000030517578,57.53636363636364,314.6090583801269,38.79879450798035,85.43200073242187,47.59466616312663,93.60785293579102,27.33041508992513,72.05666669209798,40.90874783198039,35.022499561309814,0.0440475749894257,0.0320305010587906,0.0219455600318416,-0.0178879642348075,0.0926001086935075,0.1103420784735251,0.0924038455141072,0.087355989307535,-0.0190839898806218,0.0248881085870616,0.0736339508666803,0.0062154382985591,0.0414198695377735,0.0751760531142145,0.0181301638459349,-0.0406363922320732,0.1100000000000001,0.1599999999999997,0.0680811404755616,0.0999999999999998,-0.200000000000001,-0.0133515588251913,0.0349964957295529,0.0007747520471248,0,1,0,0,1,0.021053893365175,0.043155908322759,0.0323051223087906,0.0958955636935075,-0.0145925092348075,0.0817038455141072,0.0996420784735251,0.090651444307535,-0.0157885348806218,0.0281835635870616,0.0769294058666803,0.0095108932985591,0.0447153245377735,0.0784715081142145,0.0214256188459349,-0.0373409372320732,0.0,0.0,0.0
2017-11-01,6365.56005859375,5372.7900390625,2647.580078125,63.58000183105469,244.5,84.16999816894531,42.962501525878906,2.35,0.72,1.23,-0.329,0.0,1.125,1.2,247.284,9.0,4.2,1.1743,11.279999732971191,62.83636363636364,304.9000663757324,36.21768450737,83.95799865722657,44.66066614786784,90.95756912231444,27.534486770629883,73.20833396911621,40.79291391372681,35.13999938964844,0.0185511719116465,-0.0239987683723426,0.0276955410466344,-0.052990485548381,-0.0463527081231008,0.0118316034856152,0.0164867052221955,-0.0313467118440043,-0.0688416549180225,-0.0174040886341636,-0.0636275372769287,-0.0287211544544335,0.0074390954835035,0.0158564196689346,-0.0028355358603445,0.0033493658276325,-0.09,-0.0099999999999997,0.1026061812967951,0.0,-0.0999999999999996,-0.0010213636090888,0.0881167857085865,0.0026644546143197,0,1,0,0,1,0.0266705410466344,0.0175261719116465,-0.0237246017056759,-0.0430627081231008,-0.049700485548381,0.0041867052221955,-0.0004683965143847,-0.0280567118440043,-0.0655516549180225,-0.0141140886341636,-0.0603375372769287,-0.0254311544544335,0.0107290954835035,0.0191464196689346,0.0004544641396554,0.0066393658276325,0.0,0.0,0.0
2017-12-01,6396.419921875,5312.56005859375,2673.610107421875,62.25,245.3999938964844,85.54000091552734,42.307498931884766,2.4,0.67,1.32,-0.3278947,0.0,1.375,1.2,247.805,9.0,4.1,1.1836,11.039999961853027,64.06428571428572,310.4678764343262,35.83097052574158,82.96000061035156,44.93766657511393,91.97143936157228,26.964248339335125,73.3133316040039,40.11124976476034,35.56250095367432,0.0048362281522403,-0.0112734946091715,0.0097836145748712,-0.0211404489370635,0.0036741984901823,0.0161455720324366,-0.0153633276388526,0.0180963667921175,-0.0107349039375578,-0.0119580865297858,0.0061831800066801,0.011084962733539,-0.0209274303951418,0.001433203102759,-0.0168515500112523,0.0119516733135905,-0.0499999999999999,0.0499999999999998,-0.0215061850035382,0.0,0.0,0.0078884161550192,0.0193530988172234,0.0021046728661735,0,1,0,0,1,0.0086836145748712,0.0037362281522403,-0.0110002490258382,0.0069531454901823,-0.0178615019370635,-0.0285633276388526,0.0029455720324366,0.0213753137921175,-0.0074559569375578,-0.0086791395297858,0.0094621270066801,0.014363909733539,-0.0176484833951418,0.004712150102759,-0.0135726030112523,0.0152306203135905,0.0,0.0,0.0
2018-01-01,6949.990234375,5481.93017578125,2823.81005859375,66.5999984741211,252.6000061035156,95.01000213623048,41.85749816894531,2.58,0.85,1.41,-0.3284545,0.0,1.375,1.5,248.859,9.2,4.0,1.2197,13.539999961853027,68.88913043478261,314.98182678222656,38.64073872566223,87.25600128173828,48.25199890136719,91.3393211364746,26.726011912028,72.34500058492024,42.43541510899862,35.11250019073486,0.0830018078066143,0.0313834214685682,0.0546573983583285,0.0675460192904316,0.0289177266740509,0.1049980582012502,-0.0106934014500288,0.0144345059234746,0.0754945094114937,0.0504877700373909,0.0711609126425375,-0.0068967116705803,-0.0088745329138608,-0.0132961193522846,0.0563264378755458,-0.0127345408409327,0.1799999999999999,0.1800000000000001,0.2041232272731674,0.3,0.1999999999999993,0.030044285323138,0.0726113634994325,0.0042443244618279,0,1,0,0,1,0.0534823983583285,0.0818268078066143,0.0316571335519015,0.0322022716740509,0.0708305642904316,-0.0247934014500288,0.0908980582012502,0.0177190509234746,0.0787790544114937,0.0537723150373909,0.0744454576425375,-0.0036121666705803,-0.0055899879138608,-0.0100115743522846,0.0596109828755458,-0.0094499958409327,0.0,0.0,0.0
2018-02-01,6854.419921875,5320.490234375,2713.830078125,65.37000274658203,246.5,93.7699966430664,44.52999877929688,2.86,0.98,1.57,-0.3285,0.0,1.375,1.3,249.529,9.3,4.1,1.234,19.850000381469727,65.6965,306.56857681274414,37.99036931991577,86.73600006103516,47.67333221435547,85.10614776611328,26.366500854492188,73.23333358764648,42.563749154408775,37.99000024795532,-0.0138465661867881,-0.0298918123755852,-0.0397261075980839,-0.0186410749946706,-0.0244452405964152,-0.013137232071049,0.0618921433169607,-0.027073472416393,-0.016974438664805,-0.0059773180941703,-0.0120650864541262,-0.0706821008194319,-0.0135430226868602,0.0122043439209009,0.0030196565822321,0.0787657758639226,0.13,0.2799999999999998,0.3825557616840425,-0.1999999999999999,0.1000000000000014,0.0116559986161405,-0.0474527553871269,0.0026886698861776,0,1,0,0,1,-0.0410344409314172,-0.0151548995201214,-0.0296180623755852,-0.0211602405964152,-0.0153560749946706,0.0461921433169607,-0.028837232071049,-0.023788472416393,-0.013689438664805,-0.0026923180941703,-0.0087800864541262,-0.0673971008194319,-0.0102580226868602,0.0154893439209009,0.0063046565822321,0.0820507758639226,0.0,0.0,0.0
2018-03-01,6581.1298828125,5167.2998046875,2640.8701171875,60.16999816894531,250.1999969482422,91.2699966430664,41.94499969482422,2.84,0.83,1.7,-0.3279048,0.0,1.625,1.7,249.577,9.3,4.0,1.2334,19.96999931335449,66.89181818181818,319.10446548461914,34.66147971153259,85.99200134277343,47.08833249409994,86.11155700683594,26.08015950520833,72.61000124613444,45.00374841690064,35.1825008392334,-0.0406872429539382,-0.0292151778346019,-0.0272524973669399,-0.0828896208396739,0.0148985923527924,-0.0270228298833454,-0.0598038628979203,0.0400770551937229,-0.0917037130829939,-0.0086147389358117,-0.0123469158924469,0.0117443555076413,-0.0109194443442548,-0.0085480236409192,0.0557428522669263,-0.0767741499840893,-0.15,-0.02,0.0060270866930545,0.3999999999999999,0.0,-0.0004863419079406,0.0180310088085793,0.0001923439115056,0,1,0,0,1,-0.0286691640336065,-0.0421039096206049,-0.0289419238346019,0.0181776403527924,-0.0796105728396738,-0.0768038628979203,-0.0440228298833454,0.0433561031937229,-0.0884246650829939,-0.0053356909358117,-0.0090678678924469,0.0150234035076413,-0.0076403963442548,-0.0052689756409192,0.0590219002669263,-0.0734951019840893,0.0,0.0,0.0
2018-04-01,6605.56982421875,5520.5,2648.050048828125,63.97999954223633,289.29998779296875,93.5199966430664,41.31499862670898,2.87,0.78,1.76,-0.32845,0.0,1.625,1.8,250.227,9.2,4.0,1.227,15.93000030517578,71.93285714285715,367.4278335571289,36.57124876976013,91.6479995727539,51.19000053405762,88.02828598022461,28.610263506571453,73.89166641235352,41.83791399002075,38.55749988555908,0.00370676058955,0.0661181653049823,0.0027150858118244,0.0613966685656747,0.1452035839514899,0.0243531715199239,-0.0151336321090193,0.1410084009125741,0.053633403387563,0.0637008629504505,0.0835189583144268,0.0220145642759783,0.0925906642787039,0.0174973826020806,-0.0729428227758627,0.0916018069052712,-0.0499999999999999,0.0300000000000002,-0.2260269699646158,0.1,-0.1000000000000014,-0.0052024178464809,0.0726564838182906,0.0026010210660754,0,1,0,0,1,0.0012484191451578,0.0022400939228833,0.0663918736383156,0.1484880839514899,0.0646811685656747,-0.0327336321090193,0.0067531715199239,0.1442929009125741,0.056917903387563,0.0669853629504504,0.0868034583144268,0.0252990642759783,0.0958751642787039,0.0207818826020806,-0.0696583227758627,0.0948863069052712,0.0,0.0,0.0
2018-05-01,6967.72998046875,5398.39990234375,2705.27001953125,53.060001373291016,297.04998779296875,98.83999633789062,46.71749877929688,2.98,0.79,1.86,-0.3252273,0.0,1.625,2.3,250.792,9.1,3.8,1.1823,15.43000030517578,76.93434782608696,400.2874984741211,30.74500036239624,93.17200012207032,52.34666760762533,89.83241653442383,28.10306930541992,74.8383321762085,38.9470804532369,37.132500648498535,0.0533762815328498,-0.0223658406173934,0.0213781911830661,-0.1871471527751343,0.0264362639205252,0.0553270628010672,0.1228932037711904,0.085656107022536,-0.1735349877676988,0.016492101442959,0.0223440683732755,0.0202877016515408,-0.0178867189900568,0.012730162809015,-0.0715991484425068,-0.0376580162615773,0.01,0.1099999999999998,-0.0318904569261069,0.4999999999999998,-0.0999999999999996,-0.0371104718418439,0.0672192882785944,0.0022554044437663,0,1,0,0,1,0.0198281911830661,0.0518262815328498,-0.0220948178673934,0.0296885369205252,-0.1838948797751343,0.1042932037711904,0.0367270628010672,0.088908380022536,-0.1702827147676988,0.019744374442959,0.0255963413732755,0.0235399746515408,-0.0146344459900568,0.015982435809015,-0.0683468754425068,-0.0344057432615773,0.0,0.0,0.0
2018-06-01,7040.7998046875,5323.52978515625,2718.3701171875,53.18999862670898,285.20001220703125,98.61000061035156,46.27750015258789,2.91,0.75,1.9,-0.3220476,0.0,1.875,2.3,251.018,9.0,4.0,1.1679,16.09000015258789,75.80285714285714,376.0250015258789,30.43875002861023,93.68800048828123,52.76999918619792,93.29129028320312,27.67108694712321,72.21333090464275,35.147082487742104,36.6424994468689,0.0104322849058762,-0.0139660184901512,0.0048307493865702,0.0024470083441874,-0.0407097023657601,-0.0023296615357366,-0.0094629155358711,-0.0625274005197499,-0.0100109224913072,0.005522869272347,0.0080545527202781,0.037780855686455,-0.0154907227857672,-0.0357055485416363,-0.102662200195569,-0.0132838605620208,-0.04,-0.0699999999999998,0.0418842843345412,0.0,-0.0999999999999996,-0.0122544295845479,-0.0148164474109782,0.0009007393845479,0,1,0,0,1,0.0032474160532369,0.0088489515725428,-0.0136976454901512,-0.0374892263657601,0.0056674843441874,-0.0284629155358711,-0.0213296615357366,-0.0593069245197499,-0.0067904464913072,0.008743345272347,0.0112750287202781,0.041001331686455,-0.0122702467857672,-0.0324850725416363,-0.099441724195569,-0.0100633845620208,0.0,0.0,0.0
2018-07-01,7231.97998046875,5511.2998046875,2816.2900390625,55.66999816894531,298.8500061035156,106.08000183105467,47.5724983215332,2.89,0.67,1.96,-0.3207273,0.0,1.875,2.6,251.214,9.0,3.8,1.1685,12.829999923706056,75.22909090909091,376.4874954223633,31.84874987602234,95.86799926757811,51.32166735331217,98.72888565063477,29.50336297353109,73.50666522979736,36.45041513442993,34.63749980926514,0.0267910825612836,0.0346639177727999,0.0353879507375242,0.0455709863685557,0.0467510643518121,0.0730208611648375,0.0275989427627927,0.0012291993995927,0.0452816621862046,0.0230021196963896,-0.0278298034287574,0.0566508129615893,0.0641161804112376,0.0177514180822667,0.0364112344967786,-0.056271849141479,-0.0799999999999999,-0.02,-0.2264117978066728,0.3000000000000002,0.0,0.000513610694393,-0.0075979817704237,0.000780515817194,0,1,0,0,1,0.0337546174041909,0.0251577492279502,0.0349311905227999,0.0499583373518121,0.0487782593685557,0.0079989427627927,0.0534208611648375,0.0044364723995927,0.0484889351862046,0.0262093926963896,-0.0246225304287574,0.0598580859615893,0.0673234534112376,0.0209586910822667,0.0396185074967786,-0.053064576141479,0.0,0.0,0.0
2018-08-01,7654.5498046875,5406.85009765625,2901.52001953125,50.61000061035156,302.1499938964844,112.33000183105467,56.907501220703125,2.89,0.7,2.03,-0.319,0.0,1.875,2.6,251.663,8.9,3.8,1.1547,12.859999656677246,73.85130434782609,384.26250076293945,29.84475088119507,98.54199981689452,52.04166666666666,97.512451171875,28.003116925557453,73.07833321889241,35.40791368484497,34.63499927520752,0.0567873618594445,-0.0191338083018384,0.0298143145243824,-0.0952921720183003,0.0109817669136793,0.0572474402555256,0.1791723361783278,0.0204410807806217,-0.0649891563884939,0.027510613730062,0.0139316512104933,-0.0123974905459646,-0.0521884332014805,-0.0058441618794521,-0.0290175019620023,-7.219413451954805e-05,0.0299999999999999,0.0,0.0023355194315071,0.0,-0.0999999999999996,-0.0118803050211025,-0.0184843324000762,0.0017857254132316,0,1,0,0,1,0.0281226478577157,0.0550956951927779,-0.0188679749685051,0.0141717669136793,-0.0921021720183003,0.1588723361783278,0.0369474402555256,0.0236310807806217,-0.0617991563884939,0.030700613730062,0.0171216512104933,-0.0092074905459646,-0.0489984332014805,-0.0026541618794521,-0.0258275019620023,0.0031178058654804,0.0,0.0,0.0
2018-09-01,7627.64990234375,5493.490234375,2913.97998046875,52.709999084472656,304.6000061035156,114.37000274658205,56.435001373291016,3.0,0.77,2.13,-0.31885,0.0,2.125,2.5,252.182,8.9,3.7,1.1667,12.119999885559082,79.163,386.1499977111816,31.30399990081787,100.50999908447264,49.94000053405762,100.42952346801758,28.359702110290527,74.83333333333333,35.59124803543091,32.60749959945679,-0.0035204264623167,0.0158971112276836,0.0042850932863336,0.0406559762120887,0.008075897891583,0.0179978468538554,-0.008337606348441,0.0048999743085845,0.0477369072407614,0.019774364549762,-0.0412223842320196,0.0294761483000868,0.012653374990664,0.0237314948877476,0.0051644203571745,-0.0603223995694517,0.07,0.1099999999999998,-0.0592647209136765,-0.1,0.0,0.0103386808720011,0.0694553469995122,0.0020601581183248,0,1,0,0,1,0.0025100932863336,-0.0052954264623167,0.0161628195610169,0.011264397891583,0.0438444762120887,-0.029637606348441,-0.0033021531461445,0.0080884743085845,0.0509254072407614,0.022962864549762,-0.0380338842320196,0.0326646483000868,0.015841874990664,0.0269199948877476,0.0083529203571745,-0.0571338995694517,0.0,0.0,0.0
2018-10-01,6967.10009765625,5093.43994140625,2711.739990234375,46.130001068115234,268.79998779296875,106.80999755859376,54.71500015258789,3.15,0.82,2.25,-0.3176957,0.0,2.125,2.5,252.772,8.8,3.8,1.1488,21.229999542236328,80.78347826086957,341.5749969482422,28.019500017166138,93.51999969482422,47.86333338419596,98.28521728515624,26.907899220784504,71.51000150044759,31.763748009999592,32.53000068664551,-0.0905807069538098,-0.0756103717325702,-0.0719293459542968,-0.133341652773787,-0.1250318972629361,-0.0683872985638718,-0.0309516600824373,-0.1226586237978144,-0.11084518477432,-0.0720819020272309,-0.0424725668447727,-0.0215825903037871,-0.0525493029093433,-0.0454260974715485,-0.113774126125909,-0.0023795493851958,0.0499999999999999,0.1499999999999999,0.5605582829542026,0.0,-0.0999999999999996,-0.0154613315358515,0.0202634497048448,0.002336847588066,0,1,0,0,1,-0.0738043459542968,-0.0924557069538098,-0.0753456253159036,-0.1218549402629361,-0.130164695773787,-0.0534516600824373,-0.0908872985638718,-0.1194816667978144,-0.10766822777432,-0.0689049450272309,-0.0392956098447727,-0.0184056333037871,-0.0493723459093433,-0.0422491404715485,-0.110597169125909,0.0007974076148041,0.0,0.0,0.0
2018-11-01,6949.009765625,5003.919921875,2760.169921875,44.375,252.5500030517578,110.88999938964844,44.64500045776367,3.12,0.76,2.33,-0.3163636,0.0,2.125,2.2,252.594,8.8,3.8,1.1364,18.06999969482422,66.22863636363635,330.5375022888184,27.3294997215271,90.93000030517578,45.72666803995768,94.55985641479492,26.56243960062663,74.3866647084554,30.563747882843018,33.76000022888184,-0.0025999136826581,-0.0177318361017084,0.0177017520561175,-0.0387872729286089,-0.0623583022380925,0.0374871812168721,-0.2033955684365887,-0.0328471410627018,-0.0249340022962913,-0.0280853308066157,-0.0456680552651673,-0.0386405969729461,-0.0129217220076711,0.0394393669418053,-0.0385110428826533,0.0371139149141021,-0.0599999999999999,-0.0299999999999998,-0.1611621664374465,-0.2999999999999998,0.0,-0.0108525483139268,-0.1986595247704894,-0.0007044399795823,0,1,0,0,1,0.0157600853894509,-0.0045415803493247,-0.0174681997683751,-0.0591946662380925,-0.0356236369286089,-0.2266955684365887,0.0141871812168721,-0.0296835050627018,-0.0217703662962913,-0.0249216948066157,-0.0425044192651673,-0.0354769609729461,-0.0097580860076711,0.0426030029418053,-0.0353474068826533,0.0402775509141021,0.0,0.0,0.0
2018-12-01,6329.97021484375,4730.68994140625,2506.85009765625,39.47499847412109,258.20001220703125,101.56999969482422,39.435001373291016,2.83,0.7,2.37,-0.3118947,0.0,2.375,1.9,252.767,8.8,3.9,1.138,25.420000076293945,57.94809523809524,338.95000076293945,23.89574956893921,84.61999969482422,40.008334159851074,91.66437149047852,25.33889897664388,73.24000040690105,27.58708111445109,32.11750078201294,-0.0933036389102252,-0.0561505327965475,-0.096265219857899,-0.1170087263081854,0.0221252646921282,-0.0877905005141832,-0.1240885475484734,0.0251324819003869,-0.1342660938512982,-0.0719193414084879,-0.1335938870281384,-0.0310992648012651,-0.047157448888328,-0.0155349626224243,-0.1024670093458433,-0.0498755992353047,-0.06,-0.29,0.3412831810470389,-0.3000000000000002,0.0,0.0014069647062432,-0.1335652426911879,0.0006846591120321,0,1,0,0,1,-0.098240219857899,-0.0952786389102252,-0.0558906205465475,0.0252442116921282,-0.1138897793081854,-0.1477885475484734,-0.1114905005141832,0.0282514289003869,-0.1311471468512982,-0.0688003944084879,-0.1304749400281384,-0.0279803178012651,-0.044038501888328,-0.0124160156224243,-0.0993480623458433,-0.0467566522353047,0.0,0.0,0.0
2019-01-01,6906.83984375,4992.72021484375,2704.10009765625,40.96500015258789,279.75,104.43000030517578,41.61000061035156,2.71,0.65,2.37,-0.308,0.0,2.375,1.4,252.561,8.8,4.0,1.1418,16.56999969482422,59.94478260869565,362.9375076293945,24.577250003814697,90.06800079345703,44.08500099182129,91.84178924560548,26.57501188913981,75.26166661580403,30.69874747594197,33.43499946594238,0.0872166715617722,0.053909837610174,0.0757421519867559,0.0370505258312192,0.0801618215020682,0.0277687804669332,0.0536867559891159,0.0683780580256378,0.0281206176393742,0.0623943077214516,0.0970318246293873,0.0019336441860634,0.0476306476735652,0.0272292043335665,0.1068742673534296,0.0402021622608038,-0.0499999999999999,-0.1200000000000001,-0.4279424557415399,-0.5,0.0,0.0033336288438826,0.033876148452661,-0.0008153120801193,0,1,0,0,0,0.0737671519867559,0.0852416715617722,0.0541665042768406,0.0832418215020682,0.0401305258312192,0.0299867559891159,0.0040687804669332,0.0714580580256378,0.0312006176393742,0.0654743077214516,0.1001118246293873,0.0050136441860634,0.0507106476735652,0.0303092043335665,0.1099542673534296,0.0432821622608038,0.0,0.0,0.0
2019-02-01,7097.52978515625,5240.52978515625,2784.489990234375,45.05500030517578,302.0,112.02999877929688,43.28749847412109,2.68,0.55,2.39,-0.30845,0.0,2.375,1.6,253.319,8.7,3.8,1.1349,14.779999732971191,64.384,390.1999969482422,26.39550018310547,98.81799926757812,48.43333212534586,88.63315963745117,27.28283627827962,78.57666524251302,31.047081470489506,31.08499956130981,0.027234603615424,0.0484417027922317,0.0292955533654023,0.0951659251417923,0.0765306701828349,0.0702496882606583,0.0395233368154295,0.0724287562144981,0.0713723295575617,0.0927148175759699,0.0940686459299644,-0.0355613647192776,0.0262864251074665,0.0431038457957647,0.0112829545209274,-0.0728778659242307,-0.0999999999999999,-0.0299999999999998,-0.1143189155679498,0.2000000000000001,-0.1000000000000014,-0.0060614232230654,0.0714413063968875,0.0029967603671732,0,1,0,0,0,0.0273038866987357,0.0252429369487574,0.0486987444588983,0.0796151701828349,0.0982504251417923,0.0156233368154295,0.0463496882606583,0.0755132562144981,0.0744568295575617,0.0957993175759699,0.0971531459299644,-0.0324768647192776,0.0293709251074665,0.0461883457957647,0.0143674545209274,-0.0697933659242307,0.0,0.0,0.0
2019-03-01,7378.77001953125,5350.52978515625,2834.39990234375,42.61000061035156,327.8999938964844,117.94000244140624,47.48749923706055,2.57,0.44,2.4,-0.3091905,0.0,2.375,1.3,254.277,8.7,3.8,1.1296,13.710000038146973,66.94190476190477,416.7750053405762,25.39625024795532,100.71200103759766,49.27166589101156,86.80123901367188,27.33864498138428,81.78000068664551,30.59874836603801,31.114999771118164,0.0388601547759555,0.0207729840083535,0.0177655108902287,-0.0557949906244465,0.0822816478617784,0.0514093595983514,0.0926026279689667,0.065887100280144,-0.0385920129216393,0.0189852017836634,0.0171609304850503,-0.02088515395061,0.0020434715880274,0.0399579478413856,-0.014545704401404,0.0009646370564843,-0.11,-0.1100000000000003,-0.0751494010965112,-0.3,0.0,-0.0046809535681156,0.0389599951051709,0.0037746599164281,0,1,0,0,0,0.0157655108902287,0.0368601547759555,0.0210306427583535,0.0853735528617784,-0.0527030856244465,0.0686026279689667,0.0274093595983514,0.068979005280144,-0.0355001079216393,0.0220771067836634,0.0202528354850503,-0.01779324895061,0.0051353765880274,0.0430498528413856,-0.011453799401404,0.0040565420564843,0.0,0.0,0.0
2019-04-01,7781.4599609375,5586.41015625,2945.830078125,47.45000076293945,349.04998779296875,130.60000610351562,50.16749954223633,2.53,0.37,2.38,-0.31045,0.0,2.375,1.5,255.233,8.5,3.7,1.1234,13.119999885559082,71.47590909090908,437.0875015258789,27.91125011444092,104.74199676513672,50.89499918619792,91.62032318115234,27.68514887491862,81.60000292460124,32.04791498184204,33.42250061035156,0.053137015530441,0.0431413093112382,0.0385603974175708,0.1075875592987855,0.0625064782076051,0.1019632223039856,0.0549008951061973,0.0475868867282938,0.0944283023671199,0.0392351839200086,0.0324154834625432,0.0540322199452318,0.0125948594142322,-0.0022034255219862,0.0462730210306362,0.0715393334716527,-0.07,-0.04,-0.0439877215633304,0.1999999999999999,-0.1999999999999993,-0.0055037866406452,0.0655353069904727,0.0037526294749232,0,1,0,0,0,0.0365770640842374,0.0511536821971077,0.0434000176445716,0.0656109782076051,0.1106920592987855,0.0311008951061973,0.0781632223039856,0.0506913867282938,0.0975328023671199,0.0423396839200086,0.0355199834625432,0.0571367199452318,0.0156993594142322,0.0009010744780137,0.0493775210306362,0.0746438334716527,0.0,0.0,0.0
2019-05-01,7127.9599609375,5207.6298828125,2752.06005859375,40.875,338.6000061035156,123.68000030517578,43.76750183105469,2.4,0.3,2.35,-0.3118636,0.0,2.375,1.1,255.296,8.5,3.6,1.1187,18.709999084472656,70.38913043478261,409.9375,23.91124963760376,98.0759994506836,46.78833262125651,86.39198684692383,26.35266272226969,82.01333491007487,28.731247425079346,31.470000743865967,-0.0877189032323703,-0.0702120552467314,-0.0680408940828739,-0.1491579119173275,-0.0303956557194783,-0.0544416762701779,-0.1364758228929363,-0.0641286983224852,-0.1546807931314273,-0.0657574699655215,-0.0841308020366327,-0.0587581891790453,-0.0493268057577511,0.0050525570867248,-0.1092468351302736,-0.0601946094232176,-0.07,-0.1299999999999999,0.3549203165601704,-0.3999999999999999,0.0,-0.0041925042454474,-0.0153216031225476,0.0002468028273403,0,1,0,0,0,-0.0699992274162073,-0.0896772365657036,-0.0699521689133981,-0.0272770197194783,-0.1460392759173275,-0.1599758228929363,-0.0779416762701779,-0.0610100623224852,-0.1515621571314273,-0.0626388339655215,-0.0810121660366327,-0.0556395531790453,-0.0462081697577511,0.0081711930867248,-0.1061281991302736,-0.0570759734232176,0.0,0.0,0.0
2019-06-01,7671.080078125,5538.97021484375,2941.760009765625,41.76499938964844,374.2999877929688,133.9600067138672,49.47999954223633,2.07,0.08,2.17,-0.3289,0.0,2.375,1.4,255.213,8.5,3.6,1.1295,15.079999923706056,63.2085,444.7749938964844,24.40749979019165,106.4000015258789,51.0033327738444,93.8925552368164,27.75585110982259,84.51000086466472,29.90458218256633,30.147500038146973,0.0734323509948483,0.0616837663512783,0.0666583015630261,0.0215400243765034,0.1002380945726471,0.0798437107378753,0.1226769636119045,0.081563813544181,0.0205414091927911,0.0814629085274439,0.0862571102181114,0.0832561724364396,0.0518773468104543,0.0299880258904116,0.0400264279565838,-0.0429327324526645,-0.2199999999999999,-0.33,-0.2156887338329527,0.2999999999999998,0.0,0.009607760055173,-0.1076000682300808,-0.0003251656708549,0,1,0,0,0,0.0648499682296928,0.0716240176615149,0.0619578496846116,0.1035270945726471,0.0248290243765034,0.1009769636119045,0.0581437107378753,0.084852813544181,0.0238304091927911,0.0847519085274439,0.0895461102181114,0.0865451724364396,0.0551663468104543,0.0332770258904116,0.0433154279565838,-0.0396437324526645,0.0,0.0,0.0
2019-07-01,7848.77978515625,5518.89990234375,2980.3798828125,42.18000030517578,375.2999877929688,136.27000427246094,53.2599983215332,2.06,-0.07,2.1,-0.3648696,0.0,2.375,1.3,255.802,8.4,3.7,1.1211,16.1200008392334,64.32217391304349,430.84999084472656,24.516249895095825,106.25600128173828,53.18833351135254,97.53401565551758,27.66210556030273,84.95166842142741,27.39624834060669,29.06749963760376,0.0229006543355307,-0.0036300543100369,0.0130427248337052,0.0098875286917902,0.0026680913174902,0.0170969450701882,0.0736170105984024,-0.0318085421616887,0.0044457051929898,-0.0013543023874153,0.04194809830361,0.0380500965598598,-0.0033832224994151,0.0052126071775256,-0.0876056367643743,-0.036481303167732,-0.15,-0.0099999999999997,0.0666914316195761,-0.0999999999999998,-0.0999999999999996,-0.00746471074851,0.0174656369186312,0.0023052171103783,0,1,0,0,0,0.0112927248337052,0.0211506543355307,-0.0033259963100369,0.0063167873174902,0.0135362246917902,0.0526170105984024,-0.0039030549298117,-0.0281598461616887,0.0080944011929898,0.0022943936125846,0.04559679430361,0.0416987925598598,0.0002654735005848,0.0088613031775256,-0.0839569407643743,-0.032832607167732,0.0,0.0,0.0
2019-08-01,7691.0,5480.47998046875,2926.4599609375,41.03499984741211,362.3999938964844,137.86000061035156,52.185001373291016,1.63,-0.34,1.95,-0.4076818,0.0,2.125,1.3,256.036,8.3,3.6,1.1129,18.979999542236328,59.61818181818182,418.0999984741211,23.83750033378601,107.65999908447266,50.3016668955485,104.53232192993164,26.728575706481934,90.2199986775716,27.532081445058186,28.70999956130981,-0.0203072642557672,-0.0069858625727091,-0.0182572817432622,-0.0275208249225176,-0.0349771162880186,0.0116004387701965,-0.020390425283367,-0.030039345723482,-0.0280761737855219,0.013126815767839,-0.0558008617664505,0.0692951286681698,-0.0343302019967224,0.0601686293570068,0.0049458405842566,-0.0123752202402988,-0.27,-0.4300000000000001,0.163324979923463,0.0,-0.0999999999999996,-0.0073411251801684,-0.075943831086688,0.0009143518703291,0,1,0,0,0,-0.0198822817432622,-0.0219322642557672,-0.0066461277393758,-0.0309002982880186,-0.0234440069225176,-0.039890425283367,-0.0078995612298034,-0.025962527723482,-0.0239993557855219,0.017203633767839,-0.0517240437664505,0.0733719466681698,-0.0302533839967224,0.0642454473570068,0.0090226585842566,-0.0082984022402988,0.0,0.0,0.0
2019-09-01,7749.4501953125,5677.7900390625,2976.739990234375,44.66999816894531,364.6499938964844,139.02999877929688,55.99250030517578,1.7,-0.27,1.89,-0.4175714,0.0,1.875,1.1,256.43,8.2,3.5,1.1011,16.239999771118164,62.43095238095238,430.7749938964844,26.09499955177307,109.69399871826172,50.659999211629234,107.0049285888672,28.43054135640462,86.75999768575032,28.26541503270467,29.75749969482422,0.0075710842334752,0.0353693945917518,0.0170352505910719,0.0848767370101304,0.0061894153653376,0.0084510465164753,0.0704226350569525,0.0298652631475128,0.0904837229895435,0.0187165548500781,0.0070984133784145,0.0233785706331611,0.0617307229375288,-0.0391054580379127,0.0262870509180518,0.0358357119515496,0.07,0.07,-0.1559084484237463,-0.1999999999999999,-0.1000000000000014,-0.010659540859834,0.046100592526157,0.0015376632893948,0,1,0,0,0,0.0154602505910719,0.0059960842334752,0.0357173707584185,0.0103651293653376,0.0890524510101304,0.0515226350569525,-0.0104489534835246,0.0340409771475128,0.0946594369895435,0.0228922688500781,0.0112741273784145,0.0275542846331611,0.0659064369375288,-0.0349297440379127,0.0304627649180518,0.0400114259515496,0.0,0.0,0.0
2019-10-01,8083.830078125,5729.85986328125,3037.56005859375,46.810001373291016,382.5,143.3699951171875,62.18999862670898,1.71,-0.16,1.65,-0.4128696,0.0,1.625,0.9,257.155,8.2,3.6,1.1058,13.220000267028809,59.63130434782609,449.875,26.907500505447388,108.35400085449218,49.49999872843424,108.01773834228516,28.28517246246338,85.03833357493083,26.52374760309856,26.494999408721924,0.0422438814827519,0.0091289943647613,0.0202258421533174,0.0467947902762114,0.0477906805743593,0.0307389387994445,0.1049764343888274,0.0433838685387174,0.030661369022304,-0.0122910068946358,-0.0231639851250849,0.0094205625684107,-0.0051262411240465,-0.0200435212220962,-0.0635985059779615,-0.1161251771763393,0.11,0.01,-0.2057464660174317,-0.2,0.0,0.004259374784287,-0.0458805072223267,0.0028232930540426,0,1,0,0,0,0.0188508421533174,0.0408688814827519,0.0094730523647613,0.0519193765743593,0.0509234862762114,0.0884764343888274,0.0142389387994445,0.0475125645387174,0.034790065022304,-0.0081623108946358,-0.0190352891250849,0.0135492585684107,-0.0009975451240465,-0.0159148252220962,-0.0594698099779615,-0.1119964811763393,0.0,0.0,0.0
2019-11-01,8403.6796875,5905.169921875,3140.97998046875,50.970001220703125,407.2999877929688,151.3800048828125,66.8125,1.81,-0.02,1.54,-0.4012857,0.0,1.625,1.2,257.879,8.2,3.6,1.1051,12.619999885559082,62.68666666666667,473.1750030517578,29.16000008583069,111.46999816894532,52.749999364217125,111.01253509521484,28.13578065236409,85.46666590372722,25.7387490272522,27.46999931335449,0.0388038881744279,0.0301371514090804,0.0334802660713781,0.085140363651858,0.0628213314171617,0.0543645969356005,0.0716959957516503,0.050495538975321,0.0803928331429521,0.0283518273907202,0.0635911164169727,0.0273476661743649,-0.0052956269249676,0.0050242893892345,-0.0300428670209539,0.0361384614828516,0.14,0.1,-0.0464480065775423,0.2999999999999999,0.0,-0.0006332263090959,0.0499680952648127,0.0028114667260625,0,1,0,0,0,0.0321969327380448,0.0375205548410946,0.0304715561590804,0.0668341884171617,0.089153220651858,0.0562959957516503,0.0389645969356005,0.054508395975321,0.0844056901429521,0.0323646843907202,0.0676039734169727,0.0313605231743649,-0.0012827699249676,0.0090371463892345,-0.0260300100209539,0.0401513184828516,0.0,0.0,0.0
2019-12-01,8733.0703125,5978.06005859375,3230.780029296875,52.83000183105469,414.2000122070313,157.6999969482422,73.4124984741211,1.86,0.04,1.54,-0.3947,0.0,1.625,1.6,258.63,8.2,3.6,1.1114,13.779999732971191,65.34818181818181,482.40000915527344,30.470000505447388,110.22999725341796,54.06000010172526,111.00944900512695,28.820167541503903,82.7499984105428,25.33041493097941,26.74000024795532,0.0384473367905339,0.0122678852477288,0.0281887562985421,0.0358419975342037,0.0167989937490766,0.0409012104809709,0.0942040112783723,0.0193083590170529,0.0439446995020827,-0.0111864129167023,0.0245307824265919,-2.779986045606162e-05,0.0240333047674098,-0.0323024324024264,-0.0159917557578305,-0.0269338941643646,0.06,0.05,0.0879353981626658,0.4000000000000001,0.0,0.0056846532510843,0.0415808452863259,0.0029079862276493,0,1,0,0,0,0.0269054229652088,0.0371640034572005,0.0125968019143955,0.0207459937490766,0.0397889975342037,0.0788040112783723,0.0255012104809709,0.0232553590170529,0.0478916995020827,-0.0072394129167023,0.0284777824265919,0.0039192001395439,0.0279803047674098,-0.0283554324024264,-0.0120447557578305,-0.0229868941643646,0.0,0.0,0.0
2020-01-01,8991.509765625,5806.33984375,3225.52001953125,48.04499816894531,395.2999877929688,170.22999572753906,77.37750244140625,1.76,-0.01,1.52,-0.3911364,0.0,1.625,1.7,259.127,8.2,3.6,1.1098,18.84000015258789,63.89869565217391,469.69998931884766,28.394999504089355,113.8259994506836,56.32666651407877,108.92333221435548,28.476364453633625,81.40166727701823,22.677081267038982,26.417499542236328,0.0291637679616199,-0.0291457133265965,-0.0016294196024425,-0.09494121221761,-0.0467040390106124,0.0764559641109859,0.0526018721487551,-0.0266794940989909,-0.0705295537213009,0.0321018947141375,0.0410735306175957,-0.0189710632963778,-0.0120009781464334,-0.0164282397318479,-0.1106510662407266,-0.0121339289416192,-0.05,-0.1,0.3127640310398476,0.0999999999999998,0.0,-0.00144066295402,-0.0224306686210384,0.0019198201188972,0,1,0,0,0,-0.0028960862691092,0.0278971012949532,-0.0288197663265965,-0.0427926750106124,-0.09102984821761,0.0374018721487551,0.0612559641109859,-0.0227681300989909,-0.0666181897213009,0.0360132587141375,0.0449848946175957,-0.0150596992963778,-0.0080896141464334,-0.0125168757318479,-0.1067397022407266,-0.0082225649416192,0.0,0.0,0.0
2020-02-01,8461.830078125,5309.89990234375,2954.219970703125,43.78499984741211,370.8500061035156,162.00999450683594,68.33999633789062,1.5,-0.18,1.52,-0.40885,0.0,1.625,1.6,259.25,7.8,3.5,1.0911,40.11000061035156,55.691,436.9124984741211,25.28500008583069,100.89600067138672,50.6766668955485,101.9661750793457,26.136988004048664,75.25499852498372,19.030415058135983,23.58499956130981,-0.0607153012022995,-0.0893774127944047,-0.0878595369083877,-0.0928467441287345,-0.0638472547814706,-0.0494924109123129,-0.1242008791118638,-0.0723612275708218,-0.1160017179382022,-0.1205806717556371,-0.1057024877064594,-0.0660031191471658,-0.0857229497800499,-0.0785134283132993,-0.175316286851267,-0.1134157538691667,-0.1699999999999999,-0.26,0.7556434177515419,-0.0999999999999998,-0.3999999999999994,-0.0169934572307477,-0.1374803948605869,0.0004745581007963,0,1,0,0,0,-0.0891262035750544,-0.0619819678689662,-0.0890367044610714,-0.0597587547814706,-0.0887582441287345,-0.1394008791118638,-0.0646924109123129,-0.0682727275708218,-0.1119132179382022,-0.1164921717556371,-0.1016139877064594,-0.0619146191471658,-0.0816344497800499,-0.0744249283132993,-0.171227786851267,-0.1093272538691668,0.0,0.0,0.0
2020-03-01,7813.5,4396.1201171875,2584.590087890625,27.51000022888184,338.45001220703125,157.7100067138672,63.5724983215332,0.87,-0.05,0.29,-0.4166364,0.0,0.125,0.8,258.076,7.6,4.4,1.1046,53.540000915527344,33.94727272727273,420.5124969482422,16.33399999141693,73.96800003051757,41.29166666666666,87.93778228759766,21.19307867685954,67.50166543324788,14.83641481399536,18.627500534057617,-0.0797124646442073,-0.188850623924394,-0.1336677246703745,-0.4647417062328187,-0.0914212776186715,-0.0269000817455667,-0.0723142326014464,-0.0382587444917597,-0.4369625135158648,-0.3104577223584477,-0.2048048816591059,-0.1480115964551172,-0.2096768251383003,-0.1087300563448205,-0.2489538725988562,-0.235971886019704,0.13,-0.63,0.2888033601931781,-0.8,-0.2000000000000001,0.0122969168060341,-0.4950100352467022,-0.0045387319229055,0,0,1,1,1,-0.1339093913370411,-0.079954131310874,-0.188503426924394,-0.0872549136186715,-0.4605753422328187,-0.0752142326014464,-0.0298000817455667,-0.0340923804917597,-0.4327961495158648,-0.3062913583584477,-0.2006385176591059,-0.1438452324551171,-0.2055104611383003,-0.1045636923448205,-0.2447875085988562,-0.231805522019704,0.0,0.0,0.0
2020-04-01,9000.509765625,4572.18017578125,2912.429931640625,28.674999237060547,352.45001220703125,179.2100067138672,73.44999694824219,0.66,0.06,0.14,-0.25405,0.0,0.125,0.4,256.032,7.6,14.8,1.0871,34.150001525878906,26.84863636363636,436.4375,16.603249669075012,73.87999954223633,45.38666534423828,99.46900939941406,20.51362578074137,71.95166810353597,15.639081796010336,19.13249969482422,0.1414282094859808,0.0392677933130974,0.1194208387601767,0.0414760531525677,0.0405323958325983,0.1278003939485503,0.1444239005720251,0.0371709823762577,0.0163496149900618,-0.0011904185234515,0.094557643037976,0.1232165873643396,-0.0325853132870635,0.0638423466101733,0.0526884055003376,0.0267494316351592,0.11,-0.2099999999999999,-0.4496664244936177,-0.4,0.0,-0.0159696782571325,-0.2345934862752843,-0.0079516785190181,0,0,1,1,1,0.11930417209351,0.1413115428193141,0.0394795016464307,0.0430728958325983,0.0440165531525677,0.1430239005720251,0.1264003939485503,0.0397114823762577,0.0188901149900618,0.0013500814765484,0.097098143037976,0.1257570873643396,-0.0300448132870635,0.0663828466101733,0.0552289055003376,0.0292899316351592,0.0,0.0,0.0
2020-05-01,9555.5302734375,4695.43994140625,3044.31005859375,32.255001068115234,375.0,183.25,79.48500061035156,0.67,-0.03,0.13,-0.27195,0.0,0.125,0.4,255.802,6.9,13.2,1.0907,27.51000022888184,32.42238095238095,463.5749969482422,17.422750115394592,76.72399978637695,48.21333312988281,100.1602554321289,21.07990455627441,71.77166906992595,16.48541498184204,18.18250036239624,0.0598388567535362,0.0266016588279896,0.0442865329490969,0.117647466689921,0.062017223115738,0.0222930007477782,0.0789634712205555,0.0603229970240986,0.0481783907111404,0.0377724149401402,0.0604172567359404,0.0069253252621393,0.0272308583930499,-0.0025048002817054,0.0527030248075881,-0.0509288307736861,-0.09,0.01,-0.2162130474420305,0.0,-0.6999999999999993,0.0033060917247425,0.1886339219980866,-0.0008987289452484,0,0,1,1,1,0.0441781996157635,0.0597305234202028,0.0268282838279896,0.0647367231157381,0.120366966689921,0.0776634712205555,0.0209930007477782,0.0630424970240986,0.0508978907111404,0.0404919149401402,0.0631367567359404,0.0096448252621393,0.0299503583930499,0.0002146997182945,0.0554225248075881,-0.0482093307736861,0.0,0.0,0.0
2020-06-01,10156.849609375,4935.990234375,3100.2900390625,35.369998931884766,390.5,203.509994506836,91.1999969482422,0.73,-0.04,0.16,-0.376,0.0,0.125,0.2,257.042,7.3,11.0,1.1259,30.43000030517578,40.86045454545455,476.0625,19.302499771118164,81.09999923706054,52.28999900817871,100.97787857055664,21.4259033203125,71.78833484649658,17.40041462580363,19.727499961853027,0.061028243138112,0.0499614956418394,0.0182213743567191,0.0921908699201276,0.0405019433093299,0.1048637759655872,0.1374865313263666,0.0265809705026542,0.1024577792313935,0.0554683876388394,0.0811695254763753,0.0081300112086537,0.0162804295980204,0.0002321785482145,0.0540179854994106,0.0815539865017533,-0.01,0.0599999999999999,0.1008793906812259,-0.2,0.3999999999999994,0.0317630238743875,0.2313137593264418,0.0048357879450016,0,0,1,1,1,0.0180880410233858,0.0608949098047787,0.0502748289751727,0.0442619433093299,0.0959508699201276,0.1358865313263666,0.1032637759655872,0.0303409705026542,0.1062177792313935,0.0592283876388394,0.0849295254763753,0.0118900112086537,0.0200404295980204,0.0039921785482145,0.0577779854994106,0.0853139865017533,0.0,0.0,0.0
2020-07-01,10905.8798828125,4783.68994140625,3271.1201171875,34.1150016784668,366.75,205.009994506836,106.26000213623048,0.62,-0.15,0.13,-0.4441304,0.0,0.125,0.9,258.352,8.6,10.2,1.1488,24.459999084472656,43.29565217391304,454.4250030517578,18.022250652313232,76.77000045776367,54.70999972025553,98.93057632446288,20.40271600087484,72.01333363850911,16.225414752960205,18.580999851226807,0.0711537663315869,-0.0313411051829721,0.0536368016345058,-0.0361267535514066,-0.0627475522566495,0.0073436149095203,0.1528340775085749,-0.0465162579181976,-0.068627467497391,-0.0548690069113748,0.0452413737301766,-0.0204831139016145,-0.0489325962839914,0.0031292957584033,-0.0699152101561682,-0.0598740542354779,-0.1099999999999999,-0.1099999999999999,-0.2183898811082065,0.7,1.2999999999999998,0.020135203484875,0.0578895044908693,0.005083500471799,0,0,1,1,1,0.0535284683011725,0.0710454329982535,-0.0309709965163054,-0.0583062482566495,-0.0316854495514066,0.1515340775085749,0.0060436149095203,-0.0420749539181976,-0.064186163497391,-0.0504277029113748,0.0496826777301766,-0.0160418099016145,-0.0444912922839914,0.0075705997584033,-0.0654739061561682,-0.0554327502354779,0.0,0.0,0.0
2020-08-01,12110.7001953125,4947.22021484375,3500.31005859375,36.56499862670898,392.7999877929688,225.52999877929688,129.0399932861328,0.65,-0.17,0.1,-0.4797143,0.0,0.125,0.2,259.316,9.0,8.4,1.1831,26.40999984741211,45.08142857142857,475.9249954223633,18.95274972915649,82.73799896240234,57.59333292643229,97.0516471862793,21.41041978200277,70.68666617075603,18.010415236155193,19.350000381469727,0.1047872929094854,0.0336136431117124,0.0677190830043573,0.0693542416977418,0.0686201283802559,0.0953944507335512,0.1942334406609996,0.0462273789586437,0.0503418835969638,0.0748650312923611,0.0513603102350454,-0.0191750728723825,0.0482096799427794,-0.0185943334804238,0.1043713899389746,0.0405528939461084,-0.02,0.03,0.0767036277019319,-0.7,0.4000000000000003,0.0294201929656573,0.0404181600850463,0.0037243990909825,0,0,1,1,1,0.067635749671024,0.1047039595761521,0.034013405028379,0.0734172713802559,0.0741513846977418,0.1932334406609996,0.0943944507335512,0.0510245219586437,0.0551390265969638,0.0796621742923611,0.0561574532350454,-0.0143779298723825,0.0530068229427794,-0.0137971904804238,0.1091685329389746,0.0453500369461084,0.0,0.0,0.0
2020-09-01,11418.0595703125,4803.43994140625,3363.0,30.975000381469727,399.3999938964844,210.3300018310547,115.80999755859376,0.68,-0.21,0.11,-0.4913636,0.0,0.125,0.0,259.997,9.0,7.8,1.1785,26.3700008392334,41.92681818181818,495.1999969482422,16.385250091552734,77.64800109863282,55.986666997273765,99.2619400024414,19.46001243591309,68.34499835968018,17.220414956410725,18.23199987411499,-0.0588931007331827,-0.0294935303814234,-0.040018119983178,-0.1659110213347726,0.0166628602966559,-0.0697754477828059,-0.108171485672452,0.0397014460342559,-0.1455674799630961,-0.063493169283214,-0.0282932401445694,0.0225189325990636,-0.0955159934210935,-0.0336885742098912,-0.0448546187267687,-0.059514154151224,-0.0399999999999999,0.03,-0.0015156883408811,-0.2,0.0,-0.0038956688834312,-0.0725447041098208,0.0026226972571725,0,0,1,1,1,-0.0401097866498447,-0.0589847673998494,-0.0290840607147567,0.0215764962966559,-0.1609973853347726,-0.109271485672452,-0.0708754477828059,0.0446150820342559,-0.1406538439630961,-0.058579533283214,-0.0233796041445694,0.0274325685990636,-0.0906023574210935,-0.0287749382098912,-0.0399409827267687,-0.054600518151224,0.0,0.0,0.0
2020-10-01,11052.9501953125,4594.240234375,3269.9599609375,29.854999542236328,402.2999877929688,202.47000122070312,108.86000061035156,0.79,-0.3,0.1,-0.5091364,0.0,0.125,0.1,260.319,8.3,6.9,1.1768,38.02000045776367,41.60681818181818,499.375,15.51925003528595,76.20199890136719,51.53333282470703,90.4353256225586,17.207366625467937,66.38666502634685,16.983747959136963,19.71499967575073,-0.0324988964262645,-0.0445289197271398,-0.0280556922855541,-0.0368281251645552,0.0072346429126339,-0.0380860011401321,-0.0618882375023401,0.0083956013128301,-0.0543003543608681,-0.0187981121618012,-0.0828847354376257,-0.0931272533947581,-0.1230241315007992,-0.0290721752067346,-0.0138387116710294,0.0782014658439951,-0.09,0.1099999999999999,0.3658853169098544,0.1,-0.6999999999999993,-0.001443553088958,-0.0076616218154503,0.0012377095499918,0,0,1,1,1,-0.0281390256188874,-0.0325822297595978,-0.0441046393938065,0.0123260069126339,-0.0317367611645552,-0.0628882375023402,-0.0390860011401321,0.0134869653128301,-0.0492089903608681,-0.0137067481618012,-0.0777933714376257,-0.0880358893947581,-0.1179327675007992,-0.0239808112067346,-0.0087473476710294,0.0832928298439951,0.0,0.0,0.0
2020-11-01,12268.3203125,5518.5498046875,3621.6298828125,42.96500015258789,482.8999938964844,214.07000732421875,119.0500030517578,0.87,-0.32,0.09,-0.5208571,0.0,0.125,0.2,260.911,8.1,6.7,1.1826,20.56999969482422,44.05,553.0250015258789,22.259250164031982,97.8480010986328,60.04333432515463,101.49782943725586,22.25498040517171,75.86333338419597,22.001247882843018,24.34000015258789,0.1043229771747483,0.1833117132586909,0.1021464279066001,0.3640335196505752,0.182611531627564,0.0557113651007786,0.0894809399543133,0.1020458946956971,0.3606764688077588,0.250027570763069,0.152837702670421,0.1154024521701584,0.2572282376919879,0.1334372681608646,0.258842289306339,0.2107413429456392,-0.02,0.0799999999999999,-0.6142786602714567,0.1,-0.200000000000001,0.0049165140995017,0.0570612999434807,0.0022715509642852,0,0,1,1,1,0.1020714279066001,0.1042479771747482,0.1837457608420242,0.187820102627564,0.3692420906505751,0.0885809399543133,0.0548113651007786,0.1072544656956971,0.3658850398077588,0.255236141763069,0.1580462736704209,0.1206110231701584,0.2624368086919879,0.1386458391608646,0.264050860306339,0.2159499139456392,0.0,0.0,0.0
2020-12-01,12888.2802734375,5551.41015625,3756.070068359375,43.10499954223633,510.8999938964844,222.4199981689453,132.69000244140625,0.93,-0.34,0.09,-0.5380909,0.0,0.125,0.0,262.045,7.9,6.7,1.2168,22.75,50.37695652173913,573.9249954223633,22.489749431610107,96.05800018310546,63.43666776021322,101.54263687133788,22.371023178100582,74.8633337020874,22.84458080927531,25.246999263763428,0.0492980369856848,0.0059368684612847,0.0364490478405915,0.0032531547255208,0.0563642841499557,0.0382643796050164,0.1084720003805442,0.0370955065693797,0.0103019646580007,-0.0184630878075191,0.0549755098134427,0.0004413645774562,0.0052006913083666,-0.013269242584945,0.0376147518074934,0.036586213791742,-0.02,0.06,0.1007314565680577,-0.2,-0.1999999999999993,0.0285090575583535,0.134208506271662,0.0043368917362647,0,0,1,1,1,0.0363740478405915,0.0492230369856848,0.0063852775446181,0.0617451931499557,0.0086340637255208,0.1075720003805442,0.0373643796050164,0.0424764155693797,0.0156828736580007,-0.0130821788075191,0.0603564188134427,0.0058222735774562,0.0105816003083666,-0.007888333584945,0.0429956608074934,0.041967122791742,0.0,0.0,0.0
2021-01-01,12925.3798828125,5399.2099609375,3714.239990234375,39.77999877929688,498.2999877929688,231.9600067138672,131.9600067138672,1.08,-0.31,0.08,-0.54715,0.0,0.125,0.8,262.639,8.1,6.4,1.2178,33.09000015258789,55.2247619047619,543.1499862670898,20.72449946403504,91.80199890136718,61.90666707356771,95.61004638671876,22.99487368265788,74.88333193461101,25.19549783070882,26.231999397277832,0.0028744187917861,-0.0277993383554023,-0.0111991376508885,-0.0802747463026805,-0.0249715836001515,0.0419974937940357,-0.0055167017092413,-0.0551132181896824,-0.0817430751680109,-0.0453181056914161,-0.024414169042799,-0.0602008757128059,0.0275047944170459,0.0002670941961541,0.0979513955400781,0.038272708945606,0.03,0.15,0.3746659811478605,0.8,0.1999999999999993,0.0008214902293905,0.091877579276117,0.0022642209549799,0,0,1,1,1,-0.0112658043175551,0.0028077521251195,-0.027343380022069,-0.0195000836001515,-0.0748032463026805,-0.0063167017092413,0.0411974937940357,-0.0496417181896824,-0.0762715751680109,-0.0398466056914161,-0.018942669042799,-0.0547293757128059,0.032976294417046,0.0057385941961541,0.1034228955400781,0.043744208945606,0.0,0.0,0.0
2021-02-01,12909.4404296875,5703.22021484375,3811.14990234375,49.275001525878906,525.0,232.3800048828125,121.26000213623048,1.26,-0.15,0.04,-0.5411,0.0,0.125,0.8,263.573,8.2,6.2,1.2094,27.950000762939453,62.3625,568.9750061035156,25.55625009536743,99.2980010986328,66.49999809265137,103.74557495117188,24.003076871236164,76.08500162760417,26.59908930460612,29.04400062561035,-0.0012339513071655,0.0547783259522049,0.0257568766725366,0.2140526412659043,0.0521959818016184,0.0018090118145922,-0.0845618789778998,0.046451007561256,0.2095653594459185,0.078491369011303,0.0715740379234479,0.0816636048649717,0.0429107173745602,0.0159198295946243,0.0542116574879537,0.1018319264923424,0.16,0.1799999999999999,-0.1688138996471306,0.0,0.0999999999999996,-0.0069215833353611,0.1215526952571881,0.0035499037682198,0,0,1,1,1,0.0257235433392033,-0.0012672846404989,0.0552292426188716,0.0576069818016184,0.2194636412659043,-0.0849618789778998,0.0014090118145922,0.051862007561256,0.2149763594459185,0.083902369011303,0.0769850379234479,0.0870746048649717,0.0483217173745602,0.0213308295946243,0.0596226574879537,0.1072429264923424,0.0,0.0,0.0
2021-03-01,13091.4404296875,6067.22998046875,3972.889892578125,51.880001068115234,568.0999755859375,235.7700042724609,122.1500015258789,1.61,-0.07,0.03,-0.539087,0.0,0.125,1.4,264.847,8.2,6.1,1.1902,19.39999961853028,65.79608695652173,606.8749847412109,27.35625052452088,102.98400115966795,71.35666910807292,109.83131790161131,24.31892903645833,77.99833424886067,27.974166870117188,31.27250051498413,0.0139997543573234,0.0618711897384658,0.0415628072825466,0.0515164960310546,0.0788991539965181,0.0144827879005969,0.0073127919350673,0.0644863067451837,0.0680631322682979,0.0364482066926112,0.0704888909052769,0.057004208068451,0.0130729946996793,0.0248363129137194,0.0504044939928419,0.0739271905163053,0.0799999999999999,0.3500000000000001,-0.3651441804917947,0.5999999999999999,0.0,-0.0160030086283609,0.053596234629909,0.0048219312988999,0,0,1,1,1,0.0415378072825466,0.0139747543573234,0.0623204289051325,0.0842900239965181,0.0569073660310546,0.0070127919350673,0.0141827879005969,0.0698771767451837,0.0734540022682979,0.0418390766926112,0.0758797609052769,0.062395078068451,0.0184638646996793,0.0302271829137194,0.0557953639928419,0.0793180605163053,0.0,0.0,0.0
2021-04-01,13860.759765625,6269.47998046875,4181.169921875,53.38999938964844,626.2000122070312,252.17999267578125,131.4600067138672,1.64,-0.01,0.02,-0.53815,0.0,0.125,1.6,266.625,8.2,6.1,1.1965,18.61000061035156,65.53181818181818,669.5875015258789,28.36424970626831,106.66400146484376,74.0499979654948,111.1129379272461,24.911966641743977,81.81166585286458,25.80683358510335,32.105000495910645,0.0571031950711629,0.0327912584536221,0.0510973304680564,0.0286900710437177,0.097372411797985,0.0672863175339636,0.0734528637113933,0.0983390395160699,0.0361844979059895,0.0351100729284162,0.0370497033539072,0.0116014276593413,0.0240932562485711,0.047732377100725,-0.0806421480294684,0.0262726631181405,0.06,0.0299999999999998,-0.0415739429547685,0.2000000000000001,0.0,0.0052792681376762,-0.0040245693575222,0.0066908760314525,0,0,1,1,1,0.0510806638013897,0.0570865284044962,0.0332397167869555,0.102753911797985,0.0340715710437177,0.0732528637113933,0.0670863175339636,0.1037205395160699,0.0415659979059895,0.0404915729284162,0.0424312033539072,0.0169829276593413,0.0294747562485711,0.053113877100725,-0.0752606480294684,0.0316541631181405,0.0,0.0,0.0
2021-05-01,13686.509765625,6447.169921875,4204.10986328125,55.84999847412109,652.0,249.67999267578125,124.61000061035156,1.62,0.21,0.02,-0.5400952,0.0,0.125,1.8,268.404,8.0,5.8,1.2146,16.760000228881836,68.3752380952381,730.2749938964844,29.20924949645996,107.03999938964844,73.6533317565918,112.66641235351562,24.94473393758138,85.05666414896648,27.17966651916504,32.954999923706055,-0.0126511503347947,0.0279478492358176,0.0054714927167232,0.0450460471140409,0.040374733540526,-0.0099630205733647,-0.0535138090541174,0.0867593137566545,0.0293558836558715,0.0035188701314188,-0.0053711336537916,0.0138842067390695,0.0013144592471865,0.0388978236547665,0.0518298148053397,0.0261311954970531,0.22,-0.0199999999999997,-0.1047039947407548,0.1999999999999999,-0.1999999999999993,0.0150141761150469,0.0424749444738061,0.0066501313246192,0,0,1,1,1,0.0054548260500566,-0.0126678170014614,0.0283979285691509,0.045775685540526,0.0504469991140409,-0.0537138090541174,-0.0101630205733647,0.0921602657566545,0.0347568356558715,0.0089198221314188,2.9818346208304244e-05,0.0192851587390695,0.0067154112471865,0.0442987756547665,0.0572307668053397,0.0315321474970531,0.0,0.0,0.0
2021-06-01,14554.7998046875,6507.830078125,4297.5,52.869998931884766,661.2999877929688,270.8999938964844,136.9600067138672,1.52,0.15,0.04,-0.5429091,0.0,0.125,1.9,270.71,7.9,5.9,1.2048,15.829999923706056,73.51272727272728,750.6499938964844,27.732249975204468,106.81399841308594,77.8350003560384,120.08999633789062,24.755481402079266,87.71833165486653,28.08333333333333,31.77749919891357,0.0615101636323669,0.0093648166071682,0.0219708725661224,-0.054833448149503,0.0141630142948205,0.0815696579324369,0.0945000965612024,0.0275183225522422,-0.0518894276906528,-0.0021136014572492,0.0552218264768177,0.0638100815828398,-0.0076158000095124,0.0308132329532468,0.0327071412630255,-0.0363845252121358,-0.06,-0.1,-0.0570882396370295,0.0999999999999998,-0.0999999999999996,-0.0081012264178456,0.0724478084681097,0.0085548290852015,0,0,1,1,1,0.0219375392327891,0.0614768302990335,0.0098172408571682,0.0195921052948205,-0.049404357149503,0.0941000965612024,0.081169657932437,0.0329474135522422,-0.0464603366906528,0.0033154895427507,0.0606509174768177,0.0692391725828398,-0.0021867090095124,0.0362423239532468,0.0381362322630255,-0.0309554342121358,0.0,0.0,0.0
2021-07-01,14959.900390625,6612.759765625,4395.259765625,51.45000076293945,673.9000244140625,284.9100036621094,145.86000061035156,1.32,-0.01,0.05,-0.5448182,0.0,0.125,1.5,271.965,7.9,5.4,1.1821,18.239999771118164,74.40318181818182,776.2500076293945,27.453750133514404,109.00200042724607,87.77000045776367,121.07625198364258,24.880088488260903,87.94000244140625,27.546667098999023,31.3075008392334,0.0274524914418967,0.0159950011152759,0.0224931759222513,-0.0272255729358736,0.0188741919587168,0.0504236272159988,0.0629583003265164,0.033535153348876,-0.0100932194919158,0.0202772453836992,0.1201285557574335,0.0081790976207581,0.0050208891820347,0.0025238871283907,-0.0192947287265444,-0.0149007547152571,-0.16,-0.1999999999999999,0.1417101030244976,-0.3999999999999999,0.0,-0.019021060289298,0.0120401558965443,0.0046252443445462,0,0,1,1,1,0.0224515092555846,0.0274108247752301,0.0164490162819426,0.0243223739587168,-0.0217773909358736,0.0624583003265164,0.0499236272159988,0.038983335348876,-0.0046450374919158,0.0257254273836992,0.1255767377574335,0.0136272796207581,0.0104690711820347,0.0079720691283907,-0.0138465467265444,-0.0094525727152571,0.0,0.0,0.0
2021-08-01,15582.509765625,6680.18017578125,4522.68017578125,53.72999954223633,626.7999877929688,301.8800048828125,151.8300018310547,1.28,-0.12,0.05,-0.5475909,0.0,0.125,2.4,272.752,7.8,5.1,1.1767,16.479999542236328,70.58818181818182,735.3999938964844,29.09249997138977,110.01800079345703,92.05666478474934,124.91805648803712,25.82872645060221,85.55666542053223,27.550167083740234,32.57000017166138,0.0407758022618265,0.0101438791678622,0.0285781431597925,0.0433610191122128,-0.0724542771734863,0.0578562498148114,0.040114224213407,-0.0540600825086305,0.0579776325065986,0.0092777613768689,0.0476845472010423,0.0312374454423506,0.0374194763771271,-0.0274758816396973,0.0001270484882782,0.0395339122964831,-0.11,-0.04,-0.1014694753934355,0.8999999999999999,-0.1000000000000005,-0.0045786072864479,-0.0526359731541719,0.0028895758626878,0,0,1,1,1,0.0285364764931259,0.0407341355951598,0.0106002049178622,-0.0669783681734863,0.0488369281122128,0.039614224213407,0.0573562498148114,-0.0485841735086305,0.0634535415065987,0.0147536703768689,0.0531604562010423,0.0367133544423506,0.0428953853771271,-0.0219999726396973,0.0056029574882782,0.0450098212964831,0.0,0.0,0.0
2021-09-01,14689.6201171875,6520.009765625,4307.5400390625,55.43999862670898,620.0999755859375,281.9200134277344,141.5,1.37,0.04,0.04,-0.5450455,0.0,0.125,2.7,273.942,7.7,4.7,1.1765,23.13999938964844,74.74954545454545,697.3624954223633,29.666499376297,108.59400024414064,87.79333114624023,122.2885513305664,26.37899939219157,88.43166542053223,26.89033381144206,33.80599927902222,-0.0590079865139042,-0.0242690858744625,-0.0487377927828331,0.0313298338898593,-0.0107467750220425,-0.068406213213943,-0.0704617688707044,-0.0531092054859545,0.0195380340302341,-0.0130278363781629,-0.0474187663184313,-0.0212745472905468,0.0210809151796919,0.033051201742574,-0.0242417161602301,0.0372466556423893,0.16,0.09,0.3394151986846547,0.3000000000000002,-0.0999999999999996,-0.000169981302466,0.0572803972328301,0.0043534477402582,0,0,1,1,1,-0.0487711261161665,-0.0590413198472376,-0.0238148812911292,-0.0052963200220425,0.0367802888898593,-0.0708617688707044,-0.068806213213943,-0.0476587504859545,0.0249884890302341,-0.0075773813781629,-0.0419683113184313,-0.0158240922905468,0.0265313701796919,0.038501656742574,-0.0187912611602301,0.0426971106423893,0.0,0.0,0.0
2021-10-01,15850.4697265625,6830.33984375,4605.3798828125,57.900001525878906,677.2000122070312,331.6199951171875,149.8000030517578,1.58,0.2,0.05,-0.5498095,0.0,0.125,3.2,276.528,7.5,4.5,1.16,16.260000228881836,83.8652380952381,772.7125091552734,31.23375010490417,109.51399993896484,97.53166834513348,130.51066970825195,27.96533266703288,90.2349983851115,27.4076665242513,33.68749952316284,0.0760580057380232,0.0464985561158101,0.0668581752839893,0.0434160808217577,0.0880859523000587,0.162366329971702,0.0570013743720415,0.1026017086168302,0.0514808022472965,0.0084362348049099,0.1051915861042532,0.0650715566866075,0.0583974080144509,0.0201872488990634,0.0190558902465532,-0.003511445686573,0.16,0.2099999999999999,-0.3528545771930202,0.5,-0.2000000000000001,-0.0141239240670069,0.115068070795874,0.0093956765093095,0,0,1,1,1,0.0668165086173226,0.0760163390713565,0.0469567306991434,0.0935840473000586,0.0489141758217577,0.0565013743720415,0.161866329971702,0.1080998036168302,0.0569788972472965,0.0139343298049099,0.1106896811042532,0.0705696516866074,0.0638955030144509,0.0256853438990634,0.0245539852465532,0.0019866493134269,0.0,0.0,0.0
2021-11-01,16135.919921875,6721.16015625,4567.0,55.08000183105469,686.5999755859375,330.5899963378906,165.3000030517578,1.56,0.1,0.05,-0.5673636,0.0,0.125,3.4,278.824,7.5,4.1,1.1416,27.190000534057617,80.89045454545455,854.625,29.760250568389893,101.9720016479492,100.13833491007487,128.3128204345703,27.27333354949951,89.7033338546753,25.39966646830241,33.32499980926514,0.017848702310305,-0.0161136479152969,-0.0083686256552052,-0.0499307038286409,0.0137851771809586,-0.003110794531038,0.0984609318335791,0.1007557125354968,-0.0483256147279995,-0.0713541124514583,0.0263754503365943,-0.0169837915628584,-0.0250561922789905,-0.0059094254239121,-0.0760867316433383,-0.0108189741731993,-0.1,-0.02,0.5141411600900336,0.1999999999999997,0.0,-0.0159892179377836,-0.0361153758550312,0.0082686767370576,0,0,1,1,1,-0.0084102923218719,0.0178070356436383,-0.0156408449152969,0.0194588131809586,-0.0442570678286409,0.0979609318335791,-0.003610794531038,0.1064293485354968,-0.0426519787279995,-0.0656804764514583,0.0320490863365943,-0.0113101555628584,-0.0193825562789905,-0.0002357894239121,-0.0704130956433383,-0.0051453381731993,0.0,0.0,0.0
2021-12-01,16320.080078125,7153.02978515625,4766.18017578125,60.77000045776367,727.0,336.32000732421875,177.57000732421875,1.47,0.05,0.06,-0.5819565,0.0,0.125,3.4,280.806,7.4,3.9,1.1301,17.219999313354492,74.67826086956522,846.7125091552734,32.42750000953674,112.03800354003906,103.72666676839192,135.66034317016602,29.967999776204422,94.06499989827472,27.75349934895833,34.30650043487549,0.0113484183320455,0.062275231193361,0.0426886481613966,0.0983095465759857,0.0571746320678405,0.0171841836480466,0.0716029153287672,-0.0093015616836724,0.0858331989605819,0.0941398491053311,0.035206656056436,0.055683093074668,0.0942207064748545,0.0474780964887846,0.0886258921382559,0.0290269929262742,-0.05,-0.09,-0.4567778191613718,0.0,-0.0999999999999996,-0.0101246627965214,-0.0799067956820822,0.0070832810495469,0,0,1,1,1,0.0426386481613966,0.0112984183320455,0.062760194943361,0.0629941970678405,0.1041291115759857,0.0710029153287672,0.0165841836480466,-0.0034819966836724,0.0916527639605819,0.0999594141053311,0.041026221056436,0.061502658074668,0.1000402714748545,0.0532976614887846,0.0944454571382559,0.0348465579262742,0.0,0.0,0.0
2022-01-01,14930.0498046875,6999.2001953125,4515.5498046875,63.0,722.5999755859375,310.9800109863281,174.77999877929688,1.76,0.31,0.15,-0.5601429,0.0,0.125,3.3,282.542,7.3,4.0,1.1317,24.82999992370605,85.62238095238095,768.5624923706055,34.230000257492065,109.24000244140623,93.7133331298828,127.74311447143556,31.90133380889893,87.05666669209798,29.6026668548584,35.0600004196167,-0.0890203088463035,-0.0217401284116673,-0.0540182299992834,0.0360384727115443,-0.0060706926063937,-0.0783344727083602,-0.0158369054025086,-0.0968393375444563,0.0540956315377177,-0.0252908121072511,-0.1015187601348899,-0.0601329559799679,0.0625176828739681,-0.0774267836692641,0.0645025188121565,0.0217260381940495,0.26,0.29,0.3659811373227235,-0.1,-0.1000000000000005,0.0014148026057906,0.1367576780617145,0.0061631726574544,0,0,1,1,1,-0.0541432299992834,-0.0891453088463035,-0.0212733426616673,-0.0004692636063937,0.0416399017115443,-0.0173369054025086,-0.0798344727083602,-0.0912379085444563,0.0596970605377177,-0.0196893831072511,-0.0959173311348899,-0.0545315269799679,0.0681191118739681,-0.0718253546692641,0.0701039478121565,0.0273274671940495,0.0,0.0,0.0
2022-02-01,14237.8095703125,6658.830078125,4373.93994140625,52.5099983215332,659.9000244140625,298.7900085449219,165.1199951171875,1.93,0.68,0.33,-0.5315,0.0,0.125,4.2,284.525,7.3,3.9,1.1349,30.14999961853028,94.267,723.5,28.47274923324585,113.35999908447266,89.91000111897786,123.15952682495116,30.3559996287028,89.28666496276855,25.308000564575195,35.22699975967407,-0.0474748755830252,-0.0498520795385075,-0.0318627610217114,-0.1821311307064728,-0.090767439541141,-0.0399876226628549,-0.0568555804932707,-0.0604213309342905,-0.1841549974639421,0.0370212683516253,-0.0414312926223077,-0.0365408480739291,-0.0496536417976433,0.025292900295017,-0.1567438801266836,0.0047519357457505,0.37,0.1699999999999999,0.1941323140733755,0.9000000000000004,0.0,0.0028236143351974,0.0961844727188125,0.0069939110657575,0,0,1,1,1,-0.0321377610217114,-0.0477498755830252,-0.0494091628718408,-0.085452439541141,-0.1768161307064729,-0.0601555804932707,-0.0432876226628549,-0.0551063309342905,-0.1788399974639422,0.0423362683516253,-0.0361162926223077,-0.0312258480739291,-0.0443386417976433,0.030607900295017,-0.1514288801266836,0.0100669357457505,0.0,0.0,0.0
2022-03-01,14838.490234375,6659.8701171875,4530.41015625,51.93000030517578,649.4000244140625,308.3099975585937,174.61000061035156,2.13,0.78,0.44,-0.4954348,0.0,0.375,5.1,287.467,7.4,3.7,1.1019,20.559999465942383,112.44,720.1125106811523,28.46024990081787,115.34400024414064,95.60166676839192,127.36934280395508,29.01799964904785,89.65833409627278,23.13683319091797,32.98199939727783,0.041323424493204,0.0001561772619494,0.0351482862715227,-0.0111069319521562,-0.0160394481224407,0.0313647482915171,0.0558824663076485,-0.0046930814345813,-0.0004390892037627,0.0173503824727104,0.0613810722789717,0.0336105957536955,-0.0450778643110373,0.0041540101138614,-0.089694715517752,-0.0658508873750678,0.0999999999999999,0.1999999999999999,-0.3828374959094001,0.8999999999999995,0.1000000000000005,-0.0295085788133618,0.1762885646223821,0.0102869478727276,0,0,1,1,1,0.034781619604856,0.0409567578265374,0.0005690395952827,-0.0110851001224407,-0.0061525839521562,0.0514824663076485,0.0269647482915171,0.0002612665654186,0.0045152587962372,0.0223047304727104,0.0663354202789717,0.0385649437536955,-0.0401235163110373,0.0091083581138614,-0.084740367517752,-0.0608965393750678,0.0,0.0,0.0
2022-04-01,12854.7998046875,6533.77001953125,4131.93017578125,49.70500183105469,619.5,277.5199890136719,157.64999389648438,2.75,1.28,0.76,-0.4478947,0.0,0.375,5.4,288.582,7.5,3.7,1.0803,33.400001525878906,106.1557142857143,666.9999923706055,27.1777503490448,112.2519989013672,91.45666885375977,130.45761489868164,28.81566588083903,91.81666437784833,22.11516729990641,34.4490008354187,-0.1435072290811513,-0.019115867379476,-0.0920678249074223,-0.0437910952303551,-0.0471361961943468,-0.1052127993124426,-0.1021775717540883,-0.0766174301597062,-0.046109736714293,-0.0271726357304798,-0.0443249590465473,0.0239573071099584,-0.0069971215509578,0.0237876520012072,-0.0451621817864825,0.0435180538807432,0.5,0.6200000000000001,0.4852085310562519,0.3000000000000007,0.0999999999999996,-0.0197971821707921,-0.0575127271597812,0.0038712032916254,0,0,1,0,0,-0.0927011582407556,-0.1441405624144847,-0.0187426217961427,-0.0426572491943468,-0.0393121482303551,-0.1097775717540883,-0.1128127993124426,-0.0721384831597062,-0.041630789714293,-0.0226936887304798,-0.0398460120465473,0.0284362541099584,-0.0025181745509578,0.0282665990012072,-0.0406832347864825,0.0479970008807432,0.0,0.0,0.0
2022-05-01,12642.099609375,6468.7998046875,4132.14990234375,53.11000061035156,597.2000122070312,271.8699951171875,148.83999633789062,2.9,1.52,0.98,-0.3857273,0.0,0.875,5.8,291.299,7.5,3.6,1.0567,26.190000534057617,112.1136363636364,636.3625030517578,27.984750032424927,107.46999816894532,85.63833363850911,123.10502243041992,31.375333786010746,85.42000007629395,23.264833132425945,31.264000415802,-0.0166847839936233,-0.0099935253474923,5.317629076062466e-05,0.0662596774239748,-0.0366606149637212,-0.0205689701648376,-0.0575054684013754,-0.0470216601584234,0.0292610834224235,-0.0435346122331333,-0.0657322898899026,-0.0580105520032562,0.0851028425450665,-0.0722135440159967,0.0506792365097578,-0.0970127045529677,0.24,0.1499999999999999,-0.2431782667563689,0.3999999999999994,0.0,-0.0220879358759542,0.0546059484369276,0.0093709567401312,0,0,1,0,0,-0.000763490375906,-0.01750145066029,-0.0096720859308257,-0.0328033419637212,0.0701169504239748,-0.0673054684013754,-0.0303689701648376,-0.0431643871584234,0.0331183564224235,-0.0396773392331333,-0.0618750168899026,-0.0541532790032562,0.0889601155450665,-0.0683562710159967,0.0545365095097578,-0.0931554315529677,0.0,0.0,0.0
2022-06-01,11503.7197265625,5922.85986328125,3785.3798828125,45.3650016784668,581.7000122070312,256.8299865722656,136.72000122070312,3.14,2.06,1.49,-0.2392273,0.0,1.625,6.5,295.072,7.4,3.6,1.0567,28.709999084472656,117.6927272727273,617.0250015258789,24.1615002155304,100.31399993896484,76.18833287556966,118.08673858642578,28.2086664835612,81.81500053405762,20.51566696166992,28.94000005722046,-0.0943620457081028,-0.0881711724497261,-0.0876515818048179,-0.1576243263057738,-0.0262972142036627,-0.0569096577692122,-0.0849368311382602,-0.0308588301227627,-0.1468992539524547,-0.0689064559401173,-0.1169246666841189,-0.0416184047570437,-0.1063927831509106,-0.0431196588979993,-0.1257540765055286,-0.07724256597953,0.54,0.2400000000000002,0.0918677833328938,0.7000000000000002,-0.0999999999999996,0.0,0.0485642546655009,0.0128691632842929,0,0,1,0,0,-0.0888932484714845,-0.0956037123747695,-0.0879718163663927,-0.0239049412036627,-0.1552320533057738,-0.0998368311382602,-0.0718096577692122,-0.0284665571227627,-0.1445069809524547,-0.0665141829401173,-0.1145323936841189,-0.0392261317570437,-0.1040005101509106,-0.0407273858979993,-0.1233618035055286,-0.07485029297953,0.0,0.0,0.0
2022-07-01,12947.9697265625,6448.5,4130.2900390625,46.0,675.0,280.739990234375,162.50999450683594,2.9,1.71,2.23,0.036619,0.5,2.375,6.8,294.94,7.3,3.5,1.0168,21.32999992370605,105.2528571428571,733.5000076293945,24.81599998474121,112.22599792480467,87.98000208536784,123.19427108764648,28.72999986012777,87.31666692097981,23.2773338953654,30.948500633239743,0.1182685604302139,0.0850281283606694,0.0872013846897158,0.0139004768683456,0.1487578189707167,0.0890146041809545,0.172804456800085,0.1729180637883272,0.0267281396668319,0.1122094109324837,0.1439012005227051,0.0423431219079376,0.0183126152802904,0.0650807526901739,0.1262912566171721,0.0670998299700992,-0.3500000000000001,-0.2400000000000002,-0.2971309333377543,0.2999999999999998,-0.1000000000000005,-0.0384904035717408,-0.1117116035365164,-0.0004474485339365,0,0,1,0,0,0.0853430513563825,0.1164102270968806,0.084997612527336,0.1483916289707167,0.0135342868683456,0.150504456800085,0.0667146041809545,0.1725518737883272,0.0263619496668319,0.1118432209324837,0.1435350105227051,0.0419769319079375,0.0179464252802904,0.0647145626901739,0.1259250666171721,0.0667336399700992,0.0,0.0,0.5
2022-08-01,12272.0302734375,6125.10009765625,3955.0,46.48500061035156,647.5,261.4700012207031,157.22000122070312,2.9,1.69,2.63,0.3947391,0.5,2.375,6.6,295.162,7.2,3.6,1.0129,25.8700008392334,97.64304347826088,694.0625,25.3199999332428,106.19400024414062,82.1066665649414,114.11360549926758,28.279333114624023,84.23333358764648,22.083667119344074,29.42399978637696,-0.0536162864904103,-0.0514524468505651,-0.0433670306634054,0.0104882965488017,-0.041593897298837,-0.0711093804817902,-0.0330933984060006,-0.0552655938956456,0.0201059888201293,-0.0552470644719292,-0.0690903259141273,-0.0765680574603196,-0.0158106088920264,-0.0359506313534675,-0.0526418019877591,-0.0505138925488452,-0.02,0.0,0.1929694997319258,-0.2000000000000001,-0.0999999999999996,-0.0038429371824928,-0.0750472030013433,0.0007524123303204,0,0,1,0,0,-0.0455586973300721,-0.0558079531570769,-0.0517813961005651,-0.045541288298837,0.0065409055488017,-0.0593933984060006,-0.0974093804817902,-0.0592129848956456,0.0161585978201293,-0.0591944554719292,-0.0730377169141273,-0.0805154484603196,-0.0197579998920264,-0.0398980223534675,-0.0565891929877591,-0.0544612835488452,0.5,0.0,0.0
2022-09-01,10971.2197265625,5762.33984375,3585.6201171875,43.60499954223633,610.4000244140625,232.8999938964844,138.1999969482422,3.52,2.41,3.13,1.0108636,1.25,3.125,6.2,296.421,7.1,3.5,0.9899,31.6200008392334,90.60818181818182,654.0500030517578,23.714750289916992,99.20200042724608,77.82666651407878,107.86909866333008,26.60900020599365,83.8783353169759,21.133666674296062,29.0740008354187,-0.1120472559147962,-0.0610514836768536,-0.0980491666209925,-0.0639578808569107,-0.0590042736066205,-0.1157104081553878,-0.1289442168785242,-0.0593782082885709,-0.065497364991429,-0.0681094326509346,-0.0535350840023262,-0.0562760490612856,-0.0608817470629002,-0.0042233689148917,-0.0439709450398667,-0.0119663278634496,0.7200000000000002,0.6200000000000001,0.2007058296841992,-0.3999999999999994,-0.1000000000000005,-0.0229688547669896,-0.0747738994276714,0.004256382961489,0,0,1,0,0,-0.1006574999543259,-0.1146555892481295,-0.0618938700101869,-0.0691129096066205,-0.0740665168569107,-0.1602442168785242,-0.1470104081553878,-0.0694868442885709,-0.075606000991429,-0.0782180686509347,-0.0636437200023262,-0.0663846850612856,-0.0709903830629002,-0.0143320049148917,-0.0540795810398667,-0.0220749638634496,0.5,0.5,0.75
2022-10-01,11405.5703125,6266.77001953125,3871.97998046875,47.494998931884766,639.0,232.1300048828125,153.33999633789062,3.98,2.77,3.72,1.4276667,1.25,3.125,7.1,297.979,7.2,3.6,0.9853,25.8799991607666,93.71857142857144,682.8250045776367,26.226499795913696,114.47799835205078,77.2666670481364,122.1195068359375,30.281332969665527,81.44166564941406,23.541333198547363,33.185500621795654,0.0388264043883882,0.0839174584152951,0.0768345644688556,0.0854526076721557,0.0457899344104625,-0.0033115700895275,0.1039557649970791,0.0430548050963928,0.1006731125477582,0.1432244707150203,-0.0072214825322727,0.1240816869176427,0.1292819368878371,-0.0294803547640755,0.107890389798364,0.1322687195313622,0.3599999999999999,0.4599999999999999,-0.2003194211177219,0.8999999999999995,0.1000000000000005,-0.0046577645973328,0.0337518545349828,0.0052422731090295,0,0,1,0,0,0.0737345644688556,0.0357264043883882,0.0827277361652951,0.0315132674104625,0.0711759406721557,0.0667557649970791,-0.0405115700895275,0.0287781380963928,0.0863964455477582,0.1289478037150203,-0.0214981495322727,0.1098050199176426,0.1150052698878371,-0.0437570217640755,0.093613722798364,0.1179920525313622,1.25,0.5,0.0
2022-11-01,12030.0595703125,6738.5498046875,4080.110107421875,53.43000030517578,737.2999877929688,255.13999938964844,148.02999877929688,3.89,2.58,4.15,1.8252273,2.0,3.875,7.1,298.708,7.2,3.6,1.0192,20.57999992370605,90.93863636363636,800.5,28.51250004768372,116.86199951171876,80.71333312988281,129.98764419555664,33.136667251586914,85.15166600545247,25.473000526428223,36.08400058746338,0.053306621821331,0.0725836657539837,0.052357976097649,0.1177479718282317,0.1430903940616733,0.0945148311237476,-0.0352427065693863,0.1589979215402008,0.0835722470871216,0.0206110968977824,0.0436411329162328,0.0624392717866938,0.0901089921520961,0.044546967387801,0.0788613526707482,0.0837365178051171,-0.1899999999999999,-0.0899999999999998,-0.2291507105061097,0.0,0.0,0.0338271214894701,-0.0301114171677232,0.0024434933649217,0,0,1,0,0,0.0488996427643157,0.0498482884879976,0.0710626430039837,0.1248381210616733,0.0994956988282317,-0.0767427065693863,0.0530148311237476,0.1407456485402008,0.0653199740871216,0.0023588238977824,0.0253888599162328,0.0441869987866938,0.0718567191520961,0.026294694387801,0.0606090796707482,0.0654842448051171,1.25,1.25,0.75
2022-12-01,10939.759765625,6473.759765625,3839.5,53.25,679.9000244140625,239.82000732421875,129.92999267578125,3.62,2.62,4.25,2.0634762,2.5,4.375,6.7,298.808,7.2,3.5,1.0591,21.670000076293945,81.50318181818182,733.5000076293945,28.15400004386902,114.25,74.14666493733723,127.7045440673828,32.01266702016195,82.87333329518636,23.51000022888184,34.35049915313721,-0.0950046443012292,-0.040087692013494,-0.0607818253766681,-0.0033745870918389,-0.0810490839984811,-0.0619237392261516,-0.1304191601549323,-0.0874089244523771,-0.0126531473189315,-0.0226047175232315,-0.0848586897626663,-0.0177200549573331,-0.0345087723536266,-0.0271206352188685,-0.0801932160639736,-0.0492330201252347,0.04,-0.27,0.0516090923702701,-0.3999999999999994,0.0,0.0384014850317244,-0.1095428931840709,0.0003347190734093,0,0,1,0,0,-0.0643234920433348,-0.0985463109678958,-0.041807255513494,-0.1016838459984811,-0.0240093490918389,-0.1729191601549323,-0.1044237392261517,-0.1080436864523771,-0.0332879093189315,-0.0432394795232315,-0.1054934517626663,-0.0383548169573331,-0.0551435343536266,-0.0477553972188685,-0.1008279780639736,-0.0698677821252347,2.0,1.25,0.5
2023-01-01,12101.9296875,7082.419921875,4076.60009765625,62.900001525878906,800.0,247.8099975585937,144.2899932861328,3.53,2.69,4.54,2.3448636,2.5,4.375,7.0,300.456,7.1,3.5,1.0777,19.39999961853028,84.08181818181818,865.7624969482422,32.45775055885315,124.0000015258789,83.68999862670898,126.9834976196289,32.393333435058594,85.89333152770996,26.860333760579422,37.23099899291992,0.1009610807068937,0.0898585989307083,0.0599211818343496,0.1665483833756662,0.1626659632272002,0.0327736411621985,0.1048293292546466,0.1657830100172236,0.1422498188565539,0.0818925481361977,0.1210743893073594,-0.0056622083189202,0.0118209745958919,0.0357928580979844,0.1332247446641111,0.0805251705838915,0.0699999999999998,-0.0900000000000003,-0.1106557726630903,0.2999999999999998,-0.1000000000000005,0.0174096497531626,0.0311482905632081,0.0055000939635059,0,0,1,0,0,0.0561378485010163,0.0971777473735604,0.0879045459307083,0.1392173272272002,0.1430997473756662,0.0594293292546466,-0.0126263588378014,0.1423343740172236,0.1188011828565539,0.0584439121361977,0.0976257533073594,-0.0291108443189202,-0.011627661404108,0.0123442220979844,0.1097761086641111,0.0570765345838915,2.5,2.0,0.0
2023-02-01,12042.1201171875,7267.93017578125,3970.14990234375,66.1500015258789,789.0,249.4199981689453,147.41000366210938,3.75,2.87,4.65,2.64035,3.0,4.625,7.3,301.476,7.1,3.6,1.0702,20.700000762939453,83.6325,858.6500015258789,33.720500469207764,130.0279983520508,86.61833572387695,124.88105010986328,33.571999867757164,89.88333257039388,29.57833417256673,43.01599884033203,-0.0049544043470225,0.0258558972317166,-0.0264594788597931,0.0503787256627162,-0.013845406822053,0.0064759014973817,0.0213927281234124,-0.0082492277946773,0.0381667141130823,0.0474682212947162,0.0343920424345932,-0.0166954528894144,0.0357397388315378,0.0454063292938785,0.0963915227400672,0.1444303920148967,0.1800000000000001,0.2200000000000002,0.0648606907224067,0.2999999999999998,0.0,-0.0069835937255818,-0.0053581502363542,0.0033890903833135,0,0,1,0,0,-0.0303344788597931,-0.0088294043470225,0.0236556055650499,-0.0402489068220531,0.0239752256627162,-0.0251072718765875,-0.0400240985026182,-0.0346527277946773,0.0117632141130823,0.0210647212947162,0.0079885424345932,-0.0430989528894144,0.0093362388315378,0.0190028292938785,0.0699880227400672,0.1180268920148967,2.5,2.5,0.5
2023-03-01,13181.349609375,7322.39013671875,4109.31005859375,55.209999084472656,844.4000244140625,288.29998779296875,164.89999389648438,3.66,2.92,4.69,2.9105652,3.5,4.875,6.7,301.643,7.1,3.5,1.0711,18.700000762939453,79.25652173913043,929.9125061035156,28.63949990272522,131.11399841308594,85.86000061035156,131.33888626098633,32.44466686248779,94.8799991607666,27.49099985758464,41.36599922180176,0.0903924082692539,0.0074652526732714,0.0344512926982635,-0.1807808339145999,0.0678600240412025,0.1448633471515854,0.1121213476499112,0.079729112056028,-0.1633190944906239,0.00831736247051,-0.0087934521650173,0.0504192157877018,-0.034156302022284,0.0541004017771884,-0.0731834664922557,-0.0391128439837625,0.0499999999999998,-0.0899999999999998,-0.10161017246886,-0.5999999999999996,0.0,0.0008406108933796,-0.0537424979157634,0.0005537879067576,0,0,1,0,0,0.0305429593649302,0.0864840749359205,0.0050397816732714,0.0387543720412025,-0.2098864859145999,0.0652213476499112,0.0979633471515854,0.050623460056028,-0.192424746490624,-0.0207882895294899,-0.0378991041650173,0.0213135637877018,-0.063261954022284,0.0249947497771884,-0.1022891184922556,-0.0682184959837625,3.0,2.5,0.5
2023-04-01,13245.990234375,7491.5,4169.47998046875,58.59000015258789,871.0,307.260009765625,169.67999267578125,3.46,2.9,4.92,3.1794444,3.5,4.875,6.9,302.858,7.3,3.4,1.0962,15.779999732971191,83.536,962.5625152587892,30.31724977493286,135.3,80.04499689737956,137.77510833740234,33.71533298492432,96.08333206176758,25.817333539326984,42.96800136566162,0.004891960696249,0.0228322484146903,0.0145361776495622,0.0594199564477137,0.0310156319654262,0.0636927641825136,0.0285750745394183,0.0345085127079757,0.056929969585607,0.0314273735010041,-0.0701291321359933,0.0478418051936759,0.0384166383407946,0.0126029308428631,-0.0628125642474791,0.0379964158217601,-0.02,-0.2000000000000001,-0.1697802661636909,0.2000000000000001,0.2000000000000001,0.0231634958414321,0.0525879740584702,0.0040198498798771,0,0,1,0,0,0.0104361776495622,0.000791960696249,0.0201827114146903,-0.0007788120345737,0.0276255124477137,-0.0206249254605816,0.0144927641825136,0.0027140687079757,0.025135525585607,-0.0003670704989958,-0.1019235761359933,0.0160473611936759,0.0066221943407946,-0.0191915131571368,-0.0946070082474791,0.0062019718217601,3.5,3.0,0.0
2023-05-01,14254.08984375,7098.7001953125,4179.830078125,54.0099983215332,813.9000244140625,328.3900146484375,177.25,3.57,2.94,5.14,3.3717273,3.75,5.125,6.0,303.316,7.3,3.6,1.0867,17.940000534057617,75.74739130434783,903.2625198364258,28.186749696731567,131.18800048828126,81.50166829427083,129.85270309448242,31.554000854492188,91.5416685740153,24.0116662979126,40.24599981307984,0.0733489893034497,-0.0538573482960946,0.0024792714332724,-0.0813948526331947,-0.0678044385231166,0.0665076445661083,0.043646898320702,-0.0635857841630557,-0.0728648514177212,-0.0308631225424247,0.0180345521365613,-0.0592219511584555,-0.0662523276844359,-0.0484215943745532,-0.0725063009638924,-0.0654450689866471,0.04,0.1099999999999998,0.1282895879039971,-0.9000000000000004,0.0,-0.0087040725432101,-0.0978736710981582,0.0015111175575093,0,0,1,0,0,-0.0018040619000608,0.0690656559701163,-0.0566671210460946,-0.1015217115231166,-0.1151121256331947,-0.0077531016792979,0.0151076445661083,-0.0973030571630557,-0.1065821244177211,-0.0645803955424247,-0.0156827208634386,-0.0929392241584555,-0.0999696006844359,-0.0821388673745532,-0.1062235739638924,-0.0991623419866471,3.5,3.5,0.25
2023-06-01,15179.2099609375,7400.06005859375,4450.3798828125,57.720001220703125,863.0,340.5400085449219,193.97000122070312,3.75,2.93,5.16,3.5358636,4.0,5.125,5.3,304.099,7.3,3.6,1.084,13.59000015258789,74.975,946.4250030517578,29.85424995422364,137.17200164794923,86.58000055948894,133.54806518554688,32.24266656239828,91.96499760945638,27.240000406901043,42.10099983215332,0.0628828537639871,0.0415764199984045,0.0627188649146417,0.0664345715265369,0.0585771527540417,0.03633064703321,0.0901423488112208,0.0466785006237085,0.0574752081190292,0.0446042122110674,0.0604453585702723,0.0280606969386768,0.0215902330543976,0.0046137810161851,0.1261466882309024,0.0450608739888615,-0.0099999999999997,0.1800000000000001,-0.2776986470087412,-0.7000000000000002,0.0,-0.0024876780692143,-0.0102492809349659,0.0025781399330071,0,0,1,0,0,0.0584188649146417,0.0585828537639871,0.0386298669984045,0.0232185167540417,0.0310759355265369,0.0385423488112207,-0.0152693529667899,0.0113198646237085,0.0221165721190292,0.0092455762110674,0.0250867225702723,-0.0072979390613231,-0.0137684029456023,-0.0307448549838148,0.0907880522309024,0.0097022379888615,3.75,3.5,0.25
2023-07-01,15757.0,7497.77978515625,4588.9599609375,60.02000045776367,848.0999755859375,335.9200134277344,196.4499969482422,3.9,3.04,5.25,3.6718095,4.0,5.375,5.1,304.615,7.4,3.5,1.1067,13.630000114440918,80.10904761904762,952.8499908447266,30.99775004386902,137.94199829101564,84.12000147501628,138.0521240234375,33.25733280181885,91.44000180562335,29.44299952189128,41.851999282836914,0.0373579851008238,0.0131188318679309,0.0306639509077039,0.0390740925847005,-0.0174161665025473,-0.0136595417358186,0.0127044162464839,0.0067657525344849,0.037587415891233,0.0055976697210591,-0.0288244801067712,0.0331698722724646,0.0309846542105838,-0.0057250046556096,0.0777696783855218,-0.0059319210054909,0.1099999999999998,0.1499999999999999,0.0029390147136871,-0.2000000000000001,0.1000000000000005,0.020724711271148,0.0662340771059515,0.001695377873994,0,0,1,0,0,0.0262889509077039,0.0329829851008238,0.0100589906179309,-0.0541342615025473,0.0023559975847005,-0.039795583753516,-0.0661595417358186,-0.029952342465515,0.000869320891233,-0.0311204252789408,-0.0655425751067712,-0.0035482227275353,-0.0057334407894161,-0.0424430996556096,0.0410515833855218,-0.0426500160054909,4.0,3.75,0.0
2023-08-01,15501.0703125,7316.7001953125,4507.66015625,59.709999084472656,782.2000122070312,327.760009765625,187.8699951171875,4.17,3.11,5.3,3.7803043,4.25,5.375,5.7,306.138,7.4,3.7,1.091,13.56999969482422,85.16826086956522,895.7500152587891,31.33899974822998,136.0040023803711,84.20833587646484,134.40412139892578,33.940000216166176,84.2333329518636,27.79699961344401,41.208998680114746,-0.0163756370193612,-0.0244475147258842,-0.0178752038429938,-0.0051783524130703,-0.0808880466534438,-0.0245914133152861,-0.0446577221811134,-0.0617961107463654,0.0109486976592664,-0.01414897999599,0.0010495488869812,-0.026780231367924,0.0203189879945924,-0.0820923180357798,-0.0575280873064281,-0.0154829213107223,0.0699999999999998,0.27,-0.0044118027469193,0.6000000000000005,0.0,-0.0142879074376688,0.0612400376844659,0.0049872965235149,0,0,1,0,0,-0.0222918705096605,-0.0207923036860279,-0.0275977683092175,-0.1186910896534438,-0.0429813954130703,-0.0976577221811134,-0.0775914133152861,-0.0995991537463654,-0.0268543453407335,-0.05195202299599,-0.0367534941130188,-0.064583274367924,-0.0174840550054075,-0.1198953610357798,-0.0953311303064281,-0.0532859643107223,4.0,4.0,0.25
2023-09-01,14715.240234375,7135.06005859375,4288.0498046875,60.43000030517578,716.4000244140625,315.75,171.2100067138672,4.38,3.24,5.32,3.8800476,4.5,5.375,5.7,307.374,7.4,3.7,1.0672,17.520000457763672,92.67333333333332,817.8250198364258,30.83675026893616,134.1440002441406,80.69333394368489,131.54790115356445,34.756667137146,75.46500142415364,28.71566645304362,41.31000089645386,-0.0520253665928814,-0.0251387649897117,-0.049946167923282,0.0119861801975352,-0.0878717736620663,-0.0373309018030629,-0.0928592958578792,-0.0910129716798498,-0.0161561510370776,-0.0137704629319975,-0.0426379483203708,-0.0214800401733912,0.0237771474946202,-0.1099217297142103,0.0325147559790399,0.0024479760369391,0.1300000000000003,0.2099999999999999,0.2554816602785346,0.0,0.0,-0.0220563106717115,0.0844519254553466,0.0040292664925978,0,0,1,0,0,-0.0543795012566154,-0.0564586999262147,-0.0283721379897117,-0.1266722496620664,-0.0268142958024647,-0.1460592958578792,-0.0905309018030629,-0.1298134476798498,-0.0549566270370776,-0.0525709389319975,-0.0814384243203708,-0.0602805161733912,-0.0150233285053797,-0.1487222057142103,-0.00628572002096,-0.0363524999630608,4.25,4.0,0.25
2023-10-01,14409.7802734375,6885.64990234375,4193.7998046875,54.290000915527344,674.5,338.1099853515625,170.77000427246094,4.8,3.45,5.34,3.9676364,4.5,5.375,4.5,307.653,7.5,3.9,1.0565,18.13999938964844,88.94772727272726,803.3624954223633,28.69200038909912,132.38199920654296,80.43166605631511,126.33909606933594,34.67800013224284,80.07666714986165,26.22599983215332,41.415000438690186,-0.0209765456725247,-0.0355811466802075,-0.0222248410014033,-0.1071456106425324,-0.0602670286175597,0.0684204817695844,-0.0025732655129989,-0.017842363026513,-0.0720888174178749,-0.0132221750331378,-0.0032480138701079,-0.0404015219175416,-0.0022659297338369,0.0593155236500464,-0.0906915645678532,0.0025385215334476,0.2099999999999999,0.4199999999999999,0.0347762994039579,-1.2000000000000002,0.0999999999999996,-0.0100768381052478,-0.041031901711185,0.0009072773037228,0,0,1,0,0,-0.0266748410014033,-0.0254265456725247,-0.0388875103468742,-0.0999433926175597,-0.1468219746425324,-0.0559732655129989,0.0150204817695844,-0.057518727026513,-0.1117651814178749,-0.0528985390331378,-0.0429243778701079,-0.0800778859175416,-0.0419422937338369,0.0196391596500464,-0.1303679285678533,-0.0371378424665523,4.5,4.25,0.0
2023-11-01,15947.8701171875,7310.77001953125,4567.7998046875,57.77000045776367,702.7000122070312,378.9100036621094,189.9499969482422,4.5,3.19,5.27,3.9716364,4.5,5.375,3.9,308.087,7.6,3.7,1.0819,12.920000076293944,82.18636363636364,857.9124908447266,30.3655002117157,143.01799926757812,91.47333399454752,128.41102981567383,35.695999463399254,78.30500157674153,28.902000427246094,44.44200086593628,0.1014181236465536,0.0599090843677207,0.0854244482007529,0.0621295529360679,0.0409583999219525,0.1139274765288676,0.1064432166495732,0.0656960637506074,0.0566887506871487,0.0772788147377928,0.1286395429877414,0.0162667588591969,0.0289331387217272,-0.0223730370788531,0.0971595329494956,0.070541843101074,-0.2600000000000002,-0.2999999999999998,-0.3393429067807068,-0.6000000000000001,0.0999999999999996,0.0237571966374164,-0.0790594673708593,0.0014096861398344,0,0,1,0,0,0.0810327815340862,0.097026456979887,0.0565993873677207,0.0012420359219525,0.0224131889360679,0.0537432166495732,0.0612274765288676,0.0259796997506074,0.0169723866871487,0.0375624507377928,0.0889231789877414,-0.023449605140803,-0.0107832252782727,-0.0620894010788531,0.0574431689494956,0.030825479101074,4.5,4.5,0.0
2023-12-01,16825.9296875,7543.18017578125,4769.830078125,62.59000015258789,733.5999755859375,376.0400085449219,192.52999877929688,4.02,2.65,5.24,3.9348947,4.5,5.375,4.1,308.735,7.6,3.8,1.0909,12.449999809265137,77.54095238095238,875.5125045776367,32.23924994468689,145.73399963378907,92.74333318074544,133.73150253295898,35.35933272043864,78.33166694641113,30.169999440511067,47.151999950408936,0.0535958449775301,0.0312952610312966,0.0432790354316083,0.0801359056574322,0.0430338120926898,-0.007603176095264,0.0134911158333939,0.020307332144229,0.0598775501122591,0.0188125483332428,0.0137883213978027,0.0405977878352288,-0.0094762560945955,0.0003404741709411,0.0429372229677066,0.0591914371997663,-0.54,-0.4800000000000004,-0.0370558966689125,0.1999999999999997,0.0,0.0082842889101832,-0.0581831811842832,0.002101093146444,0,0,1,0,0,0.0389123687649416,0.0492291783108634,0.02801618211463,0.0036848650926897,0.0407869586574322,-0.038908884166606,-0.060003176095264,-0.0190416148557709,0.0205286031122591,-0.0205363986667571,-0.0255606256021972,0.0012488408352288,-0.0488252030945955,-0.0390084728290588,0.0035882759677066,0.0198424901997663,4.5,4.5,0.0
2024-01-01,17137.240234375,7656.75,4845.64990234375,62.54999923706055,773.5999755859375,397.5799865722656,184.3999938964844,4.06,2.74,5.22,3.9252727,4.5,5.375,3.4,309.794,7.6,3.7,1.0899,14.350000381469728,79.11,889.8375091552734,32.74549961090088,151.31000061035155,98.78333282470705,135.87399291992188,35.059999783833824,76.68666712443034,28.793333053588867,52.0489993095398,0.0183327567227454,0.0149437446605808,0.0157706938864257,-0.0006392986588591,0.0530910249176053,0.0557005944989194,-0.0431447013777497,0.0162294376665001,0.0155808835528754,0.0375476768209069,0.0630930749656161,0.0158938562080491,-0.0085014932355819,-0.0212240904562086,-0.0467041654775773,0.0988091443713581,0.0900000000000003,0.04,0.1420293611982388,-0.6999999999999997,0.0,-0.000917094708445,0.0200330744187962,0.0034242566954114,0,0,1,0,0,0.0114206938864257,0.0139827567227454,0.0116726840772475,0.0138382979176053,-0.0398920256588591,-0.0953447013777497,0.0035005944989194,-0.0230232893334998,-0.0236718434471245,-0.001705050179093,0.0238403479656161,-0.0233588707919508,-0.0477542202355819,-0.0604768174562086,-0.0859568924775773,0.0595564173713581,4.5,4.5,0.0
2024-02-01,18043.849609375,7927.43017578125,5096.27001953125,55.380001068115234,842.7999877929688,413.6400146484375,180.75,4.21,2.85,5.24,3.9231905,4.5,5.375,3.2,311.022,7.4,3.9,1.0793,13.399999618530272,81.7957142857143,1005.6374969482422,30.80250072479248,162.37800140380858,103.2033322652181,139.92028045654297,34.15866724650065,76.36666774749756,32.28333218892416,54.19299936294556,0.0515509978083393,0.0347413078080079,0.0504275283127719,-0.1217476876858097,0.0856747548660753,0.0395999277975592,-0.0199924169842934,0.1223380726408521,-0.0611696571307126,0.0705962427187176,0.0437722475009897,0.0293449015137307,-0.026044520200401,-0.0041815468245115,0.1144071965871317,0.0403661677430816,0.1099999999999998,0.1500000000000003,-0.0684952902999112,-0.1999999999999997,-0.1999999999999993,-0.0097732660639654,0.0333855606076767,0.0039560887656939,0,0,1,0,0,0.0460608616461053,0.0471843311416726,0.0314719823913413,0.0464428498660753,-0.1609795926858097,-0.0723924169842935,-0.0128000722024407,0.0831061676408521,-0.1004015621307126,0.0313643377187176,0.0045403425009897,-0.0098870034862692,-0.065276425200401,-0.0434134518245116,0.0751752915871317,0.0011342627430816,4.5,4.5,0.0
2024-03-01,18254.689453125,8205.8095703125,5254.35009765625,65.86000061035156,833.7000122070312,420.7200012207031,171.47999572753906,4.21,2.82,5.24,3.9231,4.5,5.375,2.4,312.107,7.4,3.9,1.087,13.010000228881836,84.96142857142857,1001.1750030517578,34.825249671936035,173.4460006713867,98.08666737874348,148.07999801635742,36.37000020345052,75.2383321126302,36.21333312988281,55.96900129318237,0.0116171185061822,0.0345134680551116,0.030547420111743,0.1733127491857905,-0.0108560273875708,0.0169714664522834,-0.0526482442243122,-0.0044473524574584,0.1227468099237098,0.0659393564037502,-0.0508496930564583,0.0566798197547584,0.0627279114657275,-0.0148854783194559,0.1148763037881867,0.0322462520766267,-0.0300000000000002,0.0,-0.029536368371799,-0.8000000000000003,0.0,0.0071089252899088,0.0379725223467408,0.0034824285068122,0,0,1,0,0,0.0261807534450763,0.0072504518395155,0.0312442180551116,-0.0500870273875708,0.1340817491857905,-0.1050482442243122,-0.0354285335477165,-0.0436783524574584,0.0835158099237098,0.0267083564037502,-0.0900806930564583,0.0174488197547584,0.0234969114657275,-0.0541164783194559,0.0756453037881867,-0.0069847479233732,4.5,4.5,0.0
2024-04-01,17440.689453125,7984.93017578125,5035.68994140625,67.61000061035156,774.4000244140625,389.3299865722656,170.3300018310547,4.54,2.97,5.24,3.8853333,4.5,5.375,2.4,313.016,7.3,3.9,1.0724,15.649999618530272,88.97454545454545,948.7625045776368,34.99749970436096,168.43599853515624,90.85833104451496,144.78549194335938,38.01666577657064,72.14999993642171,34.60000038146973,57.13749933242798,-0.0456160527943893,-0.027286350392611,-0.0425057776814785,0.0262246239144929,-0.0737850725697721,-0.0775402536323145,-0.0067288741920337,-0.0537710835796182,0.0049339329487008,-0.029310468633138,-0.0765499571280927,-0.022499373698937,0.0442803720561682,-0.0419135522863763,-0.0455736764353503,0.0206626428395791,0.1500000000000003,0.33,0.1847525824939233,0.0,-0.1000000000000005,-0.0135224807594051,0.0461529507081612,0.0029082297105631,0,0,1,0,0,-0.0468724443481452,-0.049982719461056,-0.030524128142611,-0.1126384055697721,-0.012628709085507,-0.0591288741920337,-0.1299402536323145,-0.0926244165796182,-0.0339194000512991,-0.068163801633138,-0.1154032901280927,-0.061352706698937,0.0054270390561682,-0.0807668852863763,-0.0844270094353503,-0.0181906901604208,4.5,4.5,0.0
2024-05-01,18536.650390625,7992.8701171875,5277.509765625,67.69999694824219,734.9000244140625,415.1300048828125,192.25,4.48,3.03,5.25,3.8126818,4.5,5.375,2.6,313.14,7.4,3.9,1.081,12.920000076293944,83.05391304347826,920.0500106811523,35.76624894142151,175.70999755859376,86.84166844685872,147.53000259399414,37.74833424886068,70.35333188374837,36.98500124613444,56.76250171661377,0.0609439239231097,0.0009938717363142,0.0469038053043596,0.0013302247104445,-0.0523540987330339,0.0641644574011578,0.1210588657632252,-0.0307304806767631,0.0217280598035265,0.0422790478886885,-0.0452149340236022,0.0187782813417447,-0.0070832877855122,-0.0252171403682033,0.0666587656439838,-0.0065847053081483,0.0599999999999996,-0.0599999999999996,-0.1916943883515394,0.2000000000000001,0.1000000000000005,0.007987411277404,-0.0688603710279549,0.0003960674388521,0,0,1,0,0,0.0425288053043596,0.0565689239231097,-0.0021833630970191,-0.0904809167330339,-0.0367965932895554,0.0685588657632252,0.0116644574011578,-0.0688572986767631,-0.0163987581964734,0.0041522298886885,-0.0833417520236022,-0.0193485366582552,-0.0452101057855122,-0.0633439583682033,0.0285319476439838,-0.0447115233081483,4.5,4.5,0.0
2024-06-01,19682.869140625,7479.39990234375,5460.47998046875,59.52999877929688,713.5999755859375,446.9500122070313,210.6199951171875,4.31,3.15,5.24,3.7245,4.25,5.375,2.5,313.131,7.4,4.1,1.0763,12.4399995803833,82.9175,900.5374908447266,31.1899995803833,159.56799774169923,85.95499928792317,145.56999969482422,34.52833398183187,65.65999952952068,34.14200019836426,54.36699867248535,0.0599987961785189,-0.0663973471332805,0.0340823432388822,-0.1286057681809461,-0.0294119217024888,0.0738550228943169,0.0912589303836546,-0.0214362308878405,-0.1369071645567901,-0.0963647453683595,-0.0102626625005071,-0.0133744940321501,-0.0891610870520873,-0.0690402390624211,-0.07998415496426,-0.0431185989358532,0.1200000000000001,-0.1700000000000008,-0.0378594506797731,-0.1,0.0,-0.0043573053689556,-0.0016438140965835,-2.8741551183486536e-05,0,0,1,0,0,0.0297156765722155,0.0556321295118522,-0.0695010971332805,-0.0666569217024888,-0.1658507681809461,0.0388589303836545,0.0214550228943169,-0.0586812308878405,-0.1741521645567901,-0.1336097453683595,-0.0475076625005071,-0.0506194940321501,-0.1264060870520873,-0.1062852390624211,-0.11722915496426,-0.0803635989358532,4.5,4.5,-0.25
2024-07-01,19362.4296875,7531.490234375,5522.2998046875,63.459999084472656,653.0,418.3500061035156,222.0800018310547,4.25,3.14,5.2,3.6848261,4.25,5.375,2.7,313.566,7.4,4.2,1.0847,16.360000610351562,84.0486956521739,840.2874984741211,33.49000000953674,163.69200286865234,83.08000246683757,153.51499938964844,35.353333473205566,65.98666667938232,32.28266620635986,53.435001373291016,-0.0164140963024184,0.0069403667137967,0.0112577104024098,0.0639294050685894,-0.0887454177768364,-0.0661283415146077,0.0529821467940545,-0.0692477037458843,0.0711493699247305,0.0255164813167579,-0.0340198665089323,0.0531412096666899,0.023612425185906,0.0049627967002167,-0.0559978675459534,-0.0172913400531801,-0.0099999999999997,-0.0599999999999996,0.2739223149023662,0.2000000000000001,0.0,0.0077742177759192,0.0135502034498813,0.0013882308990167,0,0,1,0,0,0.0069243770690765,-0.0207474296357517,0.00386967829713,-0.1255936787768364,0.0270811440685894,0.0009821467940545,-0.1181283415146077,-0.1060959647458843,0.0343011089247305,-0.011331779683242,-0.0708681275089323,0.0162929486666899,-0.0132358358140939,-0.0318854642997832,-0.0928461285459534,-0.0541396010531801,4.25,4.5,0.0
2024-08-01,19574.640625,7630.9501953125,5648.39990234375,62.58000183105469,674.2999877929688,417.1400146484375,229.0,3.87,2.94,5.05,3.5475909,4.25,5.375,2.2,314.131,7.4,4.2,1.102,15.0,79.01863636363636,874.7249984741211,33.24125075340271,165.3240005493164,83.84999974568684,157.6999969482422,36.0199998219808,68.7266674041748,31.200666427612305,54.85999917984009,0.0109003084709102,0.0131194431371724,0.0225778971175147,-0.0139640042280496,0.0320979683608404,-0.0028964853462573,0.0306843179907771,0.0401654561328377,-0.0074552898511732,0.0099205573494499,0.0092254565360377,0.0268961964704858,0.0186816478082948,0.0406845941228859,-0.0340909817758984,0.0263184828823287,-0.2000000000000001,-0.3799999999999999,-0.0867891673799428,-0.5,0.0,0.015823259666688,-0.0617126130378533,0.0018002321266132,0,0,1,0,0,0.0183695637841813,0.0066919751375768,0.0101631173871724,-0.0033779406391595,-0.0494399132280496,-0.0198156820092228,-0.0533964853462573,0.0046895471328377,-0.0429311988511732,-0.02555535165055,-0.0262504524639622,-0.0085797125295141,-0.0167942611917051,0.0052086851228859,-0.0695668907758984,-0.0091574261176712,4.25,4.25,0.0
2024-09-01,20060.689453125,7635.75,5762.47998046875,61.54999923706055,688.5,430.2999877929688,233.0,3.72,2.9,4.72,3.4337143,3.65,4.875,1.4,314.851,7.4,4.1,1.1104,16.729999542236328,73.05761904761906,888.3499984741211,33.03874969482422,165.2040008544922,85.40999921162923,157.7500038146973,34.51166693369547,72.08333428700765,29.28400039672852,54.24249839782715,0.0245272686585542,0.0006287940136691,0.0199956322877545,-0.0165959272651381,0.020840220531438,0.0310606794910547,0.0173164500114609,0.0154562582634465,-0.0061104914692966,-0.000726109131976,0.0184336954913645,0.0003170509859125,-0.0427768959443505,0.0476855746428806,-0.0633981491146702,-0.0113197660812381,-0.04,-0.1499999999999999,0.1091532865346769,-0.8000000000000003,0.0,0.0075936000396802,-0.0784352961478305,0.0022894146874952,0,0,1,0,0,0.0160622989544212,0.0205939353252209,-0.0022326345696641,-0.0134969224685619,-0.0509330702651381,-0.029883549988539,-0.0161393205089452,-0.0188808847365534,-0.0404476344692966,-0.035063252131976,-0.0159034475086354,-0.0340200920140874,-0.0771140389443505,0.0133484316428806,-0.0977352921146702,-0.0456569090812381,4.25,4.25,-0.6
2024-10-01,19890.419921875,7350.3701171875,5705.4501953125,62.75,609.7999877929688,406.3500061035156,225.9100036621093,4.1,2.99,4.51,3.1666087,3.4,4.875,1.6,315.564,7.3,4.1,1.0895,23.15999984741211,75.26652173913043,814.2249984741211,34.43500018119812,167.20199890136718,71.89499855041504,156.25499725341797,33.99500052134196,64.8283322652181,28.516667048136394,53.90750074386597,-0.008523946636846,-0.0380904976364253,-0.0099460415985501,0.0193087377768729,-0.1213843036326453,-0.0572677392563462,-0.0309017474860906,-0.0871290690543062,0.0413923884882875,0.0120215766897043,-0.1722564796104528,-0.0095222550762794,-0.0150839685469621,-0.1060801362562931,-0.0265525802848441,-0.0061950758765493,0.0900000000000003,0.3799999999999994,0.325223158479484,0.2000000000000001,-0.1000000000000005,-0.0190014353678656,0.0297870056892017,0.0022620029790365,0,0,1,0,0,-0.0137043749318835,-0.0122822799701794,-0.0407293382197586,-0.1530503906326453,-0.012357349223127,-0.0760017474860906,-0.1023677392563462,-0.1187951560543062,0.0097263014882875,-0.0196445103102956,-0.2039225666104528,-0.0411883420762794,-0.0467500555469621,-0.1377462232562931,-0.0582186672848441,-0.0378611628765493,3.65,4.25,-0.25
2024-11-01,20930.369140625,7235.10986328125,6032.3798828125,56.63999938964844,592.5,423.4599914550781,237.3300018310547,4.36,3.09,4.42,3.0067619,3.4,4.625,1.7,316.449,7.3,4.2,1.0621,13.510000228881836,73.50857142857143,801.7249984741211,31.8462495803833,170.58399963378906,69.60666529337566,160.94499969482422,32.541666984558105,61.65333493550619,27.93599955240885,56.39249849319458,0.0509629683631643,-0.0158051230954753,0.0557197140294972,-0.1024431394024099,-0.028780141526778,0.041244166229418,0.0493148793370311,-0.015471084315931,-0.0781538717521341,0.0200251861462691,-0.0323463726526244,0.0295734192908574,-0.0436921410537738,-0.0502154113150469,-0.0205725614120009,0.0450665156165765,0.0999999999999996,0.2600000000000007,-0.5389964772026028,0.0999999999999998,0.0,-0.0254707950571805,-0.0236334200295109,0.0028005771350851,0,0,1,0,0,0.0520363806961639,0.047279635029831,-0.0183107580121419,-0.058847760526778,-0.1325107584024099,0.0051148793370311,-0.0029558337705819,-0.045538703315931,-0.1082214907521341,-0.0100424328537308,-0.0624139916526244,-0.0004941997091425,-0.0737597600537738,-0.0802830303150469,-0.0506401804120009,0.0149988966165765,3.4,3.65,0.0
2024-12-01,21012.169921875,7380.740234375,5881.6298828125,59.220001220703125,635.5,421.5,250.4199981689453,4.39,3.01,4.27,2.8246,3.15,4.375,1.8,317.603,7.3,4.1,1.0472,17.350000381469727,73.22772727272726,884.4000015258789,33.49750018119812,169.23399810791017,71.97499783833821,164.67000198364258,31.929999987284344,62.61666742960612,30.497999509175617,56.31400012969971,0.003900616738694,0.0199283914018585,-0.0253076921877456,0.0445439046769831,0.0700612176202225,-0.0046392610070628,0.0536879155122258,0.0981437963145952,0.0505511920833679,-0.0079454804457108,0.033458478000179,0.0228807934582594,-0.018975322932036,0.0155041727334525,0.0877449279639906,-0.0013929698313223,-0.08,0.0299999999999993,0.2501623594658273,0.1,0.0,-0.0141281447318038,-0.0038278803711975,0.0036400840127575,0,0,1,0,0,-0.0288660255210789,0.0003422834053607,0.0175745580685252,0.0418152176202225,0.0162979046769831,0.0109879155122258,-0.0473392610070627,0.0698977963145952,0.0223051920833679,-0.0361914804457108,0.0052124780001789,-0.0053652065417405,-0.047221322932036,-0.0127418272665474,0.0594989279639906,-0.0296389698313223,3.4,3.4,-0.25
