date,nasdaq100,cac40,s&p500,bnp_paribas,lvmh,microsoft,apple,us10y,oat10y,us3m,oat3m,policy_rate_ECB,policy_rate_fed,inflation_FR,CPI_US,taux_chômage_FR,unemployment_rate_US ,usd_eur,vix,prix_petrole,luxe,finance,industrie,technologie,sante,energie,consommation,automobile,telecom,r_nasdaq100,r_cac40,r_sp500,r_bnp_paribas,r_lvmh,r_microsoft,r_apple,r_luxe,r_finance,r_industrie,r_technologie,r_sante,r_energie,r_consommation,r_automobile,r_telecom,d_oat10y,d_us10y,dlog_vix,d_inflation_FR,d_taux_chômage_FR,dlog_usd_eur,dlog_prix_petrole,dlog_inflation_US,pre2008,post2008,postCOVID,QE_US,QE_EU,excess_sp500,excess_nasdaq,excess_cac40,excess_lvmh,excess_bnp,excess_apple,excess_microsoft,excess_luxe,excess_finance,excess_industrie,excess_technologie,excess_sante,excess_energie,excess_consommation,excess_automobile,excess_telecom,policy_rate_ECB_lag1,policy_rate_ECB_lag2,d_policy_rate_ECB
2000-04-01,3773.179931640625,6419.72021484375,1452.4300537109375,12.15412712097168,56.15630340576172,21.169300079345703,0.9276663064956665,5.99,5.33,5.66,3.9252778,3.75,6.0,1.3,170.9,9.4,3.8,0.9449,26.200000762939453,23.1535,59.38828086853027,12.542464256286621,25.879463255405426,65.44479465484619,12.620162010192871,9.806909084320068,18.77169354756673,13.781720161437988,37.637939453125,-0.1531953466475039,0.0210416750529587,-0.0312799109533902,0.07471383348621173,0.05430799792173138,-0.4208773027272823,-0.09048948512292013,0.09096889413828939,0.12883389306698212,0.026080071290206983,-0.21165287140303285,0.037557372395758404,0.008499915325219088,0.036866488528049614,0.10930730696405996,-0.05598284556400431,-0.0999999999999996,-0.2699999999999996,0.0831327223785112,-0.3,-0.0999999999999996,-0.0203233477277585,-0.1718344929412918,-0.0005849663811146,1,0,0,0,0,-0.0359965776200568,-0.1579120133141705,0.0177706102196253,0.05103693308839805,0.0714427686528784,-0.09520615178958679,-0.42559396939394895,0.08769782930495605,0.12556282823364878,0.02280900645687365,-0.2149239362363662,0.034286307562425074,0.0052288504918857545,0.033595423694716284,0.10603624213072663,-0.05925391039733764,3.5,3.25,0.25
2000-05-01,3324.080078125,6426.259765625,1420.5999755859375,13.479920387268066,53.18790054321289,18.98788070678711,0.62810218334198,6.44,5.5,5.79,4.3620455,3.75,6.5,1.5,171.2,9.3,4.0,0.9059,23.64999961853028,27.80521739130435,58.79976272583008,13.479105631510416,25.068718552589417,61.293479681015015,13.887039184570312,10.067979335784912,20.20893319447835,13.834014177322388,34.60832595825195,-0.126725161526661,0.001018147522589,-0.0221587523957555,0.1035324066311783,-0.05430799792173145,-0.1087511045780384,-0.3899692190429672,-0.024660726093394026,0.0539858439105095,0.015890903761413108,-0.05222023889524542,0.08082166804835904,0.027235597557885984,0.08684467502161058,-0.012081935997421902,-0.08391828193054668,0.1699999999999999,0.4500000000000002,-0.1023963410787334,0.1999999999999999,-0.0999999999999996,-0.042150177113338,0.1830777220243922,0.0017538735860958,1,0,0,0,0,-0.0269837523957555,-0.131550161526661,-0.0026168903940776,-0.05794303583839812,0.09989736871451163,-0.39479421904296724,-0.11357610457803839,-0.028295764010060693,0.05035080599384283,0.01225586584474644,-0.05585527681191209,0.07718663013169237,0.023600559641219317,0.08320963710494392,-0.015716973914088567,-0.08755331984721335,3.75,3.5,0.0
2000-06-01,3763.7900390625,6446.5400390625,1454.5999755859375,14.036942481994629,52.822959899902344,24.28019905090332,0.7832586169242859,6.1,5.32,5.69,4.5017273,4.25,6.5,1.8,172.2,9.2,4.0,0.9505,19.540000915527344,30.48318181818182,61.59784984588623,13.885735670725504,24.805129647254944,57.21233916282654,14.742042064666748,9.972588062286377,20.119371732076008,13.047533869743347,32.583160400390625,0.1242334712392549,0.0031508747939478,0.0236516315584323,0.04049140346650426,-0.00688499429955039,0.2458602461890811,0.22076006571105572,0.04833653767120863,0.03408799852195866,-0.009435959081292395,0.04807039314356199,0.053496858455654724,-0.008375718491313928,0.017639339939788206,-0.056924792235563,-0.06029868496897894,-0.1799999999999997,-0.3400000000000007,-0.1908994053394987,0.3,-0.1000000000000014,0.0480592372532417,0.0919514366965832,0.0058241282859885,1,0,0,0,0,0.0189099648917657,0.1194918045725882,-0.0006005646227188,-0.010636433716217057,0.03673996404983759,0.21601839904438905,0.24111857952241442,0.04458509825454196,0.030336559105291993,-0.013187398497959062,0.04431895372689532,0.049745419038988055,-0.012127157907980595,0.013887900523121539,-0.06067623165222967,-0.0640501243856456,3.75,3.75,0.5
2000-07-01,3609.35009765625,6542.490234375,1430.8299560546875,14.830695152282715,57.39102554321289,21.18826675415039,0.7598913908004761,6.05,5.4,5.96,4.5829048,4.25,6.5,1.9,172.7,9.1,4.0,0.9386,20.739999771118164,28.89428571428571,61.792009353637695,14.582653999328613,22.15706205368042,64.82242512702942,16.596699237823486,10.387589772542318,22.3264897664388,12.860326290130615,30.468799591064453,-0.0418987110466017,0.0147743039504468,-0.0164762671934852,0.05500642683952827,0.08294199889740055,-0.1362135908280212,-0.030287415044290635,0.011614843965471147,0.036828388821472186,-0.02327868043154927,0.02955360330288328,0.1051005351493946,-0.02163130069432803,0.09692686501703025,-0.025112215606714648,-0.0670924069774271,0.08,-0.0499999999999998,0.0596004982969677,0.0999999999999998,-0.0999999999999996,-0.0125987585681665,-0.0535312663117357,0.0028993931590024,1,0,0,0,0,-0.0214429338601519,-0.0468653777132684,0.0109552166171134,0.07912291156406721,0.05118733950619494,-0.0352540817109573,-0.14118025749468788,0.0077957566321378135,0.033009301488138854,-0.027097767764882603,0.025734515969549947,0.10128144781606127,-0.025450388027661364,0.09310777768369692,-0.02893130294004798,-0.07091149431076044,4.25,3.75,0.0
2000-08-01,4077.590087890625,6625.419921875,1517.6800537109375,14.412925720214844,53.44673538208008,21.18826675415039,0.9113093614578247,5.83,5.36,6.09,4.777087,4.25,6.5,2.0,172.7,9.0,4.1,0.9045,16.84000015258789,31.62913043478261,59.057169914245605,14.356924057006836,23.233895778656006,71.76709461212158,15.713286399841309,10.954391161600748,22.424906730651855,13.524669766426086,28.599287033081055,0.1219784213845736,0.012595891520739,0.0589282236915325,-0.02857360636185034,-0.07120238405250086,0.0,0.181706907863665,-0.03456506482123143,-0.019251172937604092,0.08756785473036849,0.08815435770882353,-0.05929983910778239,0.042712973310898794,-0.005526488283712952,0.038111373740352325,-0.06332140719913626,-0.04,-0.2199999999999997,-0.2083071738903936,0.1,-0.0999999999999996,-0.0370070985249674,0.0904346957341117,0.0,1,0,0,0,0,0.0538532236915325,0.1169034213845736,0.0086149856874057,-0.0751832898858342,-0.032554512195183676,0.176631907863665,-0.005075,-0.03854597065456476,-0.023232078770937425,0.08358694889703515,0.08417345187549019,-0.06328074494111573,0.03873206747756546,-0.009507394117046285,0.03413046790701899,-0.0673023130324696,4.25,4.25,0.0
2000-09-01,3570.610107421875,6266.6298828125,1436.510009765625,13.911613464355469,52.3154296875,18.30499839782715,0.3850861191749573,5.8,5.42,6.0,4.8528095,4.5,6.5,2.3,173.6,8.9,3.9,0.8695,20.56999969482422,33.36047619047619,58.892212867736816,13.657461802164713,20.432111740112305,65.22705078125,16.621434688568115,11.468339284261068,22.59269428253174,13.35798704624176,22.70778751373291,-0.1327696695446721,-0.0556750429109358,-0.0549663208767474,-0.03540143108917236,-0.021394207362015402,-0.14627341442663155,-0.8614154286479238,0.010246093103277646,-0.054964412657381535,-0.09040771937010991,-0.07376125187131993,0.02207533694792195,0.04223174545957875,-0.0017476540291996023,-0.026949978510632237,-0.05683818183769691,0.0599999999999996,-0.0300000000000002,0.2000766709536825,0.2999999999999998,-0.0999999999999996,-0.039463971041012,0.0532933065306964,0.0051978170736175,1,0,0,0,0,-0.0599663208767474,-0.1377696695446721,-0.0597190508276025,-0.02543821527868207,-0.03944543900583903,-0.8664154286479238,-0.15127341442663156,0.00620208518661098,-0.059008420574048204,-0.09445172728677657,-0.0778052597879866,0.018031329031255282,0.03818773754291208,-0.005791661945866269,-0.030993986427298906,-0.06088218975436358,4.25,4.25,0.25
2000-10-01,3282.300048828125,6397.66015625,1429.4000244140625,14.14834213256836,52.590606689453125,20.903732299804688,0.29255327582359314,5.74,5.36,6.11,5.0412727,4.75,6.5,2.1,173.9,8.8,3.9,0.8525,23.6299991607666,31.30272727272727,60.28009605407715,14.237953662872314,20.309255480766296,57.91594457626343,16.681957244873047,11.808016141255697,22.04594357808431,15.898975610733032,23.958186149597168,-0.0841920685826645,0.0206936115448969,-0.0049617746918859,0.016873461116233095,0.005246173482147776,0.13275356291978715,-0.27482020578812977,0.015579140527333725,0.04134715822883469,0.009936308197540683,-0.0750632940305903,-0.008595126236387961,0.026359175879951246,-0.017716456268421898,0.1332104256366746,0.06141046718387799,-0.0599999999999996,-0.0599999999999996,0.1386833668543237,-0.1999999999999997,-0.0999999999999996,-0.0197451246366658,-0.0636666246193282,0.0017266191339873,1,0,0,0,0,-0.0100534413585525,-0.0892837352493311,0.0164925509615636,0.001045112898814443,0.012672400532899763,-0.27991187245479643,0.1276618962531205,0.011378079944000391,0.03714609764550136,0.00573524761420735,-0.07926435461392363,-0.012796186819721295,0.022158115296617913,-0.02191751685175523,0.12900936505334126,0.05720940660054466,4.5,4.25,0.25
2000-11-01,2506.5400390625,5928.080078125,1314.949951171875,12.365877151489258,46.47541427612305,17.413461685180664,0.2467545121908188,5.72,5.29,6.17,5.0919545,4.75,6.5,2.3,174.2,8.8,3.9,0.8552,29.64999961853028,32.88090909090909,59.120490074157715,13.164260387420654,16.981585383415222,49.19039797782898,19.02119779586792,12.40582275390625,20.793429056803387,14.952495217323303,19.843836784362793,-0.2696410793587122,-0.076231926573319,-0.083456187923591,-0.13465661673930182,-0.12361407622376425,-0.18268415479781228,-0.1702528250203444,-0.020689349067566535,-0.0597242439341836,-0.14270127581979986,-0.13070993233297462,0.13979226275543744,0.04585900353229705,-0.011557277288009796,-0.04870466800099067,-0.18126804164761456,-0.0700000000000002,-0.0200000000000004,0.2269450568947508,0.1999999999999997,0.0,0.0031621505531635,0.0491869914918452,0.001723643058165,1,0,0,0,0,-0.0885978545902577,-0.2747827460253789,-0.0804752219899857,-0.1278573716404309,-0.13889991215596847,-0.17539449168701104,-0.18782582146447893,-0.024932644484233202,-0.06396753935085027,-0.1469445712364665,-0.13495322774964127,0.13554896733877078,0.04161570811563038,-0.015800572704676462,-0.05294796341765734,-0.18551133706428122,4.75,4.5,0.0
2000-12-01,2341.699951171875,5926.419921875,1320.280029296875,13.020378112792969,43.237220764160156,13.164421081542969,0.22245283424854279,5.24,5.04,5.77,4.9391579,4.75,6.5,1.8,174.6,8.7,3.9,0.8983,26.850000381469727,25.47571428571429,59.66743564605713,13.757455190022787,18.123067140579224,52.55671405792236,19.282143115997314,12.161407788594564,21.3737055460612,15.39358139038086,19.800082206726074,-0.0680261912119384,-0.0002800887866806,0.0040452525456847,0.05157484057021689,-0.0722217314682562,-0.279725749243014,-0.1036788664042679,-0.016568503211371835,0.02422292391056179,0.06964608137579255,-0.018186501253640186,0.013153047498902013,-0.01962522055867713,0.049881156413453254,0.0831590548194158,0.00062847097345382,-0.25,-0.4799999999999995,-0.0991962774156638,-0.4999999999999998,-0.1000000000000014,0.0491687285243255,-0.2551666011469273,0.002293578987099,1,0,0,0,0,-0.0007630807876485,-0.0728345245452718,-0.0043960537033473,-0.07633769638492287,0.047458875653550225,-0.10848719973760124,-0.2845340825763474,-0.0206844681280385,0.020106958993895124,0.06553011645912588,-0.022302466170306852,0.009037082582235345,-0.023741185475343797,0.04576519149678659,0.07904308990274912,-0.0034874939432128467,4.75,4.75,0.0
2001-01-01,2593.0,5998.490234375,1366.010009765625,13.841985702514648,43.11456298828125,18.532621383666992,0.32339802384376526,5.16,4.94,5.15,4.7707273,4.75,5.5,1.3,175.6,8.6,4.2,0.9376,22.020000457763672,25.79,58.299970626831055,14.63685162862142,16.396602392196655,63.27686929702759,17.370012283325195,11.356978098551432,21.09972381591797,15.236440181732178,20.567490577697754,0.1019383660822692,0.0120875023888501,0.0340502314092609,0.06119073823323943,-0.0028408876584289982,0.3420146793755854,0.3741687383310991,-0.01691217560633359,0.03676183290204164,-0.0979536700964696,0.09456523273922245,-0.07923476722860433,-0.06580194918429094,-0.012639950049046403,0.019878556406098678,0.035803786333845074,-0.0999999999999996,-0.08,-0.1983146830792379,-0.5,-0.0999999999999996,0.0428193305875872,0.0122612024841446,0.0057110377955149,1,0,0,0,0,0.0297585647425943,0.0976466994156026,0.0081118963055168,-0.006816493741762331,0.057215132149906096,0.3698770716644324,0.3377230127089187,-0.020887781689666922,0.032786226818708304,-0.10192927617980294,0.09058962665588911,-0.08321037331193766,-0.06977755526762427,-0.016615556132379736,0.015902950322765345,0.03182818025051174,4.75,4.75,0.0
2001-02-01,1908.3199462890625,5367.47998046875,1239.93994140625,12.365877151489258,40.937374114990234,17.906654357910156,0.2729254364967346,5.1,4.93,4.88,4.7558,4.75,5.5,1.5,176.0,8.6,4.2,0.9205,28.350000381469727,27.8965,56.486385345458984,13.341651598612467,15.710070371627808,57.240899085998535,16.91529607772827,11.742904663085938,20.627519289652508,16.24799609184265,16.796907901763916,-0.306592260853972,-0.1111492889647889,-0.0968311448208673,-0.11276557880345627,-0.051817390060410605,-0.034360101697555816,-0.1696852050672724,-0.034262851984757745,-0.09168744553090125,-0.02061765497524015,-0.17527470689111424,-0.012433439936822886,0.02582612228007498,-0.01578409732960329,0.04245646968216972,-0.21001995594475698,-0.0100000000000006,-0.0600000000000005,0.2526758915464087,0.1999999999999999,0.0,-0.0184064181496156,0.0785144130361303,0.0022753138371349,1,0,0,0,0,-0.1008978114875339,-0.3106589275206387,-0.1151124556314556,-0.05578055672707727,-0.11672874547012294,-0.17375187173393905,-0.038426768364222486,-0.038226018651424415,-0.09565061219756792,-0.02458082164190682,-0.1792378735577809,-0.01639660660348955,0.021862955613408314,-0.019747263996269956,0.03849330301550305,-0.21398312261142363,4.75,4.75,0.0
2001-03-01,1573.25,5180.4501953125,1160.3299560546875,13.271037101745605,34.95775604248047,16.59779167175293,0.33005261421203613,4.89,4.84,4.42,4.7086364,4.75,5.0,1.5,176.1,8.5,4.3,0.9083,28.63999938964844,25.03454545454545,51.334917068481445,13.892936706542969,15.228592038154602,39.51683163642883,17.526773929595947,11.936264038085938,20.1856746673584,15.73710572719574,16.5551700592041,-0.1930797022776495,-0.0354665582086626,-0.0663585345479358,0.07064316244238025,-0.1579030760376754,-0.07590274091180417,0.1900534472643993,-0.09149417332524004,0.012996509481245783,-0.0430712949396857,-0.258008643089504,0.012881336453788694,0.0005371326077388133,-0.01976301366021214,-0.06838420266498865,-0.010075477897272355,-0.0899999999999998,-0.2099999999999999,0.0101772771518038,0.0,-0.0999999999999996,-0.0133422801649646,-0.1082445437115282,0.0005680204640086,1,0,0,0,0,-0.0700418678812692,-0.1967630356109828,-0.0393904218753292,-0.16182693970434206,0.06671929877571359,0.18637011393106595,-0.0795860742451375,-0.09541803699190671,0.009072645814579117,-0.046995158606352366,-0.26193250675617064,0.008957472787122028,-0.0033867310589278526,-0.023686877326878807,-0.07230806633165532,-0.01399934156393902,4.75,4.75,0.0
2001-04-01,1855.1500244140625,5640.02978515625,1249.4599609375,13.953388214111328,42.68525314331055,20.56229019165039,0.38119861483573914,5.14,5.0,3.87,4.682,4.75,4.5,2.0,176.4,8.5,4.4,0.8925,25.479999542236328,26.01809523809524,54.929381370544434,14.514015356699625,15.826603412628174,49.286914110183716,18.527067184448242,12.204168637593588,20.94195620218913,15.92105770111084,19.227181434631348,0.1648220250591422,0.0849973837651959,0.0740070171655906,0.05013836235610784,0.19971313864337087,0.21418917033709425,0.1440684593211944,0.08926845674247107,0.04735060445832696,0.030965814415313632,0.17688126587726263,0.04635773702877849,0.02733589025981213,0.033242431154951596,0.012638720331648267,0.1542012618454706,0.1600000000000001,0.25,-0.1169105080429315,0.5,0.0,-0.0175482068543737,0.0385355774243039,0.0017021280705309,1,0,0,0,0,0.0707820171655906,0.1615970250591422,0.0810957170985293,0.1958114719767042,0.04623669568944118,0.14084345932119438,0.21096417033709425,0.0853667900758044,0.04344893779166029,0.027064147748646964,0.17297959921059597,0.042456070362111825,0.023434223593145464,0.029340764488284928,0.008737053664981599,0.15029959517880392,4.75,4.75,0.0
2001-05-01,1799.8900146484375,5454.18994140625,1255.8199462890625,14.273676872253418,41.09069061279297,20.99631118774414,0.2983485162258148,5.39,5.21,3.62,4.6366818,4.5,4.0,2.4,177.3,8.5,4.3,0.8753,22.63999938964844,28.43826086956522,55.09080696105957,14.657798767089844,15.56484830379486,41.77211785316467,19.45495367050171,12.766396522521973,21.493332544962566,15.49173355102539,17.09613847732544,-0.0302400084218821,-0.0335052366613591,0.005077276192499,0.022694701279494602,-0.03807191086834262,0.020887939539366816,-0.2450582173903562,-0.005768864912811032,0.019007512825864534,-0.019046304804305483,-0.11184877987057099,0.030845046427521644,0.049739848616789074,0.032537925904022484,0.03257345652326586,-0.12815061230822206,0.2099999999999999,0.25,-0.1181755863623648,0.3999999999999999,0.0,-0.0194598289154018,0.0889431855639211,0.0050890695074716,1,0,0,0,0,0.0020606095258324,-0.0332566750885487,-0.0373691381613591,-0.04193581236834262,0.018830799779494603,-0.24807488405702285,0.01787127287270015,-0.009632766412811033,0.015143611325864535,-0.022910206304305483,-0.11571268137057099,0.026981144927521645,0.04587594711678907,0.028674024404022485,0.028709555023265863,-0.13201451380822204,4.75,4.75,-0.25
2001-06-01,1830.18994140625,5225.330078125,1224.3800048828125,14.631391525268555,36.786624908447266,22.15569305419922,0.34769973158836365,5.28,5.15,3.49,4.4535714,4.5,3.75,2.2,177.7,8.5,4.5,0.853,19.059999465942383,28.00380952380952,50.43023681640625,14.74258836110433,13.826484441757202,26.898087739944458,20.806782722473145,12.732808748881022,21.70612970987956,15.06372618675232,13.975311756134033,0.0166941945232,-0.0428661411882919,-0.0253541054918207,0.024752262230435113,-0.1106472645395979,0.053747721662069134,0.15307694636142102,-0.0737276258386922,0.006824265866582261,-0.11331321655320996,-0.30091232559174674,0.06197450479105512,0.0012408255204959713,0.018051877636254633,-0.05620995850715149,-0.19348394028307714,-0.0599999999999996,-0.1099999999999994,-0.172126356169747,-0.1999999999999997,0.0,-0.0258071372467131,-0.0153948968636719,0.0022535220804433,1,0,0,0,0,-0.028262438825154,0.0137858611898666,-0.0465774506882919,-0.1143585740395979,0.021040952730435113,0.15016861302808768,0.0508393883287358,-0.0774389353386922,0.0031129563665822607,-0.11702452605320995,-0.3046236350917467,0.058263195291055114,-0.002470483979504029,0.014340568136254632,-0.059921268007151494,-0.19719524978307715,4.5,4.75,0.0
2001-07-01,1683.6099853515625,5085.509765625,1211.22998046875,14.133234024047852,37.40489196777344,20.088838577270508,0.28100115060806274,5.24,5.15,3.51,4.4671364,4.5,3.75,2.2,177.4,8.4,4.6,0.8615,21.6200008392334,24.99136363636364,51.517334938049316,13.793438275655111,13.732820272445679,25.044485569000244,19.680672645568848,12.581123987833658,21.52053451538086,14.565274596214294,13.326486587524414,-0.0834794657362149,-0.0271226953327003,-0.0107982413190252,-0.03464027807333585,0.0166671716092858,-0.09793012006070675,-0.21298050303424929,0.023356764883441714,-0.05322029657287075,-0.019583649964662157,-0.011540511070094323,-0.03730708073664182,-0.008942542300048373,-0.01652692841008015,-0.05042300698933286,-0.0492603442534607,0.0,-0.04,0.126026980822274,0.0,-0.0999999999999996,0.0099155084763052,-0.1138102447028295,-0.0016896652851272,1,0,0,0,0,-0.0137232413190252,-0.0864044657362149,-0.030845308999367,0.012944557942619134,-0.038362891740002514,-0.2159055030342493,-0.10085512006070675,0.01963415121677505,-0.05694291023953742,-0.023306263631328823,-0.015263124736760988,-0.04102969440330849,-0.012665155966715039,-0.020249542076746816,-0.054145620655999524,-0.05298295792012737,4.5,4.5,0.0
2001-08-01,1469.699951171875,4689.33984375,1133.5799560546875,14.375197410583496,33.046119689941406,17.3148193359375,0.2774118483066559,4.97,4.95,3.36,4.3535217,4.25,3.5,2.0,177.4,8.4,4.9,0.9014,24.920000076293945,25.73608695652174,46.745476722717285,13.850165049235025,12.932329297065735,22.199270963668823,19.68908452987671,12.28718121846517,20.69946225484212,12.986244082450867,10.992235898971558,-0.1358820237418415,-0.08110345908119,-0.0662556285291686,0.016975272554547005,-0.12389734500268428,-0.14860162233134414,-0.012855545055106523,-0.09148123482148585,-0.01988083200157004,-0.057098298328613344,-0.11704133366916154,-0.002127869796984887,-0.021280002076017865,-0.027163657409775218,-0.06991847160891781,-0.22545091089536048,-0.2000000000000001,-0.2700000000000004,0.1420518459522894,-0.2000000000000001,0.0,0.0452740542885635,0.02936385808075,0.0,1,0,0,0,0,-0.0690556285291686,-0.1386820237418415,-0.08473139383119,-0.12752527975268427,0.013347337804547006,-0.015655545055106523,-0.15140162233134413,-0.09510916957148585,-0.02350876675157004,-0.06072623307861334,-0.12066926841916155,-0.005755804546984887,-0.024907936826017864,-0.030791592159775217,-0.07354640635891782,-0.2290788456453605,4.5,4.5,-0.25
2001-09-01,1168.3699951171875,4079.02001953125,1040.93994140625,12.781115531921387,21.577363967895508,15.530219078063965,0.2319488674402237,4.73,4.94,2.64,3.98285,3.75,3.0,1.6,178.1,8.4,5.0,0.9114,31.93000030517578,25.837,39.02664041519165,11.739201625188192,10.407974338531494,15.65338126818339,19.038153648376465,11.29892094930013,19.31488100687663,9.365925629933676,8.87464690208435,-0.2294486542229732,-0.139435046014392,-0.0852566327694199,-0.11753558704140998,-0.42625935139926857,-0.10877500001102391,-0.1789862705505349,-0.2118036684917957,-0.19843547677053772,-0.18614736781314703,-0.22718421488126112,-0.05734167726641071,-0.07902497814043143,-0.0641139883939613,-0.2624078056876595,-0.18237425705087848,-0.0099999999999997,-0.2399999999999993,0.2478753193035339,-0.3999999999999999,0.0,0.0110327685732342,0.0039134043828457,0.0039381204201376,1,0,0,0,0,-0.0874566327694199,-0.2316486542229733,-0.1427540876810586,-0.42957839306593526,-0.12085462870807664,-0.1811862705505349,-0.11097500001102391,-0.21512271015846235,-0.20175451843720438,-0.1894664094798137,-0.23050325654792778,-0.060660718933077375,-0.08234401980709809,-0.06743303006062797,-0.26572684735432617,-0.18569329871754514,4.25,4.5,-0.5
2001-10-01,1364.780029296875,4341.2900390625,1059.780029296875,13.151168823242188,24.217344284057617,17.648677825927734,0.2626062333583832,4.57,4.72,2.16,3.5998696,3.75,2.5,1.8,177.6,8.4,5.3,0.905,33.560001373291016,21.03260869565217,41.33811616897583,12.056495348612467,11.462762641906739,18.58883198102315,19.5460467338562,11.441831906636557,19.17426331837972,8.992515722910563,11.284180641174316,0.1553836540681579,0.0623147796935166,0.0179372722626829,0.028541906112713556,0.1154242816622168,0.12787312603472606,0.124138750261115,0.06838595825595743,0.04304886533381338,0.11159268085209231,0.24874112425250341,0.028431975016509813,0.011072804699036052,-0.022183387729812282,-0.034361811093866386,0.23275736943785402,-0.2200000000000006,-0.1600000000000001,0.0497889062351348,0.1999999999999999,0.0,-0.007046935129856,-0.2057335446883335,-0.0028113597375467,1,0,0,0,0,0.0161372722626829,0.1535836540681579,0.0593148883601832,0.11242439032888346,0.025542014779380222,0.122338750261115,0.12607312603472606,0.0653860669226241,0.04004897400048005,0.10859278951875898,0.24574123291917008,0.02543208368317648,0.008072913365702719,-0.025183279063145617,-0.03736170242719972,0.22975747810452068,3.75,4.25,0.0
2001-11-01,1596.050048828125,4476.06005859375,1139.449951171875,13.948209762573242,28.025840759277344,19.48790740966797,0.31853750348091125,4.65,4.57,1.87,3.3856818,3.25,2.0,1.3,177.5,8.4,5.5,0.8883,23.84000015258789,19.10545454545455,46.02066516876221,12.92504851023356,11.718955516815186,21.677017211914062,20.627644538879395,10.845730463663736,19.684770901997883,10.408483664194742,12.468621730804443,0.1565385924983077,0.0305716603083683,0.0724842799367107,0.05884052902945951,0.14605788643488704,0.0991332705092137,0.19308451974127236,0.1150755783918298,0.04971569686505071,0.04241336691346591,0.16734192044695087,0.05263790618840922,-0.055246932935007716,0.027131906178380433,0.14157217783289558,0.09386390829349137,-0.1499999999999994,0.08,-0.3419700739218281,-0.5,0.0,-0.0186254199242708,-0.0961001558359275,-0.000563221642599,1,0,0,0,0,0.0709259466033773,0.1549802591649743,0.0277502588083683,0.14323648493488705,0.056019127529459506,0.19152618640793903,0.09757493717588037,0.1122541768918298,0.04689429536505071,0.03959196541346591,0.16452051894695088,0.049816504688409216,-0.05806833443500772,0.024310504678380432,0.1387507763328956,0.09104250679349137,3.75,3.75,-0.5
2001-12-01,1577.050048828125,4624.580078125,1148.0799560546875,14.304030418395996,28.396259307861328,20.107040405273438,0.3275100886821747,5.09,4.87,1.69,3.3448889,3.25,1.75,1.5,177.4,8.3,5.7,0.8912,23.799999237060547,18.68142857142857,46.84053325653076,-0.11689925193786621,12.018672943115234,23.239133993784588,22.109761714935303,10.842679977416992,20.39456303914388,10.20254135131836,13.052117347717285,-0.0119758132403832,0.0326423646474055,0.0075452966090378,0.025190177394575,0.013130453140856329,0.03127588228400742,0.027778641324526107,0.01950889124975155,0.012006862442005523,0.04154456773020264,0.031078452955934477,0.05921571404217288,0.011803478089506958,0.040654926400841576,-0.03881208761668971,0.04091109408959098,0.2999999999999998,0.4399999999999995,-0.0016792999764989,0.1999999999999999,-0.0999999999999996,0.0032593453973643,-0.0224439667158162,-0.0005635390399918,1,0,0,0,0,0.0061369632757045,-0.0133841465737165,0.0298549572307388,0.010343045724189662,0.022402769977908334,0.026370307991192773,0.029867548950674085,0.016721483833084885,0.009219455025338856,0.038757160313535974,0.028291045539267812,0.056428306625506214,0.009016070672840291,0.03786751898417491,-0.04159949503335637,0.03812368667292432,3.25,3.75,0.0
2002-01-01,1550.1700439453125,4461.8701171875,1130.199951171875,15.371496200561523,29.017621994018555,19.33614158630371,0.3696834146976471,5.04,4.93,1.65,3.3387727,3.25,1.75,2.4,177.7,8.2,5.7,0.8832,21.09000015258789,20.03304347826087,44.19837045669556,0.07028645277023315,11.89610013961792,22.72213617960612,21.169069290161133,10.917315800984701,20.029344240824383,10.977318922678629,11.863770008087158,-0.0171914135253319,-0.0358175859904071,-0.0156963785927956,0.0719735533328626,0.02164587842499194,-0.039094056860383114,0.12112814368333276,-0.04227146131261095,0.015131691286022278,-0.0029263317929967766,-0.01477537289965168,-0.014153393936281448,0.003378822958867314,-0.017339455076866274,0.05076700968334463,-0.114528862642819,0.0599999999999996,-0.0499999999999998,-0.1208865468953832,0.8999999999999999,-0.1000000000000014,-0.0090171936501887,0.069853178266058,0.0016896652851272,1,0,0,0,0,-0.0170713785927956,-0.0185664135253319,-0.0385998965737405,0.01886356784165861,0.06919124274952926,0.11975314368333276,-0.040469056860383115,-0.04505377189594428,0.012349380702688945,-0.005708642376330109,-0.017557683482985014,-0.01693570451961478,0.0005965123755339811,-0.020121765660199607,0.0479846991000113,-0.11731117322615234,3.25,3.25,0.0
2002-02-01,1359.219970703125,4462.990234375,1106.72998046875,15.969280242919922,33.55355453491211,17.706340789794922,0.3245195150375366,4.91,4.99,1.72,3.3571,3.25,1.75,2.2,178.0,8.2,5.7,0.8707,21.59000015258789,20.545,45.013437271118164,0.062347471714019775,12.33089189529419,22.0858252843221,21.31594467163086,10.778048833211264,19.578571319580078,11.880032857259115,11.62293028831482,-0.1314536464339775,0.0002510105815124,-0.0209848611197933,0.03815199356130882,0.14523950478988604,-0.08805315365397576,-0.13030133029414223,0.02633648949814419,0.02822393818385276,0.04115503834932832,-0.024385996727632836,0.03196219953192953,-0.010984025346842343,-0.014722188735553204,0.039778792856854976,-0.06687037717158743,0.0600000000000005,-0.1299999999999999,0.0234312498684765,-0.1999999999999997,0.0,-0.0142541896882608,0.0252345182062172,0.001686815131479,1,0,0,0,0,-0.0224181944531266,-0.1328869797673109,-0.0025465727518208,0.1424419214565527,0.03535441022797549,-0.13173466362747557,-0.08948648698730909,0.023538906164810858,0.025426354850519427,0.03835745501599499,-0.02718358006096617,0.0291646161985962,-0.013781608680175677,-0.017519772068886538,0.036981209523521644,-0.06966796050492077,3.25,3.25,0.0
2002-03-01,1452.81005859375,4688.02001953125,1147.3900146484375,16.097375869750977,36.0079460144043,18.30423927307129,0.3539808690547943,5.28,5.24,1.79,3.3908,3.25,1.75,2.2,178.5,8.2,5.7,0.8766,17.399999618530273,24.00095238095238,47.76855754852295,-0.9993436336517334,12.880637741088867,24.318471431732178,20.65810203552246,10.773919423421225,19.99995295206706,12.760834217071533,14.223103761672974,0.0665886681813278,0.0491913251288623,0.036080106667215,0.007989377360947281,0.07059683152780219,0.0332098751459487,0.0868971963289061,0.058363321252420594,0.060642082244406,0.03821603903869088,0.08166726912617996,-0.008300688866537332,-0.0001561167835573742,0.020054594561841294,0.04697040731091511,0.18055501214197167,0.25,0.3700000000000001,-0.2157600672973063,0.0,0.0,0.0067533021501388,0.1554759097649238,0.0028050509276082,1,0,0,0,0,0.0345884400005483,0.0650970015146612,0.0463656584621956,0.06777116486113552,0.005163710694280614,0.08540552966223944,0.03171820847928203,0.05553765458575393,0.05781641557773934,0.03539037237202421,0.07884160245951329,-0.011126355533204,-0.002981783450224041,0.017228927895174627,0.04414474064424845,0.177729345475305,3.25,3.25,0.0
2002-04-01,1277.0699462890625,4462.740234375,1076.9200439453125,16.5101261138916,36.07008361816406,15.861035346984863,0.36295345425605774,5.21,5.24,1.71,3.4069048,3.25,1.75,2.1,179.3,8.2,5.9,0.886,21.90999984741211,25.94545454545455,47.63421058654785,-1.4331419467926025,12.770068645477295,19.92160113652547,21.352706909179688,10.827731132507324,20.529287974039715,11.961938699086508,12.133453130722046,-0.1289313029673779,-0.0492473429530485,-0.0633846547446828,0.025317627289812,0.0017241764090942821,-0.14326719281986333,0.02503173139802877,-0.0014879619530549972,0.023771137487010985,-0.021414872206688987,-0.15171653999243717,0.05033540636077909,0.006400907347552137,0.03559891343487235,-0.05911057570689319,-0.18890453615703773,0.0,-0.0700000000000002,0.2304729623461359,-0.1,0.0,0.0106661626203721,0.0779029201440688,0.0044717793913937,1,0,0,0,0,-0.0648096547446828,-0.1303563029673779,-0.0520864302863818,-0.0011149109242390512,0.022478539956478666,0.023606731398028772,-0.14469219281986334,-0.004327049286388331,0.02093205015367765,-0.02425395954002232,-0.1545556273257705,0.04749631902744576,0.003561820014218804,0.03275982610153902,-0.06194966304022652,-0.19174362349037105,3.25,3.25,0.0
2002-05-01,1208.3399658203125,4274.64013671875,1067.1400146484375,17.164836883544922,35.2623176574707,15.451311111450195,0.348446786403656,5.16,5.26,1.73,3.4671364,3.25,1.75,1.6,179.5,8.2,5.8,0.917,19.979999542236328,25.5495652173913,46.61758899688721,-2.207802712917328,13.566426849365234,16.518263657887776,19.965285778045654,10.397090276082357,20.960715611775715,12.263861815134684,11.047066450119019,-0.0553208608868532,-0.0430630593901819,-0.0091229693767845,0.03888902747293072,-0.022648907821167984,-0.02617163314024517,-0.04078907555792089,-0.01996976038415311,-0.02391355289575024,0.05058732942916243,-0.1699931258891656,-0.05698240770581546,-0.04310414863834089,0.016558336089504844,0.003267690967839354,-0.15212580509538462,0.0199999999999995,-0.0499999999999998,-0.0922113963337589,-0.5,0.0,0.0343905216513839,-0.0153761326712893,0.0011148273172461,1,0,0,0,0,-0.0105646360434512,-0.0567625275535199,-0.0459523397235153,-0.025538188154501318,0.03599974713959739,-0.04223074222458756,-0.027613299806911837,-0.022859040717486446,-0.026802833229083573,0.047698049095829094,-0.17288240622249892,-0.059871688039148795,-0.04599342897167422,0.01366905575617151,0.00037841063450602067,-0.15501508542871795,3.25,3.25,0.0
2002-06-01,1051.4100341796875,3897.989990234375,989.8200073242188,16.3640193939209,31.986642837524414,16.601581573486328,0.2649996876716614,4.93,5.11,1.7,3.464,3.25,1.75,1.4,179.6,8.2,5.8,0.9561,25.39999961853028,24.368,44.38433790206909,-2.19171142578125,13.073804950714111,13.480982780456543,19.099303722381592,9.723015308380127,21.135840733846027,10.946775754292807,8.609474658966064,-0.1391153355837769,-0.0922388871415717,-0.0752143496031787,-0.047777938788306086,-0.09749650097871716,0.07180410500954786,-0.27375687790743036,-0.0545465690024382,-0.07822855962696444,-0.029872224535249865,-0.11228454841626949,-0.045044403658845635,-0.07221174843551222,0.004312183757429072,-0.11531313220289406,-0.4448566220398265,-0.1499999999999994,-0.2300000000000004,0.2400174086966848,-0.2000000000000001,0.0,0.0417550378349354,-0.0473495034202704,0.0005569479397662,1,0,0,0,0,-0.0766310162698454,-0.1405320022504436,-0.0951255538082384,-0.10038316764538383,-0.050664605454972755,-0.27517354457409704,0.07038743834288119,-0.05743323566910487,-0.0811152262936311,-0.03275889120191653,-0.11517121508293615,-0.047931070325512304,-0.07509841510217888,0.0014255170907624057,-0.11819979886956072,-0.44774328870649316,3.25,3.25,0.0
2002-07-01,962.0999755859376,3415.3798828125,911.6199951171876,14.004973411560059,28.286218643188477,14.562045097351074,0.2282104641199112,4.65,4.96,1.68,3.41,3.25,1.75,1.6,180.0,8.3,5.8,0.9935,32.029998779296875,25.85782608695652,37.88776159286499,-2.9744473695755005,12.083550930023193,11.48904569943746,18.297142505645752,8.03851286570231,17.937944412231445,11.261976877848307,8.042532086372375,-0.0887690619851524,-0.132172306845942,-0.0822998845936379,-0.15567247501014542,-0.1229436920319573,-0.13107947344743534,-0.14946035597230842,-0.15359881399440847,-0.23077188535533322,-0.07992716723104071,-0.19579437534267616,-0.05192086811820505,-0.1927451998653238,-0.16093858140101672,0.07118362962775324,0.1351491875516582,-0.1500000000000003,-0.2799999999999993,0.2319237665038249,0.2000000000000001,0.1000000000000014,0.0383715519004712,0.0593425089610808,0.0022246950221109,1,0,0,0,0,-0.0836998845936379,-0.0901690619851524,-0.1350139735126086,-0.12578535869862398,-0.15851414167681208,-0.15086035597230843,-0.13247947344743535,-0.15644048066107513,-0.23361355202199988,-0.08276883389770738,-0.19863604200934282,-0.05476253478487172,-0.19558686653199045,-0.16378024806768338,0.06834196296108656,0.13230752088499154,3.25,3.25,0.0
2002-08-01,942.3800048828124,3366.2099609375,916.0700073242188,14.21399974822998,26.63671875,14.895905494689941,0.22058360278606415,4.26,4.67,1.62,3.3519091,3.25,1.75,1.8,180.5,8.3,5.7,0.9781,32.63999938964844,26.62,36.9545783996582,-3.151712954044342,11.769451427459718,10.426648696263632,18.82985544204712,8.2643829981486,18.572591145833332,11.509789625803629,7.601106882095337,-0.0207097745487928,-0.014501255502645,0.0048695577417693,0.014814866477861,-0.060084044258958934,0.022667883285284466,-0.033991517431168274,-0.031047178293482695,0.04922936182598179,-0.018033664589607028,-0.07574470876542398,0.03472405735570225,0.03199477736066876,0.037037423071424456,-0.020146829339973,-0.08779084204963317,-0.29,-0.3900000000000005,0.0188655858865871,0.1999999999999999,0.0,-0.0156221476954243,0.0290495078530788,0.0027739268827255,1,0,0,0,0,0.0035195577417693,-0.0220597745487928,-0.0172945130859783,-0.06287730184229226,0.012021608894527667,-0.03534151743116827,0.021317883285284465,-0.033840435876816025,0.046436104242648456,-0.02082692217294036,-0.07853796634875732,0.031930799772368915,0.029201519777335427,0.03424416548809112,-0.022940086923306333,-0.0905840996329665,3.25,3.25,0.0
2002-09-01,832.52001953125,2777.449951171875,815.280029296875,9.854244232177734,23.143272399902344,13.27519702911377,0.21684518456459045,3.87,4.46,1.63,3.3101429,3.25,1.75,1.8,180.8,8.3,5.7,0.9806,39.68999862670898,28.37095238095238,32.917405128479004,-2.323879361152649,9.659859657287598,5.928008000055949,18.15088415145874,6.758639971415202,17.68595790863037,9.373951276143393,5.985077142715454,-0.1239513263921725,-0.1922542478207964,-0.1165611405083879,-0.3663251277973167,-0.14058653881934022,-0.11518896703749049,-0.0170931102462973,-0.13095672652157456,-0.3504505555004136,-0.16224956252586775,-0.6000979011121107,-0.023603120912568963,-0.22928647247156367,-0.04774792395329961,-0.322126395018586,-0.38686444212541515,-0.2099999999999999,-0.3899999999999997,0.1955607207981349,0.0,0.0,0.0025527149206857,0.0637030052921807,0.0016606701851404,1,0,0,0,0,-0.1179194738417212,-0.1253096597255058,-0.1950127002374631,-0.14334499123600689,-0.36908358021398335,-0.018451443579630633,-0.11654730037082382,-0.13371517893824122,-0.35320900791708026,-0.16500801494253442,-0.6028563535287773,-0.02636157332923563,-0.23204492488823034,-0.05050637636996628,-0.32488484743525264,-0.3896228945420818,3.25,3.25,0.0
2002-10-01,989.5399780273438,3150.0400390625,885.760009765625,12.034122467041016,28.430469512939453,16.22828483581543,0.24032357335090637,3.94,4.55,1.58,3.2612609,3.25,1.75,1.9,181.2,8.3,5.7,0.9812,31.13999938964844,27.52260869565217,37.97198295593262,-1.3662487864494324,10.187984466552734,8.950987935066223,19.048197746276855,7.481738249460856,19.828500111897785,10.973371744155884,7.5904436111450195,0.1727828974270027,0.1258819405810181,0.0829143961191542,0.19984390460442925,0.20575731100544112,0.20085828817525042,0.10280257386357038,0.1610001875875273,0.26226972389390996,0.05050443102420055,0.41508308078668216,0.035911064905805104,0.10569364528660992,0.1106831512132217,0.24164961361544668,0.3488915026084747,0.0899999999999998,0.0699999999999998,-0.2426060853889353,0.0999999999999998,0.0,0.0006116831672012,-0.0303580169666304,0.0022099456508026,1,0,0,0,0,0.0815977294524876,0.171466230760336,0.1231642231643514,0.20303959358877446,0.1971261871877626,0.10148590719690372,0.19954162150858376,0.15828247017086064,0.2595520064772433,0.04778671360753388,0.4123653633700155,0.033193347489138436,0.10297592786994325,0.10796543379655503,0.23893189619878002,0.346173785191808,3.25,3.25,0.0
2002-11-01,1116.0999755859375,3326.64990234375,936.3099975585938,12.24315357208252,29.728759765625,17.506027221679688,0.23179991543293,4.05,4.53,1.23,3.1241429,3.25,1.25,2.1,181.5,8.4,5.9,1.0013,27.5,24.25047619047619,38.3457670211792,-0.7073298692703247,10.634252548217773,11.482433716456095,18.46132755279541,7.581825574239095,18.58161385854085,10.489868005116781,9.053609371185303,0.1203555563097784,0.0545505986966868,0.0555005710434994,0.017220735178451546,0.0446534793174635,0.07578953698954305,-0.03611167152397447,0.015852992788442613,0.06100189891482664,0.04472180528298807,0.22605076591830553,-0.02807408374301911,0.01737021134414472,-0.05918501996770642,-0.1707166496849917,0.2738998334328282,-0.0199999999999995,0.1099999999999998,-0.1243071421330834,0.2000000000000001,0.0999999999999996,0.0202781223294229,-0.1265715473811539,0.0016542600960258,1,0,0,0,0,0.0544755710434994,0.1193305563097784,0.0519471462800201,0.04205002690079684,0.01461728276178488,-0.03713667152397447,0.07476453698954305,0.013249540371775947,0.05839844649815997,0.0421183528663214,0.22344731350163885,-0.030677536159685777,0.014766758927478054,-0.061788472384373086,-0.17332010210165838,0.27129638101616155,3.25,3.25,0.0
2002-12-01,984.3699951171876,3063.909912109375,879.8200073242188,11.58620548248291,24.670677185058594,15.691075325012207,0.2143026441335678,4.03,4.38,1.19,2.94105,2.75,1.25,2.2,181.8,8.5,6.0,1.0194,28.6200008392334,28.31727272727273,34.203571796417236,0.07677733898162842,9.368799877166747,8.022822260856628,18.116011142730713,7.104944705963135,18.30887444814046,9.655947208404541,7.440557241439819,-0.1255938851115529,-0.082273912873919,-0.0622292661977205,-0.05515168074833089,-0.1864995396412295,-0.10945313421167167,-0.07848532520701362,-0.13017511641744844,-0.09284994984875423,-0.13012637764036303,-0.34522278460299,-0.018602459100708117,-0.07302513366330633,-0.015550367817766813,-0.03879659167276375,-0.1563398788431554,-0.1500000000000003,-0.0199999999999995,0.0399197987790977,0.1,0.0999999999999996,0.0179150631921842,0.1550357082737399,0.0016515280384732,1,0,0,0,0,-0.0632209328643872,-0.1265855517782196,-0.084724787873919,-0.1889504146412295,-0.05760255574833089,-0.07947699187368029,-0.11044480087833834,-0.13262599141744844,-0.09530082484875424,-0.13257725264036302,-0.34767365960299,-0.021053334100708115,-0.07547600866330634,-0.018001242817766813,-0.04124746667276375,-0.15879075384315539,3.25,3.25,-0.5
2003-01-01,983.0499877929688,2937.8798828125,855.7000122070312,10.98897647857666,24.815601348876953,14.404228210449219,0.21475152671337128,4.05,4.22,1.17,2.8318182,2.75,1.25,1.9,182.6,8.2,5.8,1.0622,31.170000076293945,30.80869565217391,32.77397108078003,-0.22203278541564941,9.343329429626465,8.362127304077148,15.4030442237854,7.109635988871257,16.97681172688802,9.84557286898295,8.043639898300171,-0.0013418665396842,-0.0420036564755761,-0.0277974877305516,-0.05292257591828488,0.005857162123717731,-0.08557031088078094,0.0020924292272671186,-0.03138862088222833,-0.07999843722428084,0.0029234160767206835,0.013516468039903395,-0.15517890956859864,0.016769432335219426,-0.07838591372378105,0.0686669362698457,0.15679577460570454,-0.1600000000000001,0.0199999999999995,0.0853502927752942,-0.3000000000000002,-0.3000000000000007,0.0411280100823573,0.0843250143171201,0.0043907864174901,1,0,0,0,0,-0.0287724877305516,-0.0023168665396842,-0.0443635049755761,0.0034973136237177313,-0.055282424418284876,0.0011174292272671186,-0.08654531088078095,-0.03374846938222833,-0.08235828572428083,0.0005635675767206834,0.011156619539903396,-0.15753875806859866,0.014409583835219425,-0.08074576222378105,0.0663070877698457,0.15443592610570453,2.75,3.25,0.0
2003-02-01,1009.739990234375,2754.070068359375,841.1500244140625,11.466758728027344,24.147632598876953,14.432283401489258,0.2244720607995987,3.9,4.01,1.17,2.68745,2.75,1.25,2.6,183.6,8.3,5.9,1.0785,29.6299991607666,32.6625,29.830445766448975,-0.2396688461303711,8.331679439544677,8.314276973406473,15.842212200164795,5.871859868367513,16.353942553202312,8.915323177973429,6.961883544921875,0.0267881701456198,-0.0646083505383456,-0.0171498294997661,0.0425596722752179,-0.027286195765731245,0.0019458109406173118,0.044269578558271565,-0.09396849480099265,-0.015263279398515498,-0.10828681239639082,0.009917425561051569,0.03115079670588671,-0.23210613000072597,-0.0410116570180219,-0.06045843986942867,-0.1467658186693663,-0.2099999999999999,-0.1499999999999999,-0.0506687629652176,0.7000000000000002,0.1000000000000014,0.0152289578409122,0.0584306543445087,0.0054615100255217,1,0,0,0,0,-0.0181248294997661,0.0258131701456198,-0.0668478922050123,-0.029525737432397912,0.04032013060855123,0.04329457855827157,0.0009708109406173118,-0.09620803646765931,-0.017502821065182163,-0.11052635406305748,0.007677883894384902,0.028911255039220044,-0.23434567166739265,-0.04325119868468857,-0.06269798153609533,-0.14900536033603298,2.75,2.75,0.0
2003-03-01,1018.6599731445312,2618.4599609375,848.1799926757812,10.959115982055664,22.786502838134766,14.742846488952637,0.21146109700202942,3.81,4.1,1.13,2.5299524,2.5,1.25,2.5,183.9,8.4,5.9,1.0797,29.14999961853028,30.16809523809524,27.802578449249268,-0.8298206329345703,8.280048179626466,8.318158984184265,15.070621013641357,5.298537174860637,17.091530481974285,6.81053368250529,6.426128387451172,0.0087951494491309,-0.0504934985978197,0.0083228365929884,-0.04528068459082123,-0.058017966374386006,0.021290381194710932,-0.05971020561348646,-0.07757367785017984,-0.032120815091450046,-0.02231504104927437,-0.012990952694368703,-0.04226861233706021,-0.1132157339559204,0.04105105837362168,-0.2859724639889419,-0.08363042783291545,0.0899999999999998,-0.0899999999999998,-0.0163324335516388,-0.1,0.0999999999999996,0.0011120379238837,-0.0794427139712596,0.0016326534238855,1,0,0,0,0,0.0073811699263217,0.0078534827824642,-0.0526017922644864,-0.06012626004105267,-0.04738897825748789,-0.060651872280153125,0.020348714528044265,-0.0796819715168465,-0.03422910875811671,-0.024423334715941037,-0.01509924636103537,-0.044376906003726874,-0.11532402762258706,0.03894276470695501,-0.28808075765560853,-0.08573872149958212,2.75,2.75,-0.25
2003-04-01,1106.06005859375,2953.669921875,916.9199829101562,12.571625709533691,24.639158248901367,15.57102108001709,0.21265780925750732,3.96,4.22,1.13,2.53335,2.5,1.25,2.0,183.2,8.5,6.0,1.0862,21.209999084472656,25.035,31.509907722473145,-0.7276249527931213,9.187199974060059,9.538570404052734,16.72700262069702,6.181037028630574,18.343419392903645,8.615787744522095,7.802470922470093,0.0823161924032033,0.1204620947057918,0.077927340026379,0.1372707270448922,0.078168596218354,0.054653582314870636,0.005643301507071784,0.1295043273765832,0.18770024891646983,0.11166171265816276,0.16010758452718712,0.08907379661556074,0.19165326086953047,0.0771035347636517,0.21489502800282131,0.170803629003703,0.1200000000000001,0.1499999999999999,-0.3179821742983626,-0.5,0.0999999999999996,0.0060021418476501,-0.1865100710935632,-0.0038136793702454,1,0,0,0,0,0.0769856733597123,0.0813745257365366,0.1183509697057918,0.07605747121835399,0.13515960204489222,0.004701634840405117,0.05371191564820397,0.12739320237658322,0.18558912391646984,0.10955058765816275,0.15799645952718713,0.08696267161556073,0.18954213586953048,0.0749924097636517,0.21278390300282132,0.168692504003703,2.5,2.75,0.0
2003-05-01,1197.8900146484375,2991.75,963.5900268554688,12.571625709533691,27.87024688720703,14.986421585083008,0.2684391736984253,3.57,3.89,1.07,2.4005238,2.5,1.25,1.8,182.9,8.5,6.1,1.1556,19.46999931335449,25.71454545454545,33.3423285484314,-1.6983820796012878,9.254520988464355,10.053344329198202,16.698501110076904,6.450301090876262,18.524325688680012,8.629070599873861,8.509292125701904,0.0797574838547958,0.0128100619844184,0.0496457119978259,0.0,0.12322272387837678,-0.038267000183106255,0.23294000257421166,0.06745665648149925,-0.0018362358168198835,0.01911606102369261,0.057095110412720466,-0.009533947778022554,0.0319726762696875,-0.0006937598785237928,-0.0026010213733168273,0.06652035242906423,-0.3299999999999996,-0.3900000000000001,-0.0855979412944383,-0.1999999999999999,0.0,0.0619343229913351,0.026781957012075,-0.0016388968432101,1,0,0,0,0,0.0487540453311592,0.0788658171881292,0.0108096254844184,0.12122228737837679,-0.0020004365,0.23204833590754498,-0.03915866684977292,0.06545621998149925,-0.003836672316819884,0.01711562452369261,0.055094673912720465,-0.011534384278022555,0.0299722397696875,-0.002694196378523793,-0.0046014578733168275,0.06451991592906424,2.5,2.5,0.0
2003-06-01,1201.68994140625,3084.10009765625,974.5,14.106372833251953,27.59550666809082,15.613653182983398,0.28503865003585815,3.33,3.69,0.92,2.1518571,2.0,1.0,2.0,183.1,8.5,6.3,1.1674,19.520000457763672,27.56666666666667,32.48562049865723,-0.5720860362052917,9.850727653503418,10.190306822458902,16.269417762756348,6.415952205657959,18.76505184173584,10.422167380650839,8.853478193283081,0.0031671625899526,0.0304014117898558,0.011258598140629,0.11518432252402466,-0.009906742395084484,0.041001172050061076,0.06000043811061998,-0.027298891773793726,0.08172420581965201,0.05948860112756208,0.009106035746140393,-0.016804916032514407,-0.016863300932694,0.02041392035257233,0.1779030736599424,0.03281655973972575,-0.2000000000000001,-0.2399999999999997,0.0025648203186934,0.1999999999999999,0.0,0.0101593641776105,0.0695505105675531,0.0010928962836445,1,0,0,0,0,0.0104919314739624,0.0024004959232859,0.0286081975398558,-0.011699956645084483,0.11339110827402467,0.059233771443953316,0.04023450538339441,-0.029092106023793727,0.07993099156965201,0.05769538687756208,0.007312821496140393,-0.01859813028251441,-0.018656515182694,0.01862070610257233,0.1761098594099424,0.031023345489725747,2.5,2.5,-0.5
2003-07-01,1276.93994140625,3210.27001953125,990.3099975585938,15.380088806152344,31.16714859008789,16.08254623413086,0.31524795293807983,3.98,4.01,0.9,2.1300435,2.0,1.0,2.0,183.7,8.5,6.2,1.1365,19.489999771118164,28.50391304347826,33.829508781433105,0.2282128930091858,11.260462665557862,11.357269922892252,16.21853017807007,6.326868375142415,18.517831802368164,10.584033966064453,9.183494567871094,0.0607376943425664,0.0400951395768741,0.0160935040134788,0.08644706892882428,0.12171165270188054,0.029588863583674,0.100734696133425,0.048167569508939696,0.09241363291464265,0.13103142069147572,0.08782414692755715,0.002366083681943014,-0.011047705882709244,-0.011996385207859542,-0.10240576209778653,0.05356590170044109,0.3199999999999998,0.6499999999999999,-0.0015381026600369,0.0,0.0,-0.0268256894770927,0.0334340642594845,0.0032715405406156,1,0,0,0,0,0.0153435040134788,0.0599876943425664,0.0383201033268741,0.11993661645188054,0.08467203267882428,0.099984696133425,0.028838863583674,0.046392533258939696,0.09063859666464265,0.12925638444147572,0.08604911067755715,0.0005910474319430138,-0.012822742132709244,-0.013771421457859543,-0.10418079834778653,0.05179086545044109,2.0,2.5,0.0
2003-08-01,1341.199951171875,3311.419921875,1008.010009765625,14.456645965576172,34.98157501220703,16.149538040161133,0.33812832832336426,4.45,4.16,0.95,2.1404286,2.0,1.0,2.0,184.5,8.3,6.1,1.1155,18.6299991607666,29.71809523809524,37.400875091552734,-0.3548118472099304,11.183260440826416,12.386286815007528,16.626508235931396,6.628111282984416,19.412166913350422,11.758041858673096,9.970229625701904,0.049098154264515,0.0310220249838168,0.017715355943955,-0.06191950095560643,0.11545688436421964,0.004156845826339842,0.07006601165429566,0.10178538663302375,-0.009718702971407445,0.00044481264463554074,0.09454805881290929,0.025949449989238486,0.04019769292668319,0.0464695949924979,0.1020189660310617,0.04606319726667599,0.1500000000000003,0.4700000000000002,-0.045128362209839,0.0,-0.1999999999999993,-0.0186506294200108,0.0417147499356138,0.0043454712595014,1,0,0,0,0,0.0169236892772883,0.0483064875978484,0.0292383344838168,0.11367319386421963,-0.06370319145560643,0.069274344987629,0.0033651791596731755,0.10000169613302375,-0.011502393471407444,-0.001338877855364459,0.09276436831290928,0.024165759489238485,0.03841400242668319,0.0446859044924979,0.1002352755310617,0.04427950676667599,2.0,2.0,0.0
2003-09-01,1303.699951171875,3134.989990234375,995.969970703125,13.40583324432373,34.08707809448242,16.929000854492188,0.3098638653755188,4.27,4.23,0.94,2.1473182,2.0,1.0,2.2,185.1,8.6,6.1,1.1267,22.71999931335449,27.04409090909091,34.86131286621094,-0.6700024008750916,10.450558757781982,11.607312361399332,16.847625255584717,6.488792737325032,19.605454444885254,10.93960944811503,8.785120964050293,-0.0283583609705415,-0.0547510956499441,-0.0120162716714291,-0.07546430826276435,-0.025903123692558334,0.04713673319499935,-0.08729243594519824,-0.07012441770621435,-0.08781016730181597,-0.05451000586334868,-0.07574066777313566,0.011021097357091551,-0.01925242157935397,0.012509453133637735,-0.050113366275765146,-0.12915614895020047,0.0700000000000002,-0.1800000000000006,0.1984724240647986,0.2000000000000001,0.2999999999999989,0.0099902712975331,-0.094287596808527,0.0032467560988704,1,0,0,0,0,-0.0127996050047624,-0.0291416943038748,-0.0565405274832774,-0.027692555525891668,-0.07725374009609767,-0.08807576927853157,0.04635339986166602,-0.07191384953954767,-0.0895995991351493,-0.05629943769668201,-0.07753009960646899,0.009231665523758217,-0.021041853412687304,0.0107200213003044,-0.05190279810909848,-0.1309455807835338,2.0,2.0,0.0
2003-10-01,1416.3900146484375,3373.199951171875,1050.7099609375,14.392961502075195,37.98456573486328,16.00743865966797,0.3423157334327698,4.29,4.28,0.92,2.1435652,2.0,1.0,2.3,184.9,8.7,6.0,1.1714,16.100000381469727,29.43565217391304,39.60229969024658,-0.7097827792167664,11.757447719573975,13.7219607035319,17.777912616729736,6.617166678110759,20.021243413289387,11.975463072458902,9.818593263626099,0.0829050531871849,0.0732358530709453,0.0535042607031232,0.07104937353512315,0.10826154138485948,-0.055974647701201106,0.09960045127272454,0.1290173979436186,0.105115348510207,0.1120691328391294,0.16277970722446547,0.06478933191607754,0.017303173297560936,0.018621119771238388,0.031575043827714595,0.09224401375762831,0.0499999999999998,0.0200000000000004,-0.3444262679466874,0.0999999999999996,0.0999999999999996,0.0389066084855616,0.0847380678961475,-0.0010810811863732,1,0,0,0,0,0.0527375940364566,0.0821383865205182,0.071449548737612,0.10647523705152614,0.06926306920178982,0.09883378460605788,-0.05674131436786777,0.12723109361028528,0.10332904417687366,0.11028282850579607,0.16099340289113215,0.0630030275827442,0.015516868964227602,0.016834815437905055,0.029788739494381263,0.09045770942429497,2.0,2.0,0.0
2003-11-01,1424.25,3424.7900390625,1058.199951171875,14.966135025024414,36.706695556640625,15.744120597839355,0.31270530819892883,4.3,4.41,0.93,2.15905,2.0,1.0,2.5,185.0,8.8,5.8,1.171,16.31999969482422,28.9485,38.70592403411865,-0.25671452283859253,12.292624568939209,13.338396072387695,18.475738525390625,6.7520058155059814,20.517982800801594,11.688162088394165,9.74933671951294,0.0055339679580853,0.0151783331285756,0.0071032163906625,0.03905068122617512,-0.034220733691305384,-0.016586530224664227,-0.09047226865798468,-0.022506298296684418,0.027811442672007126,0.04717555483390773,-0.007745545882696839,0.03203120531755162,0.025456113628612203,0.020911372692265062,-0.020254907970009745,0.005740714899857833,0.1299999999999999,0.0099999999999997,0.0135720351522752,0.2000000000000001,0.1000000000000014,-0.0003415300579645,-0.0166882094391178,0.0005406866852455,1,0,0,0,0,0.0063282163906625,0.0047589679580853,0.0133791247952422,-0.03601994202463872,0.03725147289284178,-0.09124726865798467,-0.017361530224664228,-0.02430550663001775,0.026012234338673793,0.04537634650057439,-0.009544754216030172,0.030231996984218284,0.02365690529527887,0.01911216435893173,-0.02205411630334308,0.0039415065665245,2.0,2.0,0.0
2003-12-01,1467.9200439453125,3557.89990234375,1111.9200439453125,15.88957405090332,37.003475189208984,16.760656356811523,0.31958428025245667,4.27,4.34,0.9,2.1463333,2.0,1.0,2.4,185.5,9.0,5.7,1.2298,18.309999465942383,29.74347826086957,38.66196155548096,-0.1003839373588562,12.243971920013427,11.854711612065634,19.030205726623535,7.374433517456055,20.22303835550944,11.745786190032959,9.709864616394043,0.0302011033533232,0.0381302883519901,0.0495189849711049,0.05987319034288479,0.008052653610545859,0.06256725618374807,0.02175978729722471,-0.003327469220089715,0.056812671506305,-0.0075717798243896935,-0.08308518017672206,0.020281658113119827,0.08950524289023054,-0.014204072618105128,0.04716421357340239,0.013785415821705503,-0.0700000000000002,-0.0300000000000002,0.1150559986824166,-0.1,0.1999999999999993,0.0489934699216519,0.0270915006326655,0.0026990569691651,1,0,0,0,0,0.0487689849711049,0.0294511033533232,0.0363416772686568,0.0062640425272125246,0.058084579259551454,0.02100978729722471,0.06181725618374807,-0.005116080303423049,0.055024060422971664,-0.009360390907723027,-0.0848737912600554,0.018493047029786495,0.0877166318068972,-0.01599268370143846,0.045375602490069056,0.011996804738372169,2.0,2.0,0.0
2004-01-01,1493.0799560546875,3638.43994140625,1131.1300048828125,15.921417236328125,37.131752014160156,16.932125091552734,0.3373804986476898,4.15,4.2,0.88,2.0894762,2.0,1.0,2.2,186.3,8.9,5.7,1.2638,16.6299991607666,30.98181818181818,38.833556175231934,-0.35355520248413086,12.63242540359497,11.895081043243408,19.101480960845947,7.476019382476807,19.98289680480957,11.614165306091309,10.520835876464844,0.016994608346315,0.0223845465294075,0.0171288470577149,0.002002024757617843,0.0034606207550538035,0.010178454121482855,0.05419034254194644,0.005961006092853168,0.025385971457938705,0.028572252508687668,-0.003930374624751245,0.019569518796611465,0.023598753949295326,-0.009495232429596448,-0.020912324167258384,0.07063542413504151,-0.1399999999999996,-0.1199999999999992,-0.096239086779073,-0.1999999999999997,-0.0999999999999996,0.0272715008199855,0.0407906323189872,0.0043033955600533,1,0,0,0,0,0.0163955137243816,0.0162612750129817,0.0206433163627408,0.0017193905883871369,0.0002607945909511762,0.053457009208613106,0.009445120788149521,0.004219775926186502,0.023644741291272038,0.026831022342021,-0.0056716047914179115,0.0178282886299448,0.02185752378262866,-0.011236462596263114,-0.02265355433392505,0.06889419396837484,2.0,2.0,0.0
2004-02-01,1470.3800048828125,3725.43994140625,1144.93994140625,16.208003997802734,39.440452575683594,16.246261596679688,0.35771921277046204,4.08,4.14,0.93,2.07055,2.0,1.0,1.9,186.7,8.9,5.6,1.264,14.550000190734863,30.795,41.01335906982422,-0.9020452499389648,13.0595046043396,11.338385661443075,18.934545516967773,7.871223131815593,21.745341618855793,12.09795872370402,10.230264902114868,-0.0153201969714652,0.0236299476801612,0.0121350453361058,0.017839995326038388,0.06031955168991647,-0.041349883789573126,0.05853698725794111,0.05518071759750444,0.00711513290688541,0.03609101233888923,-0.03421107256185951,-0.000865143231366855,0.0542776710774594,0.07803837506475207,0.05499890377635707,-0.041933876168851525,-0.0600000000000005,-0.0700000000000002,-0.1336172360133813,-0.3000000000000002,0.0,0.0001582403674478,-0.0060481830177834,0.0021447729401335,1,0,0,0,0,0.0113600453361058,-0.0160951969714652,0.0219044893468278,0.05859409335658314,0.016114536992705056,0.057761987257941114,-0.042124883789573124,0.05345525926417111,0.005389674573552077,0.034365554005555896,-0.035936530895192845,-0.002590601564700188,0.05255221274412607,0.07631291673141874,0.05327344544302374,-0.04365933450218486,2.0,2.0,0.0
2004-03-01,1438.4100341796875,3625.22998046875,1126.2099609375,15.825885772705078,38.35022735595703,15.266461372375488,0.4043780267238617,3.83,3.98,0.94,2.0288261,2.0,1.0,1.9,187.1,8.9,5.8,1.2261,16.739999771118164,33.42434782608696,40.29787254333496,-1.5573956370353699,13.054157924652099,10.541162331899008,19.105446815490723,7.651599566141765,20.953262329101562,11.903624614079794,9.209894895553589,-0.0219825134642804,-0.0272672207510166,-0.0164942041786425,-0.023858254699887015,-0.028031548468212153,-0.062204471582656004,0.1226017933810803,-0.01707884000638967,-0.03622941488345496,0.003768310175555656,-0.06454287178564723,0.017388963381287245,-0.03803069371992912,-0.043146158056204836,-0.06997152801076671,-0.09149687751696356,-0.1599999999999997,-0.25,0.1402100446621523,0.0,0.0,-0.0304428954684614,0.0819322720980477,0.0021401827323677,1,0,0,0,0,-0.0172775375119758,-0.0227658467976137,-0.0289579091676833,-0.02972223688487882,-0.02554894311655368,0.12181846004774698,-0.06298780491598933,-0.018769528423056337,-0.03792010330012163,0.0020776217588889894,-0.0662335602023139,0.01569827496462058,-0.03972138213659579,-0.044836846472871505,-0.07166221642743338,-0.09318756593363023,2.0,2.0,0.0
2004-04-01,1401.3599853515625,3674.280029296875,1107.300048828125,15.953261375427246,37.70891571044922,16.001304626464844,0.38553494215011597,4.35,4.18,0.94,2.04875,2.0,1.0,2.4,187.4,8.8,5.6,1.1989,17.190000534057617,33.35772727272727,40.372124671936035,-1.074155569076538,13.789151573181153,10.254738251368204,18.958284378051758,7.71049165725708,21.69142214457194,12.971511363983154,9.217913389205933,-0.0260951774340209,0.0134394738942893,-0.0169333147130639,0.008016343814566201,-0.016863898755346073,0.04701190293239607,-0.047718320158780345,0.0015487862247645316,0.021724916545700818,0.05648994972528594,-0.019877879443283883,-0.00853425852472994,0.005182266932053499,0.03033930795164599,0.0436868326518088,-0.010207319168449115,0.1999999999999997,0.5199999999999996,0.0265267990741024,0.5,-0.0999999999999996,-0.0224339305247332,-0.0019951633836083,0.0016021365242773,1,0,0,0,0,-0.0177166480463972,-0.0268785107673542,0.0117321822276227,-0.01857119042201274,0.0063090521478995345,-0.048501653492113675,0.04622856959906274,-0.00015850544190213508,0.020017624879034152,0.054782658058619274,-0.02158517110995055,-0.010241550191396605,0.0034749752653868322,0.028632016284979325,0.04197954098514214,-0.011914610835115781,2.0,2.0,0.0
2004-05-01,1466.219970703125,3669.6298828125,1120.6800537109375,16.08063507080078,38.067386627197266,16.06254768371582,0.4196318984031677,4.72,4.34,1.02,2.0858571,2.0,1.0,2.8,188.2,8.8,5.6,1.2,15.5,37.58904761904762,40.52884101867676,-0.6897391676902771,13.588293266296386,10.777164061864218,20.296128273010254,7.8436347643534345,22.158837636311848,13.225225687026978,8.86720609664917,0.045244457228709,-0.0012663954654952,0.0120110280360958,0.007952474146602644,0.009461364036012382,0.003820073217338615,0.08474606460113604,0.0036411430007236294,0.04040860651115628,-0.009673295873467202,0.054413367045427576,0.07099749563602911,0.005577986431935887,0.02566358933114024,0.024203257158350294,-0.03129277295294557,0.1600000000000001,0.3700000000000001,-0.1034878265374805,0.3999999999999999,0.0,0.0009170870624836,0.1194232733827269,0.0042598573469581,1,0,0,0,0,0.0111610280360958,0.0443944572287089,-0.0030046097154952,0.007723149786012382,0.006214259896602644,0.08389606460113604,0.002970073217338615,0.0019029287507236292,0.038670392261156275,-0.011411510123467201,0.052675152795427574,0.06925928138602912,0.0038397721819358873,0.02392537508114024,0.022465042908350292,-0.033030987202945575,2.0,2.0,0.0
2004-06-01,1516.6400146484375,3732.989990234375,1140.8399658203125,16.81751251220703,38.553768157958984,17.489381790161133,0.48662933707237244,4.73,4.39,1.27,2.1126818,2.0,1.25,2.7,188.9,8.8,5.6,1.2146,14.34000015258789,35.43772727272727,41.471617698669434,-0.32781267166137695,14.385867691040039,11.059438387552897,20.051109313964844,8.157163143157959,22.352975209554035,13.846352736155191,9.221053123474121,0.0338097309441261,0.0171187108912694,0.0178291113621115,0.04480499749285602,0.012695920996815746,0.08510361064428063,0.14812482383391276,0.022808381161735683,0.03518309122983842,0.05386248591567834,0.02035904769633005,-0.008947908149977103,0.04610828281302365,0.007581480278060382,0.09245556212474919,0.05512676097690275,0.0499999999999998,0.0100000000000006,-0.077787178113009,-0.0999999999999996,0.0,0.0120932476873832,-0.0589357264290208,0.0037125473561845,1,0,0,0,0,0.0167707780287782,0.0327513976107928,0.0153581427246027,0.010935352830149079,0.043044429326189355,0.14706649050057943,0.0840452773109473,0.021047812995069016,0.033422523063171755,0.05210191774901168,0.018598479529663384,-0.01070847631664377,0.044347714646356985,0.005820912111393716,0.09069499395808252,0.053366192810236086,2.0,2.0,0.0
2004-07-01,1400.3900146484375,3647.10009765625,1101.719970703125,16.086318969726562,36.770355224609375,17.446514129638672,0.48363855481147766,4.5,4.27,1.33,2.1160455,2.0,1.25,2.6,189.1,8.8,5.5,1.2266,15.31999969482422,38.22681818181818,39.33859634399414,-0.4795617461204529,13.824233245849609,9.479649225870768,20.24202823638916,8.075116157531738,21.551077524820965,14.401216745376587,8.726507902145386,-0.0797465916648506,-0.0232771604780857,-0.0348922348471668,-0.04445159760440055,-0.04736188653580662,-0.002454076582724281,-0.006164878294218543,-0.05219552025526608,-0.04183859917336019,-0.03913697928219812,-0.11791854702812744,0.0031778187944740237,-0.01922086889583331,-0.03424753493532085,0.021841753162068673,-0.05053255001765188,-0.1200000000000001,-0.2300000000000004,0.0661062985801632,-0.1,0.0,0.0098313097284084,0.0757603211303652,0.0010582011569475,1,0,0,0,0,-0.0360005681805001,-0.0808549249981839,-0.0250405317280857,-0.04912525778580662,-0.04621496885440055,-0.007273211627551877,-0.003562409916057614,-0.05395889150526608,-0.04360197042336019,-0.04090035053219812,-0.11968191827812745,0.001414447544474024,-0.02098424014583331,-0.03601090618532085,0.020078381912068673,-0.05229592126765188,2.0,2.0,0.0
2004-08-01,1368.6800537109375,3594.280029296875,1104.239990234375,16.55162811279297,34.111488342285156,16.767107009887695,0.5157915949821472,4.28,4.11,1.48,2.1142727,2.0,1.5,2.6,189.2,8.9,5.4,1.2191,15.289999961853027,42.22409090909091,36.77744007110596,-0.8467459082603455,13.342115783691407,8.246880769729614,20.81772804260254,7.8820187250773115,21.397287368774414,14.306408564249674,8.496442794799805,-0.0229039687509615,-0.0145886569226167,0.0022847383199045,0.028515315067700223,-0.07505772690056607,-0.03972081424070531,0.06436495805196317,-0.06786479497581503,0.01913962017068103,-0.029957430272209696,-0.11029044126651412,0.022186634393928484,-0.02735051715929715,-0.012522814019575355,-0.0416120506427192,-0.03613171928947205,-0.1599999999999992,-0.2199999999999997,-0.001960126946281,0.0,0.0999999999999996,-0.0061332326207826,0.0994536168405275,0.0005286809533657,1,0,0,0,0,0.0010514049865712,-0.0241373020842949,-0.0163505508392833,-0.07681962081723273,0.026753421151033557,0.06313162471862983,-0.040954147574038646,-0.06962668889248169,0.017377726254014365,-0.031719324188876366,-0.11205233518318078,0.020424740477261817,-0.029112411075963816,-0.014284707936242022,-0.04337394455938587,-0.03789361320613872,2.0,2.0,0.0
2004-09-01,1412.739990234375,3640.610107421875,1114.5799560546875,17.282817840576172,34.85726547241211,16.9820613861084,0.5794987082481384,4.13,4.09,1.65,2.1185909,2.0,1.75,2.2,189.8,8.9,5.4,1.2224,13.34000015258789,43.31590909090909,36.35360336303711,-1.3937169313430786,13.337480545043945,7.405656258265178,21.07034397125244,8.34093427658081,21.54096221923828,14.200845718383789,8.79981780052185,0.0316842632317542,0.0128075784309106,0.0093203062182699,0.04322834717943957,0.02162736479868701,0.012738523237712485,0.11646063549306418,-0.01102397320714232,-0.0008499190399221234,0.004719943206582219,-0.04845269139887106,0.014334127100343886,0.0643710369873542,-0.005023622442508352,-0.012678231018487756,0.03409843147007482,-0.0200000000000004,-0.1500000000000003,-0.1364319655202237,-0.3999999999999999,0.0,0.0027032578411553,0.025529050244291,0.0031662295580501,1,0,0,0,0,0.0079453062182699,0.0303092632317542,0.0110420860142439,0.01986187238202034,0.0414628547627729,0.11508563549306418,0.011363523237712485,-0.012789465623808987,-0.00261541145658879,0.002954450789915552,-0.05021818381553773,0.01256863468367722,0.06260554457068754,-0.006789114859175019,-0.014443723435154423,0.03233293905340815,2.0,2.0,0.0
2004-10-01,1486.719970703125,3706.820068359375,1130.199951171875,17.748130798339844,34.8248405456543,17.178600311279297,0.7836319804191589,4.1,3.98,1.76,2.1473333,2.0,1.75,2.3,190.8,8.9,5.5,1.2507,16.270000457763672,49.73619047619048,36.35752010345459,20.93393236398697,13.517099571228027,7.7317014535268145,21.07565975189209,8.483981132507324,21.319687525431316,14.129699309666952,9.189129114151001,0.0510412572571244,0.0180231051143031,0.0139169521028178,0.02656738368114034,-0.0009306529595909467,0.011506866905415577,0.30177606371377785,0.00025686937159892335,0.035779525742825925,0.005578964189832524,0.04582185397219024,0.0038263451149681948,0.026069813455256514,-0.015864411983913904,-0.02409440319551166,0.06403460984442284,-0.1099999999999998,-0.0300000000000002,0.1985558974405394,0.0999999999999996,0.0,0.0228872551426048,0.1382128636822295,0.0052548728383587,1,0,0,0,0,0.0124502854361511,0.0495745905904578,0.0162336606976364,-0.0027200973762576135,0.02477793926447367,0.3003093970471112,0.01004020023874891,-0.0015325750450677434,0.03399008132615926,0.0037895197731658576,0.04403240955552357,0.002036900698301528,0.024280369038589846,-0.01765385640058057,-0.025883847612178327,0.062245165427756176,2.0,2.0,0.0
2004-11-01,1571.5,3753.75,1173.8199462890625,17.382532119750977,34.69514846801758,18.352197647094727,1.0027203559875488,4.19,3.86,2.07,2.1703182,2.0,2.0,2.2,191.7,9.0,5.4,1.2997,13.239999771118164,43.74863636363636,36.169654846191406,20.638151168823242,14.025660514831543,8.773954153060913,20.634018898010254,8.553592999776205,22.03293800354004,13.468473672866821,9.74583125114441,0.0554582458013441,0.0125809556686739,0.0378687769068283,-0.020814402429986403,-0.003731077347095874,0.06608488886302769,0.24653244408709446,-0.005057486004614029,0.0012892209286994999,0.02518123366539224,0.0778669426138643,-0.022914408906355082,-0.0011156203981326374,0.03242778074525732,-0.005864250864345697,0.05672669566665474,-0.1200000000000001,0.0900000000000007,-0.2060804161446756,-0.0999999999999996,0.0999999999999996,0.0384300740326819,-0.1282724032178692,0.0047058910374122,1,0,0,0,0,0.0361437769068283,0.0537332458013441,0.0107723571686739,-0.0055396758470958735,-0.022623000929986405,0.24480744408709446,0.06435988886302768,-0.006866084504614029,-0.0005193775713005001,0.023372635165392237,0.0760583441138643,-0.024723007406355083,-0.0029242188981326374,0.030619182245257316,-0.007672849364345697,0.05491809716665474,2.0,2.0,0.0
2004-12-01,1621.1199951171875,3821.159912109375,1211.9200439453125,17.714895248413086,36.797523498535156,18.29058837890625,0.9630901217460632,4.23,3.64,2.19,2.1731739,2.0,2.25,2.2,191.7,8.9,5.4,1.3406,13.289999961853027,39.96565217391304,36.95641899108887,21.059603691101074,14.573430252075195,8.432926575342814,22.153433799743652,8.993603388468424,22.034358342488606,13.666943550109863,9.550778865814209,0.0310866881236339,0.0177986781266536,0.0319425732114828,0.018940024331881643,0.05883068309875234,-0.003362698796969059,-0.04032494971114295,0.021751984124134146,0.015853828063912945,0.042642053474222244,-0.044294104838039465,0.07643442577748687,0.06475399918006038,-0.0009670615800677243,0.04673880484401564,-0.005726236139988267,-0.2199999999999997,0.04,0.0037693366330882,0.0,-0.0999999999999996,0.0309838063363145,-0.0904400539152368,0.0,1,0,0,0,0,0.0301175732114828,0.0292616881236339,0.0159876998766536,0.057019704848752344,0.017129046081881642,-0.04214994971114295,-0.005187698796969059,0.019941005874134145,0.014042849813912945,0.040831075224222246,-0.04610508308803946,0.07462344752748687,0.06294302093006038,-0.002778039830067724,0.04492782659401564,-0.007537214389988267,2.0,2.0,0.0
2005-01-01,1519.6300048828125,3913.68994140625,1181.27001953125,18.41285514831543,34.80582809448242,17.989395141601562,1.1500252485275269,4.22,3.58,2.33,2.1454286,2.0,2.25,1.6,191.6,8.7,5.3,1.3123,12.81999969482422,44.1747619047619,37.833757400512695,21.724177479743958,15.438263893127441,8.389653205871582,21.28521156311035,9.27553129196167,22.74761962890625,13.907692829767862,9.59907841682434,-0.0646503779921201,0.023926629562108,-0.0256157676953058,0.03864324489570385,-0.05564569993732704,-0.01660420584306586,0.1773921845705619,0.022690881861411667,0.03685612593053307,0.06197502195817056,-0.033248075640755145,-0.04188535913785578,0.034429052452039303,0.04764168420993451,-2.242280329252851e-05,0.0002619495016750366,-0.06,-0.0100000000000006,-0.0360054421669415,-0.6000000000000001,-0.200000000000001,-0.0213359520216163,0.1001332388011428,-0.0005217845148388,1,0,0,0,0,-0.0275574343619725,-0.0665920446587867,0.0221387723954413,-0.057433557103993706,0.03685538772903719,0.17545051790389524,-0.01854587250973253,0.020903024694745,0.03506826876386641,0.0601871647915039,-0.03503593280742181,-0.04367321630452244,0.03264119528537264,0.04585382704326785,-0.001810279969959195,-0.0015259076649916299,2.0,2.0,0.0
2005-02-01,1511.02001953125,4027.159912109375,1203.5999755859375,18.213438034057617,36.53630447387695,17.275867462158203,1.34174644947052,4.17,3.6,2.54,2.13835,2.0,2.5,1.9,192.4,8.6,5.4,1.3013,12.079999923706056,45.721,39.877004623413086,21.897653102874756,15.824489974975586,9.218001047770182,21.694753646850586,9.472038904825846,23.007413864135742,15.192460934321085,9.152034521102905,-0.0056819549907514,0.0285807430616773,0.0187268980560266,-0.010889394884514882,0.04852156264104779,-0.04047184219485212,0.15418818850280983,0.05241129932588094,0.01612515029504833,0.03379541369409417,0.06042180709669041,0.012826199236368003,0.011352124220796777,0.015414355964432379,0.09630503996656314,-0.0495454080561219,0.02,-0.0499999999999998,-0.0594552414969156,0.2999999999999998,-0.0999999999999996,-0.0084175581195294,0.0344040825807798,0.0041666726948461,1,0,0,0,0,0.01661023138936,-0.007798621657418,0.0267987847283439,0.046739604307714455,-0.012671353217848215,0.15207152183614317,-0.04258850886151879,0.05062934099254761,0.014343191961714997,0.032013455360760834,0.05863984876335707,0.01104424090303467,0.009570165887463443,0.013632397631099046,0.09452308163322981,-0.05132736638945523,2.0,2.0,0.0
2005-03-01,1482.530029296875,4067.780029296875,1180.5899658203125,18.18020248413086,37.6790885925293,16.596084594726562,1.2463340759277344,4.5,3.75,2.74,2.1371905,2.0,2.75,2.1,193.1,8.6,5.2,1.3185,14.020000457763672,53.22913043478261,39.79121494293213,21.43747889995575,15.437103843688964,8.841437578201294,23.148221015930176,9.66636880238851,23.326152801513672,15.105755170186361,9.351851224899292,-0.019034824862157,0.0100360122309375,-0.0193027609216905,-0.001826448725259788,0.03079885194061449,-0.04014378352539653,-0.07376558272832492,-0.001636882960927068,-0.0037685541473797095,-0.021120193553862365,-0.02639266024662686,0.06282480063424721,0.02079010979651222,0.017161630288009877,-0.035321703005608864,0.019151551125202178,0.1499999999999999,0.33,0.1489337280662597,0.2000000000000001,0.0,0.0131309620106298,0.1520481000990261,0.0036316512028626,1,0,0,0,0,-0.0215860942550239,-0.0213181581954904,0.0082550201476042,0.02901785985728116,-0.0036074408085931212,-0.07604891606165826,-0.04242711685872986,-0.0034178750442604017,-0.005549546230713043,-0.022901185637195696,-0.02817365232996019,0.061043808550913875,0.019009117713178886,0.015380638204676543,-0.0371026950889422,0.017370559041868846,2.0,2.0,0.0
2005-04-01,1420.7900390625,3911.7099609375,1156.8499755859375,16.917224884033203,35.58943557739258,17.371994018554688,1.0785410404205322,4.34,3.54,2.78,2.1372381,2.0,2.75,2.0,193.7,8.7,5.2,1.2943,15.3100004196167,52.60428571428571,36.9577112197876,20.36738955974579,14.83425235748291,7.905153512954712,23.769185066223145,9.730168660481771,23.497931798299152,14.053768237431845,8.874497652053833,-0.0425370250978724,-0.0391227947374256,-0.0203135115002225,-0.0720008996479891,-0.0570564209453295,0.045692570603461075,-0.14459726378578527,-0.07338763881490774,-0.05692676332197672,-0.039429670711127206,-0.09370581548960606,0.020607675858102685,0.011542408474793481,-0.011841233828099615,-0.11085809866881303,-0.04214759038754565,-0.2099999999999999,-0.1600000000000001,0.0880213228204014,-0.1,0.0999999999999996,-0.0185247183449489,-0.0118082171699485,0.0031023809784818,1,0,0,0,0,-0.0226301781668892,-0.0448536917645391,-0.0409038264874256,-0.0588374526953295,-0.0737819313979891,-0.14691393045245194,0.043375903936794406,-0.07516867056490774,-0.05870779507197672,-0.04121070246112721,-0.09548684723960606,0.018826644108102687,0.009761376724793481,-0.013622265578099615,-0.11263913041881303,-0.04392862213754565,2.0,2.0,0.0
2005-05-01,1542.6300048828125,4120.72998046875,1191.5,18.842504501342773,38.34300994873047,17.77150535583496,1.1892069578170776,4.14,3.38,2.84,2.1256364,2.0,3.0,1.7,193.6,8.8,5.1,1.2697,13.289999961853027,49.28545454545455,39.511940002441406,22.166130781173706,15.892716598510741,8.64458147684733,25.104930877685547,10.335779984792074,25.04238446553548,15.554257233937582,9.413942575454712,0.082275672743417,0.0520557188330321,0.0295122444890195,0.10778286884824383,0.0745234009103819,0.02273698154916545,0.0976774235989602,0.06682368380059496,0.10010547059902145,0.0631110992326162,0.08870767898046499,0.05055376860333444,0.056060704382739135,0.06293399685780082,0.10086294784570266,0.04897112900005321,-0.1600000000000001,-0.2000000000000001,-0.1414943672228039,-0.3,0.1000000000000014,-0.0191893563726466,-0.0651685960125267,-0.0005163955704734,1,0,0,0,0,0.0271455778223529,0.0799090060767503,0.0502843551663655,0.07275203724371523,0.10601150518157716,0.09531075693229353,0.020370314882498783,0.0650523201339283,0.09833410693235478,0.06133973556594953,0.08693631531379832,0.04878240493666777,0.05428934071607247,0.06116263319113416,0.09909158417903599,0.047199765333386545,2.0,2.0,0.0
2005-06-01,1493.52001953125,4229.35009765625,1191.3299560546875,20.25617027282715,42.24341583251953,17.1102352142334,1.1009738445281982,4.0,3.2,2.97,2.1110455,2.0,3.25,1.8,193.7,8.9,5.0,1.2155,12.039999961853027,54.83909090909091,42.221734046936035,22.979270339012146,17.121621131896973,8.923684994379679,24.332533836364746,10.80770985285441,25.61769167582194,16.221087137858074,9.750207901000977,-0.0323529921553728,0.0260180126457634,-0.0001427243645053,0.07234425634189455,0.09687626209125273,-0.03791951691773419,-0.07709156160995004,0.06653773439602867,0.04208765626737902,0.07941148841911147,0.04650298078100155,-0.023578745710097597,0.039678737973173235,0.011048318294459592,0.04739948353484139,0.04184360720242762,-0.1799999999999997,-0.1399999999999996,-0.0987774331424806,0.1,0.0999999999999996,-0.0436251373195676,0.1067742795367219,0.0005163955704734,1,0,0,0,0,-0.0026177243645053,-0.0348279921553728,0.02425880806243,0.0951170575079194,0.07058505175856122,-0.07956656160995004,-0.040394516917734186,0.06477852981269533,0.04032845168404569,0.07765228383577813,0.044743776197668214,-0.02533795029343093,0.0379195333898399,0.009289113711126258,0.04564027895150806,0.04008440261909429,2.0,2.0,0.0
2005-07-01,1605.1400146484375,4451.740234375,1234.1800537109375,21.32792854309082,45.31747817993164,17.640626907348633,1.2756458520889282,4.18,3.27,3.22,2.1194286,2.0,3.25,1.8,194.9,8.9,5.0,1.2041,11.56999969482422,57.62571428571429,43.99649238586426,24.625282406806946,17.53486442565918,9.443437496821085,25.6778621673584,11.65340518951416,26.808277765909832,16.907557646433514,11.011754989624023,0.0720752262939135,0.0512467435989346,0.0353365322718687,0.05155796108009804,0.07024428648604084,0.0305277539238413,0.1472574996617138,0.04067194231733515,0.07207218165104592,0.02506758358391979,0.05803255348699667,0.05483241815700775,0.09383925506134629,0.04440678383947944,0.0743013696729979,0.10162476286648883,0.0699999999999998,0.1799999999999997,-0.0398189218832087,0.0,0.0,-0.0094231148580047,0.0495656192470317,0.0061760361005642,1,0,0,0,0,0.0326531989385353,0.0693918929605801,0.0494805530989346,0.06847809598604084,0.04979177058009804,0.14457416632838047,0.027844420590507967,0.038905751817335146,0.07030599115104592,0.023301393083919788,0.05626636298699667,0.05306622765700775,0.09207306456134629,0.04264059333947944,0.0725351791729979,0.09985857236648883,2.0,2.0,0.0
2005-08-01,1581.7099609375,4399.35986328125,1220.3299560546875,21.077850341796875,43.3011474609375,18.91577911376953,1.4024624824523926,4.26,3.3,3.44,2.1324783,2.0,3.5,2.0,196.1,9.0,4.9,1.2295,12.600000381469728,63.9504347826087,43.9832067489624,23.8388592004776,17.84010238647461,9.003234704335531,25.788911819458008,11.987017949422201,27.153099060058594,16.183008432388306,10.547279357910156,-0.0147044737357917,-0.0118360389148252,-0.0112855475028992,-0.011794670772885802,-0.04551365495169836,0.06979185858429013,0.09477700656243902,0.00017959751122373664,-0.033079789191267056,0.009743371414336535,-0.05513146900758479,0.01147215593465272,0.026976960314078213,0.009163836675684796,-0.01578790210198721,-0.04403217949744029,0.0299999999999998,0.08,0.0852813294036942,0.1999999999999999,0.0999999999999996,0.0208751827580739,0.1041394301378693,0.0061381266887856,1,0,0,0,0,-0.0141522141695659,-0.0175711404024584,-0.0136131041648252,-0.04729072020169836,-0.013571736022885802,0.09191033989577235,0.06692519191762346,-0.0015974677387762632,-0.03485685444126706,0.007966306164336535,-0.05690853425758479,0.00969509068465272,0.02519989506407821,0.007386771425684797,-0.01756496735198721,-0.04580924474744029,2.0,2.0,0.0
2005-09-01,1601.6600341796875,4600.02001953125,1228.81005859375,22.614025115966797,45.35051345825195,17.775863647460938,1.6034550666809082,4.2,3.13,3.42,2.1391364,2.0,3.75,2.3,198.8,9.0,5.0,1.2234,11.920000076293944,63.26136363636364,46.054107666015625,26.11159574985504,18.66284236907959,10.45703943570455,26.662545204162598,12.664923667907715,28.25044059753418,17.513668378194172,10.375181198120117,0.012534097172358,0.0446016108353311,0.0069249911211933,0.07034755187275353,0.04624236370955866,-0.06215488522631041,0.13393111015486198,0.04441176725378947,0.0794575256157297,0.04378175728049112,0.11576912047100729,0.0391234173525851,0.050104868524678305,0.037276466045327646,0.047171754510817905,-0.01699737609217264,-0.1699999999999999,-0.0599999999999996,-0.0554791761951047,0.2999999999999998,0.0,-0.0049737148477827,-0.0108335530862548,0.0136745610201733,1,0,0,0,0,0.0040749911211933,0.009684097172358,0.0428189971686645,0.044459750042891995,0.06856493820608686,0.13108111015486199,-0.06500488522631041,0.042629153587122805,0.07767491194906304,0.04199914361382445,0.11398650680434062,0.03734080368591843,0.048322254858011636,0.03549385237866098,0.045389140844151236,-0.018779989758839304,2.0,2.0,0.0
2005-10-01,1579.1800537109375,4436.4501953125,1207.010009765625,22.614025115966797,44.656375885009766,17.75513458251953,1.722495675086975,4.46,3.29,3.71,2.196619,2.0,3.75,2.0,199.1,9.1,5.0,1.2022,15.31999969482422,58.90857142857143,44.78671646118164,14.58801281452179,17.909610939025878,9.998236656188965,26.210169792175293,11.982612133026123,27.565722783406574,16.01662850379944,10.419056415557861,-0.0141348537662682,-0.0362061044487273,-0.0179000339063433,0.0,-0.015424404514782658,-0.001166815925578544,0.07161349533547862,-0.027300636101582527,0.015238002900518972,-0.044668232705760105,-0.03147496104081549,-0.01584033125898973,-0.05774591842828757,-0.03026167663231848,-0.10095668972350617,-0.027612407651946343,0.1600000000000001,0.2599999999999998,0.2509414763546527,-0.2999999999999998,0.0999999999999996,-0.0174806562034029,-0.0712881685324307,0.001507916847677,1,0,0,0,0,-0.0209917005730099,-0.0172265204329349,-0.0380366202820606,-0.01725492034811599,-0.0018305158333333333,0.06852182866881194,-0.00425848259224521,-0.02913115193491586,0.013407487067185638,-0.046498748539093436,-0.03330547687414882,-0.017670847092323066,-0.0595764342616209,-0.032092192465651814,-0.10278720555683951,-0.029442923485279677,2.0,2.0,0.0
2005-11-01,1672.56005859375,4567.41015625,1249.47998046875,24.007314682006836,48.12708282470703,19.179100036621094,2.028470993041992,4.54,3.5,3.88,2.3608636,2.0,4.0,1.8,198.1,9.1,5.0,1.1789,12.0600004196167,55.44954545454545,46.68640613555908,15.542105674743652,19.134293365478516,10.949140230814615,26.985177993774414,12.344212849934896,27.14636166890462,15.040104071299234,10.687555074691772,0.0574496628601368,0.029091787743289,0.0345812139547286,0.05978826817899486,0.07484797704115785,0.07714640003982451,0.1635080907862835,0.04060269740395392,0.06647874288551354,0.06663822955129949,0.0893568115322384,0.02898238450543364,0.025193635951185272,-0.0070774694396223995,-0.007185661526751823,0.010455589336060337,0.2099999999999999,0.08,-0.2392649182992285,-0.1999999999999999,0.0,-0.0195714113069797,-0.0605130888033222,-0.0050352573656455,1,0,0,0,0,0.0313478806213952,0.0542163295268035,0.0271244014099557,0.07288059070782452,0.057820881845661525,0.16027475745295017,0.07391306670649117,0.038635311070620584,0.06451135655218021,0.06467084321796615,0.08738942519890507,0.027014998172100305,0.023226249617851937,-0.009044855772955733,-0.009153047860085157,0.008488203002727004,2.0,2.0,0.0
2005-12-01,1645.199951171875,4715.22998046875,1248.2900390625,24.436012268066406,49.782264709472656,18.118989944458008,2.150202751159668,4.47,3.38,3.89,2.4728571,2.25,4.25,1.8,198.1,9.1,4.9,1.1861,12.06999969482422,57.15681818181818,48.80782127380371,15.98319923877716,19.928183364868165,11.058863321940104,27.730992317199707,12.49937645594279,28.504668553670246,15.612580219904581,10.839698791503906,-0.0164934941536217,0.0318513523891819,-0.0009528030899304,0.017699394506883192,0.033813719123415666,-0.05686058990314111,0.05827983670433711,0.043203824990113424,0.029835233183299222,0.04904164984206007,0.011468769955248944,0.020593563021805417,0.004161670740197254,0.046966062320987656,0.04138887103032398,0.004961917502083909,-0.1200000000000001,-0.0700000000000002,0.0008287837324871,0.0,0.0,0.0060888137371482,0.0303251700241125,0.0,1,0,0,0,0,-0.004194469756597,-0.0197351608202884,0.0297906381391819,0.03175300487341567,0.01563868025688319,0.05503817003767045,-0.06010225656980777,0.041143110740113426,0.02777451893329922,0.04698093559206007,0.009408055705248945,0.018532848771805416,0.002100956490197254,0.04490534807098766,0.03932815678032398,0.0029012032520839086,2.0,2.0,0.25
2006-01-01,1710.75,4947.990234375,1280.0799560546875,26.222278594970703,49.2515869140625,19.50474739074707,2.2584762573242188,4.42,3.34,4.24,2.5116818,2.25,4.5,2.2,199.3,9.2,4.7,1.2126,12.949999809265137,63.31181818181818,49.51959800720215,16.757064700126648,21.15118293762207,11.874530156453451,28.68379783630371,13.430787722269693,29.055864969889324,17.405874729156494,11.018197536468506,0.0390699431554807,0.0481837896359901,0.0251478956075799,0.0705514206590111,-0.010717201564943315,0.07369733539328316,0.04912822291283359,0.015807865542708778,0.050693851902772445,0.0615091677918226,0.04615733829970362,0.03611830396575479,0.06773730291727852,0.011553266059461229,0.08603659109157309,-0.03024699280737674,-0.04,-0.0499999999999998,0.0703727635913722,0.4000000000000001,0.0999999999999996,0.0220962006024002,0.1022733264645507,0.0060392735142436,1,0,0,0,0,0.0216145622742465,0.0355366098221474,0.0460907214693234,-0.012810269731609982,0.06845835249234443,0.04559488957950026,0.07016400205994983,0.013714797376042111,0.04860078373610578,0.05941609962515593,0.04406427013303696,0.03402523579908813,0.06564423475061185,0.009460197892794562,0.08394352292490642,-0.032340060974043405,2.25,2.0,0.0
2006-02-01,1670.5699462890625,5000.4501953125,1280.6600341796875,27.75845718383789,50.57823944091797,18.68094253540039,2.0485098361968994,4.57,3.51,4.43,2.60035,2.25,4.5,2.0,199.4,9.2,4.8,1.194,12.34000015258789,60.8055,51.088101387023926,18.16433835029602,20.701807975769043,12.433855215708414,27.881933212280273,13.573407649993896,29.218114852905273,18.179581960042317,11.241224527359009,-0.0237670174433227,0.0105464665660036,0.0004530550834012,0.056931179647778565,0.026579844516084476,-0.043154003419856604,-0.09757774381963301,0.032287116032426746,0.07187179358133682,-0.019202443223480907,-0.006365270095275028,-0.024812156226334044,0.028732333413868067,0.02813680308930562,0.06417889992608737,0.0031456473399756584,0.1699999999999999,0.1500000000000003,-0.0482497425744372,-0.2000000000000001,0.0,-0.0154577996850829,-0.0403917674510809,0.0005016303089888,1,0,0,0,0,-0.0032386115832654,-0.0274586841099893,0.0083795082326703,0.024412886182751142,0.05476422131444523,-0.10126941048629967,-0.046845670086523274,0.030120157699093413,0.06970483524800349,-0.02136940155681424,-0.008532228428608362,-0.026979114559667377,0.026565375080534734,0.025969844755972287,0.062011941592754034,0.0009786890066423247,2.25,2.25,0.0
2006-03-01,1703.6600341796875,5220.85009765625,1294.8699951171875,27.68770980834961,53.662689208984375,18.917327880859375,1.8759311437606812,4.72,3.69,4.51,2.7226087,2.5,4.75,1.7,199.7,9.1,4.7,1.2028,11.390000343322754,62.74695652173913,51.88024616241455,18.484522342681885,21.471763610839844,13.35088030497233,29.63432788848877,14.075753847757975,31.358362197875977,19.65268341700236,11.32711148262024,0.0196140446371878,0.04313229514909,0.0110347035094499,-0.0025519316382170464,0.059196526231055244,0.012574432681759437,-0.0880074734933667,0.015603680258872703,0.0021171440888259896,0.03314777514170579,0.05268741486122191,0.056310826672975864,0.03461884795521439,0.06332262961099198,0.0668726362515092,0.011068472899199423,0.1800000000000001,0.1499999999999994,-0.0801102232409864,-0.3,-0.0999999999999996,0.0073431571618267,0.0314298297829287,0.0015033828940316,1,0,0,0,0,0.0072763701761166,0.0158557113038545,0.0408634545657566,0.05692768564772191,-0.00482077222155038,-0.09176580682670003,0.008816099348426105,0.013334839675539369,-0.0001516964945073437,0.030878934558372456,0.050418574277888574,0.05404198608964253,0.032350007371881054,0.06105378902765865,0.06460379566817587,0.008799632315866088,2.25,2.25,0.25
2006-04-01,1700.7099609375,5188.39990234375,1310.6099853515625,27.037935256958008,55.35414505004883,16.7899169921875,2.105339527130127,4.99,3.95,4.6,2.7937778,2.5,4.75,2.0,200.7,9.0,4.7,1.2273,11.59000015258789,70.34,52.498414039611816,18.028979063034058,20.448991203308104,12.583912134170532,29.849695205688477,14.189303080240885,31.079095204671223,20.78829860687256,11.531598567962646,-0.0017331100819472,-0.0062348969300721,0.0120823662692256,-0.023747736085877897,0.031033584885646493,-0.11929979394354362,0.11537160351823869,0.011963689067930348,-0.01607299619788822,-0.04659907090741607,-0.06580177681879121,0.01408111832940924,-0.0023139696509826627,-0.0013112580265265013,0.07771890029063759,0.010163484248639628,0.2600000000000002,0.2700000000000004,0.0174068629155761,0.3,-0.0999999999999996,0.0201644624890885,0.1142305518557771,0.0049950153805227,1,0,0,0,0,0.0082490329358923,-0.0055664434152805,-0.0085630450967388,0.028705436718979828,-0.026075884252544562,0.11153827018490536,-0.12313312727687695,0.009635540901263681,-0.018401144364554884,-0.04892721907408274,-0.06812992498545788,0.011752970162742573,-0.00464211781764933,-0.0036394061931931676,0.07539075212397092,0.007835336081972961,2.5,2.25,0.0
2006-05-01,1579.5799560546875,4930.18017578125,1270.0899658203125,27.268688201904297,51.48929977416992,15.808467864990234,1.7876988649368286,5.11,4.0,4.72,2.889,2.5,5.0,2.3,201.3,8.9,4.6,1.2767,16.440000534057617,70.51,49.65310001373291,18.263052344322205,18.573926544189455,12.398611625035604,29.715112686157227,13.66387383143107,30.812612533569336,20.489973068237305,11.125903367996216,-0.0738868268663462,-0.0510498114639521,-0.0314049293203158,0.008498202207574357,-0.07237752963022256,-0.06023278990312211,-0.1635475071670005,-0.05547146336489055,0.01666888352333286,-0.0997884931079591,-0.052980845349331285,-0.0036264751219005752,-0.03297053985165691,-0.007965312797631614,-0.05205437246366477,-0.023079560206263408,0.0499999999999998,0.1200000000000001,0.3495747515961516,0.2999999999999998,-0.0999999999999996,0.0394619892228424,0.0024139166851133,0.002985076843454,1,0,0,0,0,-0.0353382626536491,-0.0778201601996796,-0.0534573114639521,-0.07478502963022257,0.006090702207574357,-0.16748084050033385,-0.06416612323645544,-0.05787896336489055,0.014261383523332859,-0.1021959931079591,-0.055388345349331285,-0.006033975121900575,-0.03537803985165691,-0.010372812797631614,-0.05446187246366477,-0.025487060206263408,2.5,2.5,0.0
2006-06-01,1575.22998046875,4965.9599609375,1270.199951171875,29.099000930786133,52.09347915649414,16.26213264465332,1.7129244804382324,5.11,4.01,4.79,2.9856818,2.75,5.25,2.2,201.8,8.9,4.6,1.2661,13.079999923706056,69.23272727272727,52.49085330963135,18.56389546394348,18.243005561828614,12.786791404088339,30.677490234375,13.282124042510986,31.634074529012043,19.25413227081299,10.670544862747192,-0.0027576801329941,0.0072310902166373,8.659275533511337e-05,0.06496474968614764,0.01166576607518362,0.02829351718675117,-0.04272711028151394,0.0556886509041105,0.013464943433946483,-0.01641492977026654,0.019489171062081513,0.029634928773008305,-0.03040471579482464,0.028086368893385377,-0.0497635888835792,-0.040359231493060185,0.0099999999999997,0.0,-0.2286330819171076,-0.0999999999999996,0.0,-0.0083373143000975,-0.0182808554398441,0.0024807752737627,1,0,0,0,0,-0.0039050739113315,-0.0067493467996607,0.0047430220499706,0.009177697908516955,0.06247668151948097,-0.04671877694818061,0.024301850520084503,0.05320058273744383,0.010976875267279817,-0.018902997936933206,0.017001102895414847,0.02714686060634164,-0.032892783961491305,0.02559830072671871,-0.05225165705024587,-0.042847299659726855,2.5,2.5,0.25
2006-07-01,1509.4300537109375,5009.419921875,1276.6600341796875,29.60405731201172,52.798343658447266,16.792573928833008,2.0326590538024902,5.09,4.03,4.95,3.1021905,2.75,5.25,2.2,202.9,9.0,4.7,1.2681,14.949999809265137,74.04095238095238,53.27774143218994,18.787415027618408,17.973582458496093,12.056093454360962,30.20027446746826,13.901420593261719,33.42859713236491,19.60533841451009,10.475909948348999,-0.0426691492611442,0.0087134999213656,0.0050729894059884,0.017207581975652458,0.013440039332927861,0.032097506163514394,0.17114268240356792,0.014603168781328746,0.02349305620286046,-0.02250116314029155,-0.05299139655049623,-0.014820611753978793,0.048150440865104234,0.05431372636003177,0.017923631602633522,-0.020743255420524923,0.0200000000000004,-0.0200000000000004,0.1336269468823281,0.0,0.0999999999999996,0.0015784077146464,0.0671446623913274,0.0054361389122599,1,0,0,0,0,0.0009479894059884,-0.0467941492611442,0.0061283411713656,0.010854880582927861,0.014622423225652458,0.16701768240356793,0.027972506163514394,0.012018010031328746,0.02090789745286046,-0.02508632189029155,-0.055576555300496225,-0.017405770503978794,0.04556528211510424,0.05172856761003177,0.015338472852633522,-0.023328414170524923,2.75,2.5,0.0
2006-08-01,1579.72998046875,5165.0400390625,1303.8199462890625,32.24589538574219,53.93958282470703,18.003253936767578,2.0293686389923096,4.88,3.9,4.96,3.2264783,3.0,5.25,2.1,203.8,9.0,4.7,1.281,12.3100004196167,73.5004347826087,54.8041296005249,20.552611827850342,19.134634017944336,12.49079704284668,29.6754093170166,14.172202746073404,34.38571548461914,20.880971908569336,10.918768167495728,0.0455218022946701,0.0305927302017712,0.021051056620195,0.08547933699259924,0.021384763504887234,0.06961575518296789,-0.001620085227733272,0.027986012129701778,0.07758571927598767,0.06682877272487076,0.05919420567346976,-0.014744444939220933,0.027155518686560017,0.022464662832913335,0.06614214330453223,0.02976219729879326,-0.1300000000000003,-0.2099999999999999,-0.1942993127946835,-0.1,0.0,0.0101213056558802,-0.0073270290714955,0.0044258739568556,1,0,0,0,0,0.0169177232868617,0.0413884689613368,0.0279039982851045,0.018696031588220568,0.08279060507593257,-0.005753418561066605,0.06548242184963456,0.025297280213035112,0.074896987359321,0.06414004080820408,0.05650547375680309,-0.0174331768558876,0.02446678676989335,0.01977593091624667,0.06345341138786556,0.027073465382126596,2.75,2.75,0.25
2006-09-01,1654.1300048828125,5250.009765625,1335.8499755859375,32.984046936035156,54.54374694824219,19.159109115600586,2.302442789077759,4.72,3.77,4.81,3.335381,3.0,5.25,1.5,202.8,8.7,4.5,1.2722,11.979999542236328,62.52714285714286,57.167935371398926,20.39975881576538,19.403436851501464,12.47502319018046,29.70837116241455,14.80126953125,34.342311223347984,21.22479518254598,11.186208009719849,0.0460212598079909,0.0163170821826828,0.0242693991143096,0.022633258116676873,0.011138492358955521,0.06222575854026867,0.1262459121288585,0.04220246960541374,0.006219051582456482,0.004185137737767331,0.022043563492485357,0.0010696016041316845,0.048164606126233335,0.00908888320356443,0.06925037108668736,0.04803771855074652,-0.1299999999999999,-0.1600000000000001,-0.0271734198071813,-0.6000000000000001,-0.3000000000000007,-0.0068933376520303,-0.161690573429043,-0.0049188490715961,1,0,0,0,0,0.0202610657809763,0.0420129264746575,0.0135375980160162,0.008359008192288854,0.019853773950010208,0.12223757879552516,0.05821742520693533,0.039422985438747074,0.0034395674157898155,0.0014056535711006644,0.01926407932581869,-0.0017098825625349822,0.04538512195956667,0.006309399036897763,0.06647088692002069,0.04525823438407985,3.0,2.75,0.0
2006-10-01,1732.5400390625,5348.72998046875,1377.93994140625,33.48910903930664,54.8122673034668,20.111806869506836,2.425072193145752,4.73,3.81,4.92,3.502,3.25,5.25,1.2,201.9,8.5,4.4,1.2617,11.100000381469728,58.75818181818182,58.93185806274414,21.229552745819092,19.254304695129395,12.967254638671875,29.16482925415039,14.997998555501303,33.64021301269531,21.964989344278973,11.268803834915161,0.0463133685802971,0.0186292091780811,0.0310218126705608,0.015196264271587172,0.004910948825813592,0.0485287746889221,0.0518906527831513,0.027286807724912814,0.02862113805266328,0.000658415492111236,0.005365983701653397,-0.017732818122314784,0.011841061082601608,-0.017115957859657728,0.07243586380480922,0.04652775664320087,0.04,0.0100000000000006,-0.0762934117917155,-0.3,-0.1999999999999993,-0.0082876673110082,-0.0621703398637656,-0.0044477463982364,1,0,0,0,0,0.0269218126705608,0.0422133685802971,0.0157108758447478,0.001992615492480259,0.012277930938253839,0.047790652783151304,0.0444287746889221,0.02436847439157948,0.02570280471932995,-0.0022599178412220974,0.002447650368320064,-0.020651151455648116,0.008922727749268274,-0.02003429119299106,0.0695175304714759,0.043609423309867536,3.0,3.0,0.25
2006-11-01,1791.25,5327.64013671875,1400.6300048828125,31.624286651611328,52.56339645385742,20.637451171875,2.741516351699829,4.6,3.74,4.94,3.5971818,3.25,5.25,1.6,202.0,8.3,4.5,1.2888,10.90999984741211,59.22272727272727,57.5924015045166,20.425623655319214,19.522051048278808,13.25290298461914,28.974440574645996,15.513227144877115,34.840641021728516,21.878936290740967,10.858450412750244,0.0333251377753827,-0.0039507568490419,0.01633255113123,-0.057294892346710424,-0.041894032208933826,0.025800394200615924,0.12264988603689672,-0.022681031725621505,-0.04000850399045331,0.0069250681147687565,0.00028212823533401804,-0.006597342202774362,0.033569966613608206,0.02444638207867771,0.013584795378697076,-0.03725267652530649,-0.0699999999999998,-0.1300000000000007,-0.0172653568260083,0.4000000000000001,-0.1999999999999993,0.0212515349290689,0.0078749665324409,0.0004951720824131,1,0,0,0,0,0.0122158844645634,0.029208471108716,-0.0069484083490419,-0.04489168370893382,-0.06029254384671042,0.11853321937023005,0.021683727533949256,-0.025678683225621505,-0.04300615549045331,0.003927416614768756,-0.002715523264665982,-0.009594993702774363,0.030572315113608205,0.02144873057867771,0.010587143878697075,-0.04025032802530649,3.25,3.0,0.0
2006-12-01,1756.9000244140625,5541.759765625,1418.300048828125,32.129337310791016,53.87746810913086,20.98891830444336,2.5375328063964844,4.56,3.81,4.85,3.6842105,3.5,5.25,1.7,203.1,8.3,4.4,1.3205,11.5600004196167,62.26047619047619,60.06734085083008,21.020886659622192,20.800981330871583,13.62616260846456,29.83332633972168,16.954534848531086,35.18370056152344,22.293476740519207,11.810291051864624,-0.0193627938752707,0.0394037084948337,0.0125368668579112,0.01584415734485653,0.024692366549274383,0.016887155399338008,-0.07731890743910877,0.03635443557490526,0.03520358905397196,0.06899115574687882,0.01378950688320262,0.02864125616762533,0.08085557266467086,0.0001578169469053948,0.04006693993035802,0.07796389494921313,0.0699999999999998,-0.04,0.0578711136843317,0.0999999999999998,0.0,0.0242988998744223,0.0500214385511856,0.005430771185134,1,0,0,0,0,0.0084952001912445,-0.0234044605419373,0.036333533078167,0.021622191132607715,0.012773981928189864,-0.08136057410577544,0.012845488732671342,0.03328426015823859,0.03213341363730529,0.06592098033021215,0.010719331466535954,0.025571080750958663,0.07778539724800419,-0.002912358469761272,0.036996764513691355,0.07489371953254646,3.25,3.25,0.25
2007-01-01,1792.280029296875,5608.31005859375,1438.239990234375,33.256011962890625,54.517677307128906,21.691823959350586,2.5641536712646484,4.76,4.07,4.98,3.7518636,3.5,5.25,1.4,203.437,8.5,4.6,1.2993,10.420000076293944,54.50304347826087,60.96476459503174,27.948311805725098,22.021905517578126,13.925761620203653,30.11221218109131,15.85470199584961,33.50355339050293,23.28405698140462,12.127114295959473,0.0199376624081533,0.0119373392814871,0.0139611313073257,0.03446601400419199,0.01181264419197828,0.03294081482920775,0.010436198539534156,0.017133731936802572,0.0394932108499328,0.05171473802898998,0.019238821178083426,0.009870147253621828,-0.0637931518807628,-0.037199187384659535,0.05198046239889165,0.021340783883316065,0.2600000000000002,0.2000000000000001,-0.1038238558961568,-0.3,0.1999999999999993,-0.0161847948484963,-0.1330702696539405,0.0016579060562325,1,0,0,0,0,0.0098111313073257,0.0157876624081533,0.0088107862814871,0.008686091191978279,0.03133946100419199,0.006286198539534156,0.02879081482920775,0.014007178936802572,0.0363666578499328,0.04858818502898998,0.016112268178083426,0.006743594253621827,-0.0669197048807628,-0.04032574038465953,0.04885390939889165,0.018214230883316064,3.5,3.25,0.0
2007-02-01,1761.5999755859375,5516.31982421875,1406.8199462890625,30.65302848815918,56.42477798461914,19.869651794433594,2.530653953552246,4.72,4.1,5.03,3.8182,3.5,5.25,1.2,204.226,8.5,4.5,1.308,15.420000076293944,57.9695,62.12090015411377,26.191572427749634,21.71023006439209,14.8012646039327,29.42559051513672,15.742860476175943,34.57718404134115,22.86159070332845,12.304251909255981,-0.0172660955658761,-0.0165384973905834,-0.0220883370533768,-0.08150409542151019,0.03438338466006603,-0.08774188125703528,-0.013150722448787271,0.01627334828153773,-0.05733875185228472,-0.01612612005328118,0.01723051112916461,-0.02364415656196481,-0.004517049135834539,0.046124268127239874,0.04136713353895361,-0.002140224285791548,0.0299999999999993,-0.04,0.3919383294358134,-0.1999999999999999,0.0,0.0066735951284534,0.0616604664156894,0.0038708491335395,1,0,0,0,0,-0.0262800037200435,-0.0214577622325428,-0.0197203307239168,0.031201551326732697,-0.08468592875484351,-0.017342389115453938,-0.09193354792370194,0.013091514948204397,-0.06052058518561806,-0.019307953386614514,0.014048677795831277,-0.026825989895298143,-0.007698882469167873,0.04294243479390654,0.038185300205620276,-0.005322057619124881,3.5,3.5,0.0
2007-03-01,1772.3599853515625,5634.16015625,1420.8599853515625,30.381074905395508,55.96652603149414,19.65805435180664,2.7789039611816406,4.56,4.0,4.94,3.8909091,3.75,5.25,1.2,205.288,8.4,4.4,1.3246,14.640000343322754,62.35727272727273,64.18976497650146,26.261616706848145,22.80672130584717,15.666970094045004,29.575693130493164,16.342347145080566,35.105185190836586,22.776684761047363,12.853437662124634,0.0060895104273317,0.0211371563539612,0.0099305117846988,-0.008911587700583095,-0.008154625422914777,-0.010706387214431332,0.09357884239021247,0.03085902028054528,-0.006446476296723819,0.040389214801062945,0.032268693876434856,0.00533212230816104,0.03754221884235188,0.025197268502915315,0.02969820212962901,0.01370355795800779,-0.0999999999999996,-0.1600000000000001,-0.0519078410987368,0.0,-0.0999999999999996,0.012611274033735,0.0729632987411657,0.0051866474931996,1,0,0,0,0,0.0058138451180321,0.001972843760665,0.0178947321039612,-0.011397049672914777,-0.012154011950583096,0.0894621757235458,-0.014823053881098,0.02761659603054528,-0.00968890054672382,0.037146790551062944,0.029026269626434856,0.00208969805816104,0.03429979459235188,0.021954844252915315,0.02645577787962901,0.010461133708007789,3.5,3.5,0.25
2007-04-01,1867.75,5960.0400390625,1482.3699951171875,33.29486083984375,57.93427658081055,21.118120193481445,2.9849815368652344,4.69,4.21,4.87,3.9752632,3.75,5.25,1.3,205.904,8.2,4.5,1.3513,14.220000267028809,67.69047619047619,67.3603162765503,30.217143058776855,23.620475196838377,15.66169818242391,30.560773849487305,17.24004141489665,35.81578509012858,25.20188554128011,12.774867057800293,0.0524225143191907,0.0562291032286117,0.0423798432532396,0.09158317739316019,0.03455544305853659,0.07164430387611313,0.07153697012620967,0.05001933716694018,0.1013315200652837,0.027387107356938962,0.022540139497865794,0.03284562128391156,0.04117985709085333,0.01889445320272648,0.11758354529821236,0.028443360297955862,0.2099999999999999,0.1300000000000007,-0.0291080888306813,0.1,-0.200000000000001,0.0199565649931612,0.0820651844629614,0.0029961694819986,1,0,0,0,0,0.0383215099199063,0.0483641809858574,0.0529163838952784,0.03124272372520326,0.08827045805982685,0.06747863679287634,0.0675859705427798,0.04670661783360685,0.09801880073195036,0.024074388023605627,0.01922742016453246,0.029532901950578228,0.03786713775752,0.015581733869393146,0.11427082596487902,0.02513064096462253,3.75,3.5,0.0
2007-05-01,1928.18994140625,6104.0,1530.6199951171875,36.23428726196289,59.88230514526367,21.717254638671875,3.6247475147247314,4.75,4.34,4.73,4.0713636,3.75,5.25,1.2,206.755,8.1,4.4,1.3518,13.050000190734863,67.71782608695652,68.57371711730957,30.247445821762085,24.42687110900879,15.923154354095459,31.809334754943848,18.199266751607258,36.08029301961263,27.89125855763753,12.552552223205566,0.0318472107889602,0.0238670949639562,0.0320307238518961,0.08460277654696474,0.03307184925769888,0.027975640339319555,0.1941910732498108,0.02050175691964351,0.009838156699889966,0.03523195894134217,0.023005852834260505,0.040341171605614644,0.06344646033527888,0.0003913986082898224,0.050681064235043365,0.00828382039500379,0.1299999999999999,0.0599999999999996,-0.0858612947690908,-0.1,-0.0999999999999996,0.0003699456222133,0.0004039618899618,0.0041244766569237,1,0,0,0,0,0.0280890571852294,0.0279055441222935,0.0204742919639562,0.029679046257698884,0.08120997354696474,0.19024940658314413,0.02403397367265289,0.01710895391964351,0.006445353699889966,0.03183915594134217,0.019613049834260505,0.036948368605614644,0.060053657335278884,-0.0030014043917101774,0.047288261235043365,0.004891017395003791,3.75,3.75,0.0
2007-06-01,1934.0999755859373,6054.93017578125,1503.3499755859375,35.90831756591797,58.39411163330078,20.853933334350586,3.6501710414886475,5.1,4.62,4.61,4.1477619,4.0,5.25,1.3,207.234,8.0,4.6,1.3421,16.229999542236328,70.61904761904762,64.17829036712646,29.31202983856201,23.995676803588868,15.50127108891805,29.44931125640869,18.262653668721516,36.12689971923828,30.836769421895344,12.095149993896484,0.0030603807168553,-0.0080714487064723,-0.017976943869676,-0.009036876757723343,-0.02516599833658763,-0.04056450964332477,0.006989392407825991,-0.061395470597222154,-0.019144850239517903,-0.013459146449132053,0.0014942788268743692,-0.07988475586713592,0.008440671189450315,-0.0011725051362904502,0.07657566491523497,-0.04329801422545935,0.2800000000000002,0.3499999999999996,0.2180732049373128,0.1,-0.0999999999999996,-0.0072014862624933,0.041950449156916,0.002314072179459,1,0,0,0,0,-0.0218186105363427,-0.0007812859498113,-0.0115279169564723,-0.028622466586587632,-0.012493345007723342,0.0031477257411593245,-0.044406176309991434,-0.06485193884722215,-0.022601318489517904,-0.016915614699132053,-0.0019621894231256305,-0.08334122411713592,0.004984202939450315,-0.00462897338629045,0.07311919666523498,-0.046754482475459345,3.75,3.75,0.25
2007-07-01,1932.06005859375,5751.080078125,1455.27001953125,33.186767578125,56.496341705322266,20.5142765045166,3.9408931732177734,5.0,4.58,4.82,4.2161818,4.0,5.25,1.2,207.603,8.1,4.7,1.3726,23.520000457763672,76.13318181818182,61.052292823791504,27.1245014667511,22.695193481445312,13.930437008539835,30.0531005859375,17.25465710957845,34.23688062032064,28.218075434366863,11.906116247177124,-0.0010552678437807,-0.0514851684321739,-0.0325044711803648,-0.07881772618226264,-0.03303916907602396,-0.01642152096779265,0.0766333641505068,-0.05060862964455554,-0.07908438116886865,-0.054580407689076293,-0.094841795829617,0.020482574718811018,-0.061275076960799674,-0.052045006058248994,-0.057249596802253507,-0.019623249675736847,-0.04,-0.0999999999999996,0.3709897891714533,-0.1,0.0999999999999996,0.022471200070774,0.0751842945682952,0.0017790124666809,1,0,0,0,0,-0.0365211378470315,-0.0050719345104473,-0.0549986532655073,-0.03655265390935729,-0.08233121101559597,0.07261669748384013,-0.020438187634459315,-0.05412211447788888,-0.08259786600220198,-0.058093892522409624,-0.09835528066295034,0.016969089885477684,-0.064788561794133,-0.055558490891582324,-0.060763081635586844,-0.02313673450907018,4.0,3.75,0.0
2007-08-01,1988.72998046875,5662.7001953125,1473.989990234375,31.440095901489258,55.9706916809082,20.401548385620117,4.141884803771973,4.67,4.39,4.2,4.5436087,4.0,5.25,1.3,207.667,8.0,4.6,1.3626,23.3799991607666,71.31304347826087,61.95358180999756,25.617738008499146,22.201478004455566,13.653490781784058,29.55173969268799,17.431128819783527,34.434244791666664,26.05332883199056,12.211920022964478,0.0289094126943211,-0.0154868320787415,0.0127815390189305,-0.05406721169141463,-0.009347696585659213,-0.005510259388828697,0.049743559517609365,0.015052139776677588,-0.03777301360985072,-0.026205900133215464,-0.015513266708097563,-0.017477817207038334,0.01890810675989137,0.006373594516270134,-0.0850140286418754,0.053866431251883125,-0.1900000000000004,-0.33,-0.0059702223446,0.1,-0.0999999999999996,-0.0073121121349664,-0.0654049503096434,0.0003082332001183,1,0,0,0,0,0.0092815390189305,0.0254094126943211,-0.0192731726620748,-0.013134037168992547,-0.05785355227474796,0.04624355951760936,-0.009010259388828696,0.011265799193344254,-0.04155935419318405,-0.029992240716548796,-0.019299607291430897,-0.021264157790371666,0.015121766176558036,0.0025872539329368006,-0.08880036922520874,0.05008009066854979,4.0,4.0,0.0
2007-09-01,2091.110107421875,5715.68994140625,1526.75,31.155757904052734,57.3906135559082,20.91993522644043,4.590230464935303,4.52,4.36,3.89,4.7417,4.0,4.75,1.6,208.547,7.9,4.7,1.391,18.0,76.772,64.00489139556885,25.559648990631104,21.75859127044678,12.647435585657755,29.214502334594727,18.197933514912922,33.77424875895182,26.864251454671223,11.566593647003174,0.0501988426118571,0.0093141698508832,0.0351682902627903,-0.00908494527447027,0.025052572160896035,0.02509174371576708,0.10277928219110861,0.03212782541891067,0.007003685006639629,-0.01892320034565632,-0.0369647702887437,-0.011298397495993316,0.0325050025244247,-0.022313496825449867,0.03996228396425454,-0.017997644045872462,-0.0299999999999993,-0.1500000000000003,-0.2615091622524024,0.3,-0.0999999999999996,0.020628273583875,0.0737607416704708,0.0042286002454385,1,0,0,0,0,0.0319266235961236,0.0469571759451905,0.0053627531842165,0.02110115549422937,-0.013036361941136936,0.09953761552444194,0.021850077049100414,0.028176408752244003,0.0030522683399729625,-0.022874617012322986,-0.04091618695541036,-0.015249814162659983,0.028553585857758038,-0.026264913492116532,0.03601086729758787,-0.021949060712539128,4.0,4.0,0.0
2007-10-01,2238.97998046875,5847.9501953125,1549.3800048828125,30.91203498840332,60.674171447753906,26.139259338378906,5.681334972381592,4.53,4.4,3.9,4.6873913,4.0,4.5,2.1,209.19,7.7,4.7,1.4233,18.530000686645508,82.50739130434783,67.58562469482422,25.316136121749878,22.94333839416504,12.735516468683878,29.477432250976562,18.48831590016683,35.24452908833822,29.77823797861735,11.604435682296753,0.0683253194522767,0.0228761912621303,0.0147135609401705,-0.007853482683012199,0.05563733288760188,0.2227358304376803,0.2132560024291074,0.05426700821836739,-0.0036516684772196053,0.05316577574276432,-0.014474216953451129,0.009673405799490694,0.023113139640618518,0.0409007706136674,0.05442827784945933,0.026022804078688587,0.04,0.0100000000000006,0.0290193194569861,0.5,-0.2000000000000001,0.0229552061531367,0.0720478905517714,0.003078494401099,1,0,0,0,0,0.0114635609401705,0.0650753194522767,0.0189700318454636,0.05173117347093521,-0.011759642099678867,0.21000600242910739,0.2194858304376803,0.050360848801700726,-0.007557827893886272,0.049259616326097655,-0.018380376370117794,0.005767246382824027,0.019206980223951852,0.03699461119700073,0.05052211843279267,0.02211664466202192,4.0,4.0,0.0
2007-11-01,2089.10009765625,5670.56982421875,1481.1400146484375,31.35885238647461,56.86883544921875,23.93868637084961,5.450132369995117,4.15,4.23,3.27,4.6385455,4.0,4.5,2.6,210.834,7.5,4.7,1.4683,22.8700008392334,92.73136363636364,63.973238945007324,23.775372982025146,21.623988914489747,11.510097424189249,30.060925483703613,18.672881762186687,35.300937016805015,25.598644256591797,10.75388216972351,-0.06928699832579,-0.0308015950891712,-0.0450427826309034,0.01435101009285862,-0.06477061224988855,-0.08794254648208392,-0.04154633901392537,-0.0552362394974153,-0.07699460525580759,-0.08558358722187444,-0.09793203144536151,0.021792381844546953,0.0036643919672856348,0.012375031085820208,-0.14894134996546646,-0.05067689829929649,-0.1699999999999999,-0.3799999999999999,0.2104349673773584,0.5,-0.2000000000000001,0.0311271498923121,0.1168188692584468,0.0078281640828734,1,0,0,0,0,-0.0477677826309034,-0.07201199832579,-0.0346670496725045,-0.06863606683322188,0.010485555509525285,-0.04427133901392537,-0.09066754648208393,-0.05910169408074863,-0.08086005983914092,-0.08944904180520777,-0.10179748602869484,0.01792692726121362,-0.00020106261604769865,0.008509576502486875,-0.1528068045487998,-0.05454235288262982,4.0,4.0,0.0
2007-12-01,2084.929931640625,5614.080078125,1468.3599853515625,30.140241622924805,56.69056701660156,25.36360740661621,5.924498558044434,4.1,4.35,3.0,4.8483684,4.0,4.25,2.8,211.445,7.3,5.0,1.4559,22.5,91.5195238095238,63.45299816131592,22.623656749725342,21.212511825561524,12.078824043273926,29.923070907592773,18.925705591837566,36.24990781148275,24.676016489664715,11.127678871154785,-0.0019981492101584,-0.0100118689454835,-0.0086659496708298,-0.039635390141044134,-0.003139653347678815,0.05781954045064594,0.08345615543336,-0.009067955337519754,-0.044183440447526645,-0.009417795932671414,0.006408273092726009,-0.005456674442091714,0.020523226137487718,0.022955614459363245,-0.06106116743440796,0.011092413276314023,0.1199999999999992,-0.0500000000000007,-0.0163107355201348,0.1999999999999997,-0.2000000000000001,-0.0084810028896116,-0.0131544256661015,0.0028938234029487,1,0,0,0,0,-0.0111659496708298,-0.0044981492101584,-0.0140521759454835,-0.007179960347678815,-0.043675697141044134,0.08095615543336,0.05531954045064594,-0.013108262337519754,-0.048223747447526645,-0.013458102932671414,0.002367966092726009,-0.009496981442091714,0.016482919137487718,0.018915307459363245,-0.06510147443440796,0.007052106276314023,4.0,4.0,0.0
2008-01-01,1841.4200439453125,4869.7900390625,1378.550048828125,26.74033546447754,46.988433837890625,23.226224899291992,4.048568248748779,3.74,4.15,2.75,4.4815455,4.0,3.0,3.2,212.174,7.2,5.0,1.4728,26.200000762939453,92.09173913043476,52.256850242614746,19.48167860507965,18.32221164703369,10.274877150853476,26.18017578125,16.580650329589844,32.26142692565918,19.754841168721516,10.21597671508789,-0.1241982117796021,-0.1422269188068757,-0.0631138642063085,-0.11968809283939456,-0.18770634747323697,-0.08803334348775992,-0.38073275209758656,-0.19334431315133166,-0.14425586162845905,-0.1680705530037879,-0.1394021230418846,-0.1343114682229553,-0.1285020393343985,-0.11904819516062322,-0.17660204872148336,-0.07345449171622007,-0.1999999999999993,-0.3599999999999994,0.152244130676503,0.4000000000000003,-0.0999999999999996,0.0115410848395879,0.0062329201843169,0.0034417753671736,1,0,0,0,0,-0.0654055308729751,-0.1264898784462688,-0.1459615400568757,-0.19144096872323696,-0.12342271408939456,-0.38302441876425325,-0.09032501015442658,-0.19707893440133167,-0.14799048287845906,-0.17180517425378788,-0.1431367442918846,-0.13804608947295532,-0.13223666058439848,-0.12278281641062322,-0.18033666997148334,-0.07718911296622007,4.0,4.0,0.0
2008-02-01,1745.27001953125,4790.66015625,1330.6300048828125,24.197507858276367,46.78274154663086,19.454235076904297,3.739302635192871,3.74,4.08,2.12,4.3620952,4.0,3.0,3.2,212.687,7.0,4.9,1.4759,26.540000915527344,94.72238095238096,53.23844051361084,17.731162071228027,18.954333877563478,10.234758377075195,25.13118553161621,17.461315155029297,31.661783854166668,18.790500005086262,9.999399423599243,-0.0536277543087749,-0.0163826014332766,-0.035379739592448,-0.0999234702163452,-0.004387118329831693,-0.17721723575463966,-0.07946416692645707,0.015844064290229342,-0.08574955746161465,0.051873238128150236,-0.0208464020784047,-0.046396388304322474,0.048803275666423916,-0.019242067727631824,-0.03346825989294342,-0.031489576277903164,-0.0700000000000002,0.0,0.0128936235133156,0.0,-0.2000000000000001,0.002102622268862,0.0281650628915945,0.002414908637454,1,0,0,0,0,-0.0371464062591147,-0.0553944209754416,-0.0200176807666099,-0.008022197663165026,-0.10355854954967854,-0.08123083359312373,-0.17898390242130632,0.01220898495689601,-0.08938463679494799,0.0482381587948169,-0.024481481411738032,-0.050031467637655806,0.045168196333090584,-0.022877147060965157,-0.03710333922627675,-0.0351246556112365,4.0,4.0,0.0
2008-03-01,1781.9300537109375,4707.06982421875,1322.699951171875,25.95229721069336,48.33919906616211,20.298202514648438,4.292031288146973,3.51,4.02,1.26,4.5963684,4.0,2.25,3.5,213.448,7.1,5.1,1.552,25.61000061035156,103.1619047619048,54.628190994262695,17.26099133491516,18.937897872924804,9.94385544459025,25.591694831848145,15.133774757385254,31.814667383829754,18.623491128285725,9.924867391586304,0.0207877940431862,-0.0176026251706132,-0.0059774528264186,0.07001048339392263,0.03272844183854666,0.04246754794556064,0.1378609817556731,0.026465970731092855,0.009687896430671486,-0.017915112296991838,-0.05513868357592861,0.01272007310647578,-0.11383799863100556,0.018118879802464696,0.0010897103221095734,-0.01813324265056262,-0.0600000000000005,-0.2300000000000004,-0.0356701393562111,0.2999999999999998,0.0999999999999996,0.0502764485554338,0.0853493374308733,0.0035716418927451,1,0,0,0,0,-0.0070274528264186,0.0197377940431862,-0.0214329321706132,0.028898134838546658,0.06618017639392262,0.1368109817556731,0.041417547945560636,0.022635663731092853,0.005857589430671486,-0.02174541929699184,-0.05896899057592861,0.00888976610647578,-0.11766830563100557,0.014288572802464697,-0.0027405966778904266,-0.02196354965056262,4.0,4.0,0.0
2008-04-01,1917.699951171875,4996.5400390625,1385.5899658203125,28.12954330444336,50.34132385253906,20.398340225219727,5.202779293060303,3.68,4.27,1.29,4.7835,4.0,2.0,3.4,213.942,7.3,5.0,1.5754,20.790000915527344,110.0331818181818,54.8372688293457,19.712531208992004,19.490879821777344,11.025375207265219,25.67219638824463,16.64376163482666,33.21334711710612,17.54908847808838,10.27289867401123,0.0734294491223919,0.0596800842771342,0.0464509519075854,0.08056025700130175,0.04058348120574562,0.004921199980432026,0.19243284762110627,-0.003161781721031062,0.11629290997350894,0.034995127035047174,0.10267581383409223,0.009228605146011471,0.09707211921492305,0.02585435876615563,-0.055677012447647285,0.007405902125568756,0.25,0.1700000000000003,-0.208510778137152,-0.1,0.2000000000000001,0.0149647865260598,0.0644823282023585,0.002311706965508,1,0,0,0,0,0.0453759519075854,0.0723544491223919,0.0556938342771342,0.03659723120574562,0.07657400700130175,0.19135784762110628,0.0038461999804320257,-0.007148031721031062,0.11230665997350894,0.031008877035047174,0.09868956383409223,0.005242355146011471,0.09308586921492305,0.02186810876615563,-0.05966326244764729,0.0034196521255687555,4.0,4.0,0.0
2008-05-01,2032.5699462890625,5014.27978515625,1400.3800048828125,28.34449577331543,52.42009735107422,20.329866409301758,5.645442962646484,3.88,4.41,1.73,4.857381,4.0,2.0,3.7,215.208,7.3,5.4,1.5554,17.829999923706055,123.8622727272727,60.05940055847168,18.83959710597992,19.632570266723633,12.702879190444946,26.05449867248535,17.345480918884277,33.0820681254069,18.57018582026164,10.258910655975342,0.0581744499305249,0.003544118258841,0.0106176148073936,0.007612471514970964,0.04046376744538972,-0.003362479524212486,0.08165570219502966,0.0728065718791389,-0.02523426832637623,0.0045058943966675685,0.11176763854123302,0.012978807378327043,0.04379676185511874,-0.0024987495419405256,0.031663830331934116,0.010159728544140885,0.1400000000000005,0.1999999999999997,-0.1535897183107457,0.3000000000000002,0.0,-0.012776461008381,0.1183882713072232,0.0059000520681236,1,0,0,0,0,0.0091759481407269,0.0567327832638583,-0.0005036992411589,0.03641594994538972,0.003564654014970964,0.080214035528363,-0.004804146190879153,0.0687587543791389,-0.02928208582637623,0.0004580768966675683,0.10771982104123302,0.008930989878327043,0.03974894435511874,-0.006546567041940525,0.027616012831934114,0.006111911044140885,4.0,4.0,0.0
2008-06-01,1837.0899658203125,4434.85009765625,1280.0,24.58460235595703,46.405120849609375,19.74837875366211,5.0080695152282715,4.1,4.73,1.86,4.9405238,4.0,2.0,4.0,217.463,7.4,5.6,1.5562,23.950000762939453,132.7604761904762,54.662132263183594,16.108205676078796,16.758358192443847,10.865617752075195,24.648043632507324,15.393674532572428,27.893911361694336,14.499409516652426,8.706489086151123,-0.1011181964152643,-0.1227959836300505,-0.0898835539178221,-0.14231253222820495,-0.1218802387488535,-0.02901965695157395,-0.1197981498960505,-0.10196558519377359,-0.16825737195248747,-0.1606336942603966,-0.1608817465249254,-0.06444132086643009,-0.11860806921069576,-0.18687243746280177,-0.2693615023362993,-0.1289650834083112,0.3200000000000003,0.2199999999999997,0.2950859281163493,0.2999999999999998,0.1000000000000005,0.0005142049219868,0.0693763291932612,0.010423718797166,1,0,0,0,0,-0.0914335539178221,-0.1026681964152643,-0.1269130867967172,-0.12599734191552017,-0.1464296353948716,-0.1213481498960505,-0.03056965695157395,-0.10608268836044026,-0.17237447511915413,-0.16475079742706325,-0.16499884969159206,-0.06855842403309675,-0.12272517237736243,-0.19098954062946844,-0.273478605502966,-0.13308218657497786,4.0,4.0,0.0
2008-07-01,1849.1500244140625,4392.35986328125,1267.3800048828125,27.259252548217773,49.45094680786133,18.463417053222656,4.7541351318359375,4.01,4.69,1.63,4.961,4.25,2.0,4.0,219.016,7.5,5.8,1.5759,22.940000534057617,133.5852173913043,55.54980754852295,17.42966616153717,16.521136474609374,11.91897702217102,22.611982345581055,14.575129508972168,26.075223922729492,14.890652020772299,9.279584407806396,0.006543307899014,-0.0096271784035604,-0.009908296633774,0.10327268005266167,0.06357138837635996,-0.06728008180240257,-0.05203572113292005,0.013932987620413673,0.062010756416344966,-0.02620983981541448,0.08325066316155827,-0.07044094928707961,-0.04948332478304071,-0.056777858631231505,0.026300523349327008,0.06935347468854931,-0.04,-0.0899999999999998,-0.0430862207305806,0.0,0.0999999999999996,0.0125795854451958,0.006193033014517,0.0071160653935047,1,0,0,0,0,-0.0112666299671074,0.0051849745656807,-0.013761345070227,0.059437221709693296,0.09913851338599501,-0.053394054466253386,-0.0686384151357359,0.009798820953747005,0.0578765897496783,-0.03034400648208115,0.07911649649489161,-0.07457511595374627,-0.05361749144970738,-0.06091202529789817,0.02216635668266034,0.06521930802188265,4.0,4.0,0.25
2008-08-01,1872.5400390625,4482.60009765625,1282.8299560546875,26.26800537109375,50.684608459472656,19.668590545654297,5.0705790519714355,3.89,4.4,1.72,4.9651905,4.25,2.0,3.5,218.69,7.5,6.1,1.4955,20.64999961853028,113.8004761904762,56.23502254486084,18.309070587158203,17.57416687011719,12.07418942451477,25.19823169708252,14.798734982808432,28.218904495239258,15.576289494832357,9.801574945449829,0.0125697316077429,0.0203366200785746,0.0121167593514939,-0.03704133372982832,0.02464107916904212,0.0632316570553051,0.0644402291108151,0.026850541917759412,0.0641243038036754,0.08449310589301913,0.06866964055910611,0.1061243202026195,0.013775554695011608,0.07353198784130262,0.007829811235230891,0.03673342319719417,-0.29,-0.1199999999999996,-0.105166834047921,-0.5,0.0,-0.0523659385580228,-0.1602929005778364,-0.0014895846082954,1,0,0,0,0,0.0106834260181606,0.0111363982744095,0.0161989613285746,0.020503420419042122,-0.04117899247982832,0.06300689577748177,0.06179832372197177,0.022712883167759414,0.059986645053675396,0.08035544714301913,0.06453198180910612,0.1019866614526195,0.009637895945011608,0.06939432909130262,0.003692152485230891,0.03259576444719417,4.25,4.0,0.0
2008-09-01,1594.6300048828125,4032.10009765625,1166.3599853515625,28.233402252197266,43.038692474365234,19.236156463623047,3.399528980255127,3.69,4.36,1.13,5.0191818,4.25,2.0,3.4,218.877,7.5,6.1,1.4342,39.38999938964844,98.75545454545455,55.80651664733887,18.283169746398926,15.533349609375,9.95999026298523,24.221708297729492,12.662787755330404,27.678351720174152,12.835615793863932,9.595744371414185,-0.1606540813906651,-0.1059159007447859,-0.0951807650769433,0.07215408123127712,-0.16352274774718867,-0.02223131753010783,-0.3998181357095252,-0.051808914574695435,-0.0063799287941637105,-0.12310974366368321,-0.1774622702929323,-0.03983012001145321,-0.15219695450702728,-0.02449786187837359,-0.10576399156356636,-0.01127949772263612,-0.04,-0.2000000000000001,0.6457966605537937,-0.1,0.0,-0.0418533966215283,-0.1418000679749349,0.0008547262996732,0,1,0,0,0,-0.0961224317436099,-0.1615957480573318,-0.1100985522447859,-0.16770539924718866,0.06797142973127712,-0.40075980237619185,-0.023172984196774497,-0.05599156607469544,-0.010562580294163711,-0.1272923951636832,-0.1816449217929323,-0.04401277151145321,-0.15637960600702727,-0.028680513378373587,-0.10994664306356636,-0.015462149222636121,4.25,4.25,0.0
2008-10-01,1334.780029296875,3487.070068359375,968.75,23.92661476135254,36.149024963378906,16.093788146972656,3.2179765701293945,3.81,4.18,0.67,5.113087,3.75,1.0,3.0,216.995,7.6,6.5,1.3266,59.88999938964844,71.96347826086956,47.575825691223145,13.760559678077698,13.42679443359375,7.837131102879842,24.88498020172119,11.143784205118815,24.18160057067871,7.689320007960002,8.258671283721924,-0.1778752312533293,-0.1452254946101585,-0.1856364738868827,-0.1655143263338606,-0.17444955980535773,-0.17835828911978446,-0.05488411914207623,-0.17351348510589548,-0.2900833729039457,-0.1368634984406796,-0.1758321803775287,0.029302891154891104,-0.15118848838300555,-0.11405740723826581,-0.419485348882531,-0.11472619141558868,-0.1800000000000006,0.1200000000000001,0.4189975745974355,-0.3999999999999999,0.0999999999999996,-0.0779879243570187,-0.3164878942128428,-0.008635616399558,0,1,0,0,0,-0.186194807220216,-0.1784335645866627,-0.1494864004434918,-0.17871046563869106,-0.16977523216719392,-0.05544245247540956,-0.1789166224531178,-0.1777743909392288,-0.29434427873727903,-0.14112440427401293,-0.18009308621086204,0.02504198532155777,-0.15544939421633888,-0.11831831307159914,-0.4237462547158643,-0.11898709724892201,4.25,4.25,-0.5
2008-11-01,1185.75,3262.679931640625,896.239990234375,18.511079788208008,31.503198623657227,14.671789169311523,2.7717254161834717,3.53,3.98,0.19,4.2383,3.25,1.0,1.9,213.153,7.8,6.8,1.2744,55.27999877929688,52.7135,45.031615257263184,11.077780783176422,13.658188629150391,7.616841872533162,22.109919548034668,10.892015139261881,23.16593297322591,6.180049419403076,8.519569158554077,-0.1183910204379853,-0.0665129390696015,-0.0777983573133054,-0.25662196741752885,-0.137560891989085,-0.09250682234202699,-0.1492827474536718,-0.09202108655854319,-0.1844423597790226,0.021119663799727253,-0.08279331576324657,-0.11888383723975171,-0.021799349961616685,-0.04680667607783093,-0.13464155199047712,0.030015215162267076,-0.1999999999999997,-0.2800000000000002,-0.0800983787079303,-1.1,0.2000000000000001,-0.0401437984956168,-0.3112871542211999,-0.0178640940928183,0,1,0,1,0,-0.0779566906466387,-0.1185493537713186,-0.0700448557362682,-0.14109280865575166,-0.26015388408419554,-0.14944108078700513,-0.09266515567536032,-0.09555300322520985,-0.18797427644568926,0.017587747133060588,-0.08632523242991323,-0.12241575390641837,-0.02533126662828335,-0.0503385927444976,-0.13817346865714378,0.02648329849560041,3.75,4.25,-0.5
2008-12-01,1211.6500244140625,3217.969970703125,903.25,12.92464542388916,33.757469177246094,14.105815887451172,2.552786350250244,2.42,3.54,0.03,3.292619,2.5,0.125,1.2,211.398,8.0,7.3,1.3511,40.0,40.51173913043478,47.015477657318115,10.018994987010956,13.706164932250976,8.093183755874634,23.37049102783203,11.407769203186035,23.80348555246989,6.387206077575684,8.468014001846313,0.021607601438466,-0.0137982057267623,0.0077911466734982,-0.3592334736180907,0.06911261750421405,-0.039339359189197835,-0.08228457121465264,0.07131449489437024,-0.07778325785059631,-0.004622413833392618,0.018078978528220626,0.05464694158936273,0.06286283207325592,0.0041937804563861964,-0.0023046616261270816,-0.007567241398506636,-0.4399999999999999,-1.11,-0.3235317032632943,-0.7,0.2000000000000001,0.0584435958700746,-0.263279802539988,-0.0082676050540815,0,1,0,1,0,0.0077661466734982,0.021582601438466,-0.016542054893429,0.06636876833754737,-0.36197732278475736,-0.08230957121465264,-0.03936435918919783,0.06857064572770356,-0.08052710701726298,-0.007366263000059284,0.01533512936155396,0.051903092422696064,0.060118982906589256,0.0014499312897195298,-0.005048510792793748,-0.010311090565173302,3.25,3.75,-0.75
2009-01-01,1180.25,2973.919921875,825.8800048828125,12.822100639343262,30.248863220214844,12.4078950881958,2.6957554817199707,2.52,3.6,0.13,2.4565238,2.0,0.125,0.8,211.933,8.3,7.8,1.3244,44.84000015258789,43.17454545454545,38.88396596908569,9.419650554656982,14.135459327697754,7.788050810496013,21.67203998565674,10.255985101064047,22.358975728352863,5.202053904533386,8.149662017822266,-0.026256806769761,-0.0788697952541269,-0.0895498795988168,-0.007965692170829666,-0.10974309751507069,-0.12825421596323294,0.0544930432497165,-0.17283376851909502,-0.045157690570118786,0.02318707238475489,-0.08458600709665369,-0.07291792264797509,-0.12778308016553297,-0.05672371181497473,-0.21116084875480454,-0.05968183068559219,0.06,0.1,0.1142211474929641,-0.3999999999999999,0.3000000000000007,-0.0199595487928221,0.0636593088141292,0.0025275743322668,0,1,0,1,0,-0.0896582129321501,-0.0263651401030943,-0.0809168984207935,-0.11179020068173735,-0.010012795337496333,0.05438470991638317,-0.12836254929656626,-0.1748808716857617,-0.047204793736785454,0.021139969218088223,-0.08663311026332035,-0.07496502581464175,-0.12983018333219964,-0.0587708149816414,-0.2132079519214712,-0.06172893385225886,2.5,3.25,-0.5
2009-02-01,1116.989990234375,2702.47998046875,735.0900268554688,11.104513168334961,32.06853485107422,11.798913955688477,2.6712288856506348,2.87,3.68,0.3,1.94305,2.0,0.125,1.0,212.705,8.6,8.3,1.2797,46.34999847412109,42.9105,37.92316293716431,7.353187382221222,12.95908317565918,6.711287339528401,19.989099502563477,9.489975293477377,20.72308286031087,4.202026963233948,8.219046115875244,-0.0550887216915512,-0.0957110588862221,-0.11645651319919,-0.14381867706840468,0.05841672242185417,-0.05032548108169742,-0.009139868920984269,0.015805709589862417,-0.28353073430053033,-0.10300766005446793,-0.11938661606782243,-0.08063447681528355,-0.08202637488469099,-0.061841739115844264,-0.15964056097857318,0.009916682445218277,0.08,0.3500000000000001,0.0331206574841669,0.1999999999999999,0.2999999999999989,-0.0343338512295409,-0.0061345447681726,0.0036360422314452,0,1,0,1,0,-0.11670651319919,-0.0553387216915512,-0.0973302672195554,0.05679751408852084,-0.14543788540173802,-0.009389868920984269,-0.05057548108169742,0.014186501256529083,-0.2851499426338637,-0.10462686838780126,-0.12100582440115576,-0.08225368514861688,-0.08364558321802432,-0.0634609474491776,-0.16125976931190653,0.008297474111884943,2.0,2.5,0.0
2009-03-01,1237.010009765625,2807.340087890625,797.8699951171875,13.296363830566406,33.41826248168945,13.420808792114258,3.1441006660461426,2.82,3.65,0.21,1.6354545,1.5,0.125,0.4,212.495,8.9,8.7,1.305,44.13999938964844,46.58272727272727,42.640573024749756,8.680835664272308,12.22818431854248,7.099411169687907,20.975056648254395,9.339102427164713,20.64111582438151,5.326216459274292,8.366986274719238,0.1020596265938805,0.0380675843874451,0.0819526935612557,0.18013898422598662,0.04122720474581036,0.12879890781385997,0.1629892691924164,0.08305485327579895,0.15553726075631755,-0.08317097764258805,0.06329332277856017,0.04768732198112928,-0.022307718136794375,0.008478260008918713,0.21874490771173838,0.0032095873774483086,-0.0300000000000002,-0.0500000000000002,-0.0488548720901067,-0.6,0.3000000000000007,0.0195773653132434,0.0821132618058482,-0.0009877705412728,0,1,0,1,0,0.0817776935612557,0.1018846265938805,0.0367047056374451,0.039864325995810364,0.17877610547598663,0.1628142691924164,0.12862390781385996,0.08169197452579895,0.15417438200631756,-0.08453385639258805,0.061930444028560176,0.04632444323112928,-0.023670596886794376,0.0071153812589187125,0.2173820289617384,0.0018467086274483084,2.0,2.0,-0.5
2009-04-01,1394.3299560546875,3159.85009765625,872.8099975585938,17.197261810302734,40.55558395385742,14.801610946655273,3.763529062271118,2.93,3.66,0.16,1.4223,1.25,0.125,0.1,212.709,9.1,9.0,1.3199,36.5,50.51909090909091,49.319393157958984,11.498776197433472,14.412443161010742,8.345062414805094,23.240281105041504,10.337392807006836,22.211846669514973,8.07870109875997,9.498745918273926,0.1197167962966163,0.1182871419139881,0.0897722182435997,0.2572595724206457,0.19357094503676966,0.09792962519732572,0.17982920508500386,0.14982890024592682,0.2953101165059623,0.1866884111150608,0.16767370765952205,0.1017300006390189,0.12226068375354841,0.0649029191798265,0.3842088765786082,0.08467383522036091,0.0100000000000002,0.1100000000000003,-0.1900541264125146,-0.3,0.1999999999999993,0.0113529353781152,0.0811214896099112,0.0010065757521973,0,1,0,1,0,0.0896388849102664,0.119583462963283,0.1171018919139881,0.19238569503676967,0.25607432242064565,0.1796958717516705,0.09779629186399239,0.14864365024592682,0.29412486650596226,0.1855031611150608,0.16648845765952205,0.1005447506390189,0.12107543375354841,0.0637176691798265,0.38302362657860817,0.08348858522036091,1.5,2.0,-0.25
2009-05-01,1435.5699462890625,3277.64990234375,919.1400146484376,21.277681350708008,42.22460174560547,15.358793258666992,4.062027454376221,3.29,3.8,0.18,1.2817,1.0,0.125,-0.3,213.022,9.2,9.4,1.3646,28.920000076293945,57.50142857142857,49.387319564819336,12.93103563785553,14.948874759674073,8.356731494267782,23.696319580078125,11.0808744430542,22.12477747599284,8.804557800292969,9.448030710220337,0.0291479638295514,0.0366020833811787,0.051720577155174,0.21290852538291563,0.040329554450841874,0.03695213815079339,0.07632512436561141,0.01912056915379739,0.07745300694458049,0.03210633916212648,0.017800660442105497,0.019810895451236137,0.06576644489126404,0.0024975604038660498,0.06725217505179255,0.003231132266380724,0.1399999999999996,0.3599999999999999,-0.2327788606597787,-0.4,0.0999999999999996,0.0333053692464143,0.129458489568369,0.0014704123326474,0,1,0,1,0,0.051570577155174,0.0289979638295514,0.0355340000478454,0.039261471117508544,0.2118404420495823,0.07617512436561141,0.03680213815079339,0.018052485820464054,0.07638492361124716,0.031038255828793142,0.016732577108772163,0.018742812117902803,0.06469836155793071,0.0014294770705327163,0.06618409171845922,0.002163048933047391,1.25,1.5,-0.25
2009-06-01,1477.25,3140.43994140625,919.3200073242188,20.1865177154541,39.245155334472656,17.47624397277832,4.260030269622803,3.72,3.9,0.18,1.2279091,1.0,0.125,-0.6,214.79,9.2,9.5,1.4014,26.350000381469727,68.58,49.119455337524414,12.264315783977509,14.772608089447022,8.154500166575113,23.488688468933105,10.718684514363607,22.515531539916992,8.454605102539062,9.114414930343628,0.0286203057708906,-0.0427637735702983,0.0001958080939536,-0.0526437577126687,-0.07317502528763066,0.12915431069476352,0.047594043833784835,-0.020458640469794037,-0.0590439025764002,-0.001435185592993693,-0.0022142877583392223,-0.013455324421639686,-0.0289057574136304,0.013820851742960591,-0.04692696952873349,-0.023434674595454185,0.1,0.4300000000000001,-0.0930651104642668,-0.3,0.0,0.0266103915551101,0.1761911548195973,0.0082653598554411,0,1,0,1,0,4.5808093953607934e-05,0.0284703057708906,-0.0437870311536316,-0.074198282870964,-0.053667015296002034,0.04744404383378484,0.1290043106947635,-0.02148189805312737,-0.06006716015973353,-0.002458443176327026,-0.0032375453416725554,-0.014478582004973019,-0.029929014996963734,0.012797594159627258,-0.047950227112066826,-0.024457932178787518,1.0,1.25,0.0
2009-07-01,1603.3599853515625,3426.27001953125,987.47998046875,22.3251953125,45.65856170654297,17.292448043823242,4.886935234069824,3.56,3.73,0.18,0.9749565,1.0,0.125,-0.8,214.726,9.1,9.5,1.4092,25.920000076293945,64.90434782608696,56.51852989196777,13.846483945846558,15.997255516052245,9.717660744984945,26.396937370300293,11.267573356628418,25.7305113474528,9.808260122934977,10.501872062683105,0.081919166948147,0.0871093127699688,0.0715219493430142,0.10070093358348553,0.1513631348884603,-0.010572594500790844,0.13728909970191927,0.16069940185340836,0.11768559225109401,0.09848595140262459,0.10835560202911691,0.11421206532839726,0.05348598609801361,0.11762451905734832,0.1480155364689756,0.12300624094629373,-0.1699999999999999,-0.1600000000000001,-0.0164534150368873,-0.2,-0.0999999999999996,0.005550430530649,-0.0550863328708439,-0.0002980098551557,0,1,0,1,0,0.0713719493430142,0.081769166948147,0.0862968490199688,0.1505506711384603,0.09988846983348552,0.13713909970191926,-0.010722594500790845,0.15988693810340837,0.116873128501094,0.09767348765262458,0.1075431382791169,0.11339960157839725,0.05267352234801361,0.11681205530734831,0.14720307271897562,0.12219377719629372,1.0,1.0,0.0
2009-08-01,1625.18994140625,3653.5400390625,1020.6199951171876,24.51624870300293,48.111385345458984,18.225143432617188,5.031097888946533,3.59,3.59,0.17,0.8604762,1.0,0.125,-0.2,215.445,9.2,9.6,1.4266,26.01000022888184,72.59190476190476,58.59612464904785,16.22325897216797,17.024095344543458,10.189724922180176,26.265021324157715,11.678420384724935,25.738253911336262,10.278389056523642,10.854449987411499,0.0135232777783822,0.064224359682601,0.0330093363428553,0.09362023476549754,0.052327710141313634,0.05253227102787758,0.029072862971626506,0.047336637420228145,0.1595106708152544,0.0751335715254116,0.06031899336808045,-0.0014843768182549628,0.039647844291898694,0.0006835582727071377,0.04833259244589407,0.0370814769627015,-0.1400000000000001,0.0299999999999998,0.00346621383281,0.6000000000000001,0.0999999999999996,0.0122718233768552,0.1119387967927547,0.0033428597908793,0,1,0,1,0,0.0328676696761886,0.0133816111117155,0.063507296182601,0.05161064664131364,0.09290317126549753,0.02893119630495984,0.052390604361210916,0.04661957392022815,0.1587936073152544,0.0744165080254116,0.05960192986808045,-0.002201440318254963,0.0389307807918987,-3.3505227292862346e-05,0.047615528945894076,0.0363644134627015,1.0,1.0,0.0
2009-09-01,1718.989990234375,3795.409912109375,1057.0799560546875,23.83100128173828,49.58307647705078,19.01625633239746,5.543751239776611,3.4,3.59,0.12,0.7720909,1.0,0.125,-0.4,215.861,9.3,9.8,1.4575,25.61000061035156,67.51318181818182,59.31291198730469,16.304707646369934,17.888174629211427,10.82502826054891,27.460854530334473,12.166654904683432,26.037486394246418,10.51780621210734,11.471967220306396,0.0561122073969299,0.0380958474590651,0.0351000673677463,-0.028348802164295698,0.03013072477832458,0.04249206182821613,0.09703316223590246,0.018263023376382425,0.050670866302722474,0.04461532748565111,0.06326419966528586,0.045686053350011566,0.04322023956335006,0.007519023779731306,0.03458495261058585,0.04611937710759084,0.0,-0.1899999999999999,-0.0154981642163414,-0.2,0.1000000000000014,0.0214286483807096,-0.0725305459487808,0.0019290254668362,0,1,0,1,0,0.0350000673677463,0.0560122073969299,0.0374524383757318,0.029487315694991245,-0.028992211247629032,0.09693316223590245,0.04239206182821613,0.01761961429304909,0.05002745721938914,0.04397191840231778,0.06262079058195252,0.045042644266678235,0.04257683048001673,0.006875614696397973,0.03394154352725252,0.04547596802425751,1.0,1.0,0.0
2009-10-01,1667.1300048828125,3607.68994140625,1036.18994140625,22.456134796142578,50.968204498291016,20.502355575561523,5.637965679168701,3.39,3.56,0.07,0.7375,1.0,0.125,-0.2,216.509,9.5,10.0,1.4821,30.690000534057617,72.96863636363636,56.70934009552002,14.783856391906738,16.86758918762207,9.688812732696533,27.05483913421631,11.387332598368326,26.24075984954834,10.374159495035807,10.782104730606079,-0.0306333153070821,-0.0507247566552956,-0.0199598801971195,-0.059423466205913496,0.02755242164462637,0.07524557587369078,0.01685191455021722,-0.04329232271705741,-0.09190255337597744,-0.08348465481794352,-0.08410247829196886,-0.014366770196842201,-0.07457539176778893,-0.005838011864386867,0.025280826388288574,-0.06670855668631466,-0.0299999999999998,-0.0099999999999997,0.1809539619893447,0.2,0.1999999999999993,0.0167373617382218,0.0777068449649744,0.0029974349985852,0,1,0,1,0,-0.0200182135304528,-0.0306916486404154,-0.0513393399886289,0.026937838311293035,-0.06003804953924683,0.016793581216883888,0.07518724254035745,-0.04390690605039074,-0.09251713670931078,-0.08409923815127686,-0.0847170616253022,-0.014981353530175535,-0.07518997510112227,-0.006452595197720201,0.02466624305495524,-0.067323140019648,1.0,1.0,0.0
2009-11-01,1767.4300537109375,3680.14990234375,1095.6300048828125,24.005590438842773,50.287296295166016,21.840595245361328,5.979233264923096,3.4,3.56,0.05,0.7161905,1.0,0.125,0.5,217.234,9.6,9.9,1.4908,24.51000022888184,76.93666666666667,57.95504379272461,15.367238521575928,16.952953147888184,9.446706374486288,27.38444423675537,11.559559186299643,26.561543782552082,10.61356512705485,10.781175136566162,0.0584229563731995,0.0198858235934645,0.0557790765867372,0.06672289645478793,-0.013449510630915403,0.06323061966142311,0.05876903791309024,0.025670509768686116,0.025801251004629096,-0.0018442812489132571,-0.024012869299120516,0.012062671554340154,0.00942950362576705,0.02353754659463901,-0.002580302747654741,0.008558586851137095,0.0,0.0099999999999997,-0.2248556791550009,0.7,0.0999999999999996,0.0058528876422339,0.0529528626106712,0.0033429965449309,0,1,0,1,0,0.0557374099200705,0.0583812897065328,0.0192889981767978,-0.01404633604758207,0.06612607103812126,0.05872737124642357,0.06318895299475645,0.02507368435201945,0.02520442558796243,-0.002441106665579924,-0.02460969471578718,0.011465846137673487,0.008832678209100383,0.022940721177972346,-0.0031771281643214076,0.007961761434470428,1.0,1.0,0.0
2009-12-01,1860.31005859375,3936.330078125,1115.0999755859375,24.398408889770508,56.82695770263672,22.635211944580078,6.302857398986816,3.59,3.48,0.05,0.7120455,1.0,0.125,1.0,217.347,9.5,9.9,1.4579,21.68000030517578,74.7895652173913,60.92862892150879,15.660340547561646,19.07679557800293,9.976918617884317,29.762940406799316,12.482540130615234,28.09278106689453,11.633096694946289,11.674561500549316,0.0512166275679731,0.0672953513023296,0.0176145203503,0.016231182562699502,0.12225833411425574,0.03573633909219758,0.052710742793012556,0.05702023425933425,-0.0020439449953463286,0.13331922659259693,0.08573606211697715,0.08378101023426972,0.07529011073677812,0.05480227087551917,0.0677075012027591,0.05589623840202039,-0.08,0.1899999999999999,-0.1226910162305068,0.5,-0.0999999999999996,-0.022315844494327,-0.0283041997757811,0.0005200411547976,0,1,0,1,0,0.0175728536836333,0.0511749609013064,0.0667019800523296,0.12166496286425574,0.015637811312699503,0.05266907612634589,0.03569467242553091,0.05642686300933425,-0.0026373162453463285,0.13272585534259693,0.08514269086697715,0.08318763898426972,0.07469673948677812,0.05420889962551917,0.0671141299527591,0.05530286715202039,1.0,1.0,0.0
2010-01-01,1741.0400390625,3739.4599609375,1073.8699951171875,22.761659622192383,57.32722473144531,20.927167892456055,5.744444847106934,3.73,3.52,0.06,0.67975,1.0,0.125,1.2,217.488,9.5,9.8,1.4266,24.6200008392334,76.60238095238095,62.71861171722412,14.092293500900269,18.218910789489748,10.010231971740723,29.53435516357422,11.897470792134603,27.778892517089844,11.167940139770508,11.928722858428955,-0.06626051374122,-0.0513076314569354,-0.0376751237121947,-0.06944039576357253,0.00876481650980889,-0.07845853042785447,-0.09276981169291562,0.025799375628127223,-0.09819548039977763,-0.029970292168380337,-0.006640154669014968,-0.009203769231255172,-0.045614506208444094,-0.002753595600910376,-0.04388656124193959,-0.0017599384739895897,0.04,0.1400000000000001,0.1271689641959534,0.1999999999999999,0.0,-0.0217030532668384,0.0239497863849678,0.0006485218758465,0,1,0,1,0,-0.0377251237121947,-0.0663105137412199,-0.0518740897902687,0.008198358176475556,-0.07000685409690587,-0.09281981169291562,-0.07850853042785447,0.02523291729479389,-0.09876193873311097,-0.03053675050171367,-0.007206613002348301,-0.009770227564588506,-0.046180964541777426,-0.003320053934243709,-0.04445301957527292,-0.002326396807322923,1.0,1.0,0.0
2010-02-01,1818.6800537109373,3708.800048828125,1104.489990234375,23.18939971923828,57.71148681640625,21.39061164855957,6.120107173919678,3.69,3.5,0.11,0.6617,1.0,0.125,1.4,217.281,9.4,9.8,1.368,19.5,73.903,61.96374797821045,13.880451917648315,18.537909507751465,10.485005060831705,30.40407943725586,11.708263715108236,27.154080708821613,9.874564091364542,11.783774375915527,0.0436283344974221,-0.0082328182003807,0.0281147397418404,0.01861774063045565,0.006680594887329279,0.021903903762178607,0.06334633417513255,-0.013444859206038415,-0.021512083936951337,0.03701586700013474,0.04445676292151577,0.026470700965425913,-0.014527184263962337,-0.0196106403202812,-0.12779957305973352,0.0040228418693572555,-0.02,-0.04,-0.2331446892740714,0.1999999999999999,-0.0999999999999996,-0.0419441716614419,-0.0358747366633629,-0.000952229876745,0,1,0,1,0,0.0280230730751737,0.0435366678307555,-0.0087842348670473,0.006129178220662612,0.018066323963788985,0.06325466750846588,0.02181223709551194,-0.013996275872705083,-0.022063500603618003,0.036464450333468075,0.043905346254849105,0.025919284298759247,-0.015078600930629004,-0.020162056986947865,-0.1283509897264002,0.003471425202690589,1.0,1.0,0.0
2010-03-01,1958.3399658203125,3974.010009765625,1169.4300537109375,24.817413330078125,62.74311447143555,21.853193283081055,7.0287604331970215,3.73,3.44,0.15,0.6449565,1.0,0.125,1.7,217.353,9.3,9.9,1.357,17.59000015258789,79.51913043478261,66.54071140289307,15.501712322235107,19.97734127044678,11.350282271703085,31.91205406188965,12.420142809549967,29.495540618896484,11.286849657694498,12.696375846862793,0.0739861654008404,0.0690672756113747,0.0571328154163926,0.06785029158086883,0.08359261047774882,0.021394938786069923,0.13843075653413178,0.07556634581900198,0.12226712000660915,0.06686198457207355,0.08570535683214882,0.046000516400643586,0.06064640777341446,0.07240308609402177,0.14652350580456927,0.0587373464970516,-0.06,0.04,-0.1030838981455386,0.3,-0.0999999999999996,-0.0080734383476267,0.0732442045828811,0.0003313132458968,0,1,0,1,0,0.0570078154163926,0.0738611654008404,0.0685298118613747,0.08305514672774883,0.06731282783086884,0.1383057565341318,0.021269938786069923,0.07502888206900199,0.12172965625660916,0.06632452082207356,0.08516789308214882,0.045463052650643584,0.060108944023414455,0.07186562234402177,0.14598604205456928,0.058199882747051596,1.0,1.0,0.0
2010-04-01,2000.6300048828125,3816.989990234375,1186.68994140625,22.752927780151367,62.96063232421875,22.785816192626953,7.809103965759277,3.85,3.4,0.16,0.6447,1.0,0.125,1.9,217.403,9.3,9.9,1.3417,22.049999237060547,85.15636363636364,66.73074340820312,13.793123602867126,19.370714378356933,11.838177839914957,30.518352508544922,11.67777156829834,29.901421864827473,11.50883150100708,12.963711261749268,0.0213649752402593,-0.0403135115974772,0.0146513730069184,-0.08685172643537406,0.0034608048754631135,0.04179118902114892,0.1052798631901747,0.006286212550659751,-0.12404702125767496,-0.03333775202935154,0.0377217123265546,-0.047373403332646696,-0.06380891238955429,0.014647009654165022,0.021549681788033754,-0.012935377035467894,-0.04,0.1200000000000001,0.2259819998682632,0.1999999999999999,0.0,-0.0113389142384431,0.0684915116298441,0.0002300140778759,0,1,0,1,0,0.014518039673585,0.021231641906926,-0.0408507615974772,0.0029235548754631135,-0.08738897643537406,0.10514652985684136,0.04165785568781559,0.00574896255065975,-0.12458427125767496,-0.03387500202935154,0.0371844623265546,-0.0479106533326467,-0.06434616238955429,0.014109759654165022,0.021012431788033754,-0.013472627035467893,1.0,1.0,0.0
2010-05-01,1852.3900146484373,3507.56005859375,1089.4100341796875,20.840171813964844,63.4687385559082,19.3361759185791,7.6831841468811035,3.42,3.08,0.16,0.6865238,1.0,0.125,1.9,217.29,9.3,9.6,1.2563,32.06999969482422,76.13238095238096,68.19200611114502,12.325646162033081,19.663503456115723,11.49721097946167,31.068281173706055,11.07104460398356,28.809609095255535,10.115728855133057,13.054880380630493,-0.0769854282828253,-0.084541495588515,-0.0855315728834906,-0.08781136946639607,0.008037831142233932,-0.164160504221524,-0.016256164479377926,0.015835815408564435,-0.11371101556697491,0.03608980606143471,-0.04481560650142367,0.016139512781254195,-0.05274659705542703,-0.03969475591532524,-0.09572508160647814,-0.017411335576461316,-0.3199999999999998,-0.4300000000000001,0.3746084368967111,0.0,0.0,-0.0657665735860537,-0.1120154590886324,-0.0005199071645751,0,1,0,1,0,-0.0856649062168239,-0.0771187616161587,-0.0851135987551816,0.007465727975567265,-0.08838347263306275,-0.01638949781271126,-0.16429383755485735,0.015263712241897768,-0.11428311873364158,0.03551770289476804,-0.04538770966809033,0.015567409614587528,-0.053318700222093694,-0.0402668590819919,-0.0962971847731448,-0.017983438743127984,1.0,1.0,0.0
2010-06-01,1739.1400146484375,3442.889892578125,1030.7099609375,20.153682708740234,66.11141204833984,17.245166778564453,7.5231709480285645,3.2,3.07,0.12,0.7275909,1.0,0.125,1.7,217.199,9.2,9.4,1.2223,34.540000915527344,75.24636363636364,70.94182109832764,11.984013319015503,19.557106590270998,11.551919221878052,32.07481002807617,10.520681699117025,29.562456130981445,10.508999029795328,12.795578956604004,-0.0630859585232066,-0.018609451991012,-0.0553884494055037,-0.0334954248882681,0.04079390172075704,-0.11444582387391042,-0.021046345988868335,0.041607676599113824,-0.032454847864384566,-0.003453409619146891,0.02588105135409538,0.027325863939045927,-0.05721827817899159,0.01857534577996853,0.022097453537715177,-0.02372287085540182,-0.0100000000000002,-0.2199999999999997,0.074197095035688,-0.1999999999999999,-0.1000000000000014,-0.027436563227155,-0.0117061009613657,-0.000418882877728,0,1,0,1,0,-0.0554884494055037,-0.0631859585232066,-0.019215777741012,0.04018757597075704,-0.0341017506382681,-0.021146345988868335,-0.11454582387391042,0.04100135084911383,-0.03306117361438456,-0.004059735369146891,0.02527472560409538,0.026719538189045926,-0.05782460392899159,0.01796902002996853,0.021491127787715177,-0.02432919660540182,1.0,1.0,0.0
2010-07-01,1864.0,3643.139892578125,1101.5999755859375,23.72795295715332,68.91606140136719,19.343669891357422,7.694250583648682,3.01,2.99,0.16,0.8488182,1.0,0.125,1.9,217.605,9.2,9.4,1.2811,23.5,75.195,76.31959056854248,14.575619578361511,19.95723991394043,11.552330334981283,30.3917236328125,11.134943962097168,29.061736424763996,11.466136614481607,13.64516568183899,0.0693339696709325,0.0565347139043011,0.066515799010857,0.16326676641066207,0.04154788243855081,0.11483331108928925,0.022485654803628186,0.05655191642889652,0.17959091606550645,0.016392169596851837,-0.011707457017088646,-0.06286418927266195,0.05958995725107868,-0.0013577057359226176,0.0863860347992893,0.08414992005259989,-0.0799999999999996,-0.1900000000000004,-0.3851176780747112,0.1999999999999999,0.0,0.0469847540791709,-0.0006828393085243,0.0018675086613582,0,1,0,1,0,0.0663824656775236,0.0692006363375992,0.0558273654043011,0.040840533938550805,0.16255941791066206,0.022352321470294853,0.11469997775595592,0.05584456792889652,0.17888356756550644,0.015684821096851837,-0.012414805517088645,-0.06357153777266195,0.058882608751078674,-0.0020650542359226176,0.0856786862992893,0.08344257155259989,1.0,1.0,0.0
2010-08-01,1767.4300537109375,3490.7900390625,1049.3299560546875,22.224416732788086,67.55422973632812,17.683761596679688,7.271030426025391,2.7,2.68,0.16,0.8955,1.0,0.125,1.6,217.923,9.3,9.5,1.2903,26.049999237060547,76.89181818181818,77.9837818145752,13.389480352401733,18.919566345214843,10.521454890569052,30.53447723388672,10.460959116617838,29.391619364420574,10.917449792226156,13.26917839050293,-0.0531981718301757,-0.042717834847223,-0.0486118228874188,-0.06546226549414223,-0.01995858380549719,-0.08971843398463542,-0.05657535427747542,0.009576347822839247,-0.08986948819092472,-0.05280238131121231,-0.10350828619421452,0.006696789620458842,-0.06485297419116336,0.00870285650332393,-0.04378154536229323,-0.005107032551517291,-0.31,-0.3099999999999996,0.103017317761759,-0.2999999999999998,0.1000000000000014,0.0071556655954123,0.022314735912583,0.001460296727239,0,1,0,1,0,-0.0487451562207521,-0.0533315051635091,-0.043464084847223,-0.02070483380549719,-0.06620851549414224,-0.05670868761080875,-0.08985176731796875,0.008830097822839247,-0.09061573819092472,-0.053548631311212305,-0.10425453619421453,0.005950539620458842,-0.06559922419116336,0.00795660650332393,-0.044527795362293225,-0.0058532825515172915,1.0,1.0,0.0
2010-09-01,1998.0400390625,3715.179931640625,1141.199951171875,23.48487091064453,79.20709228515625,18.452280044555664,8.486859321594238,2.65,2.68,0.15,0.8805,1.0,0.125,1.8,218.275,9.2,9.5,1.3103,23.700000762939453,77.93818181818182,89.30873489379883,14.212436556816101,20.352259826660156,11.612461725870768,32.48338222503662,10.940364519755045,30.26747194925944,12.405664126078287,13.792069911956787,0.1226401751631694,0.0622990279964391,0.083928474188034,0.05516488547974762,0.15913516504230726,0.0425411479294188,0.15462098686684117,0.12786327289288008,0.07306879952087587,0.06802205612725756,0.09645141361303784,0.06449478186567466,0.04916504031478619,0.04076049907089946,0.12042960876084818,0.0204142084116976,0.0,-0.0500000000000002,-0.0945426585792494,0.1999999999999999,-0.1000000000000014,0.0153813691527392,0.0135164963744021,0.0016139463106572,0,1,0,1,0,0.083803474188034,0.1225151751631694,0.0615652779964391,0.15840141504230726,0.05443113547974762,0.15449598686684118,0.0424161479294188,0.12712952289288007,0.07233504952087587,0.06728830612725756,0.09571766361303784,0.06376103186567465,0.04843129031478619,0.04002674907089946,0.11969585876084818,0.0196804584116976,1.0,1.0,0.0
2010-10-01,2124.449951171875,3833.5,1183.260009765625,23.655925750732422,82.88773345947266,20.094829559326172,9.002197265625,2.54,2.72,0.13,0.9976667,1.0,0.125,1.8,219.035,9.2,9.4,1.3901,21.200000762939453,83.33857142857143,87.28946685791016,14.421384453773499,21.925757026672365,11.747363011042276,31.85580825805664,11.658523877461752,31.034915924072266,13.023683071136475,14.34987735748291,0.0613462027660948,0.0313511132001509,0.0361930517504907,0.00725722104635058,0.045421239407300994,0.08527460361787972,0.05894968306541387,-0.00855503503635864,0.017950506895699155,0.07102477582697848,0.0431756935259155,-0.012122163838138144,0.0695986588233893,0.019651125151082516,0.04430836380129813,0.056206999485615236,0.04,-0.1099999999999998,-0.1114738626669469,0.0,0.0,0.0591195683725072,0.0669955126910046,0.0034757987017952,0,1,0,1,0,0.0360847184171574,0.0612378694327615,0.0305197242834842,0.044589850490634325,0.006425832129683913,0.058841349732080536,0.08516627028454639,-0.009386423953025308,0.01711911797903249,0.07019338691031182,0.04234430460924883,-0.01295355275480481,0.06876726990672263,0.01881973623441585,0.04347697488463146,0.05537561056894857,1.0,1.0,0.0
2010-11-01,2117.330078125,3610.43994140625,1180.550048828125,20.527313232421875,86.5216064453125,19.149396896362305,9.30638313293457,2.76,3.0,0.14,1.0420455,1.0,0.125,1.8,219.59,9.2,9.8,1.3654,23.540000915527344,85.80090909090909,87.1147403717041,12.176984071731567,21.842843055725098,10.813177108764648,30.971662521362305,11.17247740427653,30.186737060546875,13.027226289113363,13.616467237472534,-0.003357024496422,-0.0599485916716999,-0.0022928763797244,-0.14185729168659436,0.042907084968166025,-0.04819132465161709,0.03323183493933471,0.0021886740969872523,-0.1792534450112876,-0.016680520478852427,-0.02019347396886982,-0.03561016651639754,-0.04767509060290203,-0.03912136707534131,-0.0005085517702606753,-0.07014792613214656,0.2799999999999998,0.2199999999999997,0.1046999230588641,0.0,0.0,-0.0179282609988669,0.0291181175413601,0.0025306368592339,0,1,0,1,0,-0.0024095430463911,-0.0034736911630887,-0.0608169629216999,0.042038713718166025,-0.14272566293659436,0.03311516827266804,-0.048307991318283755,0.0013203028469872522,-0.1801218162612876,-0.017548891728852427,-0.02106184521886982,-0.03647853776639754,-0.04854346185290203,-0.039989738325341306,-0.0013769230202606752,-0.07101629738214656,1.0,1.0,0.0
2010-12-01,2217.860107421875,3804.780029296875,1257.6400146484375,21.432138442993164,91.14940643310547,21.158336639404297,9.647648811340332,3.29,3.34,0.14,1.0216957,1.0,0.125,2.0,220.472,9.2,9.3,1.3221,17.75,91.96,90.20029067993164,13.167530298233032,22.821157264709473,11.681991418202719,31.32045841217041,11.885874430338541,31.55670166015625,14.119354883829752,15.0417799949646,0.0463869175770203,0.0524285463373336,0.063256487508998,0.043135239709885316,0.05210582088280065,0.09976277370829019,0.03601371606795416,0.027229859045928114,0.07181128994765232,0.04151034938059054,0.08472307850647787,0.0138655135303919,0.0618526518505591,0.010968699089623779,0.08932124474206059,0.06222886558976559,0.3399999999999998,0.5300000000000002,-0.2823156248031155,0.1999999999999999,0.0,-0.0322260444681288,0.0693240979920544,0.0040085314388491,0,1,0,1,0,0.0631398208423314,0.0462702509103536,0.0515771332540003,0.051254407799467314,0.04228382662655198,0.03589704940128749,0.09964610704162352,0.026378445962594782,0.07095987686431898,0.040658936297257205,0.08387166542314453,0.013014100447058566,0.06100123876722576,0.010117286006290445,0.08846983165872725,0.061377452506432256,1.0,1.0,0.0
2011-01-01,2281.909912109375,4005.5,1286.1199951171875,24.578758239746094,84.44834899902344,21.021886825561523,10.148937225341797,3.39,3.44,0.15,1.0172381,1.0,0.125,2.0,221.187,9.2,9.1,1.3371,19.530000686645508,96.95238095238096,86.54126358032227,15.363678097724915,23.8245548248291,12.3868940671285,32.104949951171875,12.695856412251791,31.684118270874023,13.700319449106852,14.668789386749268,0.0284699576142828,0.0514102379905886,0.0223929698124121,0.13699099186927172,-0.07635989610283633,-0.006469870408788868,0.050654753971737125,-0.03411499704194941,0.16027457235254255,0.055175610654634555,0.06723751149331182,0.027425412252047594,0.06452878692801059,0.023784113054275927,-0.2260360002998011,-0.007000614075741821,0.1,0.1,0.0955662641256624,0.0,0.0,0.0112817081045687,0.0528662400520101,0.0032377948808059,0,1,0,1,0,0.0222679698124121,0.0283449576142828,0.0505625395739219,-0.077207594519503,0.13614329345260506,0.050529753971737125,-0.006594870408788868,-0.03496269545861608,0.1594268739358759,0.05432791223796789,0.06638981307664515,0.026577713835380927,0.06368108851134392,0.02293641463760926,-0.22688369871646774,-0.007848312492408489,1.0,1.0,0.0
2011-02-01,2350.989990234375,4110.35009765625,1327.219970703125,25.470073699951172,84.59642791748047,20.269176483154297,10.564382553100586,3.58,3.6,0.13,1.08675,1.0,0.125,1.8,221.898,9.2,9.0,1.3656,18.350000381469727,104.2385,87.78919410705566,16.277287125587463,24.309995269775392,13.773767948150635,33.277161598205566,13.125935554504395,31.30177052815755,13.219920953114828,15.850146293640137,0.029823738828537,0.025839790118832,0.0314565767628246,0.03562159885538836,0.001751949501585402,-0.03646279250183607,0.040119213538806694,0.002530763258653966,0.06508683837531747,0.013108770175603978,0.05529412991007828,0.030342623857177467,0.03183180775940855,-0.0049592805786690475,-0.009409657895097174,0.04983065302261495,0.1600000000000001,0.1899999999999999,-0.0623221847579671,-0.1999999999999999,0.0,0.021090802859611,0.0724616028965323,0.0032093192514253,0,1,0,1,0,0.0313482434294913,0.0297154054952036,0.024934165118832,0.0008463245015854019,0.03471597385538836,0.04001088020547336,-0.0365711258351694,0.0016251382586539658,0.06418121337531747,0.012203145175603978,0.05438850491007828,0.029436998857177467,0.030926182759408546,-0.005864905578669048,-0.010315282895097174,0.04892502802261495,1.0,1.0,0.0
2011-03-01,2338.989990234375,3989.179931640625,1325.8299560546875,23.232778549194336,82.70828247070312,19.36171531677246,10.423805236816406,3.41,3.61,0.1,1.1755217,1.0,0.125,2.2,223.046,9.1,9.0,1.402,17.739999771118164,114.9173913043478,85.99424076080322,14.852545261383057,24.312399291992186,13.293036937713623,33.39261436462402,12.56163469950358,30.42116419474284,12.058167378107706,15.260793447494507,-0.0051173037994875,-0.0299225279316046,-0.0010478617545838,-0.09194003257312845,-0.022572294713757775,-0.045803653269296196,-0.013396051145596048,-0.020893030951750793,-0.08075306577506138,-0.002342363028294512,-0.039414705781181864,0.0009630842492539026,-0.04581711950861774,-0.04308892007414,-0.06083239915421346,-0.02866559968215075,0.0099999999999997,-0.1699999999999999,-0.0338076313097066,0.4000000000000001,-0.0999999999999996,0.0263058961143045,0.0975319909085206,0.0051602113856565,0,1,0,1,0,-0.0011311950879172,-0.0052006371328209,-0.0309021293482712,-0.02355189613042444,-0.09291963398979512,-0.013479384478929381,-0.04588698660262953,-0.02187263236841746,-0.08173266719172805,-0.003321964444961179,-0.040394307197848534,-1.651716741276417e-05,-0.04679672092528441,-0.04406852149080667,-0.06181200057088013,-0.029645201098817416,1.0,1.0,0.0
2011-04-01,2404.080078125,4106.919921875,1363.6099853515625,24.052072525024414,89.77957916259766,19.76587677001953,10.47226333618164,3.46,3.69,0.06,1.3212105,1.25,0.125,2.2,224.093,9.1,9.1,1.446,14.75,123.3257142857143,91.48642539978027,15.04391634464264,25.137435913085938,13.138517697652182,36.02732849121094,12.560713768005371,31.708825429280598,13.056271155675253,14.855466842651367,0.0274481183999011,0.029087657963273,0.0280969387702452,0.034657018503102884,0.08203779810413712,0.02065937649601772,0.004638019449640219,0.06905580951826862,0.015440703394258638,0.03663543105995909,-0.026971662904731686,0.07601590552437286,-0.0020405076810053394,0.04133871381585838,0.10892147054280892,-0.016106569365542996,0.08,0.0499999999999998,-0.1845788811935844,0.0,0.0,0.0309013351241746,0.0706154052481213,0.0046831160490556,0,1,0,1,0,0.0280469387702452,0.0273981183999011,0.027986649213273,0.08093678935413712,0.03355600975310288,0.00458801944964022,0.02060937649601772,0.06795480076826863,0.014339694644258638,0.03553442230995909,-0.028072671654731686,0.07491489677437285,-0.0031415164310053395,0.04023770506585838,0.10782046179280891,-0.017207578115542996,1.0,1.0,0.25
2011-05-01,2372.5400390625,4006.93994140625,1345.199951171875,25.388864517211914,90.5736083984375,19.19694709777832,10.403468132019043,3.17,3.49,0.04,1.4250909,1.25,0.125,2.2,224.806,9.1,9.0,1.4335,15.449999809265137,114.9295454545455,97.03778839111328,15.039313197135925,25.39563446044922,12.941802819569906,37.363524436950684,12.064829190572103,32.595485051472984,12.740298906962076,14.848783254623413,-0.0132061988096011,-0.0246454937005598,-0.013592919455284,0.054089504547268005,0.00880532666942764,-0.029205794425559782,-0.00659095019587033,0.0464638515166922,-0.007190062761757314,0.022519982882290165,0.009495584445455297,0.043128837693783326,-0.03904657888724079,0.016782175728373736,-0.01034217303267426,0.0012636614281751448,-0.1999999999999997,-0.29,0.046365908212627,0.0,0.0,-0.0086821173952854,-0.070509646603865,0.0031766637911196,0,1,0,1,0,-0.0136262527886173,-0.0132395321429345,-0.0258330694505598,0.00761775091942764,0.052901928797268,-0.0066242835292036634,-0.029239127758893115,0.0452762757666922,-0.008377638511757313,0.021332407132290166,0.008308008695455298,0.04194126194378332,-0.040234154637240796,0.015594599978373737,-0.01152974878267426,7.608567817514477e-05,1.25,1.0,0.0
2011-06-01,2325.070068359375,3982.2099609375,1320.6400146484375,24.925289154052734,92.9709243774414,19.95684242248535,10.039766311645508,3.0,3.43,0.04,1.4885909,1.25,0.125,2.3,224.806,9.2,9.1,1.4403,16.520000457763672,114.37045454545452,103.73408317565918,14.941890120506287,25.852655029296876,13.19234291712443,37.34441566467285,11.746916770935059,31.745349884033203,13.204665660858154,15.06839394569397,-0.0202109521627434,-0.0061909113628552,-0.0184261859119325,-0.018427756317203083,0.02612393058512701,0.0388208020358586,-0.03558538652957366,0.04973416111782256,0.0010955271652135397,0.019818597028592802,-0.025036695835532512,0.0007720564803378434,-0.031154593991266577,-0.035033437058502474,0.03497510440772312,-0.001168301328280481,-0.06,-0.1699999999999999,0.0669628048040409,0.0999999999999996,0.0999999999999996,0.0047324188815797,-0.0048765112694217,0.0,0,1,0,1,0,-0.0184595192452659,-0.0202442854960767,-0.0074314037795218,0.024883438168460344,-0.01966824873386975,-0.035618719862906996,0.038787468702525266,0.048493668701155894,-0.00014496525145312692,0.018578104611926136,-0.026277188252199178,-0.0004684359363288232,-0.032395086407933246,-0.036273929475169144,0.03373461199105645,-0.0024087937449471476,1.25,1.25,0.0
2011-07-01,2362.81005859375,3672.77001953125,1292.280029296875,21.28927993774414,95.85518646240234,21.03143882751465,11.679109573364258,3.0,3.4,0.04,1.597619,1.5,0.125,2.1,225.395,9.2,9.0,1.4275,25.25,117.48333333333332,112.17779159545898,12.67354965209961,24.582460021972658,11.50294009844462,37.020673751831055,10.563297589619955,30.52622922261556,11.891997814178467,14.086358785629272,0.0161014379931472,-0.0808907806778377,-0.0217083558566638,-0.15767926003059726,0.030551775056900075,0.05244634212749281,0.15124790107668404,0.045542905036004354,-0.17124673434094334,-0.03618832785689159,-0.1120191363578903,-0.010659455909106715,-0.1205908852236406,-0.09479909894119737,-0.10877030149334016,-0.04771428775904953,-0.0300000000000002,0.0,0.4242543599188719,-0.1999999999999997,0.0,-0.0089267626748389,0.0268536984248966,0.0026166105186637,0,1,0,1,0,-0.0217416891899971,0.0160681046598138,-0.0822221298445043,0.02922042589023341,-0.15901060919726392,0.1512145677433507,0.05241300879415947,0.044211555869337685,-0.17257808350761,-0.03751967702355826,-0.11335048552455697,-0.01199080507577338,-0.12192223439030726,-0.09613044810786403,-0.11010165066000682,-0.0490456369257162,1.25,1.25,0.25
2011-08-01,2241.010009765625,3256.760009765625,1218.8900146484375,16.796356201171875,88.36358642578125,20.546247482299805,11.510124206542969,2.3,2.98,0.02,1.552087,1.5,0.125,2.4,226.106,9.2,9.0,1.4333,31.6200008392334,110.3547826086957,112.7802152633667,9.523004353046417,22.4459529876709,9.731173276901245,34.86117076873779,9.234567165374756,28.00910822550456,9.261645158131918,13.03051495552063,-0.0529249520469802,-0.1202133119470999,-0.0584675022719568,-0.2370416866178359,-0.08137861170338392,-0.023340085229949764,-0.014574725475982701,-0.04389002330126815,-0.2571626468651396,-0.09237330572785671,-0.13723081169052295,-0.06361260151348792,-0.1519188717943737,-0.08760923848489292,-0.2766061453916552,-0.07588961798104432,-0.4199999999999999,-0.7000000000000002,0.2249637026011774,0.2999999999999998,0.0,0.0040548153990047,-0.0625960074284703,0.003149497288911,0,1,0,1,0,-0.0584841689386235,-0.0529416187136469,-0.1215067177804332,-0.08267201753671725,-0.23833509245116924,-0.014591392142649368,-0.023356751896616432,-0.04518342913460148,-0.25845605269847294,-0.09366671156119004,-0.1385242175238563,-0.06490600734682125,-0.15321227762770703,-0.08890264431822625,-0.2778995512249885,-0.07718302381437765,1.5,1.25,0.0
2011-09-01,2139.179931640625,2981.9599609375,1131.4200439453125,14.07110595703125,74.65392303466797,19.225421905517578,11.405139923095703,1.98,2.64,0.01,1.5364545,1.5,0.125,2.4,226.597,9.2,9.0,1.3747,42.959999084472656,111.96272727272732,96.50015354156494,8.043684244155884,19.924517822265624,8.867006858189901,34.904662132263184,9.18749443689982,26.717705726623535,8.214733680089315,12.486470222473145,-0.0465041153836377,-0.0881520497984382,-0.0744671007197857,-0.17703849814876313,-0.16859689154388638,-0.06644485917888485,-0.0091628896249787,-0.1386440939000396,-0.1794318626097064,-0.11494404646748438,-0.04432059789567721,-0.0015609136504856182,-0.009424549799917177,-0.05242531053975857,-0.11051986789938863,-0.042130306458497524,-0.3399999999999998,-0.3199999999999998,0.3064795705669048,0.0,0.0,-0.0417439524517956,0.0144655515763831,0.0021691934558836,0,1,0,1,0,-0.074475434053119,-0.046512448716971,-0.0894324285484382,-0.16987727029388638,-0.17831887689876313,-0.009171222958312034,-0.06645319251221818,-0.1399244726500396,-0.1807122413597064,-0.11622442521748438,-0.04560097664567721,-0.0028412924004856182,-0.010704928549917177,-0.053705689289758565,-0.11180024664938863,-0.04341068520849752,1.5,1.5,0.0
2011-10-01,2360.080078125,3242.840087890625,1253.300048828125,15.382222175598145,90.0866928100586,20.569425582885742,12.106820106506348,2.15,2.99,0.02,1.5758571,1.5,0.125,2.5,226.75,9.3,8.8,1.3732,29.959999084472656,110.4295238095238,108.35679912567139,8.786494851112366,20.997093963623048,9.760512590408325,34.99266338348389,9.461814085642496,29.99337895711263,9.8009246190389,13.78859543800354,0.0982730037942554,0.0838687268406932,0.1023065917693886,0.08908896645146802,0.18790938516677938,0.06757231746003482,0.05970481474433421,0.1260570078394543,0.09937111014758415,0.05159285027032512,0.08257646314562804,0.01082190299253582,-0.011703968770063375,0.1125191815090566,0.15355590973136232,0.08382180435731341,0.3500000000000001,0.1699999999999999,-0.3604063007987554,0.1,0.1000000000000014,-0.0010917428938373,-0.0137884997976973,0.0006749796769751,0,1,0,1,0,0.102289925102722,0.0982563371275888,0.0825555125906932,0.18659617091677938,0.08777575220146802,0.05968814807766754,0.06755565079336816,0.12474379358945431,0.09805789589758415,0.05027963602032512,0.08126324889562804,0.00950868874253582,-0.013017183020063374,0.1112059672590566,0.15224269548136232,0.08250859010731341,1.5,1.5,0.0
2011-11-01,2295.199951171875,3154.6201171875,1246.9599609375,13.799516677856445,87.97895812988281,19.907169342041016,11.431456565856934,2.01,3.41,0.01,1.4846818,1.25,0.125,2.7,227.169,9.3,8.6,1.3558,27.799999237060547,111.1586363636364,105.57229232788086,7.741660118103027,20.14325065612793,9.804319302241007,35.30915355682373,9.539659182230631,30.59828503926595,8.829063495000204,13.871280431747437,-0.0278755854597595,-0.027581434030389,-0.0050715537225125,-0.10857887019379606,-0.023674786418552862,-0.032725842987929486,-0.05740003570920305,-0.018341603421088013,-0.13343722774337954,-0.04333656320875372,-0.009942122597148429,0.00797885062495008,-0.004667314166857117,0.016616863297238476,-0.13043341334508265,-0.0034002357611638166,0.4199999999999999,-0.1400000000000001,-0.0748271348379701,0.2000000000000001,0.0,-0.0127520965866718,0.006580813567421,0.0018461448804947,0,1,0,1,0,-0.0050798870558458,-0.0278839187930928,-0.0288186688637223,-0.024912021251886195,-0.1098161050271294,-0.057408369042536385,-0.03273417632126282,-0.019578838254421346,-0.13467446257671287,-0.044573798042087054,-0.011179357430481762,0.006741615791616747,-0.00590454900019045,0.015379628463905143,-0.13167064817841598,-0.00463747059449715,1.5,1.5,-0.25
2011-12-01,2277.830078125,3159.81005859375,1257.5999755859375,14.211583137512207,82.54630279541016,20.20290184020996,12.11340045928955,1.98,3.16,0.01,1.4260952,1.0,0.125,2.7,227.223,9.4,8.5,1.3155,23.39999961853028,108.3477272727273,103.00557231903076,7.600554645061493,20.847847747802735,8.8414097627004,37.15844249725342,9.667074839274088,30.459096908569336,8.511922081311544,13.765483140945435,-0.0075966947384109,0.0016438356052591,0.0084965654071145,0.02942377779665483,-0.06373829181994004,0.014746314252015379,0.057943412506886276,-0.022052231568586045,-0.0429331929440961,0.04173108898289925,-0.05156840517353931,0.05621775673858641,-0.0162765736374342,-0.03375609428522965,-0.04566202107623186,-0.025337740065975337,-0.25,-0.0299999999999998,-0.1722999871911947,0.0,0.0999999999999996,-0.0301748645165177,-0.0256125855009718,0.0002376802419687,0,1,0,1,0,0.0084882320737811,-0.0076050280717442,0.0004554229385925,-0.0649267044866067,0.028235365129988164,0.05793507917355294,0.014737980918682045,-0.02324064423525271,-0.04412160561076277,0.04054267631623258,-0.05275681784020598,0.05502934407191974,-0.017464986304100868,-0.03494450695189632,-0.046850433742898524,-0.026526152732642003,1.25,1.5,-0.25
2012-01-01,2467.949951171875,3298.550048828125,1312.4100341796875,15.15746021270752,93.26071166992188,22.981189727783203,13.653148651123047,1.97,3.18,0.03,1.2222273,1.0,0.125,2.6,227.842,9.5,8.3,1.291,19.440000534057617,111.415,114.83990669250488,8.496533155441284,22.58904914855957,9.922863245010376,37.6549711227417,9.785003821055094,30.53480625152588,10.21728769938151,14.553940057754517,0.08016455706115,0.0429710750218349,0.0426600444678073,0.06443548803309875,0.12203954047577244,0.12884979384915446,0.1196578496646646,0.08898872080992885,0.11371052070821258,0.07214872089557754,0.08975497821366844,0.010643876879503902,0.010169806017340221,-0.004828680558908723,0.1918012833114465,0.011012362632345576,0.02,-0.01,-0.1854031795571384,-0.1,0.0999999999999996,-0.0187997096337049,0.0279162163704924,0.0027204921572616,0,1,0,1,0,0.0426350444678073,0.08013955706115,0.0419525522718349,0.12102101772577244,0.06341696528309874,0.1196328496646646,0.12882479384915446,0.08797019805992885,0.11269199795821258,0.07113019814557754,0.08873645546366844,0.009625354129503902,0.00915128326734022,-0.005847203308908723,0.1907827605614465,0.009993839882345576,1.0,1.25,0.0
2012-02-01,2623.10009765625,3452.449951171875,1365.6800537109375,17.15456771850586,95.29798126220703,24.863691329956055,16.224178314208984,1.97,3.02,0.09,1.0482857,1.0,0.125,2.5,228.329,9.5,8.3,1.3238,18.43000030517578,119.1657142857143,120.72284126281738,9.609681248664856,24.114316558837892,11.303755362828573,38.87827777862549,9.930649439493815,32.56138483683268,11.691843032836914,15.378909587860107,0.0609690349387821,0.04560111702003,0.0397873446720445,0.1237716433855753,0.02160970507615772,0.07873251637763892,0.172532452673109,0.04750167127025547,0.0901815002128914,0.06375562403505909,0.08974740141345768,0.023919193094781042,0.010145216195700345,0.06851993300583267,0.06073287496191864,0.032332363764218865,-0.1600000000000001,0.0,-0.0533530382640181,-0.1,0.0,0.02508927683818,0.0672531130870925,0.0021351650368677,0,1,0,1,0,0.0397123446720445,0.0608940349387821,0.0447275456033633,0.020736133659491052,0.12289807196890863,0.172457452673109,0.07865751637763892,0.0466280998535888,0.08930792879622473,0.06288205261839243,0.08887382999679101,0.023045621678114376,0.009271644779033679,0.06764636158916601,0.05985930354525197,0.031458792347552195,1.0,1.0,0.0
2012-03-01,2755.27001953125,3423.81005859375,1408.469970703125,16.658220291137695,97.2220458984375,25.271034240722656,17.932323455810547,2.17,2.95,0.08,0.8584545,1.0,0.125,2.6,228.807,9.5,8.2,1.3208,15.5,124.7031818181818,116.95475006103516,9.183047950267792,24.920995712280273,11.743432203928629,42.42124938964844,9.99955145517985,32.893154780069985,11.849191983540853,15.393072366714478,0.0491585868487666,-0.0083301265949356,0.0308514756329961,-0.029360671650791408,0.01998886794577564,0.01625028840086754,0.10010224592528817,0.0013091087061455932,-0.033222555216670134,0.04098470529272821,0.06871589082145253,0.07982649526119198,0.07257886182204214,-0.0023203627737954998,0.0219608459923315,-0.012238663011706011,-0.0699999999999998,0.1999999999999999,-0.1731397643151733,0.1,0.0,-0.0022687750789042,0.0454212867177785,0.0020912821313983,0,1,0,1,0,0.0307848089663294,0.0490919201821,-0.0090455053449356,0.01927348919577564,-0.030076050400791407,0.1000355792586215,0.016183621734200872,0.0005937299561455931,-0.033937933966670136,0.04026932654272821,0.06800051207145254,0.07911111651119199,0.07186348307204214,-0.0030357415237955,0.021245467242331503,-0.012954041761706012,1.0,1.0,0.0
2012-04-01,2723.679931640625,3212.800048828125,1397.9100341796875,14.211583137512207,95.83151245117188,25.083030700683594,17.46662139892578,2.05,2.99,0.08,0.7443158,1.0,0.125,2.4,229.187,9.6,8.2,1.316,17.149999618530273,120.47,119.34857749938965,7.710480034351349,23.731542587280273,10.456926266352335,42.15001964569092,9.294335524241129,32.531991958618164,10.643109599749247,14.481648445129395,-0.0115315665353319,-0.0636111369260215,-0.0075256995449887,-0.15884645976788264,-0.014405924524406364,-0.007467298374236127,-0.02631315305000798,0.0063071984654243934,-0.1745023834482228,-0.04949485211998651,-0.14199897062786385,-0.007092939525886744,-0.0818617712912602,-0.0510277389876957,-0.11698223698214343,-0.06551711324665473,0.04,-0.1200000000000001,0.101158127443615,-0.2000000000000001,0.0999999999999996,-0.0036407807206557,-0.0345356088650419,0.0016594107660745,0,1,0,1,0,-0.0075923662116554,-0.0115982332019986,-0.0642314000926882,-0.01502618769107303,-0.1594667229345493,-0.026379819716674646,-0.007533965040902793,0.005686935298757727,-0.17512264661488947,-0.05011511528665318,-0.1426192337945305,-0.007713202692553411,-0.08248203445792686,-0.05164800215436237,-0.11760250014881009,-0.06613737641332139,1.0,1.0,0.0
2012-05-01,2524.8701171875,3017.010009765625,1310.3299560546875,12.622370719909668,91.42854309082031,23.016172409057617,17.279691696166992,1.8,2.75,0.09,0.6849091,1.0,0.125,2.3,228.713,9.7,8.2,1.2806,24.059999465942383,110.8221739130435,116.93718147277832,6.835312187671661,22.598295211791992,9.872838894526163,43.5023250579834,8.730727354685465,32.449961026509605,10.520635525385538,13.953794717788696,-0.075794259319274,-0.0628765683140506,-0.0646993081586247,-0.1185866523395434,-0.04703385352506919,-0.08599443274290709,-0.010759789431231336,-0.02782019129375191,-0.15394966220387166,-0.05040996490740897,-0.03850373659769304,0.02499560149757091,-0.07716100001211314,-0.02509478060083783,-0.004772319393329218,-0.028837164218562944,-0.2400000000000002,-0.2499999999999997,0.3385525369808082,-0.1,0.0999999999999996,-0.0272681148005607,-0.083473879419043,-0.0020703217702822,0,1,0,1,0,-0.0647743081586247,-0.075869259319274,-0.0634473258973839,-0.04760461110840252,-0.11915740992287673,-0.010834789431231336,-0.0860694327429071,-0.028390948877085244,-0.154520419787205,-0.0509807224907423,-0.03907449418102637,0.024424843914237576,-0.07773175759544647,-0.025665538184171166,-0.005343076976662552,-0.02940792180189628,1.0,1.0,0.0
2012-06-01,2615.719970703125,3196.64990234375,1362.1600341796875,14.884340286254883,91.77313232421875,24.120075225830078,17.467220306396484,1.62,2.57,0.09,0.6588571,1.0,0.125,2.3,228.524,9.7,8.2,1.2541,17.079999923706055,95.88904761904762,112.63065338134766,7.965686857700348,24.080456924438476,10.686366081237793,46.55707359313965,9.416937828063965,33.1630531946818,10.199321031570435,13.971972942352295,0.0353497603603075,0.0578370779405828,0.0387927198736999,0.16483897911390596,0.003761861227434386,0.046847373613471854,0.01079407752790362,-0.020718579337805777,0.15679502337945944,0.06852612462088915,0.0629533247061188,0.07098203751348613,0.09181672596980718,0.016528661914645436,-0.0022390156363633062,0.042232784205920415,-0.1800000000000001,-0.1799999999999999,-0.3426425044560588,0.0,0.0,-0.0209105342546977,-0.1447351107588055,-0.000826704797574,0,1,0,1,0,0.0387177198736999,0.0352747603603075,0.0572880303572495,0.0032128136441010526,0.16428993153057264,0.010719077527903619,0.046772373613471856,-0.02126762692113911,0.15624597579612612,0.06797707703755582,0.06240427712278546,0.07043298993015279,0.09126767838647384,0.015979614331312102,-0.0027880632196966397,0.041683736622587085,1.0,1.0,0.0
2012-07-01,2642.530029296875,3291.659912109375,1379.3199462890625,14.80337905883789,93.84061431884766,23.23695945739746,18.267606735229492,1.53,2.28,0.1,0.4970455,0.75,0.125,2.2,228.59,9.7,8.2,1.2278,18.93000030517578,102.9795454545455,111.39384651184082,7.828228771686554,24.002279663085936,11.101458549499512,47.508819580078125,9.505489826202393,34.30702559153239,11.308520634969076,15.399048328399658,0.0101974196430238,0.0292886141998179,0.0125188849402827,-0.005454203280549947,0.022278172191937735,-0.03730039954308311,0.04480336848146194,0.01834712577375422,-0.018392937740371616,-0.008514251052562405,0.04417908917373861,0.03630603906385233,-0.019253518376840296,0.0313312715188642,0.06421823809932657,0.07752015680325151,-0.29,-0.09,0.1028397974489432,-0.0999999999999996,0.0,-0.021194233836608,0.0713386115876044,0.0002887682305008,0,1,0,1,0,0.0124355516069493,0.0101140863096905,0.0288744096164845,0.0218639676086044,-0.005868407863883281,0.04472003514812861,-0.03738373287641644,0.017932921190420885,-0.01880714232370495,-0.008928455635895737,0.04376488459040528,0.035891834480519,-0.01966772296017363,0.030917066935530868,0.06380403351599324,0.07710595221991819,1.0,1.0,-0.25
2012-08-01,2772.239990234375,3413.070068359375,1406.5799560546875,16.954946517944336,99.39215850830078,24.462411880493164,19.98251724243164,1.68,2.12,0.1,0.3323913,0.75,0.125,2.4,229.918,9.7,8.1,1.2406,17.469999313354492,113.78043478260868,114.75727462768555,9.11321747303009,24.9611026763916,10.956558783849081,46.519269943237305,9.858861128489176,34.30928134918213,11.790587107340494,15.797904253005981,0.0479188514737361,0.0362202294587984,0.019570609701871,0.13570415172303554,0.05747547153064065,0.05139363936098028,0.08972838582515569,0.027245071820804895,0.18035412317379135,0.03381467083412697,0.008719592873195075,-0.021137703424580732,0.013883063100592225,0.03782686195142775,0.050973231097984885,0.019054631990392774,-0.1599999999999997,0.1499999999999999,-0.0802628965008089,0.1999999999999997,0.0,0.0103711835456211,0.0997401998835707,0.0057927177431231,0,1,0,1,0,0.0194872763685377,0.0478355181404027,0.0359432367087984,0.057198478780640646,0.13542715897303553,0.08964505249182235,0.05131030602764695,0.026968079070804896,0.18007713042379134,0.033537678084126964,0.008442600123195075,-0.021414696174580732,0.013606070350592225,0.03754986920142775,0.05069623834798488,0.018777639240392774,0.75,1.0,0.0
2012-09-01,2799.18994140625,3354.820068359375,1440.6700439453125,18.14480972290039,89.59080505371094,23.621068954467773,20.03838348388672,1.72,2.24,0.11,0.2463,0.75,0.125,2.2,231.015,9.8,7.8,1.2885,15.729999542236328,113.6415,106.88329696655273,9.652940392494202,23.337842178344726,11.92265510559082,48.287431716918945,9.590506871541342,34.23019568125407,11.84643260637919,16.29602551460266,0.0096744145395441,-0.0172140614642999,0.0239471187962545,0.06782493291486409,-0.1038205297577509,-0.03499866441433031,0.002791855092135814,-0.062415489747342116,0.0674933261487335,-0.06386766604973847,0.019570110986099985,0.034360826626730887,-0.030247254671513558,-0.015568697450210174,0.011532683745367448,-0.025272790095517653,0.1200000000000001,0.04,-0.1049153968728275,-0.1999999999999997,0.1000000000000014,0.0378836175534026,-0.0012218240956007,0.0047599198634582,0,1,0,1,0,0.0238554521295879,0.0095827478728774,-0.0174193114642999,-0.1040257797577509,0.06761968291486409,0.0027001884254691474,-0.035090331080996975,-0.06262073974734211,0.0672880761487335,-0.06407291604973847,0.019364860986099984,0.03415557662673089,-0.03045250467151356,-0.015773947450210175,0.011327433745367448,-0.025478040095517653,0.75,0.75,0.0
2012-10-01,2647.919921875,3429.27001953125,1412.1600341796875,19.0427303314209,96.0229721069336,22.65273666381836,17.88225555419922,1.75,2.19,0.1,0.207913,0.75,0.125,2.1,231.638,10.0,7.8,1.2974,18.600000381469727,111.7926086956522,111.97178268432617,10.350156724452972,24.727364349365235,11.861623605092367,47.380666732788086,9.529583930969238,33.62270005544027,11.615550597508749,15.469506978988647,-0.0555556720495612,0.0219492781398102,-0.0199878423580502,0.04830086470749901,0.06933476307597865,-0.04185839743314612,-0.11384069713350392,0.05630650733347815,0.07185782898099852,0.057830302234532095,0.019311853702754043,-0.012358840190610077,-0.023896689341034203,0.027857157520457723,-0.02885716783400293,-0.06704446424000836,-0.0500000000000002,0.03,0.1675919132594083,-0.1,0.1999999999999993,0.0068835106865353,-0.0164033097866598,0.0026931647544001,0,1,0,1,0,-0.0200711756913835,-0.0556390053828945,0.0217760173064769,0.06916150224264532,0.048127603874165675,-0.11392403046683726,-0.04194173076647945,0.05613324650014481,0.07168456814766519,0.05765704140119876,0.01913859286942071,-0.01253210102394341,-0.024069950174367537,0.027683896687124388,-0.029030428667336263,-0.06721772507334169,0.75,0.75,0.0
2012-11-01,2677.8798828125,3557.280029296875,1416.1800537109375,21.071630477905273,104.15400695800781,21.302412033081055,17.660966873168945,1.65,2.14,0.09,0.192,0.75,0.125,1.6,231.249,10.2,7.7,1.2837,15.869999885559082,109.9118181818182,122.3653507232666,11.36577296257019,25.56346015930176,12.176106691360474,49.50512504577637,9.551226933797201,35.144999504089355,12.720304012298584,15.98611605167389,0.0112509963105999,0.0366487998908988,0.0028426724604567,0.10124218983898073,0.08128318429701961,-0.061460361346227364,-0.012451968345706717,0.079375669693156,0.0650238818742024,0.022319518307214584,0.0567189041874492,0.038850784866598057,0.019365617738794753,0.034693174870327595,0.043227658546235594,-0.004970000261316235,-0.0499999999999998,-0.1,-0.1587310739011105,-0.5,0.1999999999999993,-0.0106157286880742,-0.016967055285483,-0.0016807561740774,0,1,0,1,0,0.0027676724604567,0.0111759963105999,0.0364887998908988,0.08112318429701962,0.10108218983898073,-0.012526968345706718,-0.06153536134622736,0.07921566969315601,0.0648638818742024,0.022159518307214583,0.0565589041874492,0.038690784866598056,0.019205617738794752,0.034533174870327595,0.04306765854623559,-0.005130000261316235,0.75,0.75,0.0
2012-12-01,2660.929931640625,3641.070068359375,1426.18994140625,20.894994735717773,107.16512298583984,21.37442970275879,16.0583553314209,1.72,2.01,0.07,0.1854737,0.75,0.125,1.5,231.221,10.3,7.9,1.3119,18.020000457763672,109.5690476190476,120.35016822814941,11.511791944503784,26.574340438842775,12.283097505569458,50.99992370605469,9.624486605326334,35.554704666137695,13.233086427052816,16.60111975669861,-0.0063497328848558,0.0232813971457483,0.0070433681007134,-0.008417964720896346,0.028500210499635383,0.003375026600379508,-0.09512764748971039,-0.008228087449419632,0.027125740796818357,0.04080871650342341,0.022780580810554202,0.031274774979089474,0.004988486301149874,0.015347841412766327,0.0320557733849614,0.03191650511824206,-0.1300000000000003,0.07,0.1270517502561112,-0.1,0.1000000000000014,0.0217299349961037,-0.0031234690112409,-0.0001210889356464,0,1,0,1,0,0.00698503476738,-0.0064080662181892,0.0231268357290817,0.028345649082968716,-0.008572526137563014,-0.09518598082304372,0.0033166932670461746,-0.0083826488660863,0.02697117938015169,0.040654155086756745,0.022626019393887534,0.031120213562422807,0.004833924884483207,0.01519327999609966,0.031901211968294735,0.031761943701575396,0.75,0.75,0.0
2013-01-01,2731.530029296875,3732.60009765625,1498.1099853515625,22.673654556274414,107.20375061035156,21.966615676879883,13.744518280029297,1.91,2.17,0.07,0.2049091,0.75,0.125,1.4,231.679,10.4,8.0,1.3304,14.279999732971191,112.52782608695648,127.33227157592773,12.824569344520569,28.026120376586913,13.122726281483969,50.76266860961914,9.75991678237915,37.26172415415446,14.006592591603598,17.579449772834778,0.0261862424356777,0.0248274546594335,0.0491977919987461,0.0816940142839903,0.0003603846424323276,0.02732849770885168,-0.15558922143845083,0.05664944229211346,0.11079620926689397,0.05441734109254498,0.07184807083285662,-0.0028737300104924625,0.009856710102617258,0.05221041373425276,0.07710385189220875,0.033525647456683925,0.1600000000000001,0.1899999999999999,-0.2326223393713395,-0.1,0.0999999999999996,0.0140031807917332,0.026645611662305,0.0019788297664797,0,1,0,1,0,0.0491394586654127,0.0261279091023444,0.0246566970761001,0.00018962705909899427,0.08152325670065697,-0.15564755477178416,0.027270164375518345,0.056478684708780126,0.11062545168356064,0.054246583509211646,0.07167731324952328,-0.0030444875938257956,0.009685952519283924,0.052039656150919426,0.07693309430887542,0.03335488987335059,0.75,0.75,0.0
2013-02-01,2738.580078125,3723.0,1514.6800537109375,21.15013313293457,101.83776092529297,22.43088722229004,13.39697551727295,1.98,2.24,0.1,0.22335,0.75,0.125,1.2,232.937,10.4,7.7,1.3347,15.510000228881836,116.488,133.0135097503662,11.850264191627502,29.194490051269533,13.80670960744222,52.55617713928223,9.4533003171285,39.417635917663574,14.858314236005148,18.12464189529419,0.0025776639201986,-0.002575273039375,0.0109999271263544,-0.06955745807015858,-0.05135026725505246,0.020915071309061995,-0.02561110026416866,0.03621694624371223,-0.057236406288975764,0.03412516496851843,0.032733390544434963,0.030681655857787704,-0.023184705118328156,0.037191404267740306,0.0007444484489267681,-0.035903178247001205,0.0700000000000002,0.07,0.0826250537335551,-0.1999999999999999,0.0,0.0032268986013878,0.0345877293531948,0.0054152378489549,0,1,0,1,0,0.0109165937930211,0.0024943305868653,-0.002761398039375,-0.051536392255052466,-0.06974358307015857,-0.025694433597501995,0.02083173797572866,0.03603082124371223,-0.057422531288975766,0.03393903996851843,0.03254726554443496,0.030495530857787705,-0.023370830118328155,0.037005279267740304,0.0005583234489267682,-0.03608930324700121,0.75,0.75,0.0
2013-03-01,2818.68994140625,3731.419921875,1569.18994140625,19.64624786376953,103.38191223144531,23.084444046020508,13.435219764709473,1.96,2.07,0.09,0.20605,0.75,0.125,1.1,232.282,10.4,7.5,1.2953,12.699999809265137,109.5857142857143,138.57587814331055,10.864848017692566,29.83853530883789,13.315825621287027,57.56619071960449,9.507372379302979,39.23430029551188,14.764479557673136,18.781975865364075,0.0288326508083228,0.0022590424322769,0.0353552943297048,-0.07375982850024702,0.01504904890241051,0.028720069846744994,0.0028506257451207375,0.037416461010229524,-0.07929984436186335,0.03286658343058711,-0.013693951847865593,0.09056019695598216,0.01582649833377196,0.006867151042280378,-0.00526457060971879,0.047196343565684806,-0.1700000000000003,-0.02,-0.1998830134994444,-0.0999999999999998,0.0,-0.0299642189438956,-0.0610812414986652,-0.0028158799739523,0,1,0,1,0,0.0352802943297048,0.0287576508083228,0.0020873340989436,0.014877340569077177,-0.07393153683358036,0.0027756257451207376,0.028645069846744996,0.03724475267689619,-0.07947155269519669,0.03269487509725378,-0.013865660181198926,0.09038848862264882,0.015654790000438627,0.0066954427089470445,-0.0054362789430521235,0.047024635232351474,0.75,0.75,0.0
2013-04-01,2887.43994140625,3856.75,1597.5699462890625,20.760061264038086,103.0330810546875,26.707279205322266,13.438859939575195,1.76,1.8,0.06,0.2089048,0.75,0.125,0.8,231.797,10.5,7.6,1.3025,13.520000457763672,102.96,136.8579330444336,11.574751496315002,30.790529251098633,13.387649059295654,58.17839813232422,10.027560551961264,39.51863098144531,15.515702962875366,19.001827597618103,0.0240980588949359,0.0330360225870552,0.0179241658366525,0.05514463768127177,-0.003379904756767313,0.14577718490351602,0.00027090601263667785,0.001322459574991778,0.06632556064883467,0.03398574836959604,0.03520446737520473,0.0167058828905511,0.06965897778780707,0.028370209147232785,0.04514034070761311,0.0194644074693923,-0.2699999999999998,-0.1999999999999999,0.062568126027025,-0.3,0.0999999999999996,0.0055431660913117,-0.0623664586220664,-0.0020901621343405,0,1,0,1,0,0.0178741658366525,0.0240480588949359,0.0328619352537218,-0.0035539920901006463,0.054970550347938435,0.00022090601263667785,0.14572718490351602,0.0011483722416584445,0.06615147331550134,0.0338116610362627,0.035030380041871395,0.016531795557217767,0.06948489045447373,0.028196121813899452,0.04496625337427977,0.019290320136058966,0.75,0.75,0.0
2013-05-01,2981.760009765625,3948.590087890625,1630.739990234375,22.977365493774414,107.06818389892578,28.357101440429688,13.740154266357422,1.93,1.87,0.04,0.2012273,0.5,0.125,0.9,231.893,10.4,7.5,1.2983,16.299999237060547,102.9804347826087,141.66700553894043,12.955939173698425,34.2211799621582,14.412412166595459,58.99793815612793,9.965291500091553,39.43324661254883,18.16247232755025,19.729363560676575,0.0321434573627492,0.0235337155104292,0.0205502023835115,0.10147861305476465,0.03841575226347964,0.05994133286948413,0.022172008695488604,0.02406311860139597,0.10517340744538214,0.10676198691453029,0.07338940721517077,0.015491827337214863,-0.014471503239289843,0.009720705043459595,0.18916779651954788,0.005069537763068465,0.07,0.1699999999999999,0.1869949565335371,0.0999999999999999,-0.0999999999999996,-0.0032297782613142,0.0001984533313947,0.0004140697507883,0,1,0,1,0,0.0205168690501782,0.0321101240294159,0.0233660260937626,0.03824806284681297,0.10131092363809797,0.02213867536215527,0.059907999536150794,0.023895429184729304,0.10500571802871547,0.10659429749786362,0.0732217177985041,0.015324137920548197,-0.01463919265595651,0.009553015626792928,0.1890001071028812,0.004901848346401798,0.75,0.75,-0.25
2013-06-01,2909.60009765625,3738.909912109375,1606.280029296875,21.279090881347656,97.54840087890625,28.064594268798828,12.114786148071289,2.3,2.21,0.05,0.21025,0.5,0.125,1.0,232.445,10.4,7.5,1.3197,16.860000610351562,103.3585,131.0909423828125,11.746915876865387,32.369317626953126,14.439175446828207,56.7662467956543,9.628677368164062,37.51132837931315,16.281448284784954,19.75474464893341,-0.0244980852272572,-0.0545644738291986,-0.01511292877028,-0.07678468059000038,-0.09311719011625022,-0.010368699081721791,-0.1258958119860934,-0.07116212958166176,-0.09191229321618198,-0.05167407326245812,-0.01371813292381309,-0.03814498062984485,-0.0508203998416397,-0.04833908112302085,-0.08480605991566298,-0.021655623286807375,0.3399999999999998,0.3699999999999999,0.0337789277682545,0.0999999999999999,0.0,0.016348721656576,0.0036645109258186,0.0023775795219549,0,1,0,1,0,-0.0151545954369467,-0.0245397518939239,-0.054739682162532,-0.09329239844958355,-0.0769598889233337,-0.12593747865276006,-0.010410365748388458,-0.0713373379149951,-0.09208750154951531,-0.051849281595791455,-0.013893341257146422,-0.03832018896317819,-0.050995608174973034,-0.048514289456354186,-0.08498126824899631,-0.021830831620140708,0.5,0.75,0.0
2013-07-01,3090.18994140625,3992.68994140625,1685.72998046875,24.655359268188477,107.06818389892578,25.87078094482422,13.825697898864746,2.58,2.25,0.04,0.2214348,0.5,0.125,1.2,232.9,10.3,7.3,1.3088,13.449999809265137,107.77956521739128,137.7821750640869,13.387919902801514,34.99148406982422,15.475495338439941,57.88505935668945,10.390832106272379,39.51796340942383,18.422917127609253,21.7394882440567,0.0602169104771252,0.0656710729381057,0.048277728051788,0.14726934956889537,0.09311719011625022,-0.08139460843205702,0.13210232478280973,0.054349857357824494,0.11481817959959807,0.07669893742090497,0.025976149915003532,0.01767358556291228,0.08566350608078373,0.05865088681686793,0.10812847748468242,0.05980125718322912,0.04,0.2800000000000002,-0.2259648969080516,0.1999999999999999,-0.0999999999999996,-0.0082937511743012,0.0418845509698622,0.0019555389871959,0,1,0,1,0,0.0482443947184547,0.0601835771437919,0.0654865439381057,0.09293266111625022,0.14708482056889538,0.1320689914494764,-0.08142794176539035,0.05416532835782449,0.11463365059959807,0.07651440842090497,0.025791620915003532,0.017489056562912282,0.08547897708078372,0.058466357816867924,0.10794394848468242,0.05961672818322912,0.5,0.5,0.0
2013-08-01,3073.81005859375,3933.780029296875,1632.969970703125,24.03688621520996,103.8557357788086,27.329557418823242,14.983834266662598,2.74,2.36,0.04,0.2258636,0.5,0.125,1.0,233.456,10.1,7.2,1.3314,17.010000228881836,111.0581818181818,136.46063995361328,13.69033944606781,33.71313819885254,15.383455435434977,54.68481254577637,11.061562379201254,38.5616766611735,17.083255608876545,20.38609492778778,-0.0053147051810903,-0.0148643714035643,-0.0317982680379454,-0.02540471526831406,-0.030463084038719147,0.05485462282162396,0.08044287732856953,-0.010439982236054255,0.030957379516877624,-0.037513530922691746,-0.027275262437450872,-0.06351031482196957,0.07604181700417045,-0.015100831048586292,-0.05228529051615446,-0.017899285799356884,0.1099999999999998,0.1600000000000001,0.2348223279966754,-0.1999999999999999,-0.200000000000001,0.0171203333181205,0.0299661459974043,0.002384445631371,0,1,0,1,0,-0.0318316013712787,-0.0053480385144236,-0.0150525910702309,-0.030651303705385814,-0.025592934934980726,0.0804095439952362,0.054821289488290625,-0.010628201902720921,0.030769159850210958,-0.037701750589358415,-0.02746348210411754,-0.06369853448863624,0.07585359733750378,-0.015289050715252958,-0.05247351018282113,-0.01808750546602355,0.5,0.5,0.0
2013-09-01,3218.199951171875,4143.43994140625,1681.550048828125,25.34734344482422,114.08072662353516,27.231355667114258,14.661842346191406,2.81,2.49,0.02,0.2232381,0.5,0.125,1.0,233.544,10.3,7.2,1.3364,16.600000381469727,111.9628571428571,140.96463584899902,14.687367141246796,36.592730331420896,16.328465938568115,54.47653388977051,11.801033655802408,39.700074195861816,18.70733110109965,21.591734170913696,0.045904328320278,0.0519255434234584,0.0293155913664249,0.0530843533495932,0.09390354588970894,-0.0035997146013799983,-0.021723544194382566,0.028987870845073153,0.06539690811696931,0.08307574129465092,0.0717754162607832,0.0018547810364218653,0.08041045198155677,0.03346900867214325,0.07286997885207992,0.11600444929055638,0.1300000000000003,0.0699999999999998,-0.0243987015208912,0.0,0.200000000000001,0.0037484113159983,0.0081129591274127,0.0003768736661315,0,1,0,1,0,0.0292989246997583,0.0458876616536114,0.0517395116734584,0.09371751413970894,0.0528983215995932,-0.021740210861049235,-0.003616381268046665,0.028801839095073153,0.06521087636696932,0.08288970954465093,0.0715893845107832,0.0016687492864218654,0.08022442023155678,0.03328297692214325,0.07268394710207993,0.11581841754055638,0.5,0.5,0.0
2013-10-01,3377.72998046875,4299.89013671875,1756.5400390625,27.648883819580078,111.10331726074219,28.974231719970703,16.074979782104492,2.62,2.39,0.05,0.2258261,0.5,0.125,0.7,233.669,10.1,7.2,1.3646,13.75,109.6186956521739,137.02707481384277,16.22164034843445,38.63060111999512,16.948522726694744,55.376455307006836,12.140061219533285,39.01559511820475,19.63666343688965,22.653010845184326,0.0483816985862998,0.0370631262236872,0.0436299711128339,0.08691142949490403,-0.026445771534245287,0.06203778236315527,0.09201565220099046,-0.020343767900432817,0.09333961649936189,0.059833797755018715,-0.06005411414164779,0.02073787543199211,0.01363998678451974,0.0021094302688734307,-0.011410035861878963,0.06513298497282727,-0.1,-0.1899999999999999,-0.1883638942300209,-0.3,-0.200000000000001,0.0208819138987217,-0.0211592429050835,0.0005350878634899,0,1,0,1,0,0.0435883044461672,0.0483400319196331,0.0368749378070205,-0.026633959950911952,0.08672324107823737,0.0919739855343238,0.0619961156964886,-0.020531956317099483,0.09315142808269522,0.05964560933835205,-0.060242302558314455,0.020549687015325446,0.013451798367853074,0.001921241852206764,-0.01159822427854563,0.0649447965561606,0.5,0.5,0.0
2013-11-01,3487.820068359375,4295.2099609375,1805.81005859375,28.008817672729492,109.64244079589844,31.43648910522461,17.201074600219727,2.72,2.27,0.07,0.223381,0.25,0.125,0.8,234.1,10.2,6.9,1.3491,13.699999809265137,108.1504761904762,136.68261337280273,16.534664273262024,39.21475677490234,16.698601722717285,54.40326118469238,11.834229151407877,38.14775403340658,19.99964666366577,23.729281663894653,0.032073038353275,-0.0010890335634558,0.0276632897732354,0.012934018517745404,-0.013236021434769053,0.08156241804284942,0.06770784622477793,-0.009521862656284002,0.02722383492944293,0.014509534179973676,-0.01697231597209612,-0.016568274871912942,-0.032642040984986194,0.00010245139478644073,0.02643770086732609,0.0036056422095487005,-0.1200000000000001,0.1,-0.0036430052007538,0.1,0.0999999999999996,-0.0114236419365519,-0.0134843852895851,0.0018427904455773,0,1,0,1,0,0.027604956439902,0.0320147050199417,-0.0012751843967891,-0.013422172268102387,0.01274786768441207,0.06764951289144461,0.08150408470951609,-0.009708013489617336,0.0270376840961096,0.014323383346640342,-0.017158466805429453,-0.016754425705246274,-0.03282819181831953,-8.36994385468926e-05,0.02625155003399276,0.003419491376215367,0.5,0.5,-0.25
2013-12-01,3592.0,4295.9501953125,1848.3599853515625,28.718538284301758,104.78263854980469,30.842876434326172,17.354196548461914,2.9,2.33,0.07,0.2735,0.25,0.125,0.8,234.719,10.2,6.7,1.3708,13.720000267028809,111.0704545454545,136.1515350341797,16.82025682926178,40.78318405151367,17.212844053904217,54.217445373535156,11.916200796763102,37.70679537455241,18.32056975364685,24.13078761100769,0.029432231629961,0.0001723246600852,0.0232894744820535,0.025023470008929714,-0.045336437626918254,-0.019063477703010315,0.008862494512850826,-0.011171038513711198,0.019311517321361216,0.03801245887346404,0.03870492356281052,-0.0041932785050173595,0.002945064523165361,-0.011527021420827408,-0.04488625441477536,-0.005689315218458812,0.06,0.1799999999999997,0.0014588228486536,0.0,0.0,0.0159568075556824,0.0266411701488467,0.0026406794933659,0,1,0,1,0,0.0232311411487201,0.0293738982966276,-5.559200658138432e-05,-0.04556435429358492,0.024795553342263046,0.008804161179517492,-0.01912181103634365,-0.011398955180377864,0.019083600654694548,0.037784542206797375,0.038477006896143855,-0.0044211951716840265,0.0027171478564986945,-0.011754938087494074,-0.04511417108144203,-0.005917231885125479,0.25,0.5,0.0
2014-01-01,3521.919921875,4165.72021484375,1782.5899658203125,29.124099731445312,104.4270248413086,31.19739532470703,15.485198974609375,2.86,2.38,0.04,0.2920455,0.25,0.125,0.8,235.288,10.2,6.6,1.3618,18.40999984741211,107.9269565217391,128.25729370117188,16.89177680015564,40.47186698913574,17.58423964182536,51.81947326660156,11.423668066660563,35.524084409077965,20.040760676066082,23.934109449386597,-0.0197028771732539,-0.0307835824689267,-0.0362314077760193,0.01402315340839342,-0.003399594887011699,0.011428794206733565,-0.11394969028843678,-0.04617575089933621,0.011417762555904378,-0.004560268628777397,0.014754933054711525,-0.04693989787395762,-0.03647863904675593,-0.07479275945014788,0.11519421780246596,0.004165168706732387,0.0499999999999998,-0.04,0.2940393451961909,0.0,0.0,-0.0065871569515875,-0.0287100557854342,0.0024212417175748,0,1,0,1,0,-0.0362647411093526,-0.0197362105065872,-0.0310269537189267,-0.003642966137011699,0.013779782158393419,-0.11398302362177011,0.011395460873400232,-0.04641912214933621,0.011174391305904377,-0.0048036398787773965,0.014511561804711524,-0.04718326912395762,-0.03672201029675593,-0.07503613070014788,0.11495084655246596,0.0039217974567323875,0.25,0.25,0.0
2014-02-01,3696.10009765625,4408.080078125,1859.449951171875,30.1430606842041,106.56062316894531,31.821735382080078,16.375770568847656,2.71,2.25,0.05,0.2881,0.25,0.125,1.1,235.547,10.2,6.7,1.3665,14.0,108.838,128.75783157348633,18.15313148498535,41.71606521606445,19.189342657725017,53.02934455871582,12.891900380452475,37.618489583333336,22.322463512420654,24.9018657207489,0.0482719628452106,0.0565500568288556,0.0422133750722756,0.03438873605467944,0.02022555424825124,0.01981495073770569,0.05591817520450029,0.006155965767180031,0.07186533990548087,0.032565665931199375,0.04568180926485343,0.02460512758354063,0.13109069666723328,0.05218215003476905,0.08936729523498477,0.01657930062520529,-0.1299999999999999,-0.1499999999999999,-0.2738366573414126,0.3,0.0,0.0034453723192565,0.008405868340497,0.0011001732077007,0,1,0,1,0,0.0421717084056089,0.0482302961785439,0.0563099734955223,0.019985470914917907,0.0341486527213461,0.05587650853783362,0.019773284071039024,0.005915882433846697,0.07162525657214754,0.03232558259786604,0.04544172593152009,0.024365044250207298,0.13085061333389994,0.05194206670143572,0.08912721190165143,0.016339217291871957,0.25,0.25,0.0
2014-03-01,3595.739990234375,4391.5,1872.3399658203125,28.383955001831055,104.26896667480469,34.0478401184082,16.702518463134766,2.72,2.15,0.05,0.3053333,0.25,0.125,0.8,236.028,10.2,6.7,1.3828,13.880000114440918,107.8680952380952,129.2559585571289,17.17112922668457,41.27917633056641,18.83863131205241,52.13774108886719,13.39167849222819,37.745521545410156,22.207664966583252,24.251355171203613,-0.0275284273907776,-0.0037683838543527,0.0069082484269442,-0.06013071616429195,-0.0217402761705666,0.06761703905195769,0.0197566761746446,-0.004127040336332188,-0.037382005800632924,-0.010086700926027255,0.009009825271693509,-0.014209406337997556,0.045644495211197934,0.014600055042777232,0.03698189383638663,0.05965792608243316,-0.1,0.0100000000000002,-0.0086083662915772,-0.3,0.0,0.0118577026793467,-0.0089513978568014,0.0020399731402491,0,1,0,1,0,0.0068665817602775,-0.0275700940574443,-0.0040228282710194,-0.021994720587233264,-0.060385160580958615,0.019715009507977936,0.06757537238529103,-0.004381484752998855,-0.03763645021729959,-0.010341145342693921,0.008755380855026843,-0.014463850754664222,0.04539005079453127,0.014345610626110566,0.03672744941971996,0.05940348166576649,0.25,0.25,0.0
2014-04-01,3582.02001953125,4487.39013671875,1883.949951171875,27.43089485168457,113.54090881347656,33.55775833129883,18.362688064575195,2.71,2.03,0.03,0.32975,0.25,0.125,0.8,236.468,10.1,6.2,1.381,13.40999984741211,108.0036363636364,137.48358345031738,16.924719214439392,40.88904724121094,17.92773691813151,54.408241271972656,13.823535283406576,38.75494066874186,21.985544681549072,23.112082719802856,-0.0038229161726997,0.0216004170714264,0.0061816433655846,-0.034154093270926875,0.08518942339549312,-0.014498514418915124,0.09476126899322004,0.06538509919762518,-0.01117713234350994,-0.011183194338397106,-0.0032524759230062165,0.04111484619828915,0.0032968539957715834,0.02594737458898679,-0.00791414335051828,0.00973892239382465,-0.1200000000000001,-0.0100000000000002,-0.0344482774087584,0.0,-0.0999999999999996,-0.0013025546381773,0.0012557562988639,0.0018624501675628,0,1,0,1,0,0.0061566433655846,-0.0038479161726997,0.0213256254047597,0.08491463172882646,-0.034428884937593544,0.09473626899322005,-0.014523514418915124,0.06511030753095852,-0.011451924010176607,-0.011457986005063772,-0.003527267589672883,0.04084005453162248,0.0030220623291049168,0.025672582922320122,-0.008188935017184946,0.009464130727157984,0.25,0.25,0.0
2014-05-01,3736.820068359375,4519.56982421875,1923.5699462890625,26.81233024597168,116.90509796142578,34.24622344970703,19.808002471923828,2.56,1.84,0.03,0.3245714,0.25,0.125,0.8,236.918,10.1,6.3,1.3739,11.399999618530272,109.8322727272727,141.57379722595215,16.620983362197876,42.26310729980469,19.156171798706055,55.779151916503906,14.297158241271973,39.978237787882485,22.259133100509644,23.877440214157104,0.04230810810945,0.0071455462355513,0.0208121960133582,-0.022808062003647576,0.029199275063361927,0.020308210867752273,0.07576523807483806,0.030019579647791526,-0.002946437220354541,0.029319446696054068,0.0628055127194009,0.02697549079324297,0.05396522512494562,0.01489262409968735,-0.01864687022946844,0.03972958875797983,-0.1899999999999997,-0.1499999999999999,-0.1623873639767303,0.0,0.0,-0.0051544634793896,0.0167895121324148,0.0019011974817404,0,1,0,1,0,0.0207871960133582,0.04228310810945,0.0068750700688846,0.028928798896695262,-0.02307853817031424,0.07574023807483807,0.020283210867752272,0.02974910348112486,-0.0032169133870212077,0.029048970529387402,0.06253503655273422,0.026705014626576304,0.05369474895827896,0.014622147933020684,-0.018917346396135105,0.03945911259131316,0.25,0.25,0.0
2014-06-01,3849.47998046875,4422.83984375,1960.22998046875,25.859779357910156,112.77997589111328,34.8819580078125,20.355926513671875,2.6,1.71,0.04,0.2414286,0.15,0.125,0.6,237.231,10.2,6.1,1.3595,11.56999969482422,112.2409523809524,142.12002563476562,15.574011087417603,41.34134979248047,18.67178948720296,55.67365074157715,14.529587109883627,39.40145301818848,21.311912616093952,23.735064029693604,0.0297030685109183,-0.0216348293202833,0.0188789967135605,-0.03617302438502512,-0.035923672510341335,0.018393438623765895,0.02728607736629139,-0.0061131624814785715,-0.06952632176759185,-0.02118952686494822,-0.03755962321350697,-0.0029881436224555627,0.0035389731024957835,-0.007474458077537806,-0.04661899544151863,-0.012235989369397467,-0.1300000000000001,0.04,0.0148021928909205,-0.2,0.0999999999999996,-0.010536425857377,0.0216935122534733,0.0013202602787965,0,1,0,1,0,0.0188456633802272,0.029669735177585,-0.0218360198202833,-0.03612486301034133,-0.03637421488502512,0.027252744032958055,0.01836010529043256,-0.006314352981478572,-0.06972751226759186,-0.02139071736494822,-0.037760813713506966,-0.003189334122455563,0.0033377826024957834,-0.007675648577537806,-0.04682018594151863,-0.012437179869397467,0.25,0.25,-0.1
2014-07-01,3892.5,4246.14013671875,1930.6700439453125,25.836288452148438,103.00784301757812,36.103233337402344,20.940780639648438,2.54,1.56,0.03,0.2050435,0.15,0.125,0.6,237.498,10.2,6.2,1.3533,16.950000762939453,107.4626086956522,137.2227725982666,15.409592032432556,38.221562194824216,19.356103261311848,54.15858459472656,13.49318822224935,38.35478909810384,20.189680178960163,21.2501118183136,0.0111135555572153,-0.0407716212167375,-0.0151946876379915,-0.0009088082855684676,-0.0906336734774249,0.034412694450736296,0.028326385915223386,-0.032734429362220825,-0.013076340338030392,-0.07695236060522259,0.017989879717756306,-0.02313381313210284,-0.062331892165583706,-0.027402157967827172,-0.03486545686085841,-0.055693327576648285,-0.1499999999999999,-0.06,0.3818523640085227,0.0,0.0,-0.0045709309900654,-0.0435049600017185,0.0011248524027509,0,1,0,1,0,-0.0152196876379915,0.0110885555572153,-0.0409424908000708,-0.09080454306075823,-0.001079677868901801,0.028301385915223385,0.0343876944507363,-0.032905298945554155,-0.013247209921363726,-0.07712323018855592,0.017819010134422972,-0.023304682715436172,-0.06250276174891704,-0.027573027551160506,-0.03503632644419174,-0.055864197159981616,0.15,0.25,0.0
2014-08-01,4082.56005859375,4381.0400390625,2003.3699951171875,26.817550659179688,105.7712631225586,38.23945236206055,22.563865661621094,2.42,1.41,0.03,0.1915714,0.15,0.125,0.5,237.46,10.2,6.1,1.3315,12.09000015258789,102.4019047619048,138.90190315246582,16.157642245292664,39.74530258178711,19.37888479232788,58.84010314941406,13.907831827799479,39.72683906555176,19.724674224853516,21.97802472114563,0.0476726322575901,0.03127578089689,0.0369636444079892,0.03727651567702153,0.026473736299026527,0.05748533954377292,0.07465127762233437,0.011504382495670568,0.06617537353259526,0.036827082972521866,0.008870222730916503,0.0805792851768245,0.02364682671195216,0.024405750936841848,0.010570561518764269,0.01128050238450837,-0.1500000000000001,-0.1200000000000001,-0.3378892015899342,-0.0999999999999999,0.0,-0.016239927828473,-0.0482376473523533,-0.0001600141489603,0,1,0,1,0,0.0369386444079892,0.0476476322575901,0.0311161380635567,0.026314093465693193,0.0371168728436882,0.07462627762233437,0.05746033954377292,0.011344739662337235,0.06601573069926192,0.03666744013918853,0.00871057989758317,0.08041964234349117,0.023487183878618825,0.024246108103508513,0.010410918685430936,0.011120859551175038,0.15,0.15,0.0
2014-09-01,4049.449951171875,4416.240234375,1972.2900390625,27.412569046020508,103.08794403076172,39.02223587036133,22.178632736206055,2.53,1.35,0.02,0.0970909,0.05,0.125,0.4,237.477,10.4,5.9,1.2889,16.309999465942383,97.85272727272728,132.33484840393066,16.744336485862732,39.415321350097656,20.100608507792156,63.25866508483887,14.39090665181478,39.26332028706869,18.67536457379659,21.29690408706665,-0.0081431996142495,0.0080025603533729,-0.0156354361052898,0.02194508399746171,-0.025696417962111136,0.02026386717284584,-0.017220426172407766,-0.03470487516355331,0.040109263817615474,-0.010028878595686765,0.011283660386113782,0.07214702301094485,0.03172536578570644,-0.02650320795058728,-0.052947983816120904,-0.004544070377148927,-0.0599999999999998,0.1099999999999998,0.2993997066410379,-0.0999999999999999,0.200000000000001,-0.032516984843253,-0.0454417481944853,7.158844228705163e-05,0,1,0,1,0,-0.0156521027719565,-0.0081598662809162,0.0079216512700396,-0.02577732704544447,0.021864174914128377,-0.017237092839074434,0.02024720050617917,-0.03478578424688664,0.040028354734282144,-0.010109787679020099,0.011202751302780449,0.07206611392761152,0.03164445670237311,-0.026584117033920614,-0.053028892899454234,-0.00462497946048226,0.15,0.15,-0.0999999999999999
2014-10-01,4158.2099609375,4233.08984375,2018.050048828125,26.170339584350586,108.41454315185547,39.51887130737305,23.774616241455078,2.3,1.26,0.02,0.0826087,0.05,0.125,0.5,237.43,10.4,5.7,1.2677,14.029999732971191,87.58478260869565,134.8216381072998,15.978688955307007,38.725594711303714,18.691274007161457,58.82869529724121,13.599582354227701,39.60464604695638,18.68134291966756,21.807981729507446,0.0265036264475658,-0.0423565224774072,0.0229363988295643,-0.0463749399687698,0.05037979245479041,0.012646678258037973,0.06948913100962809,0.013006959705530514,-0.041980441983837186,-0.02081198827230488,-0.0753361282314402,-0.09109737615565382,-0.04238920378277306,-0.003213206053249396,-0.04914237785668831,0.041120969044108995,-0.09,-0.2299999999999999,-0.1505805088070717,0.0999999999999999,0.0,-0.0165849064660527,-0.1108562970887732,-0.0001979334907824,0,1,0,1,0,0.0229197321628977,0.0264869597808991,-0.0424253630607405,0.05031095187145708,-0.04644378055210313,0.06947246434296142,0.012630011591371306,0.01293811912219718,-0.04204928256717052,-0.020880828855638214,-0.07540496881477353,-0.09116621673898714,-0.042458044366106396,-0.003282046636582729,-0.049211218440021645,0.04105212846077566,0.05,0.15,0.0
2014-11-01,4337.7900390625,4390.18017578125,2067.56005859375,26.911500930786133,115.74363708496094,40.496559143066406,26.29421043395996,2.33,1.14,0.02,0.0809,0.05,0.125,0.4,236.983,10.5,5.8,1.2473,13.329999923706056,79.2295,146.2000026702881,16.452683448791504,39.989936447143556,20.74790557225545,61.026018142700195,13.537295977274576,41.92983055114746,20.171595096588135,23.452940464019775,0.0422803270158923,0.0364380826462108,0.0242374735633067,0.027927046581597254,0.06541547834300336,0.024438698637063123,0.10073031232198398,0.07988772817400391,0.019081468017478894,0.030571124332058885,0.09335017952648648,0.040058772248012124,0.02198539456873975,0.06260363753021116,0.05069327968005504,0.08715769247360272,-0.1200000000000001,0.0300000000000002,-0.051180746614527,-0.0999999999999999,0.0999999999999996,-0.0162230198130175,-0.1002585641232682,-0.0018844345845421,0,1,0,0,0,0.02422080689664,0.0422636603492256,0.0363706659795442,0.0653480616763367,0.027859629914930586,0.10071364565531732,0.024422031970396454,0.07982031150733725,0.019014051350812227,0.03050370766539222,0.09328276285981982,0.03999135558134546,0.021917977902073085,0.06253622086354449,0.050625863013388374,0.08709027580693605,0.05,0.05,0.0
2014-12-01,4236.27978515625,4272.75,2058.89990234375,25.71102523803711,106.86070251464844,39.3446044921875,24.403902053833008,2.21,0.92,0.03,0.0809048,0.05,0.125,0.1,236.252,10.5,5.6,1.2329,19.200000762939453,62.90391304347826,148.8930206298828,15.34355115890503,38.62437553405762,20.84504048029582,61.32262420654297,13.191280682881674,40.617893854777016,19.323552926381428,23.69538712501526,-0.0236795358989339,-0.0271126205175808,-0.004197384221126,-0.04563384163532996,-0.07985157959994861,-0.02885816143810922,-0.07460573960711163,-0.0036376848388759322,-0.05924553684612777,-0.029177189347325688,0.005117863305906171,-0.0013237694656418712,-0.018342688229982376,-0.02653723264157265,-0.015381304051950975,0.011408744114974535,-0.2199999999999998,-0.1200000000000001,0.3648931903030243,-0.3,0.0,-0.0116120972571563,-0.2307403318968139,-0.0030893766581243,0,1,0,0,0,-0.004222384221126,-0.0237045358989339,-0.0271800411842474,-0.07991900026661528,-0.04570126230199662,-0.07463073960711163,-0.02888316143810922,-0.003705105505542599,-0.05931295751279444,-0.029244610013992357,0.005050442639239505,-0.0013911901323085379,-0.018410108896649045,-0.02660465330823932,-0.015448724718617642,0.011341323448307869,0.05,0.05,0.0
2015-01-01,4148.43017578125,4604.25,1994.989990234375,24.413991928100586,115.95092010498047,34.22006607055664,25.90289306640625,1.88,0.67,0.03,0.0626667,0.05,0.125,-0.4,234.747,10.4,5.7,1.1615,20.96999931335449,48.93318181818182,160.31302070617676,15.335583448410034,42.43936004638672,22.813587029774983,65.8972282409668,14.039657910664877,45.867048263549805,21.742805639902752,26.356121063232422,-0.0209554831498414,0.0747221419471006,-0.0315327792664254,-0.0517634898753031,0.0816408583627751,-0.1395466504139622,0.05961162412066573,0.09004352958749942,0.009058401053697169,0.08894570076171074,0.11405102595390719,0.0735716927157544,0.059875031540653705,0.11006377790490061,0.0870568456594973,0.1033299451879966,-0.25,-0.33,0.0881824933994805,-0.5,-0.0999999999999996,-0.0596568446640433,-0.2511526411707132,-0.0063906934924871,0,1,0,0,0,-0.0315577792664254,-0.0209804831498414,0.0746699196971006,0.0815886361127751,-0.051815712125303094,0.05958662412066573,-0.1395716504139622,0.08999130733749942,0.00900617880369717,0.08889347851171074,0.11399880370390719,0.0735194704657544,0.05982280929065371,0.11001155565490062,0.0870046234094973,0.1032777229379966,0.05,0.05,0.0
2015-02-01,4440.669921875,4951.47998046875,2104.5,27.188133239746094,132.4345245361328,37.406639099121094,28.51329803466797,1.98,0.6,0.02,0.0482,0.05,0.125,-0.3,235.342,10.3,5.5,1.135,13.34000015258789,58.254,162.8828125,17.310121178627014,46.79902114868164,25.51790189743042,69.86050033569336,14.752622286478678,46.70692825317383,25.77788432439168,28.692337036132812,0.0680752565835325,0.0727067278529102,0.0534388763256272,0.10762419253281935,0.1329213698174953,0.08903600546495666,0.09601591228639089,0.031530822823346946,0.12700546474659796,0.1018584054200546,0.10596211803479956,0.06004236217672373,0.044672669564149475,0.03303736123033798,0.07377507670837165,0.06757070391984363,-0.07,0.1,-0.4523257602437951,0.1,-0.0999999999999996,-0.0230796222949607,0.1743570284672326,0.0025314368884981,0,1,0,0,0,0.0534222096589605,0.0680585899168658,0.0726665611862435,0.13288120315082863,0.10758402586615269,0.09599924561972423,0.08901933879829,0.03149065615668028,0.1269652980799313,0.10181823875338794,0.1059219513681329,0.06000219551005706,0.04463250289748281,0.03299719456367131,0.07373491004170499,0.06753053725317697,0.05,0.05,0.0
2015-03-01,4333.68994140625,5033.64013671875,2067.889892578125,29.526445388793945,132.63656616210938,34.68539810180664,27.61878776550293,2.04,0.51,0.03,0.0271818,0.05,0.125,0.0,235.976,10.4,5.4,1.0819,15.289999961853027,56.52454545454545,174.01163864135742,18.661255717277527,48.1524169921875,26.88082440694173,72.12853622436523,14.333640734354654,48.13018925984701,25.900907675425213,27.99364733695984,-0.0243858887894518,0.0164568897636248,-0.0175491974339631,0.08250571547388832,0.001524433800542738,-0.07552941027820854,-0.03187431887702142,0.047570972910869896,0.0711728013949026,0.027176444922175896,0.05391505665333404,0.034677378613433354,-0.031051363424365652,0.03127091129906189,0.020540844212809977,-0.04991306338476636,-0.0899999999999999,0.06,0.1364319655202237,0.3,0.0999999999999996,-0.0479138962219752,-0.0301377829784712,0.0026903295965814,0,1,0,0,1,-0.0175741974339631,-0.0244108887894518,0.0164342382636248,0.001501782300542738,0.08248306397388833,-0.03189931887702142,-0.07555441027820854,0.0475483214108699,0.0711501498949026,0.027153793422175897,0.053892405153334044,0.034654727113433356,-0.03107401492436565,0.031248259799061893,0.02051819271280998,-0.049935714884766357,0.05,0.05,0.0
2015-04-01,4414.25,5046.490234375,2085.510009765625,29.458589553833008,128.04931640625,41.492794036865234,27.77859878540039,1.94,0.44,0.02,0.0047,0.05,0.125,0.1,236.222,10.4,5.4,1.0822,14.550000190734863,59.82636363636364,172.07887840270996,18.52303922176361,48.817868041992185,27.643668333689373,72.70244789123535,15.019029299418131,48.71187273661295,28.454222202301025,28.949875831604004,0.0184185846226498,0.0025495909564845,0.0084847225446355,-0.0023007823920221894,-0.035197328507533876,0.17920098008653565,0.005769639081292389,-0.023808928858846376,-0.007000521781407525,0.017545546359143366,-0.024646314085806153,0.005060722761590806,0.04474857121349046,0.009242141621763561,0.05929461500006814,0.013084290557372993,-0.07,-0.1,-0.0496080107196474,0.1,0.0,0.0002772515151071,0.0567714506515839,0.0010419358923821,0,1,0,0,1,0.0084680558779688,0.0184019179559832,0.0025456742898178,-0.03520124517420054,-0.002304699058688856,0.005752972414625722,0.17918431341986898,-0.023812845525513042,-0.0070044384480741914,0.0175416296924767,-0.02465023075247282,0.005056806094924139,0.044744654546823796,0.009238224955096895,0.059290698333401476,0.013080373890706327,0.05,0.05,0.0
2015-05-01,4508.25,5007.89013671875,2107.389892578125,29.439655303955078,132.58741760253906,40.23414993286133,29.038053512573242,2.2,0.89,0.02,-0.0103684,0.05,0.125,0.3,237.001,10.5,5.6,1.1167,13.84000015258789,65.19380952380952,177.2916145324707,18.54136288166046,49.38178939819336,28.161107222239178,74.38103675842285,14.759542147318522,49.00768152872721,29.026703357696533,28.1632981300354,0.0210711074044735,-0.0076783025655924,0.0104367296753368,-0.0006429478696998559,0.03482670923370159,-0.030803638673170177,0.044341263542516975,0.020403764923502838,0.008350560613990277,0.011806035979203341,0.043547340223024866,0.020231979576202354,-0.0025545382251816553,0.003388145907278666,0.009504960302706868,-0.02694251471575171,0.45,0.2600000000000002,-0.0500280455117665,0.1999999999999999,0.0999999999999996,0.0313819012431115,0.0859180911819379,0.0032923197040535,0,1,0,0,1,0.0104200630086701,0.0210544407378069,-0.0076696622322591,0.03483534956703492,-0.0006343075363665226,0.04432459687585031,-0.030820305339836845,0.020412405256836172,0.00835920094732361,0.011814676312536675,0.0435559805563582,0.020240619909535688,-0.002545897891848322,0.0033967862406119992,0.009513600636040202,-0.026933874382418375,0.05,0.05,0.0
2015-06-01,4396.759765625,4790.2001953125,2063.110107421875,29.021610260009766,128.49899291992188,37.90732192993164,27.957040786743164,2.36,1.2,0.02,-0.0139091,0.05,0.125,0.3,237.657,10.4,5.3,1.1226,18.229999542236328,62.62,170.47186470031738,18.26831543445587,46.50950546264649,27.82550621032715,72.37410736083984,14.037518819173178,45.41163444519043,28.5585675239563,26.320278644561768,-0.0250411988725611,-0.0444424910230476,-0.0212355588717586,-0.014301851510360678,-0.03132111626865014,-0.059571851628003644,-0.03793808552574857,-0.036287342580814314,-0.01531875412272226,-0.05855206425878531,-0.03957454708019312,-0.02415597507853943,-0.057677020479401785,-0.06951331241890123,-0.016397717412646503,-0.04369670738705449,0.3099999999999999,0.1599999999999997,0.2755056023654521,0.0,-0.0999999999999996,0.0052695160563525,-0.0402798025728534,0.0027640971717151,0,1,0,0,1,-0.0212522255384253,-0.0250578655392277,-0.0444309001063809,-0.031309525351983475,-0.014290260593694011,-0.03795475219241524,-0.05958851829467031,-0.03627575166414765,-0.015307163206055593,-0.05854047334211864,-0.03956295616352645,-0.024144384161872767,-0.05766542956273512,-0.06950172150223456,-0.016386126495979838,-0.04368511647038782,0.05,0.05,0.0
2015-07-01,4588.91015625,5082.60986328125,2103.840087890625,31.787107467651367,139.57864379882812,40.096763610839844,27.0365047454834,2.32,1.11,0.03,-0.0187391,0.05,0.125,0.2,238.034,10.3,5.2,1.0997,12.119999885559082,56.8295652173913,182.7100772857666,19.709960222244263,51.4208251953125,30.081193447113037,79.44491577148438,14.858436584472656,48.3887627919515,26.008155663808186,27.516465663909912,0.0427747044212436,0.0592526773011602,0.0195496829900196,0.09102004817708838,0.08270713013616203,0.05615133890353864,-0.03348109393194438,0.07377944878499074,0.07251762830291249,0.10060384729119978,0.03730240052529717,0.0952608339063941,0.0629966790334031,0.06854062431828509,-0.05373948229293404,0.058529816034973016,-0.0899999999999998,-0.04,-0.4082115923812637,-0.0999999999999999,-0.0999999999999996,-0.0206100081912102,-0.097028011201087,0.0015850629039944,0,1,0,0,1,0.0195246829900196,0.0427497044212436,0.0592682932178269,0.0827227460528287,0.09103566409375505,-0.033506093931944377,0.056126338903538645,0.0737950647016574,0.07253324421957916,0.10061946320786645,0.03731801644196384,0.09527644982306077,0.06301229495006977,0.06855624023495176,-0.053723866376267373,0.058545431951639686,0.05,0.05,0.0
2015-08-01,4274.580078125,4652.9501953125,1972.1800537109373,30.157821655273438,121.54867553710938,37.61281967163086,25.246797561645508,2.17,1.01,0.07,-0.0276667,0.05,0.125,0.1,238.033,10.3,5.1,1.1136,28.43000030517578,47.53380952380952,161.79780197143555,18.615687608718872,49.12961044311523,27.57840649286906,72.10356140136719,13.715731461842855,42.55511029561361,23.554251194000244,25.44199514389038,-0.0709566869290053,-0.0883234132537121,-0.064624730993124,-0.052616467786145704,-0.13831339298391546,-0.06395068209672403,-0.06848866201238854,-0.124967421338736,-0.08004626863844178,-0.04742935194733477,-0.09421667161543747,-0.0984691616350448,-0.0760306261604734,-0.11230901042003306,-0.05202708224503208,-0.07006190067273438,-0.1,-0.1499999999999999,0.8525879651983468,-0.1,0.0,0.0125605952632664,-0.1786154674028082,-4.2010893430699525e-06,0,1,0,0,1,-0.0646830643264573,-0.0710150202623386,-0.0883003576703787,-0.13829033740058214,-0.05259341220281237,-0.06854699534572187,-0.06400901543005735,-0.12494436575540267,-0.08002321305510844,-0.047406296364001434,-0.09419361603210413,-0.09844610605171146,-0.07600757057714007,-0.11228595483669973,-0.052004026661698746,-0.07003884508940104,0.05,0.05,0.0
2015-09-01,4181.06005859375,4455.2900390625,1920.030029296875,28.115856170654297,124.45148468017578,38.252376556396484,24.696002960205078,2.17,1.0,0.02,-0.0370455,0.05,0.125,0.1,237.498,10.3,5.0,1.1229,24.5,48.03045454545455,163.67885780334473,17.224802017211914,46.86964416503906,27.616360823313396,72.0934009552002,13.648437976837158,41.420122146606445,20.893057028452557,24.42285704612732,-0.0221210533055533,-0.043409306055151,-0.0267987309634627,-0.07011062051597393,0.02360115441779345,0.01686074953616149,-0.022057911370476455,0.004926513246630125,-0.08975128766975489,-0.049253017231627325,0.0038997370970348896,-0.007343111380549388,-0.019112498210776766,-0.03655693690828169,-0.06816336415090515,-0.041052119421775446,-0.01,0.0,-0.1487718188465137,0.0,0.0,0.0083166139983378,0.0103940421196933,-0.0022501171352722,0,1,0,0,1,-0.0268153976301294,-0.02213771997222,-0.043378434805151,0.02363202566779345,-0.07007974926597393,-0.022074578037143123,0.016844082869494823,0.004957384496630125,-0.0897204164197549,-0.04922214598162732,0.00393060834703489,-0.007312240130549388,-0.019081626960776765,-0.03652606565828169,-0.06813249290090516,-0.041021248171775444,0.05,0.05,0.0
2015-10-01,4648.830078125,4897.66015625,2079.360107421875,29.616514205932617,138.67919921875,45.49493408203125,26.755868911743164,2.07,0.87,0.02,-0.0535909,0.05,0.125,0.2,237.733,10.3,5.0,1.1228,15.06999969482422,48.90636363636364,179.37542533874512,18.49159049987793,51.03678588867187,28.42708428700765,78.73719596862793,14.830097198486328,47.99300765991211,26.548890908559162,24.447596073150635,0.1060507749221375,0.0946654089651033,0.0797193795433987,0.05199842438606259,0.10824738781503776,0.17339529036602586,0.08011244078188498,0.09888044616772822,0.08635278747058484,0.088239596244716,0.04574842116160346,0.08626168722520403,0.08751573599877042,0.13498151080631457,0.13305099829129832,0.0693058004431688,-0.13,-0.1,-0.4859671251628268,0.1,0.0,-8.905909076553642e-05,0.0180722443128091,0.0009889928020463,0,1,0,0,1,0.079702712876732,0.1060341082554708,0.0947100680484367,0.10829204689837109,0.05204308346939593,0.08009577411521832,0.1733786236993592,0.09892510525106155,0.08639744655391816,0.08828425532804933,0.04579308024493679,0.08630634630853735,0.08756039508210375,0.1350261698896479,0.13309565737463167,0.06935045952650212,0.05,0.05,0.0
2015-11-01,4664.509765625,4957.60009765625,2080.409912109375,30.072065353393555,129.80731201171875,47.28940963745117,26.600570678710938,2.26,0.88,0.12,-0.087619,0.05,0.125,0.1,238.017,10.3,5.1,1.0727,16.1299991607666,45.0952380952381,172.70294189453125,19.199818968772888,53.65781173706055,30.52972173690796,77.99263191223145,15.73558235168457,48.95014444986979,29.10410992304484,24.760156631469727,0.0033671491811415,0.0121642004286935,0.0005047417068051,0.015264561372850306,-0.06611221089723307,0.038685391798925696,-0.005821178203111816,-0.034243662058900816,0.03091386668278601,0.05050915595616533,0.07015058540855161,-0.026166676187407575,0.05491769056064203,0.014104687819281432,0.05146593767384832,0.015589422500387612,0.01,0.1899999999999999,0.0679748477199124,-0.1,0.0,-0.0456467308843439,-0.0811308682642115,0.0011939045033511,0,1,0,0,1,0.0004047417068051,0.0032671491811415,0.0122372162620268,-0.06603919506389974,0.01533757720618364,-0.0059211782031118165,0.03858539179892569,-0.03417064622556748,0.030986882516119342,0.05058217178949866,0.07022360124188494,-0.026093660354074243,0.054990706393975367,0.014177703652614766,0.051538953507181656,0.015662438333720944,0.05,0.05,0.0
2015-12-01,4593.27001953125,4637.06005859375,2043.93994140625,27.992589950561523,119.49861145019531,48.272621154785156,23.668434143066406,2.24,0.93,0.23,-0.1263182,0.05,0.375,0.3,237.761,10.2,5.0,1.0889,18.209999084472656,38.52521739130435,161.66579627990723,18.169801831245422,49.838419342041014,29.79387378692627,72.63490867614746,14.638223012288412,46.82047080993652,28.02132558822632,25.144304752349854,-0.0153905480468496,-0.0668412150019974,-0.0176856583902572,-0.07165684896238,-0.08274638395293765,0.020578177440288954,-0.11679040195836128,-0.06512481747755208,-0.0486377974054113,-0.07484572515856493,-0.04378776921670482,-0.07111894112078582,-0.054199814391444424,-0.059060914570635024,-0.035747286537480674,-0.007260544503430905,0.05,-0.0199999999999995,0.1212900033556723,0.1999999999999999,-0.1000000000000014,0.0149891777486317,-0.1574636314092079,-0.0010761322495165,0,1,0,0,1,-0.0178773250569238,-0.0155822147135162,-0.0667359498353307,-0.08264111878627099,-0.07155158379571334,-0.11698206862502795,0.020386510773622288,-0.06501955231088542,-0.04853253223874463,-0.07474045999189827,-0.04368250405003815,-0.07101367595411916,-0.05409454922477776,-0.05895564940396836,-0.03564202137081401,-0.0071552793367642385,0.05,0.05,0.0
2016-01-01,4279.169921875,4417.02001953125,1940.239990234375,23.434349060058594,122.2200927734375,47.93330764770508,21.887561798095703,2.09,0.84,0.26,-0.14615,0.05,0.375,0.3,237.652,10.3,4.8,1.0855,20.200000762939453,32.0452380952381,163.01268577575684,15.377943873405457,48.56361770629883,29.169840812683105,71.69242477416992,14.370310465494791,47.69474538167318,24.331788221995037,23.293904781341553,-0.0708331456787115,-0.0486152923759463,-0.0520676173054967,-0.1777369759392514,0.022518706895261253,-0.007053929383847207,-0.07822374663564165,0.008811088737586322,-0.15978902886239793,-0.025735317212381696,-0.026857706666296013,-0.01626512366930396,-0.03286890144361081,0.009510451795776162,-0.07249040562795511,-0.025860994238851014,-0.09,-0.1500000000000003,0.1037117987129989,0.0,0.1000000000000014,-0.0031273020336688,-0.1841644290971453,-0.0004585486804522,0,1,0,0,1,-0.0522842839721634,-0.0710498123453782,-0.0484935007092796,0.02264049856192792,-0.17761518427258471,-0.07844041330230832,-0.007270596050513874,0.008932880404252988,-0.15966723719573125,-0.02561352554571503,-0.026735914999629348,-0.016143332002637293,-0.03274710977694414,0.009632243462442827,-0.07236861396128845,-0.025739202572184348,0.05,0.05,0.0
2016-02-01,4201.1201171875,4353.5498046875,1932.22998046875,23.045787811279297,126.83842468261719,44.588069915771484,21.85938835144043,1.78,0.59,0.31,-0.1835714,0.05,0.375,-0.1,237.336,10.4,4.9,1.1092,20.549999237060547,33.76238095238095,165.43098258972168,14.576860904693604,50.097895812988284,26.862854798634846,68.67769432067871,14.110467910766602,45.017286936442055,25.758948802947998,23.851625442504883,-0.0184078629959854,-0.014473705616282,-0.0041369055149924,-0.016719843221333634,0.03709057133656814,-0.072344288190949,-0.0012880189569299566,0.01767890770041904,-0.04295055604846065,0.033909994294787166,-0.07925601029932706,-0.04342786516004872,-0.025945256827037192,-0.05196220078116887,0.02292954894746417,0.0070730057178896525,-0.25,-0.3099999999999998,0.0171782616397968,-0.4,0.0999999999999996,0.0215983244232764,0.0521985981252921,-0.0013305601262363,0,1,0,0,1,-0.0043952388483257,-0.0186661963293187,-0.0143207294496154,0.0372435475032348,-0.016566867054666968,-0.00154635229026329,-0.07260262152428233,0.017831883867085705,-0.04279757988179399,0.03406297046145383,-0.0791030341326604,-0.043274888993382055,-0.025792280660370526,-0.05180922461450221,0.023082525114130836,0.007225981884556319,0.05,0.05,0.0
2016-03-01,4483.66015625,4385.06005859375,2059.739990234375,23.704999923706055,124.11690521240234,48.4001350402832,24.640134811401367,1.89,0.51,0.29,-0.2285238,0.0,0.375,-0.1,238.08,10.2,5.0,1.1134,13.949999809265137,39.79217391304348,163.24432563781738,14.795504331588745,51.54088287353515,28.370142141977947,67.48052978515625,13.92881997426351,44.53710683186849,26.88543399175008,25.232109546661377,0.0650885277265914,0.0072117627331027,0.0639049902868289,0.028202981768358417,-0.021690124437901796,0.08203627124095315,0.11974610779882806,-0.012820520943536718,0.010513677054129665,0.026651369826745215,0.0030703655484579213,-0.021217632476806213,-0.016954279787086565,-0.012372562450239587,0.03749355030539447,0.018554307850559656,-0.0799999999999999,0.1099999999999998,-0.3873814092216108,0.0,-0.200000000000001,0.0037793620077844,0.1643230645228661,0.0031298930089276,0,1,0,0,1,0.0636633236201623,0.0648468610599248,0.0074021992331027,-0.021499687937901798,0.028393418268358415,0.1195044411321614,0.08179460457428649,-0.012630084443536718,0.010704113554129665,0.026841806326745214,0.0032608020484579214,-0.021027195976806214,-0.016763843287086567,-0.012182125950239587,0.03768398680539447,0.018744744350559655,0.05,0.05,-0.05
2016-04-01,4341.2998046875,4428.9599609375,2065.300048828125,24.782258987426758,121.41801452636719,43.70295715332031,21.192462921142578,1.81,0.51,0.23,-0.2491905,0.0,0.375,-0.1,238.992,10.1,5.1,1.1346,15.699999809265137,43.33047619047619,162.39444732666016,15.528851509094238,50.77887191772461,28.13582960764567,69.74053382873535,14.814096609751383,43.41107686360677,26.23846737543742,25.976649522781372,-0.0322659145871772,0.0099614625934987,0.0026957614511553,0.04444204063062058,-0.0219846479793519,-0.10208683458275247,-0.15073101401507596,-0.010093116460106195,0.043570794035608595,-0.013650128036060014,0.020485746045731414,0.029052706581008073,0.05327107304100039,-0.012423500281989866,-0.007319946102212094,-0.007520773195066353,0.0,-0.0799999999999998,0.1181812056109206,0.0,-0.0999999999999996,0.0188617691430595,0.0851859679433322,0.0038233269232099,0,1,0,0,1,0.0025040947844887,-0.0324575812538438,0.0101691213434987,-0.021776989229351902,0.04464969938062058,-0.15092268068174264,-0.10227850124941915,-0.009885457710106195,0.043778452785608594,-0.013442469286060013,0.020693404795731413,0.02926036533100807,0.05347873179100039,-0.012215841531989865,-0.007112287352212094,-0.0073131144450663535,0.0,0.05,0.0
2016-05-01,4523.89013671875,4505.6201171875,2096.949951171875,26.671478271484375,120.53939819335938,46.77075958251953,22.71350860595703,1.81,0.51,0.27,-0.2571818,0.0,0.375,0.1,239.557,10.0,4.8,1.1312,14.1899995803833,47.735,167.23838233947754,16.971354722976685,53.34392166137695,29.857742468516033,73.51855278015137,14.644871870676676,45.24617004394531,27.034190972646076,26.433496475219727,0.0411984759735579,0.0171607477648901,0.0152083668105238,0.07346673114373928,-0.007262602001249251,0.06784244318796709,0.06931424438609193,0.022020922076516763,0.07010549613883743,0.04941641055919338,0.0382480000013826,0.05548567312216376,-0.011632221596154152,0.036118625660229435,0.021532374100465965,0.041047501965500006,0.0,0.0,-0.1011232386048908,0.2,-0.0999999999999996,-0.0030011497501585,0.0968086559022038,0.0023613057911546,0,1,0,0,1,0.0149833668105238,0.0409734759735579,0.0173750659315567,-0.007048283834582584,0.07368104931040595,0.06908924438609193,0.06761744318796709,0.02223524024318343,0.0703198143055041,0.049630728725860045,0.038462318168049264,0.05569999128883042,-0.011417903429487486,0.0363329438268961,0.021746692267132633,0.04126182013216667,0.0,0.0,0.0
2016-06-01,4417.7001953125,4237.47998046875,2098.860107421875,22.36395263671875,113.80321502685547,45.15584182739258,21.744552612304688,1.64,0.39,0.27,-0.2679091,0.0,0.375,0.3,240.222,9.9,4.9,1.1232,15.630000114440918,49.87727272727273,169.4407958984375,13.621307015419006,50.358116912841794,27.576551914215088,74.55395317077637,14.66974433263143,45.398293813069664,22.805204550425213,25.255375862121582,-0.0237530305393492,-0.0613567841390654,0.0009105066031534,-0.17614435958367386,-0.05750588260649246,-0.03513855382301705,-0.04359656870428718,0.0011835032360231978,-0.21545703296438698,-0.060176448792093426,-0.04820209803625378,0.01462753108862867,0.006282293247422903,-0.021550175309136704,-0.09278953547167401,-0.041647540913506205,-0.12,-0.1700000000000001,0.0966546901546068,0.1999999999999999,-0.0999999999999996,-0.0070972618707616,0.0439005611884413,0.0027721114340346,0,1,0,0,1,0.0006855066031534,-0.0239780305393492,-0.061133526555732,-0.05728262502315913,-0.17592110200034053,-0.04382156870428718,-0.035363553823017056,0.0014067608193565311,-0.21523377538105365,-0.059953191208760095,-0.047978840452920446,0.014850788671962004,0.006505550830756236,-0.02132691772580337,-0.09256627788834068,-0.041424283330172874,0.0,0.0,0.0
2016-07-01,4730.22998046875,4439.81005859375,2173.60009765625,24.951658248901367,128.36337280273438,50.01824188232422,23.702922821044922,1.5,0.17,0.3,-0.2945238,0.0,0.375,0.4,240.101,9.8,4.8,1.1055,11.869999885559082,46.59857142857143,188.22653770446777,14.74902331829071,53.06781921386719,30.460968176523846,73.16522026062012,14.677991390228271,47.52767244974772,25.560046354929607,27.10360884666443,0.0683545801107069,0.0466428476108057,0.034990432691054,0.10948987754449374,0.12039431916896731,0.10226811794817209,0.08623509476055326,0.09958362835059724,0.06486278070766367,0.05198852428776098,0.13055571045537426,-0.010283303237950545,0.006715227163572725,0.040439239421989175,0.06817181929069353,0.013724815018801038,-0.22,-0.1399999999999999,-0.2751779527748739,0.1,-0.0999999999999996,-0.0158840329740457,-0.067995558015983,-0.0005038276433131,0,1,0,0,1,0.034740432691054,0.0681045801107069,0.0468882841108058,0.12063975566896731,0.10973531404449374,0.08598509476055326,0.10201811794817209,0.09982906485059724,0.06510821720766367,0.052233960787760984,0.13080114695537426,-0.010037866737950546,0.006960663663572724,0.040684675921989176,0.06841725579069353,0.013970251518801038,0.0,0.0,0.0
2016-08-01,4771.0498046875,4438.22021484375,2170.949951171875,25.65483856201172,126.94084930419922,51.02259826660156,24.263551712036133,1.56,0.15,0.3,-0.2982174,0.0,0.375,0.4,240.545,9.9,4.9,1.1207,13.420000076293944,47.05217391304348,186.27021408081055,15.416228890419006,53.14051284790039,31.003004391988117,70.52146911621094,14.428750038146973,47.55459435780843,24.589094003041584,27.086150884628296,0.0085925425398505,-0.0003581523644386,-0.0012199867803522,0.027791908851295274,-0.011143867564727461,0.019880861312201435,0.023376928460662378,-0.0080982939660923,0.048826167262022324,0.0039793559983848596,0.02158035780686803,-0.05185704363099944,-0.023691189179889775,0.0009738586559426343,-0.00795489311091463,-0.0003754971267141995,-0.02,0.06,0.1227319382482412,0.0,0.0999999999999996,0.0136557687604814,0.0096871846570305,0.0018475140801852,0,1,0,0,1,-0.0014699867803522,0.0083425425398505,-0.0001096378644386,-0.010895353064727461,0.028040423351295276,0.023126928460662378,0.019630861312201434,-0.0078497794660923,0.04907468176202232,0.004227870498384859,0.02182887230686803,-0.05160852913099944,-0.023442674679889773,0.0012223731559426344,-0.0077063786109146295,-0.00012698262671419946,0.0,0.0,0.0
2016-09-01,4875.7001953125,4448.259765625,2168.27001953125,25.74765968322754,127.02452087402344,51.146915435791016,25.8529109954834,1.63,0.18,0.29,-0.3016364,0.0,0.375,0.5,241.176,9.9,5.0,1.1218,13.289999961853027,47.37681818181818,184.08143997192383,15.197904229164124,54.55045013427734,31.25143273671468,70.44363784790039,14.658506075541178,47.784457524617515,24.735776742299397,27.422483444213867,0.0216973584184485,0.0022595122196051,-0.0012352137017536,0.003611545169021728,0.0006589211182048372,0.002433548443887708,0.06344791087790073,0.001013491215493701,-0.003874899246641755,0.024471866078102013,0.036667630929647754,-0.006305656812318353,0.012673269931857816,0.004837786446408778,0.01009957691316217,0.014441503987669064,0.03,0.0699999999999998,-0.0097342673738261,0.0999999999999999,0.0,0.0009810480162541,0.0068759718947046,0.0026197751847689,0,1,0,0,1,-0.0014768803684202,0.0214556917517818,0.0025108758862718,0.0009102847848715039,0.0038629088356883948,0.06320624421123407,0.0021918817772210416,0.0012648548821603677,-0.003623535579975088,0.02472322974476868,0.03691899459631442,-0.0060542931456516865,0.012924633598524483,0.005089150113075445,0.010350940579828837,0.014692867654335732,0.0,0.0,0.0
2016-10-01,4801.27001953125,4509.259765625,2126.14990234375,29.724851608276367,138.5303497314453,53.206993103027344,25.964963912963867,1.76,0.33,0.33,-0.309,0.0,0.375,0.5,241.741,10.1,4.9,1.1014,17.059999465942383,51.41380952380952,191.65730667114258,17.318811058998108,54.52509460449219,28.103705883026123,66.3635368347168,14.788160800933838,48.00721549987793,26.19682232538859,25.85751438140869,-0.0153832536246141,0.0136200524648003,-0.0196168370434727,0.1436397135210985,0.08670928768684982,0.03948765072027268,0.004324881803322242,0.0482503343869033,0.12056112785223867,-0.003536085360353104,-0.011221631893833989,-0.033193988704786986,-0.0016085392733461018,0.005807650538477967,0.026729653484488535,-0.02229296913194924,0.15,0.1300000000000001,0.2497246409040632,0.0,0.1999999999999993,-0.0183524402458554,0.0817737629806001,0.0023399476837555,0,1,0,0,1,-0.0198918370434727,-0.0156582536246141,0.0138775524648003,0.08696678768684982,0.1438972135210985,0.004049881803322242,0.03921265072027268,0.0485078343869033,0.12081862785223867,-0.0032785853603531042,-0.010964131893833988,-0.032936488704786986,-0.0013510392733461019,0.006065150538477967,0.026987153484488536,-0.022035469131949238,0.0,0.0,0.0
2016-11-01,4810.81005859375,4578.33984375,2198.81005859375,30.816181182861328,144.88760375976562,53.870391845703125,25.404098510742188,2.14,0.67,0.45,-0.3126818,0.0,0.375,0.7,242.026,10.1,4.7,1.0792,13.329999923706056,46.94227272727273,198.0146484375,18.740745306015015,56.711100006103514,28.103519439697266,67.11250686645508,13.977156480153402,44.5968713760376,25.178534666697185,25.246798276901245,0.001985010969007,0.015203444630916,0.0336035450444343,0.03605646469237267,0.04486886209827589,0.012391173565248693,-0.02183756776324314,0.02514030989603884,0.08186574549369403,0.03490821472054027,0.029233045405335473,0.023673290109847374,-0.09678687346932373,-0.07275212319504984,-0.012815050582829177,-0.03143843956310601,0.34,0.3800000000000001,-0.246719382291725,0.1999999999999999,0.0,-0.0203620719348349,-0.0909881971947506,0.0011782533036424,0,1,0,0,1,0.0332285450444343,0.001610010969007,0.0154640127975827,0.04512943026494256,0.03631703285903934,-0.02221256776324314,0.012016173565248693,0.025400878062705506,0.0821263136603607,0.03516878288720694,0.02949361357200214,0.02393385827651404,-0.09652630530265706,-0.07249155502838317,-0.01255448241616251,-0.031177871396439346,0.0,0.0,0.0
2016-12-01,4863.6201171875,4862.31005859375,2238.830078125,34.06206512451172,153.07286071777344,55.55105209350586,26.62235450744629,2.49,0.75,0.51,-0.3157619,0.0,0.625,0.8,242.637,10.0,4.7,1.0545,14.039999961853027,55.02272727272727,204.38708877563477,20.93106746673584,59.05486907958984,30.059797922770183,70.40501403808594,14.849360148111979,45.98047033945719,27.929847558339436,27.007882118225098,0.0109175594185336,0.0601771927976643,0.018037111299279,0.10014439025057753,0.05495572652544251,0.03072144490418074,0.04684073817204648,0.04251776244744917,0.10457058417536146,0.043442096548146826,0.06565413955491729,0.04012537580064009,0.04156378408638597,0.029130928696229366,0.05790169906420988,0.06573364153783852,0.0799999999999999,0.3500000000000001,0.0518932674135035,0.1,-0.0999999999999996,-0.0231533049747167,0.1588277160597582,0.0025213409056821,0,1,0,0,1,0.017612111299279,0.0104925594185336,0.0604403277143309,0.05521886144210918,0.1004075251672442,0.04641573817204648,0.030296444904180743,0.04278089736411583,0.10483371909202813,0.04370523146481349,0.06591727447158396,0.04038851071730675,0.04182691900305263,0.029394063612896034,0.058164833980876546,0.06599677645450519,0.0,0.0,0.0
2017-01-01,5116.77001953125,4748.89990234375,2278.8701171875,33.2913818359375,157.46084594726562,57.79490280151367,27.89348602294922,2.43,0.86,0.51,-0.3255455,0.0,0.625,1.6,243.618,9.7,4.7,1.0635,11.989999771118164,55.71090909090909,208.8378028869629,20.383066534996033,57.1525016784668,29.112830479939777,70.04354286193848,14.177392800649008,46.77075735727946,27.27921152114868,26.28162908554077,0.0507403437113599,-0.0236006539649418,0.0177263146210628,-0.022885745589818183,0.0282628083198073,0.03959812948127139,0.04664192781736589,0.017262050438863988,-0.017279088378886965,-0.028730649881757896,0.017483644715859337,-0.011053585692990977,-0.053738779003816184,0.0011342258213285657,-0.025038483394568437,-0.019239197399663194,0.1099999999999999,-0.06,-0.1578374459306153,0.8,-0.3000000000000007,0.0084986347214624,0.0124296591513539,0.0040349254236584,0,1,0,0,1,0.0173013146210628,0.0503153437113599,-0.0233293660482751,0.028534096236473967,-0.022614457673151515,0.04621692781736589,0.039173129481271385,0.017533338355530656,-0.017007800462220297,-0.028459361965091228,0.017754932632526005,-0.01078229777632431,-0.053467491087149516,0.0014055137379952324,-0.02476719547790177,-0.018967909482996526,0.0,0.0,0.0
2017-02-01,5330.31005859375,4858.580078125,2363.639892578125,31.01307487487793,159.8657989501953,57.542686462402344,31.625009536743164,2.42,1.03,0.52,-0.3286,0.0,0.625,1.4,244.006,9.6,4.6,1.065,12.920000076293944,56.096,215.28432083129883,19.10358202457428,60.22343368530274,31.539503415425617,72.21053695678711,14.273670673370361,47.73867321014404,27.75623877843221,26.28895139694214,0.0408860244118351,0.0228332385123757,0.0365230007382769,-0.0708896740428664,0.015157876519374041,-0.004373539324871566,0.12555506291710766,0.03159607742723385,-0.06031463020217351,0.049668591862158426,0.09865019957798127,0.042770480643276584,0.010480680713246116,0.022201492944822186,0.02296993520536712,-0.001548236969887689,0.17,-0.0100000000000002,0.0747035543095311,-0.2000000000000001,-0.0999999999999996,0.0014094435032336,0.0068885265676721,0.0015913904232975,0,1,0,0,1,0.0360896674049436,0.0404526910785018,0.0231070718457091,0.015431709852707374,-0.07061584070953307,0.12512172958377432,-0.0048068726582049,0.03186991076056719,-0.060040796868840174,0.04994242519549176,0.0989240329113146,0.04304431397660992,0.010754514046579448,0.02247532627815552,0.023243768538700454,-0.0012744036365543556,0.0,0.0,0.0
2017-03-01,5436.22998046875,5122.509765625,2362.719970703125,35.11964416503906,173.7047576904297,59.233543395996094,33.164817810058594,2.48,1.02,0.74,-0.3293478,0.0,0.875,1.4,243.892,9.6,4.4,1.0691,12.369999885559082,52.65521739130435,229.5108528137207,21.482354879379272,62.40005111694336,33.47627353668213,75.70635032653809,15.229797204335531,48.69765249888102,27.666169961293537,27.031013011932373,0.019676393493631,0.0528982773178258,-0.0003892728921313,0.12435175101814964,0.08302235642556045,0.0289609472054233,0.047541360917580704,0.059490201782852276,0.11110467921394511,0.040993823279159715,0.04397018593502489,0.045728785561182844,0.09638202738854922,0.008903335054692756,0.014452143476327901,0.0249650395152793,-0.01,0.06,-0.0435023271066521,0.0,0.0,0.0038423738759287,-0.0632991793172292,-0.0004673107988741,0,1,0,0,1,-0.001005939558798,0.0190597268269643,0.0531727338178258,0.08329681292556046,0.12462620751814965,0.046924694250914036,0.028344280538756633,0.059764658282852275,0.11137913571394512,0.041268279779159714,0.04424464243502489,0.04600324206118284,0.09665648388854922,0.009177791554692756,0.014726599976327902,0.0252394960152793,0.0,0.0,0.0
2017-04-01,5583.52978515625,5267.330078125,2384.199951171875,36.441627502441406,193.56607055664062,61.571937561035156,33.16250991821289,2.3,0.88,0.8,-0.3303889,0.0,0.875,1.4,244.193,9.5,4.4,1.0714,10.81999969482422,53.978,242.56760025024414,22.396308302879333,66.63073043823242,35.167229652404785,78.47787475585938,15.27546739578247,49.70218880971273,29.044979572296143,27.19222593307495,0.0267353520616112,0.0278791000860717,0.0090501324781982,0.0369510971796337,0.10826184094919558,0.038718214821635295,-6.959097933473751e-05,0.07251946592675408,0.04349484990343574,0.06546102638733274,0.035065707776847845,0.03331345454572288,0.003056874407607784,0.006612008405395875,0.03408385803801037,-0.0069225006186559405,-0.14,-0.1800000000000001,-0.1338779319393581,0.0,-0.0999999999999996,0.0021490314274057,0.0248112267223272,0.0012333918811604,0,1,0,0,1,0.0083834658115315,0.0260686853949445,0.0281544241694051,0.10853716503252892,0.03722642126296703,-0.0007362576460014042,0.038051548154968626,0.07279479001008742,0.04377017398676907,0.06573635047066607,0.03534103186018118,0.033588778629056217,0.0033321984909411174,0.0068873324887292085,0.0343591821213437,-0.006647176535322607,0.0,0.0,0.0
2017-05-01,5788.7998046875,5283.6298828125,2411.800048828125,36.83810043334961,194.12155151367188,63.17314529418945,35.411190032958984,2.3,0.81,0.89,-0.3294545,0.0,0.875,0.9,244.004,9.5,4.4,1.105,10.40999984741211,51.37434782608696,247.04329299926758,22.406946897506714,67.05011978149415,35.66734345753988,80.34844017028809,15.987259229024252,52.49532222747803,28.149345874786377,28.259615898132324,0.0361038280940232,0.0030897316860151,0.0115097591109806,0.010820913524797847,0.0028656129601809174,0.025673086952339774,0.06560785427279893,0.022774363256445315,0.00981035122117043,0.0035979750703072125,0.005787655876999806,0.02904262621428085,0.06760713537902784,0.05968265982398272,-0.023456046519992835,0.06228192919840145,-0.0699999999999999,0.0,-0.0386293772444905,-0.4999999999999999,0.0,0.0308791305049933,-0.0494375777908331,-0.000774277635636,0,1,0,0,1,0.0107680924443139,0.0353621614273566,0.0033642771026817,0.003140158376847584,0.011095458941464515,0.06486618760613226,0.024931420285673106,0.023048908673111983,0.010084896637837097,0.003872520486973879,0.006062201293666473,0.029317171630947516,0.0678816807956945,0.05995720524064939,-0.023181501103326167,0.06255647461506811,0.0,0.0,0.0
2017-06-01,5646.919921875,5120.68017578125,2423.409912109375,36.97883987426758,186.5583953857422,62.35000228881836,33.38515853881836,2.19,0.66,0.98,-0.33,0.0,1.125,0.8,244.163,9.5,4.3,1.1233,11.18000030517578,47.65272727272727,242.95502090454102,22.60757863521576,65.92337951660156,34.341175397237144,75.89342308044434,15.023232142130533,51.410079638163246,28.253791014353435,27.51295232772827,-0.0248147325379807,-0.0313260622586193,0.0048022260405038,0.0038132063146229353,-0.0397402149919487,-0.013115585783908283,-0.058916426713318336,-0.020446559709185075,0.013526970559558243,-0.017395777595181218,-0.07162682460853652,-0.05591515955280401,-0.05319857081231109,-0.01717959274989915,0.010113360669526063,-0.053550852084871606,-0.15,-0.1099999999999998,0.0713596270544751,-0.0999999999999999,0.0,0.0164254466956703,-0.0751991143665855,0.0006514164440556,0,1,0,0,1,0.0039855593738372,-0.0256313992046473,-0.0310510622586193,-0.0394652149919487,0.004088206314622935,-0.059733093379985,-0.01393225245057495,-0.020171559709185074,0.013801970559558242,-0.017120777595181217,-0.07135182460853652,-0.05564015955280401,-0.05292357081231109,-0.01690459274989915,0.010388360669526062,-0.05327585208487161,0.0,0.0,0.0
2017-07-01,5880.330078125,5093.77001953125,2470.300048828125,38.450721740722656,181.77267456054688,65.76010131835938,34.47698211669922,2.32,0.84,1.07,-0.3304286,0.0,1.125,0.8,244.243,9.6,4.3,1.153,10.260000228881836,49.25333333333333,238.58478164672852,23.64612078666687,65.50358657836914,35.612122217814125,73.03021430969238,15.159352461496988,50.54944451649984,27.347404321034748,27.107138633728027,0.0405026461293921,-0.0052690488462963,0.0191640175471008,0.03903161290586609,-0.025987436563464635,0.05324958264080619,0.032180470244668614,-0.021683369110022284,0.04618315847572663,-0.0061547172692758625,0.06973307845904508,-0.038166744748090585,0.017035744525732827,-0.040391698664435656,-0.019179933760005347,0.0009055242627856817,0.1799999999999999,0.1299999999999999,-0.0858736329727398,0.0,0.0999999999999996,0.0260964596215355,0.0330371832363716,0.0003275963060049,0,1,0,0,1,0.0182723508804342,0.0396109794627255,-0.0049936916796296,-0.02571207939679797,0.039306970072532754,0.03128880357800195,0.052357915974139524,-0.021408011943355617,0.04645851564239329,-0.005879360102609196,0.07000843562571175,-0.03789138758142392,0.017311101692399494,-0.04011634149776899,-0.01890457659333868,0.0011808814294523484,0.0,0.0,0.0
2017-08-01,5988.60009765625,5085.58984375,2471.64990234375,37.477291107177734,188.22483825683594,67.99283599853516,38.16600799560547,2.21,0.71,1.01,-0.329087,0.0,1.125,1.0,245.183,9.5,4.4,1.1813,10.59000015258789,51.92782608695652,248.22310638427734,22.881621599197388,66.18292617797852,35.96058464050293,72.9082145690918,15.479085127512613,49.907704989115395,26.899134794871014,24.535281658172607,0.0182447821749551,-0.0016072086362958,0.0005462837796946,-0.025642287596291363,0.03488033092929349,0.0333890551873285,0.10165336007307606,0.037470128669889594,-0.026315298892958187,0.011198506939947788,0.006380867403014363,0.0008627784845682152,0.02502342355259061,-0.05164797218938021,-0.007580577011718731,-0.05792063888505683,-0.13,-0.1099999999999998,0.0316573119711978,0.1999999999999999,-0.0999999999999996,0.0242482856854152,0.0528777473838375,0.0038412391487883,0,1,0,0,1,-0.0002953828869719,0.0174031155082885,-0.0013329694696292,0.03515457009596016,-0.025368048429624698,0.10081169340640939,0.03254738852066184,0.03774436783655626,-0.026041059726291522,0.011472746106614456,0.00665510656968103,0.001137017651234882,0.025297662719257277,-0.051373733022713544,-0.007306337845052064,-0.05764639971839016,0.0,0.0,0.0
2017-09-01,5979.2998046875,5329.81005859375,2519.360107421875,40.02229690551758,199.50552368164062,67.73821258544922,35.86673355102539,2.2,0.7,1.03,-0.329381,0.0,1.125,1.1,246.435,9.3,4.3,1.1913,9.510000228881836,55.55761904761905,251.64978790283203,24.195239305496216,70.7337631225586,38.41291522979736,73.16411018371582,16.01512622833252,50.57714017232259,29.663784503936768,25.271538734436035,-0.0015542066555962,0.046904581678674,0.0191190393523553,0.06570154238034036,0.058204727145629756,-0.0037518860191424583,-0.06213505255682964,0.024604256512744747,0.05100109345383627,0.06787246147311361,0.07257991688955956,0.008018630046520852,0.025034479761330414,0.010612778931382095,0.06234925137995085,0.00589229662911314,-0.01,-0.0099999999999997,-0.1075662733972029,0.1,-0.1999999999999993,0.0084296208508412,0.067565868646624,0.0050933965261075,0,1,0,0,1,0.018260706019022,-0.0024125399889296,0.0471790658453407,0.05847921131229642,0.06597602654700703,-0.06299338589016297,-0.004610219352475792,0.024878740679411412,0.051275577620502936,0.06814694563978028,0.07285440105622623,0.008293114213187519,0.02530896392799708,0.010887263098048761,0.06262373554661751,0.006166780795779807,0.0,0.0,0.0
2017-10-01,6248.56005859375,5503.2900390625,2575.260009765625,39.312744140625,218.86212158203125,75.64057922363281,39.33889389038086,2.36,0.81,1.07,-0.3295455,0.0,1.125,1.2,246.626,9.1,4.2,1.1755,10.18000030517578,57.53636363636364,274.0599250793457,23.725854873657227,72.56075973510742,41.39694404602051,73.903076171875,16.762460390726726,54.56939188639323,30.219663461049397,24.2139835357666,0.0440475749894257,0.0320305010587906,0.0219455600318416,-0.01788797675383935,0.09260002615554301,0.11034244075330951,0.09240347203679733,0.08779094907907765,-0.016673701890370922,0.02665107417396014,0.10813511556060844,0.0020512938451640907,0.04196429729230655,0.05376107751374021,0.00992790817171434,-0.019160542832720985,0.1100000000000001,0.1599999999999997,0.0680811404755616,0.0999999999999998,-0.200000000000001,-0.0133515588251913,0.0349964957295529,0.0007747520471248,0,1,0,0,1,0.021053893365175,0.043155908322759,0.0323051223087906,0.092874647405543,-0.01761335550383935,0.09151180537013066,0.10945077408664285,0.08806557032907765,-0.016399080640370923,0.02692569542396014,0.10840973681060843,0.0023259150951640906,0.042238918542306554,0.05403569876374021,0.01020252942171434,-0.018885921582720986,0.0,0.0,0.0
2017-11-01,6365.56005859375,5372.7900390625,2647.580078125,37.28377914428711,208.94879150390625,76.92521667480469,40.136627197265625,2.35,0.72,1.23,-0.329,0.0,1.125,1.2,247.284,9.0,4.2,1.1743,11.279999732971191,62.83636363636364,265.86102294921875,22.105425357818604,71.37046890258789,38.87825457255045,72.01891326904297,16.915619532267254,55.72833506266276,30.136529127756756,24.2723069190979,0.0185511719116465,-0.0239987683723426,0.0276955410466344,-0.052990388120027355,-0.046352744513849874,0.016840836508639753,0.020075617960199854,-0.0336171807889033,-0.06356558103768911,-0.01645967418107537,-0.04763192559839114,-0.032711815465318025,0.015863538418461186,0.019566169177199333,-0.005429089801061166,0.012397381028873595,-0.09,-0.0099999999999997,0.1026061812967951,0.0,-0.0999999999999996,-0.0010213636090888,0.0881167857085865,0.0026644546143197,0,1,0,0,1,0.0266705410466344,0.0175261719116465,-0.0237246017056759,-0.04607857784718321,-0.05271622145336069,0.019050617960199853,0.01581583650863975,-0.033343014122236635,-0.06329141437102244,-0.016185507514408705,-0.047357758931724475,-0.03243764879865136,0.01613770508512785,0.019840335843866,-0.0051549231343944995,0.012671547695540263,0.0,0.0,0.0
2017-12-01,6396.419921875,5312.56005859375,2673.610107421875,36.50385665893555,211.08558654785156,78.17733764648438,39.52470397949219,2.4,0.67,1.32,-0.3278947,0.0,1.375,1.2,247.805,9.0,4.1,1.1836,11.039999961853027,64.06428571428572,270.85654067993164,21.892632007598877,70.52866897583007,39.10216204325358,73.31022453308105,16.701944986979168,55.80884265899658,29.62427568435669,24.650311946868896,0.0048362281522403,-0.0112734946091715,0.0097836145748712,-0.02114043968045368,0.0101744694670602,0.01614606772789313,-0.015363420242796914,0.016534721077623816,-0.013440167272686248,-0.01129808716371532,-0.013418986328676788,-0.0010567179628225773,-0.013490610086212272,0.004881558012823887,-0.012141081191200817,0.01607633452033303,-0.0499999999999999,0.0499999999999998,-0.0215061850035382,0.0,0.0,0.0078884161550192,0.0193530988172234,0.0021046728661735,0,1,0,0,1,0.0086836145748712,0.0037362281522403,-0.0110002490258382,0.010447715050393533,-0.020867194097120345,-0.016463420242796914,0.015046067727893131,0.01680796666095715,-0.013166921689352915,-0.011024841580381986,-0.013145740745343455,-0.000783472379489244,-0.013217364502878939,0.00515480359615722,-0.011867835607867484,0.016349580103666366,0.0,0.0,0.0
2018-01-01,6949.990234375,5481.93017578125,2823.81005859375,39.05472946166992,217.27879333496094,86.83220672607422,39.10430145263672,2.58,0.85,1.41,-0.3284545,0.0,1.375,1.5,248.859,9.2,4.0,1.2197,13.539999961853027,68.88913043478261,274.9943618774414,23.61573052406311,74.28029327392578,41.964185078938804,72.82695960998535,16.528008143107098,55.023278872172035,31.368011951446533,24.32300901412964,0.0830018078066143,0.0313834214685682,0.0546573983583285,0.06754606503174604,0.028917616169690005,0.1049977924432404,-0.010693421100699565,0.01468818883554022,0.07898980892865105,0.05104974096555827,0.06013926189179435,-0.007504035861034217,-0.01991636000174961,0.010378512165120644,0.04285817262274475,-0.006223464876913183,0.1799999999999999,0.1800000000000001,0.2041232272731674,0.3,0.1999999999999993,0.030044285323138,0.0726113634994325,0.0042443244618279,0,1,0,0,1,0.0534823983583285,0.0818268078066143,0.0316571335519015,0.029191328253023337,0.06781977711507937,-0.011868421100699564,0.1038227924432404,0.014961900918873554,0.07926352101198439,0.051323453048891604,0.06041297397512769,-0.007230323777700884,-0.019642647918416276,0.010652224248453978,0.04313188470607809,-0.00594975279357985,0.0,0.0,0.0
2018-02-01,6854.419921875,5320.490234375,2713.830078125,38.33344650268555,212.0317840576172,86.10150909423828,41.770633697509766,2.86,0.98,1.57,-0.3285,0.0,1.375,1.3,249.529,9.3,4.1,1.234,19.850000381469727,65.6965,268.2047920227051,23.242234349250793,74.00563735961914,41.552525202433266,67.96491622924805,16.30835215250651,55.76371351877848,31.46950387954712,26.425480842590332,-0.0138465661867881,-0.0298918123755852,-0.0397261075980839,-0.018641189992259374,-0.02444510261784364,-0.008450659570305033,0.06596107699299382,-0.02785038460506626,-0.027063928033189275,-0.009362225683986791,0.0249390908036695,-0.07423982069126817,-0.030359848911419685,-0.006997488135857928,-0.00207224754011553,0.03283673027352942,0.13,0.2799999999999998,0.3825557616840425,-0.1999999999999999,0.1000000000000014,0.0116559986161405,-0.0474527553871269,0.0026886698861776,0,1,0,0,1,-0.0410344409314172,-0.0151548995201214,-0.0296180623755852,-0.02417135261784364,-0.018367439992259375,0.06465274365966049,-0.009758992903638367,-0.02757663460506626,-0.026790178033189276,-0.009088475683986791,0.0252128408036695,-0.07396607069126816,-0.030086098911419685,-0.006723738135857928,-0.00179849754011553,0.033110480273529426,0.0,0.0,0.0
2018-03-01,6581.1298828125,5167.2998046875,2640.8701171875,35.284122467041016,215.21435546875,83.80596160888672,39.3458137512207,2.84,0.83,1.7,-0.3279048,0.0,1.625,1.7,249.577,9.3,4.0,1.2334,19.96999931335449,66.89181818181818,279.6437873840332,21.219396233558655,73.29334945678711,41.08173052469889,68.80864906311035,16.230138460795086,55.341097831726074,33.33308013280233,24.4194393157959,-0.0406872429539382,-0.0292151778346019,-0.0272524973669399,-0.08288971764977111,0.014898345396825392,-0.027022792631865616,-0.05980396528107302,0.03432321419444925,-0.09895758919596738,-0.009229666587377772,-0.007062651593592358,0.010349363989881242,0.0031678693854650317,-0.03863583512440102,0.013625770886609849,-0.05165243182565035,-0.15,-0.02,0.0060270866930545,0.3999999999999999,0.0,-0.0004863419079406,0.0180310088085793,0.0001923439115056,0,1,0,0,1,-0.0286691640336065,-0.0421039096206049,-0.0289419238346019,0.015171599396825393,-0.08261646364977111,-0.06122063194773968,-0.028439459298532282,0.034596468194449254,-0.09868433519596738,-0.008956412587377772,-0.006789397593592358,0.010622617989881242,0.0034411233854650318,-0.03836258112440102,0.01389902488660985,-0.05137917782565035,0.0,0.0,0.0
2018-04-01,6605.56982421875,5520.5,2648.050048828125,37.51833724975586,251.87628173828125,85.87193298339844,38.75484085083008,2.87,0.78,1.76,-0.32845,0.0,1.625,1.8,250.227,9.2,4.0,1.227,15.93000030517578,71.93285714285715,322.9667053222656,22.371148943901062,78.77358856201172,44.54255485534668,71.09597396850586,17.760502815246582,56.31919542948405,30.939419905344646,26.761488914489746,0.00370676058955,0.0661181653049823,0.0027150858118244,0.0613967324999299,0.15730348784390114,0.02435288913465298,-0.015133911049230935,0.14345684247465998,0.053992495957918434,0.07060179808936162,0.03254343844293244,0.025946551517383766,0.07267415940783759,0.016087229384202113,-0.04012133444898024,0.09179253005846746,-0.0499999999999999,0.0300000000000002,-0.2260269699646158,0.1,-0.1000000000000014,-0.0052024178464809,0.0726564838182906,0.0026010210660754,0,1,0,0,1,0.0012484191451578,0.0022400939228833,0.0663918736383156,0.15757719617723448,0.06167044083326323,-0.016600577715897603,0.02288622246798631,0.14373055080799332,0.054266204291251764,0.07087550642269495,0.03281714677626577,0.0262202598507171,0.07294786774117092,0.016360937717535447,-0.03984762611564691,0.0920662383918008,0.0,0.0,0.0
2018-05-01,6967.72998046875,5398.39990234375,2705.27001953125,32.848472595214844,258.623779296875,91.15026092529297,43.991573333740234,2.98,0.79,1.86,-0.3252273,0.0,1.625,2.3,250.792,9.1,3.8,1.1823,15.43000030517578,76.93434782608696,352.99822998046875,19.84381330013275,80.6854248046875,45.698954264322914,73.7810230255127,17.7043244043986,57.59893830617269,28.96592887242635,25.762202262878418,0.0533762815328498,-0.0223658406173934,0.0213781911830661,-0.1329245592757727,0.02643639460593044,0.059652328703130045,0.12674242725506032,0.07257785417813767,-0.09984265290237362,0.020076820556600213,0.07441137065428427,0.039108930531810346,-0.008011692697612703,-0.01744724963380981,-0.03503285209990239,-0.0333132973017852,0.01,0.1099999999999998,-0.0318904569261069,0.4999999999999998,-0.0999999999999996,-0.0371104718418439,0.0672192882785944,0.0022554044437663,0,1,0,0,1,0.0198281911830661,0.0518262815328498,-0.0220948178673934,0.02670741735593044,-0.13265353652577272,0.12519242725506033,0.05810232870313004,0.07284887692813767,-0.09957163015237362,0.02034784330660021,0.07468239340428427,0.03937995328181035,-0.007740669947612703,-0.017176226883809813,-0.034761829349902386,-0.0330422745517852,0.0,0.0,0.0
2018-06-01,7040.7998046875,5323.52978515625,2718.3701171875,32.92894744873047,248.3067169189453,90.93815612792969,43.577239990234375,2.91,0.75,1.9,-0.3220476,0.0,1.875,2.3,251.018,9.0,4.0,1.1679,16.09000015258789,75.80285714285714,332.3439025878906,19.63886797428131,81.21884002685547,46.53144645690918,76.58408164978027,17.523766835530598,55.70849100748698,26.93122911453247,25.55055332183838,0.0104322849058762,-0.0139660184901512,0.0048307493865702,0.0024468850743540596,-0.04070967230607484,-0.002329691220653804,-0.009463104951375517,-0.04062553797264651,-0.01470066713110434,0.0025267878969726714,-0.008225659634648755,0.03931650223018679,-0.024443201142939297,-0.04726135078297095,-0.04695956086754757,-0.004640894348249174,-0.04,-0.0699999999999998,0.0418842843345412,0.0,-0.0999999999999996,-0.0122544295845479,-0.0148164474109782,0.0009007393845479,0,1,0,0,1,0.0032474160532369,0.0088489515725428,-0.0136976454901512,-0.04044129930607484,0.0027152580743540597,-0.011046438284708849,-0.003913024553987137,-0.040357164972646506,-0.01443229413110434,0.0027951608969726716,-0.007957286634648755,0.03958487523018679,-0.024174828142939298,-0.04699297778297095,-0.04669118786754757,-0.004372521348249174,0.0,0.0,0.0
2018-07-01,7231.97998046875,5511.2998046875,2816.2900390625,34.464271545410156,260.1908874511719,97.82699584960938,44.79668045043945,2.89,0.67,1.96,-0.3207273,0.0,1.875,2.6,251.214,9.0,3.8,1.1685,12.829999923706056,75.22909090909091,333.30334854125977,20.55359435081482,83.11734924316406,45.32208061218262,80.91618919372559,18.684687614440918,56.930710792541504,27.947242577870686,24.096993923187256,0.0267910825612836,0.0346639177727999,0.0353879507375242,0.0455710474625715,0.04675080036482536,0.07302089764099996,0.02759904410395787,0.00297539370220303,0.04406830652077505,0.020003365013321537,-0.0039386876202791065,0.06146796696396459,0.06069949743843051,0.05402461241636115,0.029112350920698176,-0.02837037145750993,-0.0799999999999999,-0.02,-0.2264117978066728,0.3000000000000002,0.0,0.000513610694393,-0.0075979817704237,0.000780515817194,0,1,0,0,1,0.0337546174041909,0.0251577492279502,0.0349311905227999,0.04701807311482536,0.0458383202125715,0.025965710770624536,0.07138756430766663,0.0032426664522030297,0.04433557927077505,0.020270637763321536,-0.0036714148702791066,0.061735239713964586,0.06096677018843051,0.054291885166361145,0.029379623670698175,-0.028103098707509933,0.0,0.0,0.0
2018-08-01,7654.5498046875,5406.85009765625,2901.52001953125,31.331722259521484,263.0640869140625,103.9893798828125,53.77492904663086,2.89,0.7,2.03,-0.319,0.0,1.875,2.6,251.663,8.9,3.8,1.1547,12.859999656677246,73.85130434782609,340.26022720336914,19.25321066379547,85.57144088745117,45.9955800374349,79.87812423706055,17.721991697947185,56.59026686350504,27.14519993464152,24.128074169158936,0.0567873618594445,-0.0191338083018384,0.0298143145243824,-0.09529210501539691,0.01098213483289709,0.06108820728243448,0.1826733161167293,0.014317168252163961,-0.046577451686874896,0.023038916888714223,0.015028855827840951,-0.01095150161366228,-0.066313870196051,-0.0005422935944964647,-0.030496604402959718,-0.016213234563881528,0.0299999999999999,0.0,0.0023355194315071,0.0,-0.0999999999999996,-0.0118803050211025,-0.0184843324000762,0.0017857254132316,0,1,0,0,1,0.0281226478577157,0.0550956951927779,-0.0188679749685051,0.011247968166230422,-0.09502627168206357,0.18098164945006262,0.05939654061576781,0.014583001585497295,-0.04631161835354156,0.023304750222047557,0.015294689161174284,-0.010685668280328946,-0.06604803686271767,-0.0002764602611631313,-0.030230771069626385,-0.015947401230548195,0.0,0.0,0.0
2018-09-01,7627.64990234375,5493.490234375,2913.97998046875,32.63178634643555,265.1971130371094,105.87791442871094,53.32843017578125,3.0,0.77,2.13,-0.31885,0.0,2.125,2.5,252.182,8.9,3.7,1.1667,12.119999885559082,79.163,342.1427459716797,20.196004390716553,87.42285614013672,44.09838898976644,82.24034309387207,18.03355010350545,57.94590918223063,27.28756062189738,22.685975074768066,-0.0035204264623167,0.0158971112276836,0.0042850932863336,0.04065577959969473,0.008075693295905626,0.017997902249296985,-0.00833776756853107,0.0044359883099548796,0.050253941896833326,0.015642640791514346,-0.07280530692039372,0.030390635767789956,-0.0015391057905071402,0.029865853202258413,0.004598656322372705,-0.04480668322630281,0.07,0.1099999999999998,-0.0592647209136765,-0.1,0.0,0.0103386808720011,0.0694553469995122,0.0020601581183248,0,1,0,0,1,0.0025100932863336,-0.0052954264623167,0.0161628195610169,0.00834140162923896,0.040921487933028064,-0.010112767568531071,0.016222902249296987,0.004701696643288213,0.05051965023016666,0.01590834912484768,-0.07253959858706038,0.03065634410112329,-0.001273397457173807,0.030131561535591746,0.0048643646557060384,-0.04454097489296947,0.0,0.0,0.0
2018-10-01,6967.10009765625,5093.43994140625,2711.739990234375,28.55823516845703,234.0281524658203,98.87923431396484,51.703102111816406,3.15,0.82,2.25,-0.3176957,0.0,2.125,2.5,252.772,8.8,3.8,1.1488,21.229999542236328,80.78347826086957,302.85025787353516,18.068273544311523,81.29777908325195,42.15482076009115,80.18442153930664,17.229888280232746,55.34457143147787,24.289218107859295,22.62587022781372,-0.0905807069538098,-0.0756103717325702,-0.0719293459542968,-0.13334151288982815,-0.12503195446463952,-0.06838742957414992,-0.03095180625828891,-0.11250876746072248,-0.09918041645775559,-0.07143681767609089,-0.10279778793168508,-0.012328178268461472,-0.030288048332544046,-0.024071488835779697,-0.08210983328317624,0.0007483122059472763,0.0499999999999999,0.1499999999999999,0.5605582829542026,0.0,-0.0999999999999996,-0.0154613315358515,0.0202634497048448,0.002336847588066,0,1,0,0,1,-0.0738043459542968,-0.0924557069538098,-0.0753456253159036,-0.12476720804797285,-0.1330767664731615,-0.03282680625828891,-0.07026242957414992,-0.11224402104405581,-0.09891567004108892,-0.07117207125942422,-0.10253304151501841,-0.012063431851794806,-0.03002330191587738,-0.02380674241911303,-0.08184508686650957,0.0010130586226139429,0.0,0.0,0.0
2018-11-01,6949.009765625,5003.919921875,2760.169921875,27.471744537353516,219.88026428222656,103.09979248046875,42.334617614746094,3.12,0.76,2.33,-0.3163636,0.0,2.125,2.2,252.594,8.8,3.8,1.1364,18.06999969482422,66.22863636363635,292.9064636230469,17.640275359153748,79.13346328735352,40.275888760884605,76.84183120727539,17.058516025543213,57.968550046284996,23.332483768463135,23.43838357925415,-0.0025999136826581,-0.0177318361017084,0.0177017520561175,-0.03878733664752389,-0.06235827287387665,0.04179812813147572,-0.1999126471905986,-0.024592822878901514,-0.025083550766591634,-0.023162346083917307,-0.04295045785381806,-0.03082829052021501,0.020509659365720346,0.01146430082995884,-0.014809714911541651,0.057082999560454414,-0.0599999999999999,-0.0299999999999998,-0.1611621664374465,-0.2999999999999998,0.0,-0.0108525483139268,-0.1986595247704894,-0.0007044399795823,0,1,0,0,1,0.0157600853894509,-0.0045415803493247,-0.0174681997683751,-0.06209463654054332,-0.038523700314190557,-0.20185431385726527,0.039856461464809055,-0.02432918654556818,-0.0248199144332583,-0.022898709750583973,-0.04268682152048473,-0.030564654186881677,0.02077329569905368,0.011727937163292172,-0.014546078578208319,0.057346635893787745,0.0,0.0,0.0
2018-12-01,6329.97021484375,4730.68994140625,2506.85009765625,24.438247680664062,226.5072784423828,94.43453216552734,37.39424133300781,2.83,0.7,2.37,-0.3118947,0.0,2.375,1.9,252.767,8.8,3.9,1.138,25.420000076293945,57.94809523809524,300.48774337768555,15.412990093231201,73.72258071899414,35.349337577819824,74.61962509155273,16.40013249715169,57.12218952178955,20.989213784535725,22.40076732635498,-0.0933036389102252,-0.0561505327965475,-0.096265219857899,-0.11700857218726556,0.029693933880057807,-0.08779056512367205,-0.12408841717467654,0.020274765444851392,-0.13854025862047023,-0.07250543494126689,-0.07454970295112233,-0.03433674406924282,-0.028540618749813094,-0.04029586244163204,-0.06423745873753364,-0.04643843802706263,-0.06,-0.29,0.3412831810470389,-0.3000000000000002,0.0,0.0014069647062432,-0.1335652426911879,0.0006846591120321,0,1,0,0,1,-0.098240219857899,-0.0952786389102252,-0.0558906205465475,0.029953846130057808,-0.11674865993726556,-0.12606341717467653,-0.08976556512367205,0.020534677694851393,-0.13828034637047024,-0.0722455226912669,-0.07428979070112234,-0.03407683181924282,-0.028280706499813093,-0.04003595019163204,-0.06397754648753365,-0.04617852577706263,0.0,0.0,0.0
2019-01-01,6906.83984375,4992.72021484375,2704.10009765625,25.360679626464844,245.412109375,97.0936279296875,39.45669174194336,2.71,0.65,2.37,-0.308,0.0,2.375,1.4,252.561,8.8,4.0,1.1418,16.56999969482422,59.94478260869565,322.667179107666,15.822803497314453,78.59641647338867,38.92506631215414,74.76300621032715,17.1826171875,58.64359347025553,23.432207584381104,23.37368679046631,0.0872166715617722,0.053909837610174,0.0757421519867559,0.0370504954550114,0.08016179770551593,0.027768936252159124,0.05368694129996711,0.06795716992760299,0.034463741577358945,0.062024876577983425,0.08848249384191798,0.0019606957905261625,0.058021472102058595,0.06381355094165783,0.07177720611212897,0.010053992928083101,-0.0499999999999999,-0.1200000000000001,-0.4279424557415399,-0.5,0.0,0.0033336288438826,0.033876148452661,-0.0008153120801193,0,1,0,0,0,0.0737671519867559,0.0852416715617722,0.0541665042768406,0.0804184643721826,0.03730716212167807,0.05171194129996711,0.025793936252159123,0.06821383659426966,0.03472040824402561,0.062281543244650094,0.08873916050858464,0.0022173624571928292,0.058278138768725264,0.0640702176083245,0.07203387277879564,0.010310659594749768,0.0,0.0,0.0
2019-02-01,7097.52978515625,5240.52978515625,2784.489990234375,27.892723083496094,264.9310302734375,104.60454559326172,41.22342300415039,2.68,0.55,2.39,-0.30845,0.0,2.375,1.6,253.319,8.7,3.8,1.1349,14.779999732971191,64.384,347.0590400695801,16.94618856906891,86.18454360961914,42.7953462600708,72.12585639953613,17.65817101796468,61.22762711842855,23.67614157994588,21.69268274307251,0.027234603615424,0.0484417027922317,0.0292955533654023,0.09516590506668368,0.07653065247703351,0.0745112582503279,0.043802955515887115,0.07169918175748857,0.07668471246165118,0.0939004952702104,0.09433911963587549,-0.03488651890783672,0.011239761945154534,0.04244221685256421,0.026659369367485152,-0.0496337359455231,-0.0999999999999999,-0.0299999999999998,-0.1143189155679498,0.2000000000000001,-0.1000000000000014,-0.0060614232230654,0.0714413063968875,0.0029967603671732,0,1,0,0,0,0.0273038866987357,0.0252429369487574,0.0486987444588983,0.07678769414370018,0.09542294673335035,0.041811288849220446,0.07251959158366122,0.07195622342415524,0.07694175412831784,0.09415753693687706,0.09459616130254216,-0.034629477241170055,0.0114968036118212,0.04269925851923088,0.026916411034151818,-0.04937669427885644,0.0,0.0,0.0
2019-03-01,7378.77001953125,5350.52978515625,2834.39990234375,26.37906837463379,287.6519470214844,110.12281799316406,45.2231559753418,2.57,0.44,2.4,-0.3091905,0.0,2.375,1.3,254.277,8.7,3.8,1.1296,13.710000038146973,66.94190476190477,370.61343002319336,16.304599404335022,87.83285446166992,43.53145217895508,70.11717796325684,17.842380205790203,63.78270753224691,23.320902347564697,21.665101051330566,0.0388601547759555,0.0207729840083535,0.0177655108902287,-0.05579500235574868,0.08228170301073631,0.051409262548924826,0.09260264166888986,0.06937192480405048,-0.034548041945565953,0.019480539001067367,-0.008300957591227153,-0.010094379553067225,0.012418587802475534,0.00408276475153872,-0.0077026147253509945,0.027589327386716135,-0.11,-0.1100000000000003,-0.0751494010965112,-0.3,0.0,-0.0046809535681156,0.0389599951051709,0.0037746599164281,0,1,0,0,0,0.0157655108902287,0.0368601547759555,0.0210306427583535,0.08253936176073631,-0.055537343605748676,0.09060264166888986,0.049409262548924825,0.06962958355405048,-0.03429038319556595,0.019738197751067367,-0.008043298841227153,-0.009836720803067224,0.012676246552475534,0.00434042350153872,-0.007444955975350995,0.027846986136716136,0.0,0.0,0.0
2019-04-01,7781.4599609375,5586.41015625,2945.830078125,29.37542152404785,309.73614501953125,121.9437026977539,47.77537155151367,2.53,0.37,2.38,-0.31045,0.0,2.375,1.5,255.233,8.5,3.7,1.1234,13.119999885559082,71.47590909090908,390.6656379699707,17.91075086593628,92.39039154052735,45.05569044748942,74.44075012207031,18.09800402323405,63.59471003214518,24.440596103668213,23.34641170501709,0.053137015530441,0.0431413093112382,0.0385603974175708,0.10758749104449539,0.07396955794771697,0.10196321478374863,0.054901011211253486,0.05159820299963091,0.09557835614076295,0.05424369203195643,0.09294692377874252,0.04606340198769858,0.016663387951672538,0.02033805814486145,0.040126966105025974,0.03243531630528711,-0.07,-0.04,-0.0439877215633304,0.1999999999999999,-0.1999999999999993,-0.0055037866406452,0.0655353069904727,0.0037526294749232,0,1,0,0,0,0.0365770640842374,0.0511536821971077,0.0434000176445716,0.0742282662810503,0.10784619937782872,0.052917677877920156,0.0999798814504153,0.051856911332964245,0.09583706447409628,0.05450240036528976,0.09320563211207585,0.046322110321031916,0.01692209628500587,0.02059676647819478,0.04038567443835931,0.03269402463862044,0.0,0.0,0.0
2019-05-01,7127.9599609375,5207.6298828125,2752.06005859375,27.156911849975586,300.463134765625,115.90985870361328,41.8410530090332,2.4,0.3,2.35,-0.3118636,0.0,2.375,1.1,255.296,8.5,3.6,1.1187,18.709999084472656,70.38913043478261,368.1730079650879,16.481655836105347,87.00419616699219,41.44832833607992,72.21893882751465,17.622827529907227,64.44513607025146,22.07761875788371,21.94126558303833,-0.0877189032323703,-0.0702120552467314,-0.0680408940828739,-0.07852672802666154,-0.030395723150252192,-0.050746676051998126,-0.13263228024795654,-0.05313713107957268,-0.08492851884068163,-0.05709038083656844,-0.10354290315279284,-0.030015182564250953,-0.011314144288078115,0.0007758812524031865,-0.06584986222146505,-0.03644587523748906,-0.07,-0.1299999999999999,0.3549203165601704,-0.3999999999999999,0.0,-0.0041925042454474,-0.0153216031225476,0.0002468028273403,0,1,0,0,0,-0.0699992274162073,-0.0896772365657036,-0.0699521689133981,-0.030135836816918858,-0.0782668416933282,-0.13459061358128988,-0.05270500938533146,-0.052877244746239345,-0.0846686325073483,-0.05683049450323511,-0.1032830168194595,-0.02975529623091762,-0.011054257954744781,0.00103576758573652,-0.06558997588813172,-0.036185988904155725,0.0,0.0,0.0
2019-06-01,7671.080078125,5538.97021484375,2941.760009765625,27.74822425842285,332.1422424316406,125.54399871826172,47.30211639404297,2.07,0.08,2.17,-0.3289,0.0,2.375,1.4,255.213,8.5,3.6,1.1295,15.079999923706056,63.2085,399.9017868041992,16.80490255355835,94.5012924194336,45.74511909484863,78.67118835449219,18.685351371765137,66.52700360616048,23.986956119537354,21.907206058502197,0.0734323509948483,0.0616837663512783,0.0666583015630261,0.02154025336796209,0.10023825141998689,0.07984347564512348,0.12267705159712201,0.08012766392434478,0.021571194683453105,0.08142031800164924,0.09832467185074638,0.07806303478966889,0.05702214193614235,0.034819037048684436,0.056860828975227484,0.005053886922583902,-0.2199999999999999,-0.33,-0.2156887338329527,0.2999999999999998,0.0,0.009607760055173,-0.1076000682300808,-0.0003251656708549,0,1,0,0,0,0.0648499682296928,0.0716240176615149,0.0619578496846116,0.10051233475332022,0.021814336701295425,0.12086871826378869,0.07803514231179015,0.08040174725767811,0.02184527801678644,0.08169440133498257,0.0985987551840797,0.07833711812300222,0.057296225269475684,0.03509312038201777,0.05713491230856082,0.005327970255917236,0.0,0.0,0.0
2019-07-01,7848.77978515625,5518.89990234375,2980.3798828125,28.023944854736328,333.029541015625,127.70889282226562,50.91572952270508,2.06,-0.07,2.1,-0.3648696,0.0,2.375,1.3,255.802,8.4,3.7,1.1211,16.1200008392334,64.32217391304349,388.01416015625,16.874587535858154,94.36654968261719,47.669227282206215,81.95997428894043,18.68366305033366,67.1746342976888,21.921887556711834,21.11933994293213,0.0229006543355307,-0.0036300543100369,0.0130427248337052,0.009887470648734287,0.002667879583438904,0.017097114475832863,0.07361686521115188,-0.0326072368491129,0.005639305577075282,-0.0029553922267436345,0.035018781949910815,0.03031664930560472,0.020220234730178806,0.021464378515889906,-0.064879967218289,-0.03499882004683831,-0.15,-0.0099999999999997,0.0666914316195761,-0.0999999999999998,-0.0999999999999996,-0.00746471074851,0.0174656369186312,0.0023052171103783,0,1,0,0,0,0.0112927248337052,0.0211506543355307,-0.0033259963100369,0.002971937583438904,0.010191528648734287,0.07186686521115188,0.015347114475832863,-0.0323031788491129,0.005943363577075283,-0.0026513342267436347,0.03532283994991082,0.03062070730560472,0.020524292730178806,0.021768436515889906,-0.064575909218289,-0.03469476204683831,0.0,0.0,0.0
2019-08-01,7691.0,5480.47998046875,2926.4599609375,27.263216018676758,321.5824279785156,129.6291961669922,50.077598571777344,1.63,-0.34,1.95,-0.4076818,0.0,2.125,1.3,256.036,8.3,3.6,1.1129,18.979999542236328,59.61818181818182,376.7593307495117,16.44501280784607,95.5059600830078,45.07580439249674,88.03367805480957,18.040926297505695,71.4122330347697,22.06233835220337,20.83039140701294,-0.0203072642557672,-0.0069858625727091,-0.0182572817432622,-0.02752092305626551,-0.0349773013626828,0.014924638610175704,-0.01659812996754859,-0.024216207901783554,-0.029907139287958916,0.013219330791957251,-0.05478952599778255,0.06250617692437539,-0.030595246252872133,0.0034938847560222843,-0.005978775814597148,0.0014342748527389117,-0.27,-0.4300000000000001,0.163324979923463,0.0,-0.0999999999999996,-0.0073411251801684,-0.075943831086688,0.0009143518703291,0,1,0,0,0,-0.0198822817432622,-0.0219322642557672,-0.0066461277393758,-0.03463756652934947,-0.027181188222932175,-0.01822312996754859,0.013299638610175704,-0.02387647306845022,-0.029567404454625582,0.013559065625290585,-0.054449791164449216,0.06284591175770872,-0.0302555114195388,0.0038336195893556176,-0.005639040981263815,0.001774009686072245,0.0,0.0,0.0
2019-09-01,7749.4501953125,5677.7900390625,2976.739990234375,29.678274154663086,323.57904052734375,130.72935485839844,53.7313346862793,1.7,-0.27,1.89,-0.4175714,0.0,1.875,1.1,256.43,8.2,3.5,1.1011,16.239999771118164,62.43095238095238,387.97343826293945,18.00276219844818,97.42388305664062,45.454140981038414,89.75946235656738,19.33994770050049,68.64121437072754,22.64741563796997,21.585452556610107,0.0075710842334752,0.0353693945917518,0.0170352505910719,0.08487687313074468,0.006189516951945732,0.008451155032386809,0.0704225712472549,0.029892898843064966,0.08921430629767507,0.018130968319315273,0.03619931214320099,0.03505056294903098,0.07163243620999654,-0.011174887936240004,0.02608475365188882,0.038011088955778274,0.07,0.07,-0.1559084484237463,-0.1999999999999999,-0.1000000000000014,-0.010659540859834,0.046100592526157,0.0015376632893948,0,1,0,0,0,0.0154602505910719,0.0059960842334752,0.0357173707584185,0.006537493118612399,0.08522484929741135,0.06884757124725491,0.006876155032386809,0.030240875009731633,0.08956228246434174,0.01847894448598194,0.036547288309867657,0.035398539115697646,0.07198041237666321,-0.010826911769573337,0.026432729818555486,0.03835906512244494,0.0,0.0,0.0
2019-10-01,8083.830078125,5729.85986328125,3037.56005859375,31.100069046020508,339.4185791015625,134.8102264404297,59.678558349609375,1.71,-0.16,1.65,-0.4128696,0.0,1.625,0.9,257.155,8.2,3.6,1.1058,13.220000267028809,59.63130434782609,404.7085647583008,18.547782063484192,96.25064849853516,44.52154286702474,90.83626747131348,19.256860733032227,67.30243905385335,21.137883981068928,19.131139278411865,0.0422438814827519,0.0091289943647613,0.0202258421533174,0.046794771131299914,0.04779067892636312,0.03073886675676085,0.10497645421554583,0.042795698648741234,0.029409691092767976,-0.015513903833461396,0.036211743255349635,0.0023604025150358813,-0.0005153505170321428,-0.040653474962180546,-0.025689278860746175,-0.07712429197770766,0.11,0.01,-0.2057464660174317,-0.2,0.0,0.004259374784287,-0.0458805072223267,0.0028232930540426,0,1,0,0,0,0.0188508421533174,0.0408688814827519,0.0094730523647613,0.04813473692636312,0.047138829131299916,0.10360145421554583,0.029363866756760847,0.043139756648741236,0.029753749092767977,-0.015169845833461397,0.036555801255349636,0.0027044605150358812,-0.00017129251703214282,-0.040309416962180544,-0.025345220860746174,-0.07678023397770767,0.0,0.0,0.0
2019-11-01,8403.6796875,5905.169921875,3140.97998046875,33.863929748535156,361.4254455566406,142.8263702392578,64.30686950683594,1.81,-0.02,1.54,-0.4012857,0.0,1.625,1.2,257.879,8.2,3.6,1.1051,12.619999885559082,62.68666666666667,425.5495414733887,20.126867532730103,99.26139373779297,47.447218577067055,93.38275527954102,19.147886594136555,68.17194652557373,20.474418481190998,19.833608627319336,0.0388038881744279,0.0301371514090804,0.0334802660713781,0.08514038938684526,0.06282169165128854,0.05776163899582163,0.07469366152774162,0.043212390092433356,0.07569751739031988,0.028069302370692422,0.06776282076298422,0.02642887699028848,-0.015571153898858906,0.0018609567039679573,-0.01783973709942644,0.03673528163310699,0.14,0.1,-0.0464480065775423,0.2999999999999999,0.0,-0.0006332263090959,0.0499680952648127,0.0028114667260625,0,1,0,0,0,0.0321969327380448,0.0375205548410946,0.0304715561590804,0.06315609640128854,0.08547479413684526,0.07341032819440829,0.0564783056624883,0.04354679484243336,0.07603192214031988,0.02840370712069242,0.06809722551298422,0.02676328174028848,-0.015236749148858907,0.0021953614539679572,-0.01750533234942644,0.037069686383106995,0.0,0.0,0.0
2019-12-01,8733.0703125,5978.06005859375,3230.780029296875,35.099693298339844,369.6005554199219,148.78929138183594,70.65933227539062,1.86,0.04,1.54,-0.3947,0.0,1.625,1.6,258.63,8.2,3.6,1.1114,13.779999732971191,65.34818181818181,433.71475982666016,21.06195878982544,98.09613647460938,48.667463302612305,93.02219772338867,19.610309918721516,65.98473167419434,20.127705097198486,19.47277069091797,0.0384473367905339,0.0122678852477288,0.0281887562985421,0.03584196379576225,0.022367058554592086,0.04090145489143465,0.09420373127055234,0.022549446410094053,0.04380732387414109,-0.001452818846628934,0.037839334412587806,0.01056614165378129,0.018341455227756032,-0.019272905857709025,-0.009315015811154324,-0.05162453717541119,0.06,0.05,0.0879353981626658,0.4000000000000001,0.0,0.0056846532510843,0.0415808452863259,0.0029079862276493,0,1,0,0,0,0.0269054229652088,0.0371640034572005,0.0125968019143955,0.022695975221258755,0.03617088046242892,0.09292039793721901,0.03961812155810132,0.02287836307676072,0.04413624054080775,-0.0011239021799622675,0.03816825107925447,0.010895058320447957,0.0186703718944227,-0.018943989191042357,-0.008986099144487657,-0.051295620508744526,0.0,0.0,0.0
2020-01-01,8991.509765625,5806.33984375,3225.52001953125,31.920589447021484,352.7356262207031,160.6112518310547,74.47567749023438,1.76,-0.01,1.52,-0.3911364,0.0,1.625,1.7,259.127,8.2,3.6,1.1098,18.84000015258789,63.89869565217391,423.51001739501953,19.636757254600525,101.38464965820313,50.73641586303711,91.3431282043457,19.622852961222332,64.89592774709065,17.90314022699992,19.24536418914795,0.0291637679616199,-0.0291457133265965,-0.0016294196024425,-0.09494115369811701,-0.04670400040294058,0.07645570698366883,0.05260240337755891,-0.03130114215448239,-0.06288595679091641,0.030135270755057498,0.05058718761813938,-0.020862418461633173,0.03342210670427673,-0.005132869731646374,-0.07264226985858334,-0.016256030094222218,-0.05,-0.1,0.3127640310398476,0.0999999999999998,0.0,-0.00144066295402,-0.0224306686210384,0.0019198201188972,0,1,0,0,0,-0.0028960862691092,0.0278971012949532,-0.0288197663265965,-0.04637805340294058,-0.09461520669811702,0.05133573671089224,0.07518904031700216,-0.03097519515448239,-0.06256000979091642,0.030461217755057498,0.05091313461813938,-0.020536471461633173,0.03374805370427673,-0.004806922731646374,-0.07231632285858335,-0.015930083094222218,0.0,0.0,0.0
2020-02-01,8461.830078125,5309.89990234375,2954.219970703125,29.090290069580078,330.9183044433594,153.27320861816406,65.93318176269531,1.5,-0.18,1.52,-0.40885,0.0,1.625,1.6,259.25,7.8,3.5,1.0911,40.11000061035156,55.691,394.06232833862305,17.47352635860443,89.65762786865234,45.68887837727865,85.33143997192383,18.057496070861816,59.975554784139,14.862167199452719,17.145861625671387,-0.0607153012022995,-0.0893774127944047,-0.0878595369083877,-0.09284679488567248,-0.06384731158012028,-0.04676485406387207,-0.12183076376829009,-0.06806744906174747,-0.12202358040422356,-0.11134020756657612,-0.08606731021864698,-0.06102838368916463,-0.06770422814657072,-0.05748325936592389,-0.12416095557496647,-0.09203623984239333,-0.1699999999999999,-0.26,0.7556434177515419,-0.0999999999999998,-0.3999999999999994,-0.0169934572307477,-0.1374803948605869,0.0004745581007963,0,1,0,0,0,-0.0891262035750544,-0.0619819678689662,-0.0890367044610714,-0.06350660324678695,-0.09250608655233915,-0.12309743043495676,-0.048031520730538735,-0.06772674072841414,-0.12168287207089024,-0.11099949923324279,-0.08572660188531366,-0.06068767535583129,-0.06736351981323739,-0.057142551032590555,-0.12382024724163314,-0.09169553150906,0.0,0.0,0.0
2020-03-01,7813.5,4396.1201171875,2584.590087890625,18.27735137939453,302.0070495605469,149.2051239013672,61.33360290527344,0.87,-0.05,0.29,-0.4166364,0.0,0.125,0.8,258.076,7.6,4.4,1.1046,53.540000915527344,33.94727272727273,380.03178787231445,11.262715935707092,65.25658493041992,37.35158602396647,73.0484676361084,14.765937010447184,53.77819856007894,11.391573429107666,13.470250844955444,-0.0797124646442073,-0.188850623924394,-0.1336677246703745,-0.4647417801006573,-0.09142117052472182,-0.026899976526722956,-0.07231396754508095,-0.04016189318798186,-0.43473574595277664,-0.3078178773232544,-0.16876507210862235,-0.13569233177324416,-0.27137599119950484,-0.09600372370119796,-0.19153170696521996,-0.19129881584737976,0.13,-0.63,0.2888033601931781,-0.8,-0.2000000000000001,0.0122969168060341,-0.4950100352467022,-0.0045387319229055,0,0,1,1,1,-0.1339093913370411,-0.079954131310874,-0.188503426924394,-0.09107397352472182,-0.4643945831006573,-0.07255563421174761,-0.027141643193389624,-0.03981469618798186,-0.4343885489527766,-0.30747068032325436,-0.16841787510862236,-0.13534513477324417,-0.2710287941995048,-0.09565652670119797,-0.19118450996521996,-0.19095161884737977,0.0,0.0,0.0
2020-04-01,9000.509765625,4572.18017578125,2912.429931640625,19.051362991333008,314.4995422363281,169.54566955566406,70.86324310302734,0.66,0.06,0.14,-0.25405,0.0,0.125,0.4,256.032,7.6,14.8,1.0871,34.150001525878906,26.84863636363636,395.67811584472656,11.408430337905884,65.22072525024414,41.018943786621094,82.72941589355469,14.304818948109945,57.367122968037926,12.028830369313559,13.849775075912476,0.1414282094859808,0.0392677933130974,0.1194208387601767,0.04147598330457533,0.04053226059292135,0.12780029775304166,0.14442400201782377,0.04410899077830013,0.019563753006926584,-0.004783735444982484,0.09104976972521539,0.12172950349610949,-0.007670347410136814,0.02726144507927016,0.038932164009458065,0.01896940611727531,0.11,-0.2099999999999999,-0.4496664244936177,-0.4,0.0,-0.0159696782571325,-0.2345934862752843,-0.0079516785190181,0,0,1,1,1,0.11930417209351,0.1413115428193141,0.0394795016464307,0.04074396892625468,0.04168769163790866,0.1443073353511571,0.127683631086375,0.044320699111633464,0.01977546134025992,-0.00457202711164915,0.09126147805854873,0.12194121182944283,-0.007458639076803481,0.027473153412603493,0.039143872342791396,0.019181114450608643,0.0,0.0,0.0
2020-05-01,9555.5302734375,4695.43994140625,3044.31005859375,21.429880142211914,334.6214599609375,173.85061645507812,76.89328002929688,0.67,-0.03,0.13,-0.27195,0.0,0.125,0.4,255.802,6.9,13.2,1.0907,27.51000022888184,32.42238095238095,420.99094009399414,11.921207666397095,68.09064712524415,43.60475540161133,84.67182922363281,14.815299193064371,57.22740777333578,12.736026604970297,13.1495943069458,0.0598388567535362,0.0266016588279896,0.0442865329490969,0.11764756936452991,0.0620173020504043,0.02507407691419944,0.08166662071462623,0.04562144375563071,0.03147861263649392,0.03968901565036248,0.045534921056477384,0.022258201197206357,0.043702692026447526,-0.002763690971773336,0.04308246547988204,-0.04378337808787002,-0.09,0.01,-0.2162130474420305,0.0,-0.6999999999999993,0.0033060917247425,0.1886339219980866,-0.0008987289452484,0,0,1,1,1,0.0441781996157635,0.0597305234202028,0.0268282838279896,0.0622439270504043,0.11787419436452991,0.0815582873812929,0.024965743580866107,0.04584806875563071,0.031705237636493924,0.03991564065036248,0.045761546056477385,0.02248482619720636,0.04392931702644753,-0.002537065971773336,0.04330909047988204,-0.04355675308787002,0.0,0.0,0.0
2020-06-01,10156.849609375,4935.990234375,3100.2900390625,23.499452590942383,348.45245361328125,193.07144165039062,88.22630310058594,0.73,-0.04,0.16,-0.376,0.0,0.125,0.2,257.042,7.3,11.0,1.1259,30.43000030517578,40.86045454545455,432.9187240600586,13.214062571525574,72.28239593505859,47.6812318166097,85.2277717590332,15.207751433054606,57.29092184702555,13.502819538116455,14.384685277938843,0.061028243138112,0.0499614956418394,0.0182213743567191,0.09219091039708524,0.040501866705744384,0.10486388005308615,0.13748665279040959,0.040451759013993026,0.10157227483315201,0.06015308304213919,0.0726504649279308,0.010990311456443948,0.02683758273886792,0.007511132617165187,0.04243066910922521,0.06046414259303927,-0.01,0.0599999999999999,0.1008793906812259,-0.2,0.3999999999999994,0.0317630238743875,0.2313137593264418,0.0048357879450016,0,0,1,1,1,0.0180880410233858,0.0608949098047787,0.0502748289751727,0.040815200039077716,0.09250424373041857,0.13735331945707624,0.10473054671975282,0.04076509234732636,0.10188560816648534,0.06046641637547252,0.07296379826126413,0.011303644789777282,0.027150916072201253,0.007824465950498521,0.04274400244255854,0.0607774759263726,0.0,0.0,0.0
2020-07-01,10905.8798828125,4783.68994140625,3271.1201171875,22.6656494140625,329.3795471191406,194.4945068359375,102.79524230957031,0.62,-0.15,0.13,-0.4441304,0.0,0.125,0.9,258.352,8.6,10.2,1.1488,24.459999084472656,43.29565217391304,414.1346893310547,12.42380678653717,68.58637390136718,49.827109018961586,83.51453399658203,14.47906462351481,58.36329301198324,12.656857013702393,13.553430318832397,0.0711537663315869,-0.0313411051829721,0.0536368016345058,-0.03612659016679834,-0.05629106487157797,0.007343635768162706,0.152833931266004,-0.0346261630878261,-0.0658586876335125,-0.06106661242489773,0.019481692826335977,-0.020772310342267553,-0.03069787136878976,-0.006344279902349499,-0.046991156284199864,-0.06350674060414331,-0.1099999999999999,-0.1099999999999999,-0.2183898811082065,0.7,1.2999999999999998,0.020135203484875,0.0578895044908693,0.005083500471799,0,0,1,1,1,0.0535284683011725,0.0710454329982535,-0.0309709965163054,-0.055920956204911304,-0.03575648150013167,0.15272559793267068,0.007235302434829372,-0.034256054421159435,-0.06548857896684585,-0.06069650375823106,0.019851801493002644,-0.020402201675600886,-0.030327762702123093,-0.005974171235682833,-0.0466210476175332,-0.06313663193747665,0.0,0.0,0.0
2020-08-01,12110.7001953125,4947.22021484375,3500.31005859375,24.293397903442383,352.775146484375,214.47921752929688,125.05753326416016,0.65,-0.17,0.1,-0.4797143,0.0,0.125,0.2,259.316,9.0,8.4,1.1831,26.40999984741211,45.08142857142857,433.5866928100586,13.05703604221344,73.93354568481445,52.4348398844401,82.04073715209961,15.194593747456869,57.28252410888672,14.143996397654215,14.155483961105347,0.1047872929094854,0.0336136431117124,0.0677190830043573,0.06935408550584143,0.06862015068266877,0.09780892552790152,0.1960348266108689,0.04001066836827955,0.04554284934655322,0.0764204503661979,0.04628145034670414,-0.021669194840984923,0.04426414267893877,-0.015345874051285282,0.08052077561731083,0.007204750899293955,-0.02,0.03,0.0767036277019319,-0.7,0.4000000000000003,0.0294201929656573,0.0404181600850463,0.0037243990909825,0,0,1,1,1,0.067635749671024,0.1047039595761521,0.034013405028379,0.06901991259933545,0.0697538474225081,0.19595149327753558,0.09772559219456818,0.04041043028494622,0.045942611263219885,0.07682021228286458,0.046681212263370804,-0.021269432924318255,0.04466390459560544,-0.014946112134618616,0.0809205375339775,0.007604512815960621,0.0,0.0,0.0
2020-09-01,11418.0595703125,4803.43994140625,3363.0,20.5794620513916,358.7026672363281,200.02401733398438,112.2358627319336,0.68,-0.21,0.11,-0.4913636,0.0,0.125,0.0,259.997,9.0,7.8,1.1785,26.3700008392334,41.92681818181818,450.6700248718262,11.285347819328308,69.33235549926758,51.04955800374349,83.99197769165039,13.957358519236246,55.37191295623779,13.486280918121338,13.745150089263916,-0.0588931007331827,-0.0294935303814234,-0.040018119983178,-0.16591103153929435,0.01666294517373429,-0.06977539969069102,-0.10817132331659449,0.0350747995521946,-0.14166232795468212,-0.06705631386406988,-0.0003305981765657773,0.020448302887583723,-0.0716592356027877,-0.011762274320884683,-0.034208793922816616,-0.03646878997592674,-0.0399999999999999,0.03,-0.0015156883408811,-0.2,0.0,-0.0038956688834312,-0.0725447041098208,0.0026226972571725,0,0,1,1,1,-0.0401097866498447,-0.0589847673998494,-0.0290840607147567,0.017072414840400955,-0.16550156187262768,-0.10826298998326116,-0.06986706635735769,0.03548426921886127,-0.14125285828801545,-0.06664684419740322,7.88714901008894e-05,0.02085777255425039,-0.07124976593612103,-0.011352804654218016,-0.03379932425614995,-0.03605932030926007,0.0,0.0,0.0
2020-10-01,11052.9501953125,4594.240234375,3269.9599609375,19.835344314575195,361.30712890625,192.54913330078125,105.50033569335938,0.79,-0.3,0.1,-0.5091364,0.0,0.125,0.1,260.319,8.3,6.9,1.1768,38.02000045776367,41.60681818181818,455.684383392334,10.706004858016968,68.19182510375977,47.02557373046875,76.54413414001465,12.328555742899576,53.77466360727946,13.282437483469645,14.86186957359314,-0.0324988964262645,-0.0445289197271398,-0.0280556922855541,-0.03682817792045693,0.007234548872463369,-0.0380860869218142,-0.06188843937039491,-0.0002557521615456143,-0.05987168134912005,-0.026203969626854673,-0.06403778145286236,-0.09374266798301065,-0.11983209437604052,-0.052961558950581,-0.011098122679933028,0.0790243594334116,-0.09,0.1099999999999999,0.3658853169098544,0.1,-0.6999999999999993,-0.001443553088958,-0.0076616218154503,0.0012377095499918,0,0,1,1,1,-0.0281390256188874,-0.0325822297595978,-0.0441046393938065,0.007658829205796702,-0.0364038975871236,-0.061971772703728244,-0.03816942025514753,0.00016852817178771907,-0.059447401015786716,-0.02577968929352134,-0.06361350111952903,-0.09331838764967731,-0.11940781404270719,-0.05253727861724767,-0.010673842346599694,0.07944863976674493,0.0,0.0,0.0
2020-11-01,12268.3203125,5518.5498046875,3621.6298828125,28.54549217224121,433.6942443847656,204.11376953125,115.57490539550781,0.87,-0.32,0.09,-0.5208571,0.0,0.125,0.2,260.911,8.1,6.7,1.1826,20.56999969482422,44.05,503.46864318847656,15.355013012886047,87.67601928710937,54.761931737264,86.02682495117188,15.926008860270182,61.48753515879313,17.484903812408447,18.42158055305481,0.1043229771747483,0.1833117132586909,0.1021464279066001,0.364033618489209,0.18261141056902733,0.05832617308515396,0.09120471648033493,0.11483057257695026,0.3589711604395588,0.2608935632839538,0.14773672443574506,0.11199460402551896,0.22949168023100505,0.10003654922559128,0.19020104421131878,0.1702351330353417,-0.02,0.0799999999999999,-0.6142786602714567,0.1,-0.200000000000001,0.0049165140995017,0.0570612999434807,0.0022715509642852,0,0,1,1,1,0.1020714279066001,0.1042479771747482,0.1837457608420242,0.18304545815236067,0.36446766607254233,0.09112971648033492,0.058251173085153964,0.11526462016028359,0.3594052080228921,0.2613276108672871,0.1481707720190784,0.11242865160885229,0.2299257278143384,0.10047059680892462,0.19063509179465213,0.17066918061867506,0.0,0.0,0.0
2020-12-01,12888.2802734375,5551.41015625,3756.070068359375,28.638500213623047,460.7494201660156,212.07534790039062,128.81674194335938,0.93,-0.34,0.09,-0.5380909,0.0,0.125,0.0,262.045,7.9,6.7,1.2168,22.75,50.37695652173913,523.6550064086914,15.510947227478027,86.15802001953125,57.795223236083984,86.92045593261719,16.024925867716473,61.071370442708336,18.196897983551025,19.306836128234863,0.0492980369856848,0.0059368684612847,0.0364490478405915,0.003252942633630501,0.06051455829877901,0.038264093980208844,0.10847193793638334,0.032282605680250695,0.019408340662807506,-0.017806567465773797,0.02549156889684764,-0.007282957982842338,0.011830754702133036,0.003010312746982191,0.024799275684968536,0.011067547582124034,-0.02,0.06,0.1007314565680577,-0.2,-0.1999999999999993,0.0285090575583535,0.134208506271662,0.0043368917362647,0,0,1,1,1,0.0363740478405915,0.0492230369856848,0.0063852775446181,0.06096296738211234,0.003701351716963834,0.10839693793638333,0.038189093980208845,0.032731014763584025,0.01985674974614084,-0.017358158382440463,0.025939977980180974,-0.006834548899509005,0.01227916378546637,0.0034587218303155243,0.02524768476830187,0.011515956665457367,0.0,0.0,0.0
2021-01-01,12925.3798828125,5399.2099609375,3714.239990234375,26.429407119750977,449.3862609863281,221.17169189453125,128.1080322265625,1.08,-0.31,0.08,-0.54715,0.0,0.125,0.8,262.639,8.1,6.4,1.2178,33.09000015258789,55.2247619047619,496.4113998413086,14.290471196174622,82.27095336914063,56.488897959391274,81.65827178955078,16.668338775634766,61.08742173512777,20.331552505493164,20.07777738571167,0.0028744187917861,-0.0277993383554023,-0.0111991376508885,-0.08027467760806274,-0.02497155071244405,0.04199766014663299,-0.005516879534933036,-0.05636614380027059,-0.08439542334751277,-0.04639515356292383,0.008804164663331065,-0.05311299485909949,0.04284912071429688,0.004060311833443757,0.33152175275971846,0.022407571290336978,0.03,0.15,0.3746659811478605,0.8,0.1999999999999993,0.0008214902293905,0.091877579276117,0.0022642209549799,0,0,1,1,1,-0.0112658043175551,0.0028077521251195,-0.027343380022069,-0.024515592379110718,-0.0798187192747294,-0.005583546201599702,0.04193099347996632,-0.05591018546693726,-0.08393946501417943,-0.045939195229590495,0.009260122996664398,-0.05265703652576616,0.043305079047630216,0.004516270166777091,0.3319777110930518,0.02286352962367031,0.0,0.0,0.0
2021-02-01,12909.4404296875,5703.22021484375,3811.14990234375,32.737789154052734,473.4653625488281,222.08245849609375,117.89631652832031,1.26,-0.15,0.04,-0.5411,0.0,0.125,0.8,263.573,8.2,6.2,1.2094,27.950000762939453,62.3625,520.881233215332,17.64707887172699,88.9698699951172,60.57978439331055,89.08414077758789,17.413000106811523,62.06080436706543,21.456483523050945,22.281719207763672,-0.0012339513071655,0.0547783259522049,0.0257568766725366,0.21405274602696883,0.05219597061451878,0.004109461276275938,-0.08306834500339798,0.03876914909147324,0.21028018849102736,0.08286230372934425,0.036928572351955784,0.06272370291578806,0.016360417641319427,0.023157854345461287,0.05746343221520009,0.055289457150746346,0.16,0.1799999999999999,-0.1688138996471306,0.0,0.0999999999999996,-0.0069215833353611,0.1215526952571881,0.0035499037682198,0,0,1,1,1,0.0257235433392033,-0.0012672846404989,0.0552292426188716,0.052646887281185446,0.2145036626936355,-0.08310167833673131,0.004076127942942605,0.03922006575813991,0.21073110515769403,0.08331322039601091,0.03737948901862245,0.06317461958245472,0.016811334307986092,0.023608771012127952,0.05791434888186676,0.055740373817413015,0.0,0.0,0.0
2021-03-01,13091.4404296875,6067.22998046875,3972.889892578125,34.46852111816406,512.3345336914062,225.32228088378906,118.76162719726562,1.61,-0.07,0.03,-0.539087,0.0,0.125,1.4,264.847,8.2,6.1,1.1902,19.39999961853028,65.79608695652173,555.1959838867188,18.905386805534363,92.27079467773437,64.97158368428548,94.06829833984375,17.78656307856242,63.60376739501953,22.526523272196453,23.981668710708618,0.0139997543573234,0.0618711897384658,0.0415628072825466,0.05151643386348775,0.07889903979737585,0.014482989265010198,0.007312786644670529,0.0734025531430453,0.07278187555609497,0.036341047107009083,0.054243815759097126,0.06690489389932275,0.010642804704440236,0.03981514966017969,0.08031793927647811,0.08257195129452072,0.0799999999999999,0.3500000000000001,-0.3651441804917947,0.5999999999999999,0.0,-0.0160030086283609,0.053596234629909,0.0048219312988999,0,0,1,1,1,0.0415378072825466,0.0139747543573234,0.0623204289051325,0.07934827896404252,0.05196567303015441,0.007287786644670529,0.014457989265010197,0.07385179230971196,0.07323111472276164,0.03679028627367575,0.05469305492576379,0.06735413306598942,0.011092043871106903,0.04026438882684635,0.08076717844314478,0.08302119046118739,0.0,0.0,0.0
2021-04-01,13860.759765625,6269.47998046875,4181.169921875,35.47175216674805,568.36962890625,241.0050811767578,127.8133773803711,1.64,-0.01,0.02,-0.53815,0.0,0.125,1.6,266.625,8.2,6.1,1.1965,18.61000061035156,65.53181818181818,614.2366638183594,19.614283323287964,95.93592071533203,67.38888740539551,95.04308319091797,18.29749298095703,66.71917724609375,20.846412658691406,24.638850212097168,0.0571031950711629,0.0327912584536221,0.0510973304680564,0.02869018995964692,0.1037941643967325,0.06728628014978381,0.07345285944156647,0.09623843446628645,0.03925619696354648,0.038337354656895,0.021172351225557672,0.01598590939530195,0.04556780318184189,0.03616171215656553,-0.07417561566454751,0.009755349013143805,0.06,0.0299999999999998,-0.0415739429547685,0.2000000000000001,0.0,0.0052792681376762,-0.0040245693575222,0.0066908760314525,0,0,1,1,1,0.0510806638013897,0.0570865284044962,0.0332397167869555,0.10424262273006583,0.02913864829298025,0.07343619277489981,0.06726961348311715,0.09668689279961978,0.03970465529687981,0.03878581299022833,0.021620809558891004,0.016434367728635282,0.046016261515175225,0.03661017048989886,-0.07372715733121418,0.01020380734647714,0.0,0.0,0.0
2021-05-01,13686.509765625,6447.169921875,4204.10986328125,37.85325241088867,591.7869873046875,239.16680908203125,121.35916900634766,1.62,0.21,0.02,-0.5400952,0.0,0.125,1.8,268.404,8.0,5.8,1.2146,16.760000228881836,68.3752380952381,671.95263671875,20.90958309173584,97.0404556274414,67.03970209757487,98.25282287597656,18.600181261698406,70.02827803293864,22.04955991109212,25.3004207611084,-0.0126511503347947,0.0279478492358176,0.0054714927167232,0.06498023902471835,0.040374789203133456,-0.0076567625589550724,-0.051816723130298906,0.08528800741961189,0.05408271513832461,0.01346270263770224,-0.012063602043226216,0.03345675257346536,0.0162695242348255,0.049218230741330006,0.07839780410740683,0.01788764881131234,0.22,-0.0199999999999997,-0.1047039947407548,0.1999999999999999,-0.1999999999999993,0.0150141761150469,0.0424749444738061,0.0066501313246192,0,0,1,1,1,0.0054548260500566,-0.0126678170014614,0.0283979285691509,0.04082486853646679,0.06543031835805169,-0.05183338979696557,-0.007673429225621739,0.08573808675294523,0.054532794471657944,0.013912781971035574,-0.011613522709892882,0.03390683190679869,0.016719603568158832,0.04966831007466334,0.07884788344074017,0.01833772814464567,0.0,0.0,0.0
2021-06-01,14554.7998046875,6507.830078125,4297.5,35.83350372314453,600.2281494140625,259.49334716796875,133.386962890625,1.52,0.15,0.04,-0.5429091,0.0,0.125,1.9,270.71,7.9,5.9,1.2048,15.829999923706056,73.51272727272728,691.4857025146484,19.85072648525238,96.83624267578125,71.47716013590495,104.93887329101562,18.622032006581623,72.22641944885254,22.78111394246419,25.35621404647827,0.0615101636323669,0.0093648166071682,0.0219708725661224,-0.0548335911924413,0.014163080571617939,0.08156981072922438,0.09449991157714283,0.02074165923271749,-0.04855331433667326,-0.0020543200698469903,0.05176133924041006,0.05421001943467938,-0.012030875934476411,0.016155923325565275,0.0305584028955924,-0.011435338396192776,-0.06,-0.1,-0.0570882396370295,0.0999999999999998,-0.0999999999999996,-0.0081012264178456,0.0724478084681097,0.0085548290852015,0,0,1,1,1,0.0219375392327891,0.0614768302990335,0.0098172408571682,0.014615504821617938,-0.0543811669424413,0.0944665782438095,0.08153647739589105,0.02119408348271749,-0.04810089008667326,-0.0016018958198469903,0.05221376349041006,0.05466244368467938,-0.011578451684476411,0.016608347575565275,0.0310108271455924,-0.010982914146192777,0.0,0.0,0.0
2021-07-01,14959.900390625,6612.759765625,4395.259765625,34.8710823059082,611.6644897460938,272.91339111328125,142.0548095703125,1.32,-0.01,0.05,-0.5448182,0.0,0.125,1.5,271.965,7.9,5.4,1.1821,18.239999771118164,74.40318181818182,715.33203125,19.66642451286316,98.79373016357422,80.60960515340169,105.90851974487305,18.768500010172527,72.81907176971436,22.332379976908367,24.984302759170532,0.0274524914418967,0.0159950011152759,0.0224931759222513,-0.02722541543581548,0.018874080852770547,0.050423431022002585,0.06295856676844833,0.029796583330600444,-0.003592174111670123,0.017789519205654716,0.1224966614087833,0.0027364055071559847,0.005947827721047724,-0.003906284166113795,-0.020071750436735383,-0.01829248319537493,-0.16,-0.1999999999999999,0.1417101030244976,-0.3999999999999999,0.0,-0.019021060289298,0.0120401558965443,0.0046252443445462,0,0,1,1,1,0.0224515092555846,0.0274108247752301,0.0164490162819426,0.01932809601943721,-0.026771400269148815,0.06291690010178166,0.050381764355335916,0.03025059849726711,-0.003138158945003456,0.01824353437232138,0.12295067657544997,0.0031904206738226516,0.006401842887714391,-0.003452268999447128,-0.019617735270068718,-0.017838468028708265,0.0,0.0,0.0
2021-08-01,15582.509765625,6680.18017578125,4522.68017578125,36.416385650634766,568.9141845703125,289.7225036621094,148.0906219482422,1.28,-0.12,0.05,-0.5475909,0.0,0.125,2.4,272.752,7.8,5.1,1.1767,16.479999542236328,70.58818181818182,678.4314117431641,20.86303162574768,99.66517181396485,84.56210708618164,109.36764144897461,19.48126475016276,70.81990591684978,22.30766264597575,25.997976779937744,0.0407758022618265,0.0101438791678622,0.0285781431597925,0.04336093007345568,-0.07245430804222104,0.05976908476942248,0.04161143082109604,-0.049017503307230585,0.059789642035791415,0.0040736132666989115,0.05600876326575812,0.026062147377833387,0.04701036934362716,0.008464336688411097,0.007438803201454624,0.032987820349651434,-0.11,-0.04,-0.1014694753934355,0.8999999999999999,-0.1000000000000005,-0.0045786072864479,-0.0526359731541719,0.0028895758626878,0,0,1,1,1,0.0285364764931259,0.0407341355951598,0.0106002049178622,-0.07199798229222104,0.04381725582345568,0.041569764154429374,0.05972741810275581,-0.048561177557230585,0.060245967785791416,0.0045299390166989115,0.05646508901575812,0.026518473127833387,0.04746669509362716,0.008920662438411097,0.007895128951454623,0.033444146099651434,0.0,0.0,0.0
2021-09-01,14689.6201171875,6520.009765625,4307.5400390625,38.63526916503906,562.8329467773438,270.5663146972656,138.01502990722656,1.37,0.04,0.04,-0.5450455,0.0,0.125,2.7,273.942,7.7,4.7,1.1765,23.13999938964844,74.74954545454545,643.6600494384766,21.53763723373413,98.4092010498047,80.68285878499348,107.1972427368164,20.05157248179118,73.21025943756104,21.77414544423421,27.009934186935425,-0.0590079865139042,-0.0242690858744625,-0.0487377927828331,0.05914673964126742,-0.010746740420171399,-0.06840635671307749,-0.0704618052417588,-0.061229717231059126,0.01756907346338278,-0.010590821122390712,-0.037248894790587316,-0.028893371006075794,-0.0017093590599790778,-0.019354523801935208,-0.023636602779795315,0.009959187867133372,0.16,0.09,0.3394151986846547,0.3000000000000002,-0.0999999999999996,-0.000169981302466,0.0572803972328301,0.0043534477402582,0,0,1,1,1,-0.0487711261161665,-0.0590413198472376,-0.0238148812911292,-0.010292535836838066,0.05960094422460075,-0.07049513857509213,-0.06843969004641082,-0.06077551264772579,0.018023278046716114,-0.01013661653905738,-0.03679469020725398,-0.02843916642274246,-0.0012551544766457447,-0.018900319218601875,-0.023182398196461982,0.010413392450466704,0.0,0.0,0.0
2021-10-01,15850.4697265625,6830.33984375,4605.3798828125,40.349613189697266,614.65966796875,318.2648010253906,146.11058044433594,1.58,0.2,0.05,-0.5498095,0.0,0.125,3.2,276.528,7.5,4.5,1.16,16.260000228881836,83.8652380952381,714.02978515625,22.67548942565918,99.26943664550781,89.61116409301758,114.51399612426758,21.25361728668213,74.6840410232544,22.178710619608562,26.910619497299194,0.0760580057380232,0.0464985561158101,0.0668581752839893,0.043416240061527965,0.08808586486200591,0.16236651966054194,0.057001143731254034,0.09406423295765708,0.05831598896950904,0.004040031610885306,0.09792387956372266,0.05869326292831223,0.06452361643654349,0.00044778327290492803,0.02202964796450931,0.0016640562265776348,0.16,0.2099999999999999,-0.3528545771930202,0.5,-0.2000000000000001,-0.0141239240670069,0.115068070795874,0.0093956765093095,0,0,1,1,1,0.0668165086173226,0.0760163390713565,0.0469567306991434,0.08854403944533924,0.0438744146448613,0.056959477064587365,0.16232485299387528,0.09452240754099041,0.05877416355284237,0.00449820619421864,0.09838205414705599,0.05915143751164556,0.06498179101987682,0.0009059578562382613,0.02248782254784264,0.0021222308099109683,0.0,0.0,0.0
2021-11-01,16135.919921875,6721.16015625,4567.0,38.3843994140625,625.8846435546875,317.8565979003906,161.46417236328125,1.56,0.1,0.05,-0.5673636,0.0,0.125,3.4,278.824,7.5,4.1,1.1416,27.190000534057617,80.89045454545455,792.2036666870117,21.613726377487183,92.4926742553711,92.0571657816569,112.6400146484375,20.722283045450848,74.71515274047852,20.575481096903484,26.613972187042236,0.017848702310305,-0.0161136479152969,-0.0083686256552052,-0.04993069650643311,0.018097349431913046,-0.0012834128256658931,0.09991953977096098,0.0654749088096964,-0.051513140733599194,-0.08265748932898925,0.04023206375382652,-0.020375236009279353,-0.006265910868117088,-0.040505159284041636,-0.08599643942933467,-0.0029928515325492117,-0.1,-0.02,0.5141411600900336,0.1999999999999997,0.0,-0.0159892179377836,-0.0361153758550312,0.0082686767370576,0,0,1,1,1,-0.0084102923218719,0.0178070356436383,-0.0156408449152969,0.018570152431913046,-0.04945789350643311,0.09987787310429432,-0.0013250794923325598,0.0659477118096964,-0.05104033773359919,-0.08218468632898926,0.04070486675382652,-0.019902433009279352,-0.005793107868117088,-0.040032356284041636,-0.08552363642933468,-0.0025200485325492118,0.0,0.0,0.0
2021-12-01,16320.080078125,7153.02978515625,4766.18017578125,42.349666595458984,662.712158203125,323.3660583496094,173.44943237304688,1.47,0.05,0.06,-0.5819565,0.0,0.125,3.4,280.806,7.4,3.9,1.1301,17.219999313354492,74.67826086956522,783.5071716308594,23.554291486740112,101.72345886230468,95.29307428995769,119.09408187866211,22.81608772277832,78.32988516489665,22.471869468688965,27.528398752212524,0.0113484183320455,0.062275231193361,0.0426886481613966,0.0983094366818998,0.057174666744505574,0.01718465802545966,0.07160282574210576,0.017068813093321242,0.07561982749164929,0.09176609888665918,0.014915515008480831,0.05544294476784237,0.07921015632230956,0.06300794347849306,0.08955051326452135,0.029112848439706407,-0.05,-0.09,-0.4567778191613718,0.0,-0.0999999999999996,-0.0101246627965214,-0.0799067956820822,0.0070832810495469,0,0,1,1,1,0.0426386481613966,0.0112984183320455,0.062760194943361,0.05765963049450557,0.0987944004318998,0.07155282574210577,0.01713465802545966,0.017553776843321243,0.07610479124164929,0.09225106263665918,0.01540047875848083,0.055927908517842365,0.07969512007230956,0.06349290722849306,0.09003547701452135,0.029597812189706408,0.0,0.0,0.0
2022-01-01,14930.0498046875,6999.2001953125,4515.5498046875,43.903717041015625,658.7012939453125,299.00201416015625,170.7241973876953,1.76,0.31,0.15,-0.5601429,0.0,0.125,3.3,282.542,7.3,4.0,1.1317,24.82999992370605,85.62238095238095,710.9156875610352,24.885960578918457,99.09573364257812,86.02957026163737,111.68710708618164,24.4414545694987,72.46339321136475,24.016791343688965,28.110784769058228,-0.0890203088463035,-0.0217401284116673,-0.0540182299992834,0.036038438666235365,-0.006070585354871541,-0.07833467940874575,-0.01583672720572568,-0.08231035545500885,0.059223869932110026,-0.006206866255217794,-0.11556504728087454,-0.03473709871060869,0.05442655579719786,-0.01703127950097852,0.05842775399164099,0.05502285943010533,0.26,0.29,0.3659811373227235,-0.1,-0.1000000000000005,0.0014148026057906,0.1367576780617145,0.0061631726574544,0,0,1,1,1,-0.0541432299992834,-0.0891453088463035,-0.0212733426616673,-0.005603799604871541,0.03650522441623536,-0.01596172720572568,-0.07845967940874575,-0.08184356970500885,0.05969065568211002,-0.0057400805052177945,-0.11509826153087453,-0.034270312960608694,0.054893341547197855,-0.01656449375097852,0.05889453974164099,0.055489645180105324,0.0,0.0,0.0
2022-02-01,14237.8095703125,6658.830078125,4373.93994140625,36.59339904785156,601.5457763671875,287.87554931640625,161.49380493164062,1.93,0.68,0.33,-0.5315,0.0,0.125,4.2,284.525,7.3,3.9,1.1349,30.14999961853028,94.267,669.7040023803711,20.673937439918518,102.94265289306641,82.56685638427734,107.48175048828125,23.228798866271973,74.29786554972331,20.46465555826823,28.235114574432373,-0.0474748755830252,-0.0498520795385075,-0.0318627610217114,-0.18213111687717257,-0.09076752383208424,-0.03792204337372707,-0.055582591265925005,-0.05946986586935971,-0.17822904959013913,0.04855095952478974,-0.035549249665419246,-0.027360844066008232,-0.022731652377693482,0.024574896146368642,-0.13717850826910086,0.01805470240286876,0.37,0.1699999999999999,0.1941323140733755,0.9000000000000004,0.0,0.0028236143351974,0.0961844727188125,0.0069939110657575,0,0,1,1,1,-0.0321377610217114,-0.0477498755830252,-0.0494091628718408,-0.09032460716541757,-0.1816882002105059,-0.055857591265925,-0.03819704337372707,-0.059026949202693045,-0.17778613292347248,0.048993876191456405,-0.03510633299875258,-0.026917927399341565,-0.022288735711026814,0.02501781281303531,-0.1367355916024342,0.01849761906953543,0.0,0.0,0.0
2022-03-01,14838.490234375,6659.8701171875,4530.41015625,36.189212799072266,591.9743041992188,297.0478210449219,170.77542114257812,2.13,0.78,0.44,-0.4954348,0.0,0.375,5.1,287.467,7.4,3.7,1.1019,20.559999465942383,112.44,667.7144317626953,20.66772437095642,104.70424957275391,87.76705169677734,111.35877990722656,22.416271527608234,74.55071671803792,18.69161097208659,26.419607162475586,0.041323424493204,0.0001561772619494,0.0351482862715227,-0.011106784809481986,-0.0160394073320011,0.0313648731448004,0.055882584311231526,-0.013418608689947905,-0.004995580757389408,0.012633389189750655,0.04820107157600854,0.024504340234209807,-0.07494787164966636,0.009806812252844996,-0.09626393698961588,-0.04325065507710728,0.0999999999999999,0.1999999999999999,-0.3828374959094001,0.8999999999999995,0.1000000000000005,-0.0295085788133618,0.1762885646223821,0.0102869478727276,0,0,1,1,1,0.034781619604856,0.0409567578265374,0.0005690395952827,-0.015626544998667766,-0.010693922476148653,0.05551591764456486,0.030998206478133734,-0.013005746356614572,-0.0045827184240560745,0.013046251523083988,0.04861393390934187,0.02491720256754314,-0.07453500931633303,0.01021967458617833,-0.09585107465628255,-0.042837792743773945,0.0,0.0,0.0
2022-04-01,12854.7998046875,6533.77001953125,4131.93017578125,34.638641357421875,571.2135620117188,267.3824768066406,154.18788146972656,2.75,1.28,0.76,-0.4478947,0.0,0.375,5.4,288.582,7.5,3.7,1.0803,33.400001525878906,106.1557142857143,622.6049194335938,19.733161091804504,102.49662475585937,83.91635131835938,113.74466323852539,22.460216522216797,76.36801973978679,18.159037907918293,27.59088945388794,-0.1435072290811513,-0.019115867379476,-0.0920678249074223,-0.04379122430667709,-0.03570007511186263,-0.10521300870287079,-0.10217749833138307,-0.06470054996589225,-0.04711001610882208,-0.015642012163364343,-0.061514302730502436,0.03721853117063462,0.0013979046216050898,0.05305261309086077,-0.03235003423165685,0.04845130080986735,0.5,0.6200000000000001,0.4852085310562519,0.3000000000000007,0.0999999999999996,-0.0197971821707921,-0.0575127271597812,0.0038712032916254,0,0,1,0,0,-0.0927011582407556,-0.1441405624144847,-0.0187426217961427,-0.035326829528529294,-0.043417978723343756,-0.1028108316647164,-0.10584634203620412,-0.06432730438255892,-0.04673677052548875,-0.01526876658003101,-0.0611410571471691,0.03759177675396795,0.0017711502049384232,0.0534258586741941,-0.03197678864832352,0.048824546393200684,0.0,0.0,0.0
2022-05-01,12642.099609375,6468.7998046875,4132.14990234375,39.726009368896484,550.6516723632812,262.5489501953125,145.7852325439453,2.9,1.52,0.98,-0.3857273,0.0,0.875,5.8,291.299,7.5,3.6,1.0567,26.190000534057617,112.1136363636364,595.4741897583008,21.80761969089508,99.12490844726562,78.69124348958333,109.65444564819336,24.406804084777832,71.60000069936116,19.427425702412922,25.001704216003418,-0.0166847839936233,-0.0099935253474923,5.317629076062466e-05,0.13703625986703097,-0.036660718083642116,-0.018242589176253047,-0.056037339612416505,-0.038262670856032875,0.0892387572630944,-0.03303491216454975,-0.039829198734744116,-0.024595316044884297,0.06424937999088937,-0.05130266125081934,0.06845474121334409,-0.047482611947853706,0.24,0.1499999999999999,-0.2431782667563689,0.3999999999999994,0.0,-0.0220879358759542,0.0546059484369276,0.0093709567401312,0,0,1,0,0,-0.000763490375906,-0.01750145066029,-0.0096720859308257,-0.03633927866697545,0.13735769928369765,-0.05685400627908317,-0.019059255842919714,-0.03794123143936621,0.08956019667976106,-0.03271347274788308,-0.03950775931807745,-0.02427387662821763,0.06457081940755603,-0.05098122183415267,0.06877618063001076,-0.04716117253118704,0.0,0.0,0.0
2022-06-01,11503.7197265625,5922.85986328125,3785.3798828125,33.93278503417969,536.35986328125,248.02462768554688,133.9139862060547,3.14,2.06,1.49,-0.2392273,0.0,1.625,6.5,295.072,7.4,3.6,1.0567,28.709999084472656,117.6927272727273,577.3507843017578,18.826976776123047,92.51127777099609,70.63396644592285,105.14110946655273,22.11984650293986,68.73876476287842,17.141469955444336,23.28375816345215,-0.0943620457081028,-0.0881711724497261,-0.0876515818048179,-0.15762446381916922,-0.026297113167270198,-0.056909495163334343,-0.08493682887389274,-0.025684762873805833,-0.14650263416582687,-0.06837026351749532,-0.13650896487125977,-0.039945463975046384,-0.10920176270836007,-0.05340259430272673,-0.13113765251740242,-0.044286687653548346,0.54,0.2400000000000002,0.0918677833328938,0.7000000000000002,-0.0999999999999996,0.0,0.0485642546655009,0.0128691632842929,0,0,1,0,0,-0.0888932484714845,-0.0956037123747695,-0.0879718163663927,-0.026097757083936864,-0.1574251077358359,-0.08617849554055941,-0.05815116183000101,-0.0254854067904725,-0.14630327808249355,-0.06817090743416199,-0.13630960878792645,-0.03974610789171305,-0.10900240662502673,-0.0532032382193934,-0.1309382964340691,-0.044087331570215015,0.0,0.0,0.0
2022-07-01,12947.9697265625,6448.5,4130.2900390625,34.40776443481445,622.3876342773438,271.1148986816406,159.17466735839844,2.9,1.71,2.23,0.036619,0.5,2.375,6.8,294.94,7.3,3.5,1.0168,21.32999992370605,105.2528571428571,687.0979156494141,19.348559737205505,103.5485824584961,81.6218376159668,109.83007049560547,22.806816418965656,73.81773726145427,19.43719259897868,26.070007801055908,0.1182685604302139,0.0850281283606694,0.0872013846897158,0.013900592035516813,0.1487577823501738,0.08901466498227052,0.1728044362513402,0.15281265855507992,0.03049407556866168,0.11183949694411302,0.1681596078156332,0.036840946633528854,0.05722254768012649,0.030975678734328962,0.13363022735743244,0.021958899127894296,-0.3500000000000001,-0.2400000000000002,-0.2971309333377543,0.2999999999999998,-0.1000000000000005,-0.0384904035717408,-0.1117116035365164,-0.0004474485339365,0,0,1,0,0,0.0853430513563825,0.1164102270968806,0.084997612527336,0.14872726651684048,0.01387007620218348,0.17094610291800688,0.08715633164893719,0.1527821427217466,0.030463559735328345,0.11180898111077969,0.16812909198229986,0.03681043080019552,0.057192031846793154,0.030945162900995627,0.1335997115240991,0.02192838329456096,0.0,0.0,0.5
2022-08-01,12272.0302734375,6125.10009765625,3955.0,34.77054214477539,597.0311889648438,253.04148864746094,154.20712280273438,2.9,1.69,2.63,0.3947391,0.5,2.375,6.6,295.162,7.2,3.6,1.0129,25.8700008392334,97.64304347826088,650.5094833374023,19.743776559829712,97.91461486816407,76.17162322998047,102.0716323852539,22.416566212972004,71.20650959014893,18.43743896484375,24.764343738555908,-0.0536162864904103,-0.0514524468505651,-0.0433670306634054,0.010488288987732033,-0.0415937500103129,-0.06898924936845548,-0.03170548407679864,-0.06316386880765651,0.022911686977971923,-0.05286468814499068,-0.06895993683864188,-0.09458792571720528,-0.029064951447799386,-0.02228550895799176,-0.0529859921435222,-0.026280755356679907,-0.02,0.0,0.1929694997319258,-0.2000000000000001,-0.0999999999999996,-0.0038429371824928,-0.0750472030013433,0.0007524123303204,0,0,1,0,0,-0.0455586973300721,-0.0558079531570769,-0.0517813961005651,-0.041922699260312904,0.010159339737732033,-0.03389715074346531,-0.07118091603512214,-0.06349281805765651,0.022582737727971924,-0.05319363739499068,-0.06928888608864188,-0.09491687496720529,-0.029393900697799385,-0.02261445820799176,-0.0533149413935222,-0.026609704606679906,0.5,0.0,0.0
2022-09-01,10971.2197265625,5762.33984375,3585.6201171875,32.61631774902344,562.8228759765625,225.39244079589844,135.5516357421875,3.52,2.41,3.13,1.0108636,1.25,3.125,6.2,296.421,7.1,3.5,0.9899,31.6200008392334,90.60818181818182,613.2236557006836,18.49078607559204,91.51055450439453,72.19250297546387,96.45534896850586,21.236464818318684,70.9097998936971,17.65390904744466,24.496183395385742,-0.1120472559147962,-0.0610514836768536,-0.0980491666209925,-0.06395783062206921,-0.05900438371147429,-0.11571039783033898,-0.1289440087216463,-0.06063923737445099,-0.07054982762285922,-0.07152327222247376,-0.06458892521996647,-0.05428569371525227,-0.053117175518996,-0.06901445590647795,-0.05130533627317882,-0.042428782669108475,0.7200000000000002,0.6200000000000001,0.2007058296841992,-0.3999999999999994,-0.1000000000000005,-0.0229688547669896,-0.0747738994276714,0.004256382961489,0,0,1,0,0,-0.1006574999543259,-0.1146555892481295,-0.0618938700101869,-0.05984677004480762,-0.06480021695540254,-0.13155234205497962,-0.11831873116367232,-0.06148162370778432,-0.07139221395619255,-0.0723656585558071,-0.0654313115532998,-0.055128080048585604,-0.053959561852329335,-0.06985684223981128,-0.052147722606512154,-0.04327116900244181,0.5,0.5,0.75
2022-10-01,11405.5703125,6266.77001953125,3871.97998046875,35.52601623535156,589.1936645507812,224.64730834960938,150.4014892578125,3.98,2.77,3.72,1.4276667,1.25,3.125,7.1,297.979,7.2,3.6,0.9853,25.8799991607666,93.71857142857144,640.6199340820312,20.46674871444702,105.66633758544921,71.63805135091145,109.25909042358398,24.177324295043945,68.83789348602295,19.665754000345867,27.993772745132446,0.0388264043883882,0.0839174584152951,0.0768345644688556,0.08545257218608447,0.04578996076260252,-0.0033114102858500987,0.10395567012985697,0.023373543147438135,0.10365696695537255,0.1453027265367732,-0.022308603950717116,0.1205448679356722,0.12456353187473412,0.03696145190606025,0.10750951879451544,0.09464080113335877,0.3599999999999999,0.4599999999999999,-0.2003194211177219,0.8999999999999995,0.1000000000000005,-0.0046577645973328,0.0337518545349828,0.0052422731090295,0,0,1,0,0,0.0737345644688556,0.0357264043883882,0.0827277361652951,0.04460023851260252,0.08426284993608447,0.10085567012985697,-0.006411410285850099,0.022183820897438134,0.10246724470537255,0.1441130042867732,-0.023498326200717116,0.11935514568567221,0.12337380962473413,0.03577172965606025,0.10631979654451544,0.09345107888335877,1.25,0.5,0.0
2022-11-01,12030.0595703125,6738.5498046875,4080.110107421875,39.96536636352539,679.8317260742188,247.61141967773438,145.43409729003906,3.89,2.58,4.15,1.8252273,2.0,3.875,7.1,298.708,7.2,3.6,1.0192,20.57999992370605,90.93863636363636,750.8559494018555,22.218336820602417,108.04891052246094,74.8750991821289,116.5763053894043,26.452000935872395,72.67828273773193,21.276635487874348,30.464295864105225,0.053306621821331,0.0725836657539837,0.052357976097649,0.11774795836858734,0.1430903739895985,0.09732900730816466,-0.03358526903078421,0.1542752560771341,0.06824516902813207,0.02243771454829558,0.06431461500247243,0.04535179384895056,0.09119165730003953,0.026095347623920784,0.07742430818488974,0.05460533186318144,-0.1899999999999999,-0.0899999999999998,-0.2291507105061097,0.0,0.0,0.0338271214894701,-0.0301114171677232,0.0024434933649217,0,0,1,0,0,0.0488996427643157,0.0498482884879976,0.0710626430039837,0.14156935123959852,0.11622693561858734,-0.037043602364117544,0.09387067397483133,0.15275423332713411,0.06672414627813207,0.02091669179829558,0.06279359225247243,0.043830771098950554,0.08967063455003953,0.024574324873920785,0.07590328543488974,0.05308430911318144,1.25,1.25,0.75
2022-12-01,10939.759765625,6473.759765625,3839.5,39.83072280883789,631.1861572265625,232.7434844970703,127.65150451660156,3.62,2.62,4.25,2.0634762,2.5,4.375,6.7,298.808,7.2,3.5,1.0591,21.670000076293945,81.50318181818182,689.7386245727539,21.92651379108429,105.78514404296875,68.82212511698405,114.31958770751953,25.84342320760091,70.74539534250896,19.646705945332844,29.11774778366089,-0.0950046443012292,-0.040087692013494,-0.0607818253766681,-0.0033746937692556074,-0.07424446748286416,-0.06192373902655122,-0.1304191145340165,-0.09446213617338145,-0.009623437824358374,-0.02030492863901339,-0.07518917821566629,-0.004322463857760552,-0.038597606555051824,-0.031332471594062654,-0.08331555137816597,-0.03425436651652848,0.04,-0.27,0.0516090923702701,-0.3999999999999994,0.0,0.0384014850317244,-0.1095428931840709,0.0003347190734093,0,0,1,0,0,-0.0643234920433348,-0.0985463109678958,-0.041807255513494,-0.07596403098286417,-0.005094257269255607,-0.13396078120068317,-0.06546540569321789,-0.09618169967338144,-0.011343001324358374,-0.02202449213901339,-0.07690874171566628,-0.006042027357760552,-0.040317170055051824,-0.033052035094062654,-0.08503511487816598,-0.03597393001652848,2.0,1.25,0.5
2023-01-01,12101.9296875,7082.419921875,4076.60009765625,47.04887771606445,742.68115234375,240.4977264404297,141.75967407226562,3.53,2.69,4.54,2.3448636,2.5,4.375,7.0,300.456,7.1,3.5,1.0777,19.39999961853028,84.08181818181818,815.1049652099609,25.267248153686523,114.81355743408203,77.70702489217122,113.65966033935547,26.379863421122234,73.28884569803874,22.46163845062256,31.56742548942566,0.1009610807068937,0.0898585989307083,0.0599211818343496,0.1665484683647676,0.1626659787319953,0.03277371383353961,0.10482925782045184,0.16223117186590727,0.1314741761777946,0.08051991391246723,0.13102384228276504,-0.004803404499233937,0.026500823133662338,0.055091809731612394,0.12117926332014617,0.06608520297675312,0.0699999999999998,-0.0900000000000003,-0.1106557726630903,0.2999999999999998,-0.1000000000000005,0.0174096497531626,0.0311482905632081,0.0055000939635059,0,0,1,0,0,0.0561378485010163,0.0971777473735604,0.0879045459307083,0.16071192573199528,0.1645944153647676,0.10104592448711851,0.028990380500206275,0.16027711886590726,0.1295201231777946,0.07856586091246723,0.12906978928276502,-0.006757457499233937,0.024546770133662337,0.0531377567316124,0.11922521032014617,0.06413114997675312,2.5,2.0,0.0
2023-02-01,12042.1201171875,7267.93017578125,3970.14990234375,49.479862213134766,732.46923828125,242.66650390625,145.04612731933594,3.75,2.87,4.65,2.64035,3.0,4.625,7.3,301.476,7.1,3.6,1.0702,20.700000762939453,83.6325,809.4386596679688,26.226670026779175,120.37942657470703,80.46399561564128,111.74760818481445,27.330092748006184,76.68786652882893,24.720184008280437,36.48283100128174,-0.0049544043470225,0.0258558972317166,-0.0264594788597931,0.05037875008141202,-0.01384547265112724,0.008977452781363911,0.0229186235725063,-0.011658997206245558,0.0351646961826162,0.0486813340904271,0.048715271867566856,-0.014901303205667096,0.04301444356585515,0.055144112088640486,0.09897254388355466,0.12735877468749313,0.1800000000000001,0.2200000000000002,0.0648606907224067,0.2999999999999998,0.0,-0.0069835937255818,-0.0053581502363542,0.0033890903833135,0,0,1,0,0,-0.0303344788597931,-0.0088294043470225,0.0236556055650499,-0.016045764317793906,0.048178458414745357,0.0190436235725063,0.0051024527813639114,-0.013859288872912224,0.032964404515949536,0.04648104242376044,0.04651498020090019,-0.017101594872333762,0.04081415189918848,0.05294382042197382,0.09677225221688798,0.12515848302082647,2.5,2.5,0.5
2023-03-01,13181.349609375,7322.39013671875,4109.31005859375,41.29679489135742,783.89990234375,280.4937438964844,162.25563049316406,3.66,2.92,4.69,2.9105652,3.5,4.875,6.7,301.643,7.1,3.5,1.0711,18.700000762939453,79.25652173913043,876.6881103515625,22.24782919883728,121.43371887207032,79.8749771118164,117.23676681518555,26.57078488667806,80.98531977335612,22.948777198791504,35.069859981536865,0.0903924082692539,0.0074652526732714,0.0344512926982635,-0.1807808714028626,0.06785999212832744,0.14486333250233527,0.11212124628435219,0.08021258674293961,-0.15459585196809042,0.006869792640419939,0.023403395559922376,0.06492649236826169,-0.002292758105488067,0.04117573685633901,-0.05494736522396947,-0.016179944248524113,0.0499999999999998,-0.0899999999999998,-0.10161017246886,-0.5999999999999996,0.0,0.0008406108933796,-0.0537424979157634,0.0005537879067576,0,0,1,0,0,0.0305429593649302,0.0864840749359205,0.0050397816732714,0.06543452112832744,-0.1832063424028626,0.10821291295101886,0.14095499916900192,0.07778711574293962,-0.15702132296809043,0.004444321640419939,0.020977924559922374,0.06250102136826169,-0.004718229105488067,0.03875026585633901,-0.05737283622396947,-0.01860541524852411,3.0,2.5,0.5
2023-04-01,13245.990234375,7491.5,4169.47998046875,43.82501220703125,814.9183349609375,298.9403381347656,166.95895385742188,3.46,2.9,4.92,3.1794444,3.5,4.875,6.9,302.858,7.3,3.4,1.0962,15.779999732971191,83.536,913.349609375,23.54883074760437,126.14292602539062,74.37121073404948,123.20279312133789,27.981444994608562,82.02728112538655,21.927369117736816,36.417622089385986,0.004891960696249,0.0228322484146903,0.0145361776495622,0.059419817928236945,0.03880656910110415,0.06369259415482789,0.028574939362341626,0.031932778254878384,0.05748395068388994,0.04101126224362024,-0.10191666692217172,0.037616464865183594,0.05506978083966433,0.02044044389827415,-0.03645111677271708,0.054005913607752726,-0.02,-0.2000000000000001,-0.1697802661636909,0.2000000000000001,0.2000000000000001,0.0231634958414321,0.0525879740584702,0.0040198498798771,0,0,1,0,0,0.0104361776495622,0.000791960696249,0.0201827114146903,0.03615703210110415,0.056770280928236945,0.024474939362341627,0.05959259415482789,0.029283241254878384,0.054834413683889936,0.03836172524362024,-0.10456620392217171,0.03496692786518359,0.05242024383966433,0.017790906898274148,-0.039100653772717084,0.051356376607752725,3.5,3.0,0.0
2023-05-01,14254.08984375,7098.7001953125,4179.830078125,43.215232849121094,761.494873046875,320.1966552734375,174.64883422851562,3.57,2.94,5.14,3.3717273,3.75,5.125,6.0,303.316,7.3,3.6,1.0867,17.940000534057617,75.74739130434783,859.7872161865234,23.487433910369873,123.58694458007812,76.92932001749675,118.97536087036133,26.504958152770996,78.70725790659587,20.806188583374023,34.10811519622803,0.0733489893034497,-0.0538573482960946,0.0024792714332724,-0.014011664002469301,-0.0678044661085126,0.06869133929662638,0.04502929940771936,-0.0793237054396959,0.011578525369961797,-0.024563595741514316,0.05959926593531589,-0.030397332533500663,-0.04043044347818271,-0.058514666430498345,-0.05227954803875142,-0.06149791128570001,0.04,0.1099999999999998,0.1282895879039971,-0.9000000000000004,0.0,-0.0087040725432101,-0.0978736710981582,0.0015111175575093,0,0,1,0,0,-0.0018040619000608,0.0690656559701163,-0.0566671210460946,-0.07061423885851259,-0.0168214367524693,0.04074596607438603,0.06440800596329305,-0.0821334781896959,0.008768752619961797,-0.027373368491514317,0.05678949318531589,-0.03320710528350066,-0.043240216228182714,-0.06132443918049835,-0.05508932078875142,-0.0643076840357,3.5,3.5,0.25
2023-06-01,15179.2099609375,7400.06005859375,4450.3798828125,46.1837272644043,807.4334106445312,332.0435485839844,191.12344360351562,3.75,2.93,5.16,3.5358636,4.0,5.125,5.3,304.099,7.3,3.6,1.084,13.59000015258789,74.975,900.959587097168,24.88923192024231,129.2839141845703,81.72666676839192,122.33905792236328,27.292345364888508,79.22998714447021,23.56952444712321,35.86594486236572,0.0628828537639871,0.0415764199984045,0.0627188649146417,0.06643446698300895,0.05857714848857148,0.03633077598194932,0.09014222454336719,0.0466027096078926,0.050390969620890645,0.04360417504912952,0.0563261258507154,0.02939521715293325,0.04499891272360446,0.019499408242432306,0.11776146031480172,0.026255263553896707,-0.0099999999999997,0.1800000000000001,-0.2776986470087412,-0.7000000000000002,0.0,-0.0024876780692143,-0.0102492809349659,0.0025781399330071,0,0,1,0,0,0.0584188649146417,0.0585828537639871,0.0386298669984045,0.05563059548857148,0.06348791398300895,0.0858422245433672,0.032030775981949325,0.043656156607892606,0.04744441662089065,0.040657622049129524,0.0533795728507154,0.02644866415293325,0.042052359723604466,0.016552855242432305,0.11481490731480172,0.023308710553896706,3.75,3.5,0.25
2023-07-01,15757.0,7497.77978515625,4588.9599609375,48.0240364074707,793.4927368164062,327.5387878417969,193.56704711914062,3.9,3.04,5.25,3.6718095,4.0,5.375,5.1,304.615,7.4,3.5,1.1067,13.630000114440918,80.10904761904762,907.0910949707031,25.841660022735596,130.03401947021484,79.44401041666667,126.62285995483398,28.15960629781087,79.34075291951497,25.484052022298176,36.94467258453369,0.0373579851008238,0.0131188318679309,0.0306639509077039,0.039074131731014226,-0.01741620152429152,-0.013659646527630378,0.012704428320659975,0.0054053555574526,0.037135330456786575,0.006162501488064111,-0.010068923956247214,0.02340679765261128,0.01717282988949299,0.012424171830390476,0.09256554635970392,-0.00033752701635685056,0.1099999999999998,0.1499999999999999,0.0029390147136871,-0.2000000000000001,0.1000000000000005,0.020724711271148,0.0662340771059515,0.001695377873994,0,0,1,0,0,0.0262889509077039,0.0329829851008238,0.0100589906179309,-0.02047604277429152,0.036014290481014226,0.008329428320659974,-0.01803464652763038,0.0023455143074526,0.034075489206786574,0.0031026602380641107,-0.013128765206247214,0.02034695640261128,0.01411298863949299,0.009364330580390476,0.08950570510970392,-0.0033973682663568506,4.0,3.75,0.0
2023-08-01,15501.0703125,7316.7001953125,4507.66015625,47.775997161865234,731.8358764648438,320.2590026855469,185.3629608154297,4.17,3.11,5.3,3.7803043,4.25,5.375,5.7,306.138,7.4,3.7,1.091,13.56999969482422,85.16826086956522,852.7924118041992,26.155787467956543,128.22899475097657,79.4405886332194,123.13002395629883,28.72657362620036,73.11092440287273,24.067325909932453,36.37103080749512,-0.0163756370193612,-0.0244475147258842,-0.0178752038429938,-0.005178282107425563,-0.08088811023189284,-0.022476432408453047,-0.04330809587239868,-0.05993716232637385,0.01975129133237962,-0.014778307663490914,-0.0411288852191409,-0.017419619532213063,0.00760194257406504,-0.05393586334593154,-0.060059985232305386,-0.005763808591037388,0.0699999999999998,0.27,-0.0044118027469193,0.6000000000000005,0.0,-0.0142879074376688,0.0612400376844659,0.0049872965235149,0,0,1,0,0,-0.0222918705096605,-0.0207923036860279,-0.0275977683092175,-0.08403836381522617,-0.008328535690758896,-0.047724762539065345,-0.026893099075119713,-0.06308741590970718,0.01660103774904629,-0.017928561246824248,-0.04427913880247423,-0.020569873115546394,0.004451688990731706,-0.05708611692926487,-0.06321023881563873,-0.008914062174370721,4.0,4.0,0.25
2023-09-01,14715.240234375,7135.06005859375,4288.0498046875,48.352088928222656,670.2726440429688,308.5238952636719,168.92527770996094,4.38,3.24,5.32,3.8800476,4.5,5.375,5.7,307.374,7.4,3.7,1.0672,17.520000457763672,92.67333333333332,778.7251586914062,25.670634269714355,126.44827728271484,76.13734308878581,120.33726119995117,29.61116059621175,65.55145613352458,24.85492483774821,36.44777774810791,-0.0520253665928814,-0.0251387649897117,-0.049946167923282,0.011986063320847083,-0.08787171532391667,-0.037330755181956866,-0.09285937990037824,-0.08710726397141477,-0.024834254303713554,-0.012957651933704021,-0.04573780057733048,-0.011590330358334837,0.0023290655662624817,-0.0830599231578685,0.035235296980748544,0.021577673021833034,0.1300000000000003,0.2099999999999999,0.2554816602785346,0.0,0.0,-0.0220563106717115,0.0844519254553466,0.0040292664925978,0,0,1,0,0,-0.0543795012566154,-0.0564586999262147,-0.0283721379897117,-0.09110508832391667,0.008752690320847082,-0.09729271323371157,-0.0417640885152902,-0.09034063697141477,-0.028067627303713556,-0.016191024933704022,-0.048971173577330475,-0.014823703358334838,-0.0009043074337375186,-0.0862932961578685,0.032001923980748546,0.018344300021833033,4.25,4.0,0.25
2023-10-01,14409.7802734375,6885.64990234375,4193.7998046875,43.43927001953125,631.070556640625,330.3721618652344,168.49111938476562,4.8,3.45,5.34,3.9676364,4.5,5.375,4.5,307.653,7.5,3.9,1.0565,18.13999938964844,88.94772727272726,765.6862258911133,23.89805555343628,124.76301727294921,75.88534800211589,115.99203872680664,29.52227719624837,69.57964706420898,22.718270619710285,36.534635066986084,-0.0209765456725247,-0.0355811466802075,-0.0222248410014033,-0.10714555412670783,-0.06026688754808784,0.06842048561122382,-0.0025734289651362196,-0.03883717122362364,-0.05710764038917329,-0.011342498985404032,-0.010321551096748524,-0.06818389126617859,-0.004605647235252325,0.04969544348752705,-0.07743199738913183,0.011100869313149866,0.2099999999999999,0.4199999999999999,0.0347762994039579,-1.2000000000000002,0.0999999999999996,-0.0100768381052478,-0.041031901711185,0.0009072773037228,0,0,1,0,0,-0.0266748410014033,-0.0254265456725247,-0.0388875103468742,-0.0635732512147545,-0.1104519177933745,-0.007023428965136219,0.06397048561122383,-0.0421435348902903,-0.06041400405583996,-0.014648862652070698,-0.01362791476341519,-0.07149025493284526,-0.007912010901918991,0.046389079820860386,-0.0807383610557985,0.0077945056464832005,4.5,4.25,0.0
2023-11-01,15947.8701171875,7310.77001953125,4567.7998046875,46.22373962402344,657.4547729492188,370.9898986816406,187.662109375,4.5,3.19,5.27,3.9716364,4.5,5.375,3.9,308.087,7.6,3.7,1.0819,12.920000076293944,82.18636363636364,817.9875793457031,25.30038022994995,135.020068359375,86.31543350219727,117.95298767089844,30.399974187215168,68.80971145629883,25.03661346435547,39.22100877761841,0.1014181236465536,0.0599090843677207,0.0854244482007529,0.0621296396446705,0.04095830182679689,0.11595505272228959,0.10776001075137971,0.057849241473826696,0.056792141176167266,0.07674568364473719,0.13726279797295302,0.011555458359853232,0.052266434917817434,0.01932676290096264,0.10093604049738027,0.04792558487250743,-0.2600000000000002,-0.2999999999999998,-0.3393429067807068,-0.6000000000000001,0.0999999999999996,0.0237571966374164,-0.0790594673708593,0.0014096861398344,0,0,1,0,0,0.0810327815340862,0.097026456979887,0.0565993873677207,0.03764860482679689,0.0588199426446705,0.10336834408471304,0.11156338605562292,0.054539544473826695,0.053482444176167265,0.07343598664473719,0.13395310097295302,0.008245761359853231,0.04895673791781743,0.01601706590096264,0.09762634349738027,0.04461588787250743,4.5,4.5,0.0
2023-12-01,16825.9296875,7543.18017578125,4769.830078125,50.08038330078125,691.8069458007812,368.17987060546875,190.21099853515625,4.02,2.65,5.24,3.9348947,4.5,5.375,4.1,308.735,7.6,3.8,1.0909,12.449999809265137,77.54095238095238,835.9744873046875,26.839367151260376,137.73497314453124,87.55640157063802,122.81306457519531,30.109952290852863,68.84840806325276,26.13907814025879,41.77332878112793,0.0535958449775301,0.0312952610312966,0.0432790354316083,0.08013586974158993,0.05093096134181324,-0.007603237388878276,0.013490919390005062,0.029102035495118722,0.05451535951506834,0.017494663649012927,0.024943690624455034,0.04271301210686308,-0.007612491230097061,-0.015426859192408257,0.04588584371227547,0.006796774531581638,-0.54,-0.4800000000000004,-0.0370558966689125,0.1999999999999997,0.0,0.0082842889101832,-0.0581831811842832,0.002101093146444,0,0,1,0,0,0.0389123687649416,0.0492291783108634,0.02801618211463,0.04765188242514658,0.07685679082492326,0.009124252723338395,-0.011969904055544944,0.025822956578452055,0.05123628059840168,0.01421558473234626,0.021664611707788366,0.03943393319019642,-0.010891570146763728,-0.018705938109074925,0.042606764795608806,0.0035176956149149717,4.5,4.5,0.0
2024-01-01,17137.240234375,7656.75,4845.64990234375,50.04837417602539,729.5281982421875,389.2696533203125,182.178955078125,4.06,2.74,5.22,3.9252727,4.5,5.375,3.4,309.794,7.6,3.7,1.0899,14.350000381469728,79.11,850.9224700927734,27.26284646987915,143.03663482666016,93.18806076049805,124.7034912109375,30.096369743347168,67.45424906412761,24.94521713256836,46.11724233627319,0.0183327567227454,0.0149437446605808,0.0157706938864257,-0.0006393592940303106,0.05309108478147237,0.05570070209043132,-0.04314450095306228,0.007998735659947487,0.021725481507597105,0.037109527582050564,0.026411459653648536,0.0215854246557105,-0.008854780497256824,-0.013876503558942719,-0.044770774285740535,0.08401932335446965,0.0900000000000003,0.04,0.1420293611982388,-0.6999999999999997,0.0,-0.000917094708445,0.0200330744187962,0.0034242566954114,0,0,1,0,0,0.0114206938864257,0.0139827567227454,0.0116726840772475,0.04982002419813904,-0.003910419877363644,-0.04749450095306228,0.05135070209043132,0.004727675076614154,0.018454420924263772,0.03383846699871723,0.023140399070315204,0.018314364072377166,-0.012125841080590158,-0.017147564142276053,-0.04804183486907387,0.08074826277113632,4.5,4.5,0.0
2024-02-01,18043.849609375,7927.43017578125,5096.27001953125,44.31141662597656,794.7859497070312,405.7428894042969,178.80078125,4.21,2.85,5.24,3.9231905,4.5,5.375,3.2,311.022,7.4,3.9,1.0793,13.399999618530272,81.7957142857143,963.1491928100586,25.681016445159912,153.6198272705078,97.24567413330078,128.71151733398438,29.30988883972168,67.1530590057373,27.96710459391276,48.029311180114746,0.0515509978083393,0.0347413078080079,0.0504275283127719,-0.12174766574164246,0.08567481132938873,0.04144738200251668,-0.018717241506831687,0.08768800036919476,-0.04883582024846885,0.061137593549277044,-0.003302124071638939,0.006449995564539179,-0.023963829271249553,-0.01673458029677528,0.12045976859026858,0.006376194517858102,0.1099999999999998,0.1500000000000003,-0.0684952902999112,-0.1999999999999997,-0.1999999999999993,-0.0097732660639654,0.0333855606076767,0.0039560887656939,0,0,1,0,0,0.0460608616461053,0.0471843311416726,0.0314719823913413,0.08240548591272207,-0.12501699115830914,-0.023083908173498355,0.037080715335850015,0.0844186749525281,-0.05210514566513552,0.057868268132610375,-0.006571449488305606,0.0031806701478725124,-0.02723315468791622,-0.020003905713441947,0.11719044317360192,0.003106869101191435,4.5,4.5,0.0
2024-03-01,18254.689453125,8205.8095703125,5254.35009765625,52.696815490722656,786.2044067382812,412.687744140625,169.6307373046875,4.21,2.82,5.24,3.9231,4.5,5.375,2.4,312.107,7.4,3.9,1.087,13.010000228881836,84.96142857142857,959.5242919921875,28.992501497268677,164.16974334716798,92.44612375895183,136.29091262817383,31.424152374267578,66.16566689809163,31.338809331258137,49.60428237915039,0.0116171185061822,0.0345134680551116,0.030547420111743,0.17331267110403828,-0.010856014666613002,0.016971557874142673,-0.052648291092313795,-0.03593690182778299,0.10746092567347768,0.06718003568793747,-0.04859505211757235,0.05054051108374388,0.059856969553199614,0.0021297174470241514,0.10652173351625821,0.029568382587135525,-0.0300000000000002,0.0,-0.029536368371799,-0.8000000000000003,0.0,0.0071089252899088,0.0379725223467408,0.0034824285068122,0,0,1,0,0,0.0261807534450763,0.0072504518395155,0.0312442180551116,-0.014125264666613001,0.17004342110403828,-0.05701495775898046,0.012604891207476005,-0.03920615182778299,0.10419167567347767,0.06391078568793747,-0.05186430211757235,0.04727126108374388,0.05658771955319961,-0.0011395325529758487,0.10325248351625821,0.026299132587135524,4.5,4.5,0.0
2024-04-01,17440.689453125,7984.93017578125,5035.68994140625,54.09705352783203,737.221923828125,381.8969421386719,168.49313354492188,4.54,2.97,5.24,3.8853333,4.5,5.375,2.4,313.016,7.3,3.9,1.0724,15.649999618530272,88.97454545454545,912.7911911010742,29.544387102127075,160.63202362060548,85.62798436482747,133.11083984375,32.84185822804769,63.44958686828613,30.36741892496745,50.65003299713135,-0.0456160527943893,-0.027286350392611,-0.0425057776814785,0.026224694327553914,-0.06432785340767706,-0.07754045231100976,-0.006728942557860822,-0.05027777125989764,0.022524276934141666,-0.025623647012037714,-0.07881135614744669,-0.010164487330430322,0.03124066232487595,-0.02686501454257588,-0.04946159752568813,-0.008061223055094744,0.1500000000000003,0.33,0.1847525824939233,0.0,-0.1000000000000005,-0.0135224807594051,0.0461529507081612,0.0029082297105631,0,0,1,0,0,-0.0468724443481452,-0.049982719461056,-0.030524128142611,-0.06756563115767707,0.022986916577553914,-0.01109560922452749,-0.08190711897767643,-0.053515549009897634,0.019286499184141666,-0.028861424762037714,-0.0820491338974467,-0.013402265080430322,0.02800288457487595,-0.03010279229257588,-0.052699375275688125,-0.011299000805094744,4.5,4.5,0.0
2024-05-01,18536.650390625,7992.8701171875,5277.509765625,57.817344665527344,699.6183471679688,407.9389343261719,190.43470764160156,4.48,3.03,5.25,3.8126818,4.5,5.375,2.6,313.14,7.4,3.9,1.081,12.920000076293944,83.05391304347826,892.4966125488281,31.57123565673828,169.13091125488282,82.90854263305664,139.4105453491211,33.41753832499186,62.77936299641927,33.3996213277181,50.31220245361328,0.0609439239231097,0.0009938717363142,0.0469038053043596,0.06650909045351802,-0.052353996649020434,0.06596670520242506,0.12241439529158962,-0.014767078562345,0.07203705631160759,0.04849670800199905,-0.011759032494098098,0.034198886360145106,0.03848694785964359,0.0034427930851418168,0.06860646314831216,0.009104215827879705,0.0599999999999996,-0.0599999999999996,-0.1916943883515394,0.2000000000000001,0.1000000000000005,0.007987411277404,-0.0688603710279549,0.0003960674388521,0,0,1,0,0,0.0425288053043596,0.0565689239231097,-0.0021833630970191,-0.05553123148235377,0.06333185562018469,0.11803939529158962,0.06159170520242506,-0.017944313395678334,0.06885982147827426,0.04531947316866572,-0.014936267327431432,0.031021651526811772,0.03530971302631026,0.0002655582518084833,0.06542922831497883,0.005926980994546371,4.5,4.5,0.0
2024-06-01,19682.869140625,7479.39990234375,5460.47998046875,50.8399772644043,679.3407592773438,439.2076721191406,208.6312255859375,4.31,3.15,5.24,3.7245,4.25,5.375,2.5,313.131,7.4,4.1,1.0763,12.4399995803833,82.9175,873.5693588256836,27.50516128540039,153.66724548339843,82.07106272379558,137.52106857299805,30.794546763102215,58.63675435384115,30.850009282430012,48.36332178115845,0.0599987961785189,-0.0663973471332805,0.0340823432388822,-0.1286058122594024,-0.029412111748772618,0.07385486600469143,0.09125882879337353,-0.019681880139779978,-0.14691939562836587,-0.11004246373643704,-0.024172192165664283,-0.00908477547068566,-0.10245822485170963,-0.08002528119186658,-0.0773849668517314,-0.06568436359674439,0.1200000000000001,-0.1700000000000008,-0.0378594506797731,-0.1,0.0,-0.0043573053689556,-0.0016438140965835,-2.8741551183486536e-05,0,0,1,0,0,0.0297156765722155,0.0556321295118522,-0.0695010971332805,-0.03251586174877262,-0.1317095622594024,0.08689216212670686,0.06948819933802476,-0.022785630139779977,-0.15002314562836586,-0.11314621373643705,-0.027275942165664282,-0.01218852547068566,-0.10556197485170964,-0.08312903119186658,-0.0804887168517314,-0.06878811359674439,4.5,4.5,-0.25
2024-07-01,19362.4296875,7531.490234375,5522.2998046875,54.1962890625,621.650146484375,411.1031188964844,219.98306274414062,4.25,3.14,5.2,3.6848261,4.25,5.375,2.7,313.566,7.4,4.2,1.0847,16.360000610351562,84.0486956521739,815.3312149047852,29.541610717773438,157.5899185180664,79.29580052693684,145.01366806030273,31.532868067423504,59.67645994822184,29.175096193949383,49.05852222442627,-0.0164140963024184,0.0069403667137967,0.0112577104024098,0.06392943949786364,-0.0887453872406592,-0.06612827785281716,0.052982333290221076,-0.08548781032738995,0.07777862913464188,0.032579003384199653,-0.06834273395999252,0.054536210161846815,0.04274862455471976,0.03147122485489546,-0.07762289205500161,0.04905983141336216,-0.0099999999999997,-0.0599999999999996,0.2739223149023662,0.2000000000000001,0.0,0.0077742177759192,0.0135502034498813,0.0013882308990167,0,0,1,0,0,0.0069243770690765,-0.0207474296357517,0.00386967829713,-0.09181607565732586,0.060858751081196975,0.04864899995688774,-0.07046161118615049,-0.08855849874405661,0.07470794071797522,0.029508314967532985,-0.07141342237665918,0.05146552174518015,0.039677936138053094,0.02840053643822879,-0.08069358047166827,0.045989142996695494,4.25,4.5,0.0
2024-08-01,19574.640625,7630.9501953125,5648.39990234375,53.44475173950195,641.9275512695312,410.6529541015625,227.1002655029297,3.87,2.94,5.05,3.5475909,4.25,5.375,2.2,314.131,7.4,4.2,1.102,15.0,79.01863636363636,849.0962142944336,29.302367210388184,159.13498229980468,80.01301447550456,148.8778953552246,32.12837505340576,62.15407339731852,28.201376914978027,50.36975955963135,0.0109003084709102,0.0131194431371724,0.0225778971175147,-0.013963996063463088,0.03209797979532598,-0.001095616703652971,0.03184106235020081,-0.0005706567818875093,-0.010476240865161413,0.010812303938605114,-0.011273870609609793,0.03574707267785114,0.0390565233494789,0.04530284450916725,-0.030237491990018905,0.01671676449672745,-0.2000000000000001,-0.3799999999999999,-0.0867891673799428,-0.5,0.0,0.015823259666688,-0.0617126130378533,0.0018002321266132,0,0,1,0,0,0.0183695637841813,0.0066919751375768,0.0101631173871724,0.02914165404532598,-0.016920321813463087,0.027632729016867474,-0.005303950036986304,-0.003526982531887509,-0.013432566615161411,0.007855978188605114,-0.014230196359609794,0.03279074692785114,0.0361001975994789,0.04234651875916725,-0.03319381774001891,0.01376043874672745,4.25,4.25,0.0
2024-09-01,20060.689453125,7635.75,5762.47998046875,52.56510543823242,655.44580078125,423.6082763671875,231.06704711914062,3.72,2.9,4.72,3.4337143,3.65,4.875,1.4,314.851,7.4,4.1,1.1104,16.729999542236328,73.05761904761906,862.3374061584473,29.13990616798401,159.0887893676758,81.50855954488118,148.87971878051758,31.011226654052734,65.1813538869222,26.484122276306152,49.80146884918213,0.0245272686585542,0.0006287940136691,0.0199956322877545,-0.016595937666966397,0.020840167171533103,0.031060687821139885,0.017316297464973675,0.0107668545681864,-0.005032891475648968,-0.011660688169983988,-0.009741812757479132,0.004580637032427217,-0.02967056747372054,0.046651205674835376,-0.08998147209167418,-0.0069021886009291876,-0.04,-0.1499999999999999,0.1091532865346769,-0.8000000000000003,0.0,0.0075936000396802,-0.0784352961478305,0.0022894146874952,0,0,1,0,0,0.0160622989544212,0.0205939353252209,-0.0022326345696641,0.01797873858819977,-0.01945736625029973,0.013382964131640342,0.02712735448780655,0.007905425984853066,-0.007894320058982301,-0.014522116753317322,-0.012603241340812466,0.0017192084490938839,-0.032531996057053876,0.043789777091502044,-0.09284290067500751,-0.00976361718426252,4.25,4.25,-0.6
2024-10-01,19890.419921875,7350.3701171875,5705.4501953125,53.58993911743164,580.524169921875,400.0307312011719,224.03591918945312,4.1,2.99,4.51,3.1666087,3.4,4.875,1.6,315.564,7.3,4.1,1.0895,23.15999984741211,75.26652173913043,790.6703758239746,30.422950744628906,161.2069076538086,68.65026473999023,147.59980392456055,30.546756108601887,58.71893342336019,25.74700164794922,49.49557018280029,-0.008523946636846,-0.0380904976364253,-0.0099460415985501,0.019308842535729277,-0.1213841793469628,-0.05726777954275708,-0.030901523153078675,-0.11342996571197207,0.05271997514989671,0.01621449399547545,-0.1282746335927541,-0.02241446058564117,-0.012458657214501139,-0.07259090143561382,-0.024265763316400724,-0.011773107162547232,0.0900000000000003,0.3799999999999994,0.325223158479484,0.2000000000000001,-0.1000000000000005,-0.0190014353678656,0.0297870056892017,0.0022620029790365,0,0,1,0,0,-0.0137043749318835,-0.0122822799701794,-0.0407293382197586,-0.12402301993029613,0.016670001952395944,-0.03465985648641201,-0.061026112876090416,-0.1160688062953054,0.05008113456656337,0.013575653412142116,-0.13091347417608742,-0.025053301168974505,-0.015097497797834472,-0.07522974201894715,-0.026904603899734057,-0.014411947745880565,3.65,4.25,-0.25
2024-11-01,20930.369140625,7235.10986328125,6032.3798828125,48.371856689453125,564.0547485351562,417.7090759277344,235.62010192871094,4.36,3.09,4.42,3.0067619,3.4,4.625,1.7,316.449,7.3,4.2,1.0621,13.510000228881836,73.50857142857143,778.6576538085938,28.16011691093445,164.51678466796875,66.48900349934895,152.24592971801758,29.23635133107503,56.579854329427086,25.22830104827881,51.78347682952881,0.0509629683631643,-0.0158051230954753,0.0557197140294972,-0.10244317618236208,-0.028780117999100692,0.04324382744755958,0.05041437789162112,-0.028884933551629487,-0.07602029070423487,0.012603386898980665,-0.013481770333636225,0.005817270654158831,-0.040436562670814975,-0.02630000511897083,-0.01622766810211751,0.02435739758242785,0.0999999999999996,0.2600000000000007,-0.5389964772026028,0.0999999999999998,0.0,-0.0254707950571805,-0.0236334200295109,0.0028005771350851,0,0,1,0,0,0.0520363806961639,0.047279635029831,-0.0183107580121419,-0.03128575291576736,-0.10494881109902875,0.04673104455828779,0.03956049411422625,-0.03139056846829615,-0.07852592562090153,0.010097751982314,-0.015987405250302893,0.003311635737492164,-0.04294219758748164,-0.028805640035637497,-0.018733303018784175,0.021851762665761183,3.4,3.65,0.0
2024-12-01,21012.169921875,7380.740234375,5881.6298828125,50.57523727416992,610.6588745117188,415.7757263183594,248.61578369140625,4.39,3.01,4.27,2.8246,3.15,4.375,1.8,317.603,7.3,4.1,1.0472,17.350000381469727,73.22772727272726,860.6140098571777,29.633004665374756,163.34637145996095,68.76961580912273,155.7826919555664,28.684001922607422,57.476145108540855,27.511779467264812,51.85031509399414,0.003900616738694,0.0199283914018585,-0.0253076921877456,0.044543903330614754,0.07938717774775816,-0.004639204150239814,0.05368789695680182,0.07808859055390746,0.05280561969823679,-0.0034688485506237108,0.023284309381086204,0.021342360404913895,-0.010519614317881619,-0.0039011694232436653,0.063987122965257,-0.006506491501560141,-0.08,0.0299999999999993,0.2501623594658273,0.1,0.0,-0.0141281447318038,-0.0038278803711975,0.0036400840127575,0,0,1,0,0,-0.0288660255210789,0.0003422834053607,0.0175745580685252,0.07703334441442483,0.04219006999728142,0.05012956362346849,-0.008197537483573146,0.07573475722057413,0.05045178636490346,-0.005822681883957044,0.02093047604775287,0.018988527071580562,-0.012873447651214953,-0.006255002756576999,0.061633289631923674,-0.008860324834893475,3.4,3.4,-0.25
