period,value
2004-11-03,3.97
2004-11-04,3.93
2004-11-05,3.91
2004-11-06,NA
2004-11-07,NA
2004-11-08,3.96
2004-11-09,3.95
2004-11-10,3.92
2004-11-11,3.9
2004-11-12,3.85
2004-11-13,NA
2004-11-14,NA
2004-11-15,3.83
2004-11-16,3.8
2004-11-17,3.8
2004-11-18,3.8
2004-11-19,3.83
2004-11-20,NA
2004-11-21,NA
2004-11-22,3.83
2004-11-23,3.82
2004-11-24,3.79
2004-11-25,3.78
2004-11-26,3.79
2004-11-27,NA
2004-11-28,NA
2004-11-29,3.78
2004-11-30,3.81
2004-12-01,3.78
2004-12-02,3.77
2004-12-03,3.83
2004-12-04,NA
2004-12-05,NA
2004-12-06,3.74
2004-12-07,3.71
2004-12-08,3.69
2004-12-09,3.64
2004-12-10,3.64
2004-12-11,NA
2004-12-12,NA
2004-12-13,3.61
2004-12-14,3.61
2004-12-15,3.57
2004-12-16,3.54
2004-12-17,3.6
2004-12-18,NA
2004-12-19,NA
2004-12-20,3.59
2004-12-21,3.59
2004-12-22,3.61
2004-12-23,3.6
2004-12-24,3.6
2004-12-25,NA
2004-12-26,NA
2004-12-27,3.58
2004-12-28,3.61
2004-12-29,3.68
2004-12-30,3.71
2004-12-31,3.71
2005-01-01,NA
2005-01-02,NA
2005-01-03,3.67
2005-01-04,3.67
2005-01-05,3.68
2005-01-06,3.68
2005-01-07,3.62
2005-01-08,NA
2005-01-09,NA
2005-01-10,3.62
2005-01-11,3.59
2005-01-12,3.63
2005-01-13,3.63
2005-01-14,3.55
2005-01-15,NA
2005-01-16,NA
2005-01-17,3.56
2005-01-18,3.56
2005-01-19,3.51
2005-01-20,3.54
2005-01-21,3.57
2005-01-22,NA
2005-01-23,NA
2005-01-24,3.55
2005-01-25,3.54
2005-01-26,3.56
2005-01-27,3.6
2005-01-28,3.58
2005-01-29,NA
2005-01-30,NA
2005-01-31,3.56
2005-02-01,3.54
2005-02-02,3.55
2005-02-03,3.58
2005-02-04,3.57
2005-02-05,NA
2005-02-06,NA
2005-02-07,3.52
2005-02-08,3.51
2005-02-09,3.46
2005-02-10,3.45
2005-02-11,3.47
2005-02-12,NA
2005-02-13,NA
2005-02-14,3.5
2005-02-15,3.52
2005-02-16,3.53
2005-02-17,3.58
2005-02-18,3.63
2005-02-19,NA
2005-02-20,NA
2005-02-21,3.68
2005-02-22,3.69
2005-02-23,3.72
2005-02-24,3.75
2005-02-25,3.74
2005-02-26,NA
2005-02-27,NA
2005-02-28,3.7
2005-03-01,3.75
2005-03-02,3.75
2005-03-03,3.78
2005-03-04,3.77
2005-03-05,NA
2005-03-06,NA
2005-03-07,3.69
2005-03-08,3.68
2005-03-09,3.73
2005-03-10,3.81
2005-03-11,3.78
2005-03-12,NA
2005-03-13,NA
2005-03-14,3.82
2005-03-15,3.77
2005-03-16,3.75
2005-03-17,3.71
2005-03-18,3.72
2005-03-19,NA
2005-03-20,NA
2005-03-21,3.76
2005-03-22,3.74
2005-03-23,3.76
2005-03-24,3.75
2005-03-25,NA
2005-03-26,NA
2005-03-27,NA
2005-03-28,NA
2005-03-29,3.75
2005-03-30,3.71
2005-03-31,3.67
2005-04-01,3.64
2005-04-02,NA
2005-04-03,NA
2005-04-04,3.63
2005-04-05,3.64
2005-04-06,3.63
2005-04-07,3.63
2005-04-08,3.62
2005-04-09,NA
2005-04-10,NA
2005-04-11,3.58
2005-04-12,3.59
2005-04-13,3.56
2005-04-14,3.55
2005-04-15,3.52
2005-04-16,NA
2005-04-17,NA
2005-04-18,3.48
2005-04-19,3.52
2005-04-20,3.49
2005-04-21,3.49
2005-04-22,3.52
2005-04-23,NA
2005-04-24,NA
2005-04-25,3.48
2005-04-26,3.47
2005-04-27,3.49
2005-04-28,3.45
2005-04-29,3.43
2005-04-30,NA
2005-05-01,NA
2005-05-02,3.45
2005-05-03,3.44
2005-05-04,3.43
2005-05-05,3.45
2005-05-06,3.43
2005-05-07,NA
2005-05-08,NA
2005-05-09,3.49
2005-05-10,3.44
2005-05-11,3.39
2005-05-12,3.38
2005-05-13,3.35
2005-05-14,NA
2005-05-15,NA
2005-05-16,3.37
2005-05-17,3.37
2005-05-18,3.36
2005-05-19,3.34
2005-05-20,3.38
2005-05-21,NA
2005-05-22,NA
2005-05-23,3.39
2005-05-24,3.32
2005-05-25,3.29
2005-05-26,3.31
2005-05-27,3.32
2005-05-28,NA
2005-05-29,NA
2005-05-30,3.36
2005-05-31,3.33
2005-06-01,3.3
2005-06-02,3.26
2005-06-03,3.23
2005-06-04,NA
2005-06-05,NA
2005-06-06,3.24
2005-06-07,3.2
2005-06-08,3.15
2005-06-09,3.15
2005-06-10,3.14
2005-06-11,NA
2005-06-12,NA
2005-06-13,3.16
2005-06-14,3.21
2005-06-15,3.23
2005-06-16,3.37
2005-06-17,3.29
2005-06-18,NA
2005-06-19,NA
2005-06-20,3.31
2005-06-21,3.25
2005-06-22,3.16
2005-06-23,3.17
2005-06-24,3.14
2005-06-25,NA
2005-06-26,NA
2005-06-27,3.14
2005-06-28,3.14
2005-06-29,3.21
2005-06-30,3.16
2005-07-01,3.16
2005-07-02,NA
2005-07-03,NA
2005-07-04,3.2
2005-07-05,3.25
2005-07-06,3.23
2005-07-07,NA
2005-07-08,3.21
2005-07-09,NA
2005-07-10,NA
2005-07-11,3.2
2005-07-12,3.25
2005-07-13,3.27
2005-07-14,3.28
2005-07-15,3.3
2005-07-16,NA
2005-07-17,NA
2005-07-18,3.28
2005-07-19,3.31
2005-07-20,3.29
2005-07-21,3.27
2005-07-22,3.28
2005-07-23,NA
2005-07-24,NA
2005-07-25,3.25
2005-07-26,3.25
2005-07-27,3.22
2005-07-28,3.24
2005-07-29,3.24
2005-07-30,NA
2005-07-31,NA
2005-08-01,3.31
2005-08-02,3.33
2005-08-03,3.38
2005-08-04,3.35
2005-08-05,3.36
2005-08-06,NA
2005-08-07,NA
2005-08-08,3.39
2005-08-09,3.4
2005-08-10,3.36
2005-08-11,3.39
2005-08-12,3.33
2005-08-13,NA
2005-08-14,NA
2005-08-15,3.3
2005-08-16,3.31
2005-08-17,3.28
2005-08-18,3.23
2005-08-19,3.21
2005-08-20,NA
2005-08-21,NA
2005-08-22,3.23
2005-08-23,3.21
2005-08-24,3.2
2005-08-25,3.18
2005-08-26,3.19
2005-08-27,NA
2005-08-28,NA
2005-08-29,3.18
2005-08-30,3.21
2005-08-31,3.16
2005-09-01,3.14
2005-09-02,3.09
2005-09-03,NA
2005-09-04,NA
2005-09-05,3.08
2005-09-06,3.11
2005-09-07,3.11
2005-09-08,3.11
2005-09-09,3.1
2005-09-10,NA
2005-09-11,NA
2005-09-12,3.1
2005-09-13,3.17
2005-09-14,3.11
2005-09-15,3.14
2005-09-16,3.17
2005-09-17,NA
2005-09-18,NA
2005-09-19,3.14
2005-09-20,3.11
2005-09-21,3.08
2005-09-22,3.04
2005-09-23,3.07
2005-09-24,NA
2005-09-25,NA
2005-09-26,3.14
2005-09-27,3.17
2005-09-28,3.18
2005-09-29,3.15
2005-09-30,3.18
2005-10-01,NA
2005-10-02,NA
2005-10-03,3.21
2005-10-04,3.23
2005-10-05,3.2
2005-10-06,3.2
2005-10-07,3.21
2005-10-08,NA
2005-10-09,NA
2005-10-10,3.2
2005-10-11,3.2
2005-10-12,3.22
2005-10-13,3.28
2005-10-14,3.3
2005-10-15,NA
2005-10-16,NA
2005-10-17,3.31
2005-10-18,3.34
2005-10-19,3.3
2005-10-20,3.32
2005-10-21,3.3
2005-10-22,NA
2005-10-23,NA
2005-10-24,3.27
2005-10-25,3.31
2005-10-26,3.38
2005-10-27,3.39
2005-10-28,3.41
2005-10-29,NA
2005-10-30,NA
2005-10-31,3.42
2005-11-01,3.41
2005-11-02,3.45
2005-11-03,3.49
2005-11-04,3.51
2005-11-05,NA
2005-11-06,NA
2005-11-07,3.52
2005-11-08,3.54
2005-11-09,3.49
2005-11-10,3.56
2005-11-11,3.54
2005-11-12,NA
2005-11-13,NA
2005-11-14,3.52
2005-11-15,3.57
2005-11-16,3.52
2005-11-17,3.46
2005-11-18,3.47
2005-11-19,NA
2005-11-20,NA
2005-11-21,3.56
2005-11-22,3.51
2005-11-23,3.49
2005-11-24,3.45
2005-11-25,3.4
2005-11-26,NA
2005-11-27,NA
2005-11-28,3.44
2005-11-29,3.39
2005-11-30,3.45
2005-12-01,3.43
2005-12-02,3.41
2005-12-03,NA
2005-12-04,NA
2005-12-05,3.43
2005-12-06,3.41
2005-12-07,3.38
2005-12-08,3.38
2005-12-09,3.39
2005-12-10,NA
2005-12-11,NA
2005-12-12,3.43
2005-12-13,3.42
2005-12-14,3.37
2005-12-15,3.37
2005-12-16,3.38
2005-12-17,NA
2005-12-18,NA
2005-12-19,3.35
2005-12-20,3.36
2005-12-21,3.39
2005-12-22,3.42
2005-12-23,3.36
2005-12-24,NA
2005-12-25,NA
2005-12-26,NA
2005-12-27,3.36
2005-12-28,3.34
2005-12-29,3.32
2005-12-30,3.3
2005-12-31,NA
2006-01-01,NA
2006-01-02,3.35
2006-01-03,3.37
2006-01-04,3.32
2006-01-05,3.31
2006-01-06,3.28
2006-01-07,NA
2006-01-08,NA
2006-01-09,3.26
2006-01-10,3.27
2006-01-11,3.3
2006-01-12,3.3
2006-01-13,3.28
2006-01-14,NA
2006-01-15,NA
2006-01-16,3.28
2006-01-17,3.26
2006-01-18,3.24
2006-01-19,3.32
2006-01-20,3.35
2006-01-21,NA
2006-01-22,NA
2006-01-23,3.35
2006-01-24,3.38
2006-01-25,3.42
2006-01-26,3.45
2006-01-27,3.49
2006-01-28,NA
2006-01-29,NA
2006-01-30,3.5
2006-01-31,3.5
2006-02-01,3.47
2006-02-02,3.53
2006-02-03,3.52
2006-02-04,NA
2006-02-05,NA
2006-02-06,3.49
2006-02-07,3.49
2006-02-08,3.52
2006-02-09,3.53
2006-02-10,3.48
2006-02-11,NA
2006-02-12,NA
2006-02-13,3.52
2006-02-14,3.5
2006-02-15,3.51
2006-02-16,3.52
2006-02-17,3.48
2006-02-18,NA
2006-02-19,NA
2006-02-20,3.45
2006-02-21,3.45
2006-02-22,3.47
2006-02-23,3.46
2006-02-24,3.49
2006-02-25,NA
2006-02-26,NA
2006-02-27,3.53
2006-02-28,3.53
2006-03-01,3.53
2006-03-02,3.54
2006-03-03,3.6
2006-03-04,NA
2006-03-05,NA
2006-03-06,3.6
2006-03-07,3.63
2006-03-08,3.62
2006-03-09,3.67
2006-03-10,3.67
2006-03-11,NA
2006-03-12,NA
2006-03-13,3.72
2006-03-14,3.71
2006-03-15,3.68
2006-03-16,3.7
2006-03-17,3.65
2006-03-18,NA
2006-03-19,NA
2006-03-20,3.71
2006-03-21,3.7
2006-03-22,3.68
2006-03-23,3.65
2006-03-24,3.69
2006-03-25,NA
2006-03-26,NA
2006-03-27,3.66
2006-03-28,3.73
2006-03-29,3.78
2006-03-30,3.79
2006-03-31,3.8
2006-04-01,NA
2006-04-02,NA
2006-04-03,3.82
2006-04-04,3.87
2006-04-05,3.87
2006-04-06,3.91
2006-04-07,3.9
2006-04-08,NA
2006-04-09,NA
2006-04-10,3.91
2006-04-11,3.92
2006-04-12,3.89
2006-04-13,3.92
2006-04-14,3.92
2006-04-15,NA
2006-04-16,NA
2006-04-17,NA
2006-04-18,3.97
2006-04-19,3.92
2006-04-20,3.98
2006-04-21,3.94
2006-04-22,NA
2006-04-23,NA
2006-04-24,3.96
2006-04-25,4.01
2006-04-26,4.02
2006-04-27,4.03
2006-04-28,4.02
2006-04-29,NA
2006-04-30,NA
2006-05-01,NA
2006-05-02,4.02
2006-05-03,4.02
2006-05-04,4.04
2006-05-05,4.06
2006-05-06,NA
2006-05-07,NA
2006-05-08,4.01
2006-05-09,4.06
2006-05-10,4.07
2006-05-11,4.07
2006-05-12,4.1
2006-05-13,NA
2006-05-14,NA
2006-05-15,4.08
2006-05-16,4.04
2006-05-17,4.03
2006-05-18,4.07
2006-05-19,4.03
2006-05-20,NA
2006-05-21,NA
2006-05-22,3.95
2006-05-23,3.94
2006-05-24,3.93
2006-05-25,3.9
2006-05-26,3.91
2006-05-27,NA
2006-05-28,NA
2006-05-29,3.91
2006-05-30,3.91
2006-05-31,3.94
2006-06-01,4.02
2006-06-02,4.01
2006-06-03,NA
2006-06-04,NA
2006-06-05,3.93
2006-06-06,4.0
2006-06-07,4.01
2006-06-08,3.97
2006-06-09,3.95
2006-06-10,NA
2006-06-11,NA
2006-06-12,3.94
2006-06-13,3.88
2006-06-14,3.9
2006-06-15,3.94
2006-06-16,3.97
2006-06-17,NA
2006-06-18,NA
2006-06-19,3.99
2006-06-20,3.96
2006-06-21,4.02
2006-06-22,4.04
2006-06-23,4.07
2006-06-24,NA
2006-06-25,NA
2006-06-26,4.08
2006-06-27,4.12
2006-06-28,4.11
2006-06-29,4.1
2006-06-30,4.09
2006-07-01,NA
2006-07-02,NA
2006-07-03,4.08
2006-07-04,4.09
2006-07-05,4.12
2006-07-06,4.14
2006-07-07,4.11
2006-07-08,NA
2006-07-09,NA
2006-07-10,4.08
2006-07-11,4.07
2006-07-12,4.09
2006-07-13,4.05
2006-07-14,4.0
2006-07-15,NA
2006-07-16,NA
2006-07-17,3.98
2006-07-18,4.01
2006-07-19,4.04
2006-07-20,4.01
2006-07-21,3.97
2006-07-22,NA
2006-07-23,NA
2006-07-24,3.98
2006-07-25,3.95
2006-07-26,3.98
2006-07-27,3.96
2006-07-28,3.96
2006-07-29,NA
2006-07-30,NA
2006-07-31,3.94
2006-08-01,3.95
2006-08-02,3.93
2006-08-03,NA
2006-08-04,3.99
2006-08-05,NA
2006-08-06,NA
2006-08-07,3.93
2006-08-08,3.92
2006-08-09,3.94
2006-08-10,3.92
2006-08-11,3.98
2006-08-12,NA
2006-08-13,NA
2006-08-14,3.98
2006-08-15,4.02
2006-08-16,3.99
2006-08-17,3.93
2006-08-18,3.94
2006-08-19,NA
2006-08-20,NA
2006-08-21,3.88
2006-08-22,3.87
2006-08-23,3.83
2006-08-24,3.85
2006-08-25,3.81
2006-08-26,NA
2006-08-27,NA
2006-08-28,3.81
2006-08-29,3.82
2006-08-30,3.82
2006-08-31,3.81
2006-09-01,3.77
2006-09-02,NA
2006-09-03,NA
2006-09-04,3.76
2006-09-05,3.78
2006-09-06,3.81
2006-09-07,3.84
2006-09-08,3.8
2006-09-09,NA
2006-09-10,NA
2006-09-11,3.81
2006-09-12,3.85
2006-09-13,3.81
2006-09-14,3.81
2006-09-15,3.83
2006-09-16,NA
2006-09-17,NA
2006-09-18,3.84
2006-09-19,3.84
2006-09-20,3.79
2006-09-21,3.81
2006-09-22,3.73
2006-09-23,NA
2006-09-24,NA
2006-09-25,3.69
2006-09-26,3.69
2006-09-27,3.7
2006-09-28,3.7
2006-09-29,3.68
2006-09-30,NA
2006-10-01,NA
2006-10-02,3.75
2006-10-03,3.71
2006-10-04,3.76
2006-10-05,3.72
2006-10-06,3.71
2006-10-07,NA
2006-10-08,NA
2006-10-09,3.78
2006-10-10,3.81
2006-10-11,3.82
2006-10-12,3.85
2006-10-13,3.83
2006-10-14,NA
2006-10-15,NA
2006-10-16,3.85
2006-10-17,3.84
2006-10-18,3.83
2006-10-19,3.84
2006-10-20,3.84
2006-10-21,NA
2006-10-22,NA
2006-10-23,3.89
2006-10-24,3.88
2006-10-25,3.88
2006-10-26,3.9
2006-10-27,3.86
2006-10-28,NA
2006-10-29,NA
2006-10-30,3.82
2006-10-31,3.81
2006-11-01,3.77
2006-11-02,3.75
2006-11-03,3.75
2006-11-04,NA
2006-11-05,NA
2006-11-06,3.8
2006-11-07,3.79
2006-11-08,3.75
2006-11-09,3.78
2006-11-10,3.75
2006-11-11,NA
2006-11-12,NA
2006-11-13,3.72
2006-11-14,3.76
2006-11-15,3.74
2006-11-16,3.76
2006-11-17,3.78
2006-11-18,NA
2006-11-19,NA
2006-11-20,3.73
2006-11-21,3.72
2006-11-22,3.73
2006-11-23,3.75
2006-11-24,3.72
2006-11-25,NA
2006-11-26,NA
2006-11-27,3.74
2006-11-28,3.73
2006-11-29,3.73
2006-11-30,3.75
2006-12-01,3.73
2006-12-02,NA
2006-12-03,NA
2006-12-04,3.69
2006-12-05,3.7
2006-12-06,3.71
2006-12-07,3.71
2006-12-08,3.73
2006-12-09,NA
2006-12-10,NA
2006-12-11,3.75
2006-12-12,3.77
2006-12-13,3.73
2006-12-14,3.78
2006-12-15,3.83
2006-12-16,NA
2006-12-17,NA
2006-12-18,3.84
2006-12-19,3.87
2006-12-20,3.89
2006-12-21,3.9
2006-12-22,3.89
2006-12-23,NA
2006-12-24,NA
2006-12-25,NA
2006-12-26,NA
2006-12-27,3.93
2006-12-28,3.98
2006-12-29,3.98
2006-12-30,NA
2006-12-31,NA
2007-01-01,NA
2007-01-02,3.96
2007-01-03,3.98
2007-01-04,3.97
2007-01-05,3.96
2007-01-06,NA
2007-01-07,NA
2007-01-08,4.01
2007-01-09,4.02
2007-01-10,4.03
2007-01-11,4.06
2007-01-12,4.06
2007-01-13,NA
2007-01-14,NA
2007-01-15,4.09
2007-01-16,4.09
2007-01-17,4.05
2007-01-18,4.1
2007-01-19,4.07
2007-01-20,NA
2007-01-21,NA
2007-01-22,4.08
2007-01-23,4.05
2007-01-24,4.06
2007-01-25,4.06
2007-01-26,4.12
2007-01-27,NA
2007-01-28,NA
2007-01-29,4.14
2007-01-30,4.14
2007-01-31,4.13
2007-02-01,4.11
2007-02-02,4.14
2007-02-03,NA
2007-02-04,NA
2007-02-05,4.08
2007-02-06,4.07
2007-02-07,4.07
2007-02-08,4.07
2007-02-09,4.1
2007-02-10,NA
2007-02-11,NA
2007-02-12,4.14
2007-02-13,4.16
2007-02-14,4.16
2007-02-15,4.1
2007-02-16,4.07
2007-02-17,NA
2007-02-18,NA
2007-02-19,4.1
2007-02-20,4.13
2007-02-21,4.09
2007-02-22,4.09
2007-02-23,4.1
2007-02-24,NA
2007-02-25,NA
2007-02-26,4.05
2007-02-27,4.01
2007-02-28,3.99
2007-03-01,4.01
2007-03-02,3.98
2007-03-03,NA
2007-03-04,NA
2007-03-05,3.94
2007-03-06,3.97
2007-03-07,3.97
2007-03-08,3.97
2007-03-09,3.96
2007-03-10,NA
2007-03-11,NA
2007-03-12,4.01
2007-03-13,3.96
2007-03-14,3.92
2007-03-15,3.95
2007-03-16,3.94
2007-03-17,NA
2007-03-18,NA
2007-03-19,3.96
2007-03-20,3.97
2007-03-21,3.94
2007-03-22,3.95
2007-03-23,4.0
2007-03-24,NA
2007-03-25,NA
2007-03-26,4.05
2007-03-27,4.06
2007-03-28,4.08
2007-03-29,4.1
2007-03-30,4.09
2007-03-31,NA
2007-04-01,NA
2007-04-02,4.1
2007-04-03,4.12
2007-04-04,4.13
2007-04-05,4.13
2007-04-06,NA
2007-04-07,NA
2007-04-08,NA
2007-04-09,NA
2007-04-10,4.17
2007-04-11,4.17
2007-04-12,4.19
2007-04-13,4.25
2007-04-14,NA
2007-04-15,NA
2007-04-16,4.27
2007-04-17,4.28
2007-04-18,4.21
2007-04-19,4.18
2007-04-20,4.24
2007-04-21,NA
2007-04-22,NA
2007-04-23,4.22
2007-04-24,4.2
2007-04-25,4.23
2007-04-26,4.25
2007-04-27,4.26
2007-04-28,NA
2007-04-29,NA
2007-04-30,4.26
2007-05-01,NA
2007-05-02,4.24
2007-05-03,4.26
2007-05-04,4.26
2007-05-05,NA
2007-05-06,NA
2007-05-07,4.26
2007-05-08,4.25
2007-05-09,4.25
2007-05-10,4.27
2007-05-11,4.21
2007-05-12,NA
2007-05-13,NA
2007-05-14,4.3
2007-05-15,4.34
2007-05-16,4.34
2007-05-17,4.34
2007-05-18,4.35
2007-05-19,NA
2007-05-20,NA
2007-05-21,4.36
2007-05-22,4.37
2007-05-23,4.41
2007-05-24,4.39
2007-05-25,4.4
2007-05-26,NA
2007-05-27,NA
2007-05-28,4.4
2007-05-29,4.42
2007-05-30,4.42
2007-05-31,4.43
2007-06-01,4.46
2007-06-02,NA
2007-06-03,NA
2007-06-04,4.48
2007-06-05,4.5
2007-06-06,4.52
2007-06-07,4.54
2007-06-08,4.61
2007-06-09,NA
2007-06-10,NA
2007-06-11,4.59
2007-06-12,4.62
2007-06-13,4.7
2007-06-14,4.69
2007-06-15,4.71
2007-06-16,NA
2007-06-17,NA
2007-06-18,4.67
2007-06-19,4.68
2007-06-20,4.62
2007-06-21,4.71
2007-06-22,4.68
2007-06-23,NA
2007-06-24,NA
2007-06-25,4.66
2007-06-26,4.63
2007-06-27,4.59
2007-06-28,4.64
2007-06-29,4.6
2007-06-30,NA
2007-07-01,NA
2007-07-02,4.57
2007-07-03,4.58
2007-07-04,4.65
2007-07-05,4.68
2007-07-06,4.71
2007-07-07,NA
2007-07-08,NA
2007-07-09,4.74
2007-07-10,4.71
2007-07-11,4.62
2007-07-12,4.66
2007-07-13,4.7
2007-07-14,NA
2007-07-15,NA
2007-07-16,4.66
2007-07-17,4.62
2007-07-18,4.63
2007-07-19,4.64
2007-07-20,4.57
2007-07-21,NA
2007-07-22,NA
2007-07-23,4.49
2007-07-24,4.5
2007-07-25,4.48
2007-07-26,4.48
2007-07-27,4.43
2007-07-28,NA
2007-07-29,NA
2007-07-30,4.42
2007-07-31,4.45
2007-08-01,4.39
2007-08-02,4.44
2007-08-03,4.45
2007-08-04,NA
2007-08-05,NA
2007-08-06,4.41
2007-08-07,4.44
2007-08-08,4.49
2007-08-09,4.47
2007-08-10,4.43
2007-08-11,NA
2007-08-12,NA
2007-08-13,4.44
2007-08-14,4.44
2007-08-15,4.41
2007-08-16,4.37
2007-08-17,4.34
2007-08-18,NA
2007-08-19,NA
2007-08-20,4.4
2007-08-21,4.32
2007-08-22,4.36
2007-08-23,4.4
2007-08-24,4.34
2007-08-25,NA
2007-08-26,NA
2007-08-27,4.39
2007-08-28,4.34
2007-08-29,4.29
2007-08-30,4.34
2007-08-31,4.36
2007-09-01,NA
2007-09-02,NA
2007-09-03,4.34
2007-09-04,4.34
2007-09-05,4.36
2007-09-06,4.34
2007-09-07,4.33
2007-09-08,NA
2007-09-09,NA
2007-09-10,4.25
2007-09-11,4.23
2007-09-12,4.24
2007-09-13,4.23
2007-09-14,4.26
2007-09-15,NA
2007-09-16,NA
2007-09-17,4.25
2007-09-18,4.27
2007-09-19,4.36
2007-09-20,4.37
2007-09-21,4.44
2007-09-22,NA
2007-09-23,NA
2007-09-24,4.47
2007-09-25,4.42
2007-09-26,4.45
2007-09-27,4.49
2007-09-28,4.44
2007-09-29,NA
2007-09-30,NA
2007-10-01,4.47
2007-10-02,4.46
2007-10-03,4.41
2007-10-04,4.44
2007-10-05,4.39
2007-10-06,NA
2007-10-07,NA
2007-10-08,4.45
2007-10-09,4.44
2007-10-10,4.42
2007-10-11,4.47
2007-10-12,4.46
2007-10-13,NA
2007-10-14,NA
2007-10-15,4.52
2007-10-16,4.51
2007-10-17,4.51
2007-10-18,4.47
2007-10-19,4.4
2007-10-20,NA
2007-10-21,NA
2007-10-22,4.29
2007-10-23,4.31
2007-10-24,4.28
2007-10-25,4.27
2007-10-26,4.27
2007-10-27,NA
2007-10-28,NA
2007-10-29,4.3
2007-10-30,4.3
2007-10-31,4.3
2007-11-01,4.43
2007-11-02,4.31
2007-11-03,NA
2007-11-04,NA
2007-11-05,4.27
2007-11-06,4.32
2007-11-07,4.27
2007-11-08,4.26
2007-11-09,4.25
2007-11-10,NA
2007-11-11,NA
2007-11-12,4.23
2007-11-13,4.22
2007-11-14,4.3
2007-11-15,4.26
2007-11-16,4.22
2007-11-17,NA
2007-11-18,NA
2007-11-19,4.22
2007-11-20,4.17
2007-11-21,4.14
2007-11-22,4.16
2007-11-23,4.17
2007-11-24,NA
2007-11-25,NA
2007-11-26,4.18
2007-11-27,4.14
2007-11-28,4.18
2007-11-29,4.24
2007-11-30,4.22
2007-12-01,NA
2007-12-02,NA
2007-12-03,4.25
2007-12-04,4.2
2007-12-05,4.15
2007-12-06,4.17
2007-12-07,4.24
2007-12-08,NA
2007-12-09,NA
2007-12-10,4.29
2007-12-11,4.37
2007-12-12,4.35
2007-12-13,4.4
2007-12-14,4.41
2007-12-15,NA
2007-12-16,NA
2007-12-17,4.4
2007-12-18,4.39
2007-12-19,4.37
2007-12-20,4.4
2007-12-21,4.38
2007-12-22,NA
2007-12-23,NA
2007-12-24,4.38
2007-12-25,NA
2007-12-26,4.38
2007-12-27,4.45
2007-12-28,4.47
2007-12-29,NA
2007-12-30,NA
2007-12-31,4.47
2008-01-01,NA
2008-01-02,4.45
2008-01-03,4.32
2008-01-04,4.28
2008-01-05,NA
2008-01-06,NA
2008-01-07,4.25
2008-01-08,4.25
2008-01-09,4.23
2008-01-10,4.22
2008-01-11,4.24
2008-01-12,NA
2008-01-13,NA
2008-01-14,4.16
2008-01-15,4.16
2008-01-16,4.11
2008-01-17,4.11
2008-01-18,4.07
2008-01-19,NA
2008-01-20,NA
2008-01-21,4.06
2008-01-22,4.0
2008-01-23,4.06
2008-01-24,4.08
2008-01-25,4.16
2008-01-26,NA
2008-01-27,NA
2008-01-28,4.08
2008-01-29,4.11
2008-01-30,4.12
2008-01-31,4.11
2008-02-01,4.07
2008-02-02,NA
2008-02-03,NA
2008-02-04,4.06
2008-02-05,4.04
2008-02-06,3.99
2008-02-07,4.03
2008-02-08,4.05
2008-02-09,NA
2008-02-10,NA
2008-02-11,4.02
2008-02-12,4.0
2008-02-13,4.07
2008-02-14,4.12
2008-02-15,4.14
2008-02-16,NA
2008-02-17,NA
2008-02-18,4.13
2008-02-19,4.12
2008-02-20,4.18
2008-02-21,4.18
2008-02-22,4.14
2008-02-23,NA
2008-02-24,NA
2008-02-25,4.18
2008-02-26,4.21
2008-02-27,4.19
2008-02-28,4.2
2008-02-29,4.09
2008-03-01,NA
2008-03-02,NA
2008-03-03,4.01
2008-03-04,4.03
2008-03-05,4.07
2008-03-06,4.1
2008-03-07,4.08
2008-03-08,NA
2008-03-09,NA
2008-03-10,4.03
2008-03-11,3.99
2008-03-12,4.03
2008-03-13,3.96
2008-03-14,3.98
2008-03-15,NA
2008-03-16,NA
2008-03-17,3.92
2008-03-18,3.97
2008-03-19,4.01
2008-03-20,3.98
2008-03-21,NA
2008-03-22,NA
2008-03-23,NA
2008-03-24,NA
2008-03-25,4.07
2008-03-26,4.1
2008-03-27,4.15
2008-03-28,4.19
2008-03-29,NA
2008-03-30,NA
2008-03-31,4.17
2008-04-01,4.16
2008-04-02,4.18
2008-04-03,4.2
2008-04-04,4.19
2008-04-05,NA
2008-04-06,NA
2008-04-07,4.21
2008-04-08,4.2
2008-04-09,4.21
2008-04-10,4.19
2008-04-11,4.21
2008-04-12,NA
2008-04-13,NA
2008-04-14,4.12
2008-04-15,4.13
2008-04-16,4.2
2008-04-17,4.28
2008-04-18,4.31
2008-04-19,NA
2008-04-20,NA
2008-04-21,4.31
2008-04-22,4.35
2008-04-23,4.34
2008-04-24,4.28
2008-04-25,4.4
2008-04-26,NA
2008-04-27,NA
2008-04-28,4.38
2008-04-29,4.38
2008-04-30,4.33
2008-05-01,NA
2008-05-02,4.32
2008-05-03,NA
2008-05-04,NA
2008-05-05,4.36
2008-05-06,4.34
2008-05-07,4.37
2008-05-08,4.32
2008-05-09,4.23
2008-05-10,NA
2008-05-11,NA
2008-05-12,4.25
2008-05-13,4.24
2008-05-14,4.38
2008-05-15,4.45
2008-05-16,4.41
2008-05-17,NA
2008-05-18,NA
2008-05-19,4.35
2008-05-20,4.38
2008-05-21,4.43
2008-05-22,4.44
2008-05-23,4.45
2008-05-24,NA
2008-05-25,NA
2008-05-26,4.46
2008-05-27,4.47
2008-05-28,4.52
2008-05-29,4.59
2008-05-30,4.61
2008-05-31,NA
2008-06-01,NA
2008-06-02,4.55
2008-06-03,4.54
2008-06-04,4.56
2008-06-05,4.62
2008-06-06,4.63
2008-06-07,NA
2008-06-08,NA
2008-06-09,4.59
2008-06-10,4.72
2008-06-11,4.71
2008-06-12,4.8
2008-06-13,4.82
2008-06-14,NA
2008-06-15,NA
2008-06-16,4.82
2008-06-17,4.79
2008-06-18,4.79
2008-06-19,4.8
2008-06-20,4.82
2008-06-21,NA
2008-06-22,NA
2008-06-23,4.74
2008-06-24,4.79
2008-06-25,4.79
2008-06-26,4.77
2008-06-27,4.7
2008-06-28,NA
2008-06-29,NA
2008-06-30,4.74
2008-07-01,4.79
2008-07-02,4.85
2008-07-03,4.86
2008-07-04,4.74
2008-07-05,NA
2008-07-06,NA
2008-07-07,4.67
2008-07-08,4.63
2008-07-09,4.67
2008-07-10,4.61
2008-07-11,4.64
2008-07-12,NA
2008-07-13,NA
2008-07-14,4.67
2008-07-15,4.58
2008-07-16,4.59
2008-07-17,4.66
2008-07-18,4.66
2008-07-19,NA
2008-07-20,NA
2008-07-21,4.79
2008-07-22,4.79
2008-07-23,4.85
2008-07-24,4.77
2008-07-25,4.7
2008-07-26,NA
2008-07-27,NA
2008-07-28,4.76
2008-07-29,4.7
2008-07-30,4.63
2008-07-31,4.61
2008-08-01,4.56
2008-08-02,NA
2008-08-03,NA
2008-08-04,4.52
2008-08-05,4.54
2008-08-06,4.5
2008-08-07,4.5
2008-08-08,4.43
2008-08-09,NA
2008-08-10,NA
2008-08-11,4.42
2008-08-12,4.41
2008-08-13,4.42
2008-08-14,4.4
2008-08-15,4.38
2008-08-16,NA
2008-08-17,NA
2008-08-18,4.33
2008-08-19,4.32
2008-08-20,4.37
2008-08-21,4.34
2008-08-22,4.38
2008-08-23,NA
2008-08-24,NA
2008-08-25,4.38
2008-08-26,4.3
2008-08-27,4.32
2008-08-28,4.37
2008-08-29,4.36
2008-08-30,NA
2008-08-31,NA
2008-09-01,4.35
2008-09-02,4.43
2008-09-03,4.35
2008-09-04,4.38
2008-09-05,4.25
2008-09-06,NA
2008-09-07,NA
2008-09-08,4.35
2008-09-09,4.32
2008-09-10,4.31
2008-09-11,4.33
2008-09-12,4.38
2008-09-13,NA
2008-09-14,NA
2008-09-15,4.27
2008-09-16,4.27
2008-09-17,4.33
2008-09-18,4.37
2008-09-19,4.45
2008-09-20,NA
2008-09-21,NA
2008-09-22,4.5
2008-09-23,4.52
2008-09-24,4.47
2008-09-25,4.48
2008-09-26,4.47
2008-09-27,NA
2008-09-28,NA
2008-09-29,4.41
2008-09-30,4.35
2008-10-01,4.38
2008-10-02,4.43
2008-10-03,4.27
2008-10-04,NA
2008-10-05,NA
2008-10-06,4.14
2008-10-07,4.1
2008-10-08,4.06
2008-10-09,4.27
2008-10-10,4.21
2008-10-11,NA
2008-10-12,NA
2008-10-13,4.45
2008-10-14,4.42
2008-10-15,4.36
2008-10-16,4.39
2008-10-17,4.35
2008-10-18,NA
2008-10-19,NA
2008-10-20,4.33
2008-10-21,4.27
2008-10-22,4.19
2008-10-23,4.14
2008-10-24,4.1
2008-10-25,NA
2008-10-26,NA
2008-10-27,4.11
2008-10-28,4.2
2008-10-29,4.18
2008-10-30,4.3
2008-10-31,4.23
2008-11-01,NA
2008-11-02,NA
2008-11-03,4.36
2008-11-04,4.36
2008-11-05,4.29
2008-11-06,4.27
2008-11-07,4.09
2008-11-08,NA
2008-11-09,NA
2008-11-10,4.09
2008-11-11,4.07
2008-11-12,4.04
2008-11-13,4.05
2008-11-14,4.06
2008-11-15,NA
2008-11-16,NA
2008-11-17,4.01
2008-11-18,3.97
2008-11-19,3.9
2008-11-20,3.82
2008-11-21,3.81
2008-11-22,NA
2008-11-23,NA
2008-11-24,3.83
2008-11-25,3.83
2008-11-26,3.73
2008-11-27,3.72
2008-11-28,3.66
2008-11-29,NA
2008-11-30,NA
2008-12-01,3.64
2008-12-02,3.58
2008-12-03,3.46
2008-12-04,3.42
2008-12-05,3.53
2008-12-06,NA
2008-12-07,NA
2008-12-08,3.6
2008-12-09,3.64
2008-12-10,3.66
2008-12-11,3.6
2008-12-12,3.58
2008-12-13,NA
2008-12-14,NA
2008-12-15,3.64
2008-12-16,3.65
2008-12-17,3.48
2008-12-18,3.51
2008-12-19,3.46
2008-12-20,NA
2008-12-21,NA
2008-12-22,3.47
2008-12-23,3.39
2008-12-24,3.39
2008-12-25,NA
2008-12-26,3.39
2008-12-27,NA
2008-12-28,NA
2008-12-29,3.39
2008-12-30,3.42
2008-12-31,3.42
2009-01-01,NA
2009-01-02,3.45
2009-01-03,NA
2009-01-04,NA
2009-01-05,3.49
2009-01-06,3.53
2009-01-07,3.6
2009-01-08,3.69
2009-01-09,3.56
2009-01-10,NA
2009-01-11,NA
2009-01-12,3.52
2009-01-13,3.53
2009-01-14,3.55
2009-01-15,3.41
2009-01-16,3.45
2009-01-17,NA
2009-01-18,NA
2009-01-19,3.55
2009-01-20,3.56
2009-01-21,3.57
2009-01-22,3.68
2009-01-23,3.71
2009-01-24,NA
2009-01-25,NA
2009-01-26,3.83
2009-01-27,3.86
2009-01-28,3.81
2009-01-29,3.73
2009-01-30,3.81
2009-01-31,NA
2009-02-01,NA
2009-02-02,3.78
2009-02-03,3.81
2009-02-04,3.83
2009-02-05,3.84
2009-02-06,3.79
2009-02-07,NA
2009-02-08,NA
2009-02-09,3.82
2009-02-10,3.79
2009-02-11,3.73
2009-02-12,3.64
2009-02-13,3.63
2009-02-14,NA
2009-02-15,NA
2009-02-16,3.59
2009-02-17,3.58
2009-02-18,3.52
2009-02-19,3.61
2009-02-20,3.57
2009-02-21,NA
2009-02-22,NA
2009-02-23,3.62
2009-02-24,3.53
2009-02-25,3.58
2009-02-26,3.65
2009-02-27,3.67
2009-02-28,NA
2009-03-01,NA
2009-03-02,3.62
2009-03-03,3.65
2009-03-04,3.74
2009-03-05,3.76
2009-03-06,3.56
2009-03-07,NA
2009-03-08,NA
2009-03-09,3.55
2009-03-10,3.62
2009-03-11,3.7
2009-03-12,3.65
2009-03-13,3.66
2009-03-14,NA
2009-03-15,NA
2009-03-16,3.66
2009-03-17,3.66
2009-03-18,3.75
2009-03-19,3.61
2009-03-20,3.58
2009-03-21,NA
2009-03-22,NA
2009-03-23,3.56
2009-03-24,3.63
2009-03-25,3.67
2009-03-26,3.67
2009-03-27,3.62
2009-03-28,NA
2009-03-29,NA
2009-03-30,3.61
2009-03-31,3.64
2009-04-01,3.61
2009-04-02,3.62
2009-04-03,3.69
2009-04-04,NA
2009-04-05,NA
2009-04-06,3.72
2009-04-07,3.72
2009-04-08,3.69
2009-04-09,3.74
2009-04-10,NA
2009-04-11,NA
2009-04-12,NA
2009-04-13,NA
2009-04-14,3.69
2009-04-15,3.66
2009-04-16,3.67
2009-04-17,3.68
2009-04-18,NA
2009-04-19,NA
2009-04-20,3.7
2009-04-21,3.6
2009-04-22,3.62
2009-04-23,3.65
2009-04-24,3.61
2009-04-25,NA
2009-04-26,NA
2009-04-27,3.56
2009-04-28,3.56
2009-04-29,3.62
2009-04-30,3.62
2009-05-01,NA
2009-05-02,NA
2009-05-03,NA
2009-05-04,3.6
2009-05-05,3.62
2009-05-06,3.62
2009-05-07,3.66
2009-05-08,3.79
2009-05-09,NA
2009-05-10,NA
2009-05-11,3.77
2009-05-12,3.76
2009-05-13,3.8
2009-05-14,3.73
2009-05-15,3.71
2009-05-16,NA
2009-05-17,NA
2009-05-18,3.74
2009-05-19,3.8
2009-05-20,3.83
2009-05-21,3.8
2009-05-22,3.84
2009-05-23,NA
2009-05-24,NA
2009-05-25,3.91
2009-05-26,3.9
2009-05-27,3.96
2009-05-28,4.0
2009-05-29,3.98
2009-05-30,NA
2009-05-31,NA
2009-06-01,3.97
2009-06-02,3.99
2009-06-03,3.97
2009-06-04,3.94
2009-06-05,3.99
2009-06-06,NA
2009-06-07,NA
2009-06-08,4.04
2009-06-09,3.99
2009-06-10,4.0
2009-06-11,4.02
2009-06-12,3.95
2009-06-13,NA
2009-06-14,NA
2009-06-15,3.91
2009-06-16,3.87
2009-06-17,3.85
2009-06-18,3.85
2009-06-19,3.93
2009-06-20,NA
2009-06-21,NA
2009-06-22,3.83
2009-06-23,3.84
2009-06-24,3.82
2009-06-25,3.81
2009-06-26,3.8
2009-06-27,NA
2009-06-28,NA
2009-06-29,3.74
2009-06-30,3.72
2009-07-01,3.74
2009-07-02,3.74
2009-07-03,3.69
2009-07-04,NA
2009-07-05,NA
2009-07-06,3.66
2009-07-07,3.68
2009-07-08,3.63
2009-07-09,3.63
2009-07-10,3.65
2009-07-11,NA
2009-07-12,NA
2009-07-13,3.6
2009-07-14,3.66
2009-07-15,3.68
2009-07-16,3.71
2009-07-17,3.71
2009-07-18,NA
2009-07-19,NA
2009-07-20,3.74
2009-07-21,3.68
2009-07-22,3.69
2009-07-23,3.64
2009-07-24,3.67
2009-07-25,NA
2009-07-26,NA
2009-07-27,3.7
2009-07-28,3.68
2009-07-29,3.61
2009-07-30,3.63
2009-07-31,3.55
2009-08-01,NA
2009-08-02,NA
2009-08-03,3.54
2009-08-04,3.57
2009-08-05,3.56
2009-08-06,3.53
2009-08-07,3.54
2009-08-08,NA
2009-08-09,NA
2009-08-10,3.69
2009-08-11,3.67
2009-08-12,3.63
2009-08-13,3.67
2009-08-14,3.59
2009-08-15,NA
2009-08-16,NA
2009-08-17,3.51
2009-08-18,3.53
2009-08-19,3.52
2009-08-20,3.51
2009-08-21,3.5
2009-08-22,NA
2009-08-23,NA
2009-08-24,3.56
2009-08-25,3.52
2009-08-26,3.49
2009-08-27,3.48
2009-08-28,3.53
2009-08-29,NA
2009-08-30,NA
2009-08-31,3.51
2009-09-01,3.51
2009-09-02,3.53
2009-09-03,3.55
2009-09-04,3.58
2009-09-05,NA
2009-09-06,NA
2009-09-07,3.58
2009-09-08,3.58
2009-09-09,3.59
2009-09-10,3.65
2009-09-11,3.56
2009-09-12,NA
2009-09-13,NA
2009-09-14,3.52
2009-09-15,3.55
2009-09-16,3.54
2009-09-17,3.61
2009-09-18,3.58
2009-09-19,NA
2009-09-20,NA
2009-09-21,3.62
2009-09-22,3.67
2009-09-23,3.65
2009-09-24,3.57
2009-09-25,3.53
2009-09-26,NA
2009-09-27,NA
2009-09-28,3.51
2009-09-29,3.53
2009-09-30,3.53
2009-10-01,3.57
2009-10-02,3.51
2009-10-03,NA
2009-10-04,NA
2009-10-05,3.47
2009-10-06,3.49
2009-10-07,3.48
2009-10-08,3.46
2009-10-09,3.49
2009-10-10,NA
2009-10-11,NA
2009-10-12,3.54
2009-10-13,3.53
2009-10-14,3.55
2009-10-15,3.63
2009-10-16,3.66
2009-10-17,NA
2009-10-18,NA
2009-10-19,3.63
2009-10-20,3.58
2009-10-21,3.57
2009-10-22,3.57
2009-10-23,3.6
2009-10-24,NA
2009-10-25,NA
2009-10-26,3.64
2009-10-27,3.61
2009-10-28,3.53
2009-10-29,3.56
2009-10-30,3.57
2009-10-31,NA
2009-11-01,NA
2009-11-02,3.54
2009-11-03,3.53
2009-11-04,3.61
2009-11-05,3.63
2009-11-06,3.62
2009-11-07,NA
2009-11-08,NA
2009-11-09,3.65
2009-11-10,3.6
2009-11-11,3.61
2009-11-12,3.55
2009-11-13,3.58
2009-11-14,NA
2009-11-15,NA
2009-11-16,3.59
2009-11-17,3.58
2009-11-18,3.55
2009-11-19,3.581
2009-11-20,3.566
2009-11-21,NA
2009-11-22,NA
2009-11-23,3.565
2009-11-24,3.554
2009-11-25,3.525
2009-11-26,3.465
2009-11-27,3.45
2009-11-28,NA
2009-11-29,NA
2009-11-30,3.418
2009-12-01,3.444
2009-12-02,3.451
2009-12-03,3.48
2009-12-04,3.46
2009-12-05,NA
2009-12-06,NA
2009-12-07,3.471
2009-12-08,3.463
2009-12-09,3.444
2009-12-10,3.475
2009-12-11,3.503
2009-12-12,NA
2009-12-13,NA
2009-12-14,3.459
2009-12-15,3.449
2009-12-16,3.483
2009-12-17,3.444
2009-12-18,3.401
2009-12-19,NA
2009-12-20,NA
2009-12-21,3.408
2009-12-22,3.481
2009-12-23,3.505
2009-12-24,3.505
2009-12-25,NA
2009-12-26,NA
2009-12-27,NA
2009-12-28,3.569
2009-12-29,3.582
2009-12-30,3.587
2009-12-31,3.587
2010-01-01,NA
2010-01-02,NA
2010-01-03,NA
2010-01-04,3.626
2010-01-05,3.649
2010-01-06,3.631
2010-01-07,3.628
2010-01-08,3.612
2010-01-09,NA
2010-01-10,NA
2010-01-11,3.593
2010-01-12,3.545
2010-01-13,3.574
2010-01-14,3.583
2010-01-15,3.552
2010-01-16,NA
2010-01-17,NA
2010-01-18,3.526
2010-01-19,3.534
2010-01-20,3.524
2010-01-21,3.514
2010-01-22,3.479
2010-01-23,NA
2010-01-24,NA
2010-01-25,3.496
2010-01-26,3.466
2010-01-27,3.478
2010-01-28,3.505
2010-01-29,3.49
2010-01-30,NA
2010-01-31,NA
2010-02-01,3.479
2010-02-02,3.503
2010-02-03,3.515
2010-02-04,3.524
2010-02-05,3.438
2010-02-06,NA
2010-02-07,NA
2010-02-08,3.423
2010-02-09,3.461
2010-02-10,3.491
2010-02-11,3.474
2010-02-12,3.48
2010-02-13,NA
2010-02-14,NA
2010-02-15,3.466
2010-02-16,3.472
2010-02-17,3.473
2010-02-18,3.477
2010-02-19,3.522
2010-02-20,NA
2010-02-21,NA
2010-02-22,3.517
2010-02-23,3.484
2010-02-24,3.391
2010-02-25,3.367
2010-02-26,3.376
2010-02-27,NA
2010-02-28,NA
2010-03-01,3.391
2010-03-02,3.383
2010-03-03,3.392
2010-03-04,3.435
2010-03-05,3.406
2010-03-06,NA
2010-03-07,NA
2010-03-08,3.427
2010-03-09,3.411
2010-03-10,3.413
2010-03-11,3.436
2010-03-12,3.467
2010-03-13,NA
2010-03-14,NA
2010-03-15,3.426
2010-03-16,3.429
2010-03-17,3.404
2010-03-18,3.394
2010-03-19,3.418
2010-03-20,NA
2010-03-21,NA
2010-03-22,3.397
2010-03-23,3.356
2010-03-24,3.375
2010-03-25,3.428
2010-03-26,3.458
2010-03-27,NA
2010-03-28,NA
2010-03-29,3.47
2010-03-30,3.436
2010-03-31,3.418
2010-04-01,3.404
2010-04-02,NA
2010-04-03,NA
2010-04-04,NA
2010-04-05,NA
2010-04-06,3.444
2010-04-07,3.438
2010-04-08,3.409
2010-04-09,3.419
2010-04-10,NA
2010-04-11,NA
2010-04-12,3.466
2010-04-13,3.455
2010-04-14,3.425
2010-04-15,3.408
2010-04-16,3.401
2010-04-17,NA
2010-04-18,NA
2010-04-19,3.371
2010-04-20,3.382
2010-04-21,3.393
2010-04-22,3.386
2010-04-23,3.395
2010-04-24,NA
2010-04-25,NA
2010-04-26,3.35
2010-04-27,3.36
2010-04-28,3.286
2010-04-29,3.332
2010-04-30,3.329
2010-05-01,NA
2010-05-02,NA
2010-05-03,3.306
2010-05-04,3.289
2010-05-05,3.195
2010-05-06,3.197
2010-05-07,3.136
2010-05-08,NA
2010-05-09,NA
2010-05-10,3.264
2010-05-11,3.193
2010-05-12,3.215
2010-05-13,3.201
2010-05-14,3.143
2010-05-15,NA
2010-05-16,NA
2010-05-17,3.13
2010-05-18,3.129
2010-05-19,3.004
2010-05-20,3.029
2010-05-21,2.928
2010-05-22,NA
2010-05-23,NA
2010-05-24,2.918
2010-05-25,2.856
2010-05-26,2.906
2010-05-27,2.944
2010-05-28,2.962
2010-05-29,NA
2010-05-30,NA
2010-05-31,2.941
2010-06-01,2.899
2010-06-02,2.95
2010-06-03,3.059
2010-06-04,3.059
2010-06-05,NA
2010-06-06,NA
2010-06-07,3.04
2010-06-08,3.073
2010-06-09,3.075
2010-06-10,3.081
2010-06-11,3.093
2010-06-12,NA
2010-06-13,NA
2010-06-14,3.086
2010-06-15,3.108
2010-06-16,3.128
2010-06-17,3.14
2010-06-18,3.119
2010-06-19,NA
2010-06-20,NA
2010-06-21,3.119
2010-06-22,3.123
2010-06-23,3.082
2010-06-24,3.071
2010-06-25,3.113
2010-06-26,NA
2010-06-27,NA
2010-06-28,3.161
2010-06-29,3.102
2010-06-30,3.085
2010-07-01,3.07
2010-07-02,3.005
2010-07-03,NA
2010-07-04,NA
2010-07-05,2.956
2010-07-06,2.974
2010-07-07,2.981
2010-07-08,2.97
2010-07-09,2.996
2010-07-10,NA
2010-07-11,NA
2010-07-12,2.943
2010-07-13,2.959
2010-07-14,3.007
2010-07-15,3.012
2010-07-16,3.03
2010-07-17,NA
2010-07-18,NA
2010-07-19,2.973
2010-07-20,3.017
2010-07-21,3.015
2010-07-22,2.998
2010-07-23,3.031
2010-07-24,NA
2010-07-25,NA
2010-07-26,3.031
2010-07-27,3.044
2010-07-28,3.062
2010-07-29,3.028
2010-07-30,2.991
2010-07-31,NA
2010-08-01,NA
2010-08-02,2.998
2010-08-03,2.973
2010-08-04,2.908
2010-08-05,2.892
2010-08-06,2.857
2010-08-07,NA
2010-08-08,NA
2010-08-09,2.808
2010-08-10,2.83
2010-08-11,2.808
2010-08-12,2.758
2010-08-13,2.771
2010-08-14,NA
2010-08-15,NA
2010-08-16,2.72
2010-08-17,2.714
2010-08-18,2.692
2010-08-19,2.681
2010-08-20,2.628
2010-08-21,NA
2010-08-22,NA
2010-08-23,2.635
2010-08-24,2.601
2010-08-25,2.541
2010-08-26,2.528
2010-08-27,2.494
2010-08-28,NA
2010-08-29,NA
2010-08-30,2.532
2010-08-31,2.501
2010-09-01,2.542
2010-09-02,2.597
2010-09-03,2.597
2010-09-04,NA
2010-09-05,NA
2010-09-06,2.637
2010-09-07,2.648
2010-09-08,2.569
2010-09-09,2.635
2010-09-10,2.673
2010-09-11,NA
2010-09-12,NA
2010-09-13,2.768
2010-09-14,2.735
2010-09-15,2.772
2010-09-16,2.84
2010-09-17,2.861
2010-09-18,NA
2010-09-19,NA
2010-09-20,2.867
2010-09-21,2.866
2010-09-22,2.754
2010-09-23,2.697
2010-09-24,2.709
2010-09-25,NA
2010-09-26,NA
2010-09-27,2.71
2010-09-28,2.655
2010-09-29,2.659
2010-09-30,2.663
2010-10-01,2.722
2010-10-02,NA
2010-10-03,NA
2010-10-04,2.664
2010-10-05,2.658
2010-10-06,2.666
2010-10-07,2.666
2010-10-08,2.681
2010-10-09,NA
2010-10-10,NA
2010-10-11,2.666
2010-10-12,2.607
2010-10-13,2.692
2010-10-14,2.667
2010-10-15,2.702
2010-10-16,NA
2010-10-17,NA
2010-10-18,2.737
2010-10-19,2.754
2010-10-20,2.779
2010-10-21,2.839
2010-10-22,2.862
2010-10-23,NA
2010-10-24,NA
2010-10-25,2.833
2010-10-26,2.85
2010-10-27,2.902
2010-10-28,2.912
2010-10-29,2.905
2010-10-30,NA
2010-10-31,NA
2010-11-01,2.863
2010-11-02,2.871
2010-11-03,2.838
2010-11-04,2.885
2010-11-05,2.818
2010-11-06,NA
2010-11-07,NA
2010-11-08,2.837
2010-11-09,2.843
2010-11-10,2.899
2010-11-11,2.885
2010-11-12,2.928
2010-11-13,NA
2010-11-14,NA
2010-11-15,2.978
2010-11-16,2.996
2010-11-17,3.004
2010-11-18,3.08
2010-11-19,3.087
2010-11-20,NA
2010-11-21,NA
2010-11-22,3.096
2010-11-23,3.036
2010-11-24,3.017
2010-11-25,3.124
2010-11-26,3.097
2010-11-27,NA
2010-11-28,NA
2010-11-29,3.179
2010-11-30,3.183
2010-12-01,3.199
2010-12-02,3.284
2010-12-03,3.23
2010-12-04,NA
2010-12-05,NA
2010-12-06,3.262
2010-12-07,3.285
2010-12-08,3.354
2010-12-09,3.316
2010-12-10,3.335
2010-12-11,NA
2010-12-12,NA
2010-12-13,3.31
2010-12-14,3.325
2010-12-15,3.384
2010-12-16,3.402
2010-12-17,3.398
2010-12-18,NA
2010-12-19,NA
2010-12-20,3.354
2010-12-21,3.334
2010-12-22,3.352
2010-12-23,3.307
2010-12-24,3.356
2010-12-25,NA
2010-12-26,NA
2010-12-27,3.405
2010-12-28,3.34
2010-12-29,3.374
2010-12-30,3.396
2010-12-31,3.318
2011-01-01,NA
2011-01-02,NA
2011-01-03,3.339
2011-01-04,3.356
2011-01-05,3.283
2011-01-06,3.37
2011-01-07,3.376
2011-01-08,NA
2011-01-09,NA
2011-01-10,3.361
2011-01-11,3.347
2011-01-12,3.374
2011-01-13,3.41
2011-01-14,3.401
2011-01-15,NA
2011-01-16,NA
2011-01-17,3.415
2011-01-18,3.469
2011-01-19,3.479
2011-01-20,3.484
2011-01-21,3.505
2011-01-22,NA
2011-01-23,NA
2011-01-24,3.491
2011-01-25,3.458
2011-01-26,3.502
2011-01-27,3.53
2011-01-28,3.553
2011-01-29,NA
2011-01-30,NA
2011-01-31,3.529
2011-02-01,3.554
2011-02-02,3.561
2011-02-03,3.623
2011-02-04,3.588
2011-02-05,NA
2011-02-06,NA
2011-02-07,3.622
2011-02-08,3.611
2011-02-09,3.644
2011-02-10,3.638
2011-02-11,3.648
2011-02-12,NA
2011-02-13,NA
2011-02-14,3.656
2011-02-15,3.683
2011-02-16,3.674
2011-02-17,3.618
2011-02-18,3.578
2011-02-19,NA
2011-02-20,NA
2011-02-21,3.567
2011-02-22,3.511
2011-02-23,3.522
2011-02-24,3.505
2011-02-25,3.534
2011-02-26,NA
2011-02-27,NA
2011-02-28,3.513
2011-03-01,3.568
2011-03-02,3.557
2011-03-03,3.629
2011-03-04,3.682
2011-03-05,NA
2011-03-06,NA
2011-03-07,3.67
2011-03-08,3.657
2011-03-09,3.667
2011-03-10,3.631
2011-03-11,3.579
2011-03-12,NA
2011-03-13,NA
2011-03-14,3.595
2011-03-15,3.473
2011-03-16,3.49
2011-03-17,3.484
2011-03-18,3.5
2011-03-19,NA
2011-03-20,NA
2011-03-21,3.557
2011-03-22,3.624
2011-03-23,3.611
2011-03-24,3.618
2011-03-25,3.659
2011-03-26,NA
2011-03-27,NA
2011-03-28,3.678
2011-03-29,3.679
2011-03-30,3.713
2011-03-31,3.694
2011-04-01,3.768
2011-04-02,NA
2011-04-03,NA
2011-04-04,3.752
2011-04-05,3.738
2011-04-06,3.747
2011-04-07,3.764
2011-04-08,3.774
2011-04-09,NA
2011-04-10,NA
2011-04-11,3.799
2011-04-12,3.762
2011-04-13,3.762
2011-04-14,3.744
2011-04-15,3.759
2011-04-16,NA
2011-04-17,NA
2011-04-18,3.691
2011-04-19,3.639
2011-04-20,3.638
2011-04-21,3.629
2011-04-22,NA
2011-04-23,NA
2011-04-24,NA
2011-04-25,NA
2011-04-26,3.605
2011-04-27,3.616
2011-04-28,3.652
2011-04-29,3.613
2011-04-30,NA
2011-05-01,NA
2011-05-02,3.606
2011-05-03,3.599
2011-05-04,3.633
2011-05-05,3.694
2011-05-06,3.548
2011-05-07,NA
2011-05-08,NA
2011-05-09,3.513
2011-05-10,3.503
2011-05-11,3.523
2011-05-12,3.478
2011-05-13,3.503
2011-05-14,NA
2011-05-15,NA
2011-05-16,3.469
2011-05-17,3.489
2011-05-18,3.484
2011-05-19,3.513
2011-05-20,3.506
2011-05-21,NA
2011-05-22,NA
2011-05-23,3.425
2011-05-24,3.452
2011-05-25,3.454
2011-05-26,3.427
2011-05-27,3.358
2011-05-28,NA
2011-05-29,NA
2011-05-30,3.376
2011-05-31,3.406
2011-06-01,3.438
2011-06-02,3.355
2011-06-03,3.362
2011-06-04,NA
2011-06-05,NA
2011-06-06,3.354
2011-06-07,3.411
2011-06-08,3.438
2011-06-09,3.422
2011-06-10,3.393
2011-06-11,NA
2011-06-12,NA
2011-06-13,3.347
2011-06-14,3.372
2011-06-15,3.407
2011-06-16,3.387
2011-06-17,3.392
2011-06-18,NA
2011-06-19,NA
2011-06-20,3.377
2011-06-21,3.4
2011-06-22,3.412
2011-06-23,3.385
2011-06-24,3.375
2011-06-25,NA
2011-06-26,NA
2011-06-27,3.356
2011-06-28,3.376
2011-06-29,3.401
2011-06-30,3.418
2011-07-01,3.436
2011-07-02,NA
2011-07-03,NA
2011-07-04,3.423
2011-07-05,3.438
2011-07-06,3.418
2011-07-07,3.441
2011-07-08,3.427
2011-07-09,NA
2011-07-10,NA
2011-07-11,3.331
2011-07-12,3.292
2011-07-13,3.349
2011-07-14,3.372
2011-07-15,3.301
2011-07-16,NA
2011-07-17,NA
2011-07-18,3.266
2011-07-19,3.337
2011-07-20,3.294
2011-07-21,3.352
2011-07-22,3.38
2011-07-23,NA
2011-07-24,NA
2011-07-25,3.327
2011-07-26,3.325
2011-07-27,3.253
2011-07-28,3.199
2011-07-29,3.217
2011-07-30,NA
2011-07-31,NA
2011-08-01,3.157
2011-08-02,3.116
2011-08-03,3.132
2011-08-04,3.16
2011-08-05,3.146
2011-08-06,NA
2011-08-07,NA
2011-08-08,3.112
2011-08-09,3.133
2011-08-10,3.132
2011-08-11,3.002
2011-08-12,2.905
2011-08-13,NA
2011-08-14,NA
2011-08-15,2.921
2011-08-16,2.918
2011-08-17,2.889
2011-08-18,2.762
2011-08-19,2.711
2011-08-20,NA
2011-08-21,NA
2011-08-22,2.756
2011-08-23,2.779
2011-08-24,2.758
2011-08-25,2.856
2011-08-26,2.825
2011-08-27,NA
2011-08-28,NA
2011-08-29,2.809
2011-08-30,2.817
2011-08-31,2.835
2011-09-01,2.879
2011-09-02,2.817
2011-09-03,NA
2011-09-04,NA
2011-09-05,2.697
2011-09-06,2.699
2011-09-07,2.678
2011-09-08,2.57
2011-09-09,2.533
2011-09-10,NA
2011-09-11,NA
2011-09-12,2.451
2011-09-13,2.506
2011-09-14,2.573
2011-09-15,2.658
2011-09-16,2.633
2011-09-17,NA
2011-09-18,NA
2011-09-19,2.567
2011-09-20,2.574
2011-09-21,2.617
2011-09-22,2.531
2011-09-23,2.501
2011-09-24,NA
2011-09-25,NA
2011-09-26,2.575
2011-09-27,2.606
2011-09-28,2.66
2011-09-29,2.678
2011-09-30,2.646
2011-10-01,NA
2011-10-02,NA
2011-10-03,2.557
2011-10-04,2.54
2011-10-05,2.596
2011-10-06,2.7
2011-10-07,2.705
2011-10-08,NA
2011-10-09,NA
2011-10-10,2.783
2011-10-11,2.829
2011-10-12,2.905
2011-10-13,2.951
2011-10-14,3.056
2011-10-15,NA
2011-10-16,NA
2011-10-17,3.124
2011-10-18,3.076
2011-10-19,3.235
2011-10-20,3.199
2011-10-21,3.206
2011-10-22,NA
2011-10-23,NA
2011-10-24,3.225
2011-10-25,3.3
2011-10-26,3.144
2011-10-27,3.019
2011-10-28,3.164
2011-10-29,NA
2011-10-30,NA
2011-10-31,3.135
2011-11-01,3.043
2011-11-02,3.001
2011-11-03,3.226
2011-11-04,3.102
2011-11-05,NA
2011-11-06,NA
2011-11-07,3.095
2011-11-08,3.148
2011-11-09,3.134
2011-11-10,3.295
2011-11-11,3.398
2011-11-12,NA
2011-11-13,NA
2011-11-14,3.318
2011-11-15,3.591
2011-11-16,3.58
2011-11-17,4.011
2011-11-18,3.534
2011-11-19,NA
2011-11-20,NA
2011-11-21,3.549
2011-11-22,3.483
2011-11-23,3.616
2011-11-24,3.638
2011-11-25,3.691
2011-11-26,NA
2011-11-27,NA
2011-11-28,3.626
2011-11-29,3.606
2011-11-30,3.481
2011-12-01,3.216
2011-12-02,3.173
2011-12-03,NA
2011-12-04,NA
2011-12-05,3.213
2011-12-06,3.233
2011-12-07,3.218
2011-12-08,3.229
2011-12-09,3.279
2011-12-10,NA
2011-12-11,NA
2011-12-12,3.27
2011-12-13,3.29
2011-12-14,3.207
2011-12-15,3.226
2011-12-16,3.058
2011-12-17,NA
2011-12-18,NA
2011-12-19,3.186
2011-12-20,3.099
2011-12-21,3.042
2011-12-22,3.142
2011-12-23,3.068
2011-12-24,NA
2011-12-25,NA
2011-12-26,NA
2011-12-27,3.012
2011-12-28,2.954
2011-12-29,3.087
2011-12-30,3.162
2011-12-31,NA
2012-01-01,NA
2012-01-02,3.199
2012-01-03,3.293
2012-01-04,3.331
2012-01-05,3.329
2012-01-06,3.399
2012-01-07,NA
2012-01-08,NA
2012-01-09,3.343
2012-01-10,3.287
2012-01-11,3.232
2012-01-12,3.083
2012-01-13,3.03
2012-01-14,NA
2012-01-15,NA
2012-01-16,3.102
2012-01-17,3.015
2012-01-18,3.143
2012-01-19,3.141
2012-01-20,3.156
2012-01-21,NA
2012-01-22,NA
2012-01-23,3.096
2012-01-24,3.186
2012-01-25,3.235
2012-01-26,3.156
2012-01-27,3.122
2012-01-28,NA
2012-01-29,NA
2012-01-30,3.067
2012-01-31,3.087
2012-02-01,3.076
2012-02-02,3.061
2012-02-03,2.886
2012-02-04,NA
2012-02-05,NA
2012-02-06,2.9
2012-02-07,2.902
2012-02-08,2.914
2012-02-09,2.939
2012-02-10,2.935
2012-02-11,NA
2012-02-12,NA
2012-02-13,2.95
2012-02-14,2.973
2012-02-15,2.998
2012-02-16,3.033
2012-02-17,2.996
2012-02-18,NA
2012-02-19,NA
2012-02-20,3.032
2012-02-21,3.003
2012-02-22,3.019
2012-02-23,3.004
2012-02-24,2.989
2012-02-25,NA
2012-02-26,NA
2012-02-27,2.996
2012-02-28,2.985
2012-02-29,2.942
2012-03-01,2.799
2012-03-02,2.695
2012-03-03,NA
2012-03-04,NA
2012-03-05,2.769
2012-03-06,2.846
2012-03-07,2.867
2012-03-08,2.769
2012-03-09,2.742
2012-03-10,NA
2012-03-11,NA
2012-03-12,2.741
2012-03-13,2.721
2012-03-14,2.77
2012-03-15,2.811
2012-03-16,2.813
2012-03-17,NA
2012-03-18,NA
2012-03-19,2.866
2012-03-20,2.859
2012-03-21,2.845
2012-03-22,2.798
2012-03-23,2.974
2012-03-24,NA
2012-03-25,NA
2012-03-26,2.894
2012-03-27,2.909
2012-03-28,2.92
2012-03-29,2.923
2012-03-30,2.909
2012-03-31,NA
2012-04-01,NA
2012-04-02,2.871
2012-04-03,2.887
2012-04-04,2.918
2012-04-05,3.053
2012-04-06,NA
2012-04-07,NA
2012-04-08,NA
2012-04-09,NA
2012-04-10,2.989
2012-04-11,2.977
2012-04-12,2.942
2012-04-13,2.881
2012-04-14,NA
2012-04-15,NA
2012-04-16,3.011
2012-04-17,3.022
2012-04-18,2.961
2012-04-19,3.012
2012-04-20,3.097
2012-04-21,NA
2012-04-22,NA
2012-04-23,3.094
2012-04-24,3.062
2012-04-25,2.997
2012-04-26,3.001
2012-04-27,2.987
2012-04-28,NA
2012-04-29,NA
2012-04-30,2.994
2012-05-01,NA
2012-05-02,2.991
2012-05-03,2.935
2012-05-04,2.865
2012-05-05,NA
2012-05-06,NA
2012-05-07,2.808
2012-05-08,NA
2012-05-09,2.862
2012-05-10,2.854
2012-05-11,2.809
2012-05-12,NA
2012-05-13,NA
2012-05-14,2.861
2012-05-15,2.845
2012-05-16,2.9
2012-05-17,2.863
2012-05-18,2.817
2012-05-19,NA
2012-05-20,NA
2012-05-21,2.869
2012-05-22,2.791
2012-05-23,2.767
2012-05-24,2.644
2012-05-25,2.48
2012-05-26,NA
2012-05-27,NA
2012-05-28,2.535
2012-05-29,2.506
2012-05-30,2.576
2012-05-31,2.39
2012-06-01,2.316
2012-06-02,NA
2012-06-03,NA
2012-06-04,2.26
2012-06-05,2.299
2012-06-06,2.376
2012-06-07,2.497
2012-06-08,2.52
2012-06-09,NA
2012-06-10,NA
2012-06-11,2.576
2012-06-12,2.631
2012-06-13,2.724
2012-06-14,2.738
2012-06-15,2.652
2012-06-16,NA
2012-06-17,NA
2012-06-18,2.594
2012-06-19,2.617
2012-06-20,2.666
2012-06-21,2.663
2012-06-22,2.624
2012-06-23,NA
2012-06-24,NA
2012-06-25,2.606
2012-06-26,2.625
2012-06-27,2.646
2012-06-28,2.644
2012-06-29,2.696
2012-06-30,NA
2012-07-01,NA
2012-07-02,2.664
2012-07-03,2.579
2012-07-04,2.544
2012-07-05,2.482
2012-07-06,2.409
2012-07-07,NA
2012-07-08,NA
2012-07-09,2.399
2012-07-10,2.389
2012-07-11,2.334
2012-07-12,2.253
2012-07-13,2.241
2012-07-14,NA
2012-07-15,NA
2012-07-16,2.228
2012-07-17,2.105
2012-07-18,2.102
2012-07-19,2.054
2012-07-20,2.047
2012-07-21,NA
2012-07-22,NA
2012-07-23,2.12
2012-07-24,2.255
2012-07-25,2.287
2012-07-26,2.235
2012-07-27,2.189
2012-07-28,NA
2012-07-29,NA
2012-07-30,2.194
2012-07-31,2.175
2012-08-01,2.078
2012-08-02,2.083
2012-08-03,2.054
2012-08-04,NA
2012-08-05,NA
2012-08-06,2.113
2012-08-07,2.112
2012-08-08,2.162
2012-08-09,2.125
2012-08-10,2.105
2012-08-11,NA
2012-08-12,NA
2012-08-13,2.1
2012-08-14,2.124
2012-08-15,2.141
2012-08-16,2.189
2012-08-17,2.186
2012-08-18,NA
2012-08-19,NA
2012-08-20,2.172
2012-08-21,2.184
2012-08-22,2.185
2012-08-23,2.137
2012-08-24,2.091
2012-08-25,NA
2012-08-26,NA
2012-08-27,2.072
2012-08-28,2.092
2012-08-29,2.104
2012-08-30,2.159
2012-08-31,2.159
2012-09-01,NA
2012-09-02,NA
2012-09-03,2.201
2012-09-04,2.255
2012-09-05,2.239
2012-09-06,2.267
2012-09-07,2.24
2012-09-08,NA
2012-09-09,NA
2012-09-10,2.247
2012-09-11,2.26
2012-09-12,2.231
2012-09-13,2.235
2012-09-14,2.223
2012-09-15,NA
2012-09-16,NA
2012-09-17,2.319
2012-09-18,2.316
2012-09-19,2.299
2012-09-20,2.308
2012-09-21,2.319
2012-09-22,NA
2012-09-23,NA
2012-09-24,2.31
2012-09-25,2.289
2012-09-26,2.28
2012-09-27,2.23
2012-09-28,2.234
2012-09-29,NA
2012-09-30,NA
2012-10-01,2.236
2012-10-02,2.241
2012-10-03,2.231
2012-10-04,2.223
2012-10-05,2.205
2012-10-06,NA
2012-10-07,NA
2012-10-08,2.213
2012-10-09,2.19
2012-10-10,2.146
2012-10-11,2.113
2012-10-12,2.116
2012-10-13,NA
2012-10-14,NA
2012-10-15,2.069
2012-10-16,2.087
2012-10-17,2.158
2012-10-18,2.192
2012-10-19,2.158
2012-10-20,NA
2012-10-21,NA
2012-10-22,2.143
2012-10-23,2.165
2012-10-24,2.162
2012-10-25,2.197
2012-10-26,2.199
2012-10-27,NA
2012-10-28,NA
2012-10-29,2.176
2012-10-30,2.163
2012-10-31,2.178
2012-11-01,2.225
2012-11-02,2.216
2012-11-03,NA
2012-11-04,NA
2012-11-05,2.222
2012-11-06,2.222
2012-11-07,2.192
2012-11-08,2.151
2012-11-09,2.138
2012-11-10,NA
2012-11-11,NA
2012-11-12,2.102
2012-11-13,2.056
2012-11-14,2.082
2012-11-15,2.082
2012-11-16,2.067
2012-11-17,NA
2012-11-18,NA
2012-11-19,2.058
2012-11-20,2.098
2012-11-21,2.15
2012-11-22,2.169
2012-11-23,2.153
2012-11-24,NA
2012-11-25,NA
2012-11-26,2.142
2012-11-27,2.135
2012-11-28,2.082
2012-11-29,2.022
2012-11-30,2.03
2012-12-01,NA
2012-12-02,NA
2012-12-03,2.033
2012-12-04,2.046
2012-12-05,2.029
2012-12-06,2.012
2012-12-07,1.984
2012-12-08,NA
2012-12-09,NA
2012-12-10,1.941
2012-12-11,1.963
2012-12-12,1.965
2012-12-13,1.938
2012-12-14,1.962
2012-12-15,NA
2012-12-16,NA
2012-12-17,1.986
2012-12-18,2.013
2012-12-19,2.031
2012-12-20,1.983
2012-12-21,1.979
2012-12-22,NA
2012-12-23,NA
2012-12-24,1.979
2012-12-25,NA
2012-12-26,NA
2012-12-27,1.972
2012-12-28,1.979
2012-12-29,NA
2012-12-30,NA
2012-12-31,1.979
2013-01-01,NA
2013-01-02,2.064
2013-01-03,2.078
2013-01-04,2.115
2013-01-05,NA
2013-01-06,NA
2013-01-07,2.117
2013-01-08,2.099
2013-01-09,2.093
2013-01-10,2.1
2013-01-11,2.133
2013-01-12,NA
2013-01-13,NA
2013-01-14,2.132
2013-01-15,2.129
2013-01-16,2.119
2013-01-17,2.157
2013-01-18,2.164
2013-01-19,NA
2013-01-20,NA
2013-01-21,2.159
2013-01-22,2.165
2013-01-23,2.128
2013-01-24,2.095
2013-01-25,2.16
2013-01-26,NA
2013-01-27,NA
2013-01-28,2.208
2013-01-29,2.245
2013-01-30,2.264
2013-01-31,2.254
2013-02-01,2.255
2013-02-02,NA
2013-02-03,NA
2013-02-04,2.263
2013-02-05,2.269
2013-02-06,2.256
2013-02-07,2.272
2013-02-08,2.195
2013-02-09,NA
2013-02-10,NA
2013-02-11,2.236
2013-02-12,2.242
2013-02-13,2.259
2013-02-14,2.259
2013-02-15,2.238
2013-02-16,NA
2013-02-17,NA
2013-02-18,2.244
2013-02-19,2.247
2013-02-20,2.269
2013-02-21,2.251
2013-02-22,2.232
2013-02-23,NA
2013-02-24,NA
2013-02-25,2.221
2013-02-26,2.186
2013-02-27,2.155
2013-02-28,2.174
2013-03-01,2.145
2013-03-02,NA
2013-03-03,NA
2013-03-04,2.103
2013-03-05,2.127
2013-03-06,2.133
2013-03-07,2.09
2013-03-08,2.105
2013-03-09,NA
2013-03-10,NA
2013-03-11,2.106
2013-03-12,2.116
2013-03-13,2.102
2013-03-14,2.108
2013-03-15,2.093
2013-03-16,NA
2013-03-17,NA
2013-03-18,2.047
2013-03-19,2.033
2013-03-20,2.027
2013-03-21,2.024
2013-03-22,1.982
2013-03-23,NA
2013-03-24,NA
2013-03-25,2.027
2013-03-26,2.032
2013-03-27,2.027
2013-03-28,2.03
2013-03-29,NA
2013-03-30,NA
2013-03-31,NA
2013-04-01,NA
2013-04-02,2.041
2013-04-03,2.004
2013-04-04,1.967
2013-04-05,1.835
2013-04-06,NA
2013-04-07,NA
2013-04-08,1.726
2013-04-09,1.8
2013-04-10,1.842
2013-04-11,1.861
2013-04-12,1.837
2013-04-13,NA
2013-04-14,NA
2013-04-15,1.821
2013-04-16,1.805
2013-04-17,1.831
2013-04-18,1.799
2013-04-19,1.801
2013-04-20,NA
2013-04-21,NA
2013-04-22,1.791
2013-04-23,1.715
2013-04-24,1.751
2013-04-25,1.766
2013-04-26,1.747
2013-04-27,NA
2013-04-28,NA
2013-04-29,1.76
2013-04-30,1.726
2013-05-01,NA
2013-05-02,1.711
2013-05-03,1.666
2013-05-04,NA
2013-05-05,NA
2013-05-06,1.707
2013-05-07,1.708
2013-05-08,1.752
2013-05-09,1.712
2013-05-10,1.789
2013-05-11,NA
2013-05-12,NA
2013-05-13,1.81
2013-05-14,1.831
2013-05-15,1.829
2013-05-16,1.829
2013-05-17,1.756
2013-05-18,NA
2013-05-19,NA
2013-05-20,1.77
2013-05-21,1.795
2013-05-22,1.797
2013-05-23,1.822
2013-05-24,1.857
2013-05-25,NA
2013-05-26,NA
2013-05-27,1.869
2013-05-28,1.903
2013-05-29,1.942
2013-05-30,1.97
2013-05-31,1.983
2013-06-01,NA
2013-06-02,NA
2013-06-03,2.091
2013-06-04,2.095
2013-06-05,2.082
2013-06-06,2.059
2013-06-07,2.096
2013-06-08,NA
2013-06-09,NA
2013-06-10,2.105
2013-06-11,2.216
2013-06-12,2.204
2013-06-13,2.185
2013-06-14,2.103
2013-06-15,NA
2013-06-16,NA
2013-06-17,2.106
2013-06-18,2.113
2013-06-19,2.133
2013-06-20,2.235
2013-06-21,2.283
2013-06-22,NA
2013-06-23,NA
2013-06-24,2.448
2013-06-25,2.374
2013-06-26,2.39
2013-06-27,2.357
2013-06-28,2.319
2013-06-29,NA
2013-06-30,NA
2013-07-01,2.388
2013-07-02,2.316
2013-07-03,2.284
2013-07-04,2.351
2013-07-05,2.275
2013-07-06,NA
2013-07-07,NA
2013-07-08,2.284
2013-07-09,2.258
2013-07-10,2.237
2013-07-11,2.223
2013-07-12,2.199
2013-07-13,NA
2013-07-14,NA
2013-07-15,2.22
2013-07-16,2.219
2013-07-17,2.232
2013-07-18,2.198
2013-07-19,2.186
2013-07-20,NA
2013-07-21,NA
2013-07-22,2.223
2013-07-23,2.218
2013-07-24,2.25
2013-07-25,2.283
2013-07-26,2.293
2013-07-27,NA
2013-07-28,NA
2013-07-29,2.302
2013-07-30,2.281
2013-07-31,2.305
2013-08-01,2.208
2013-08-02,2.289
2013-08-03,NA
2013-08-04,NA
2013-08-05,2.224
2013-08-06,2.302
2013-08-07,2.294
2013-08-08,2.256
2013-08-09,2.299
2013-08-10,NA
2013-08-11,NA
2013-08-12,2.297
2013-08-13,2.322
2013-08-14,2.397
2013-08-15,2.377
2013-08-16,2.427
2013-08-17,NA
2013-08-18,NA
2013-08-19,2.47
2013-08-20,2.466
2013-08-21,2.463
2013-08-22,2.533
2013-08-23,2.536
2013-08-24,NA
2013-08-25,NA
2013-08-26,2.524
2013-08-27,2.494
2013-08-28,2.48
2013-08-29,2.501
2013-08-30,2.499
2013-08-31,NA
2013-09-01,NA
2013-09-02,2.561
2013-09-03,2.544
2013-09-04,2.561
2013-09-05,2.63
2013-09-06,2.641
2013-09-07,NA
2013-09-08,NA
2013-09-09,2.621
2013-09-10,2.648
2013-09-11,2.68
2013-09-12,2.623
2013-09-13,2.631
2013-09-14,NA
2013-09-15,NA
2013-09-16,2.566
2013-09-17,2.545
2013-09-18,2.556
2013-09-19,2.457
2013-09-20,2.5
2013-09-21,NA
2013-09-22,NA
2013-09-23,2.528
2013-09-24,2.468
2013-09-25,2.433
2013-09-26,2.424
2013-09-27,2.431
2013-09-28,NA
2013-09-29,NA
2013-09-30,2.397
2013-10-01,2.394
2013-10-02,2.386
2013-10-03,2.447
2013-10-04,2.42
2013-10-05,NA
2013-10-06,NA
2013-10-07,2.415
2013-10-08,2.415
2013-10-09,2.394
2013-10-10,2.437
2013-10-11,2.455
2013-10-12,NA
2013-10-13,NA
2013-10-14,2.441
2013-10-15,2.47
2013-10-16,2.498
2013-10-17,2.466
2013-10-18,2.427
2013-10-19,NA
2013-10-20,NA
2013-10-21,2.423
2013-10-22,2.421
2013-10-23,2.329
2013-10-24,2.333
2013-10-25,2.333
2013-10-26,NA
2013-10-27,NA
2013-10-28,2.319
2013-10-29,2.298
2013-10-30,2.272
2013-10-31,2.26
2013-11-01,2.217
2013-11-02,NA
2013-11-03,NA
2013-11-04,2.227
2013-11-05,2.257
2013-11-06,2.275
2013-11-07,2.308
2013-11-08,2.267
2013-11-09,NA
2013-11-10,NA
2013-11-11,2.283
2013-11-12,2.334
2013-11-13,2.326
2013-11-14,2.272
2013-11-15,2.251
2013-11-16,NA
2013-11-17,NA
2013-11-18,2.269
2013-11-19,2.263
2013-11-20,2.302
2013-11-21,2.316
2013-11-22,2.298
2013-11-23,NA
2013-11-24,NA
2013-11-25,2.27
2013-11-26,2.261
2013-11-27,2.252
2013-11-28,2.264
2013-11-29,2.253
2013-11-30,NA
2013-12-01,NA
2013-12-02,2.265
2013-12-03,2.266
2013-12-04,2.252
2013-12-05,2.292
2013-12-06,2.351
2013-12-07,NA
2013-12-08,NA
2013-12-09,2.346
2013-12-10,2.34
2013-12-11,2.326
2013-12-12,2.326
2013-12-13,2.346
2013-12-14,NA
2013-12-15,NA
2013-12-16,2.332
2013-12-17,2.338
2013-12-18,2.341
2013-12-19,2.355
2013-12-20,2.384
2013-12-21,NA
2013-12-22,NA
2013-12-23,2.395
2013-12-24,2.396
2013-12-25,NA
2013-12-26,NA
2013-12-27,2.451
2013-12-28,NA
2013-12-29,NA
2013-12-30,2.496
2013-12-31,2.497
2014-01-01,NA
2014-01-02,2.491
2014-01-03,2.454
2014-01-04,NA
2014-01-05,NA
2014-01-06,2.439
2014-01-07,2.417
2014-01-08,2.411
2014-01-09,2.45
2014-01-10,2.452
2014-01-11,NA
2014-01-12,NA
2014-01-13,2.416
2014-01-14,2.383
2014-01-15,2.372
2014-01-16,2.383
2014-01-17,2.34
2014-01-18,NA
2014-01-19,NA
2014-01-20,2.312
2014-01-21,2.323
2014-01-22,2.337
2014-01-23,2.359
2014-01-24,2.308
2014-01-25,NA
2014-01-26,NA
2014-01-27,2.324
2014-01-28,2.275
2014-01-29,2.295
2014-01-30,2.221
2014-01-31,2.187
2014-02-01,NA
2014-02-02,NA
2014-02-03,2.148
2014-02-04,2.138
2014-02-05,2.13
2014-02-06,2.188
2014-02-07,2.179
2014-02-08,NA
2014-02-09,NA
2014-02-10,2.172
2014-02-11,2.214
2014-02-12,2.209
2014-02-13,2.202
2014-02-14,2.195
2014-02-15,NA
2014-02-16,NA
2014-02-17,2.216
2014-02-18,2.178
2014-02-19,2.159
2014-02-20,2.185
2014-02-21,2.199
2014-02-22,NA
2014-02-23,NA
2014-02-24,2.199
2014-02-25,2.198
2014-02-26,2.155
2014-02-27,2.064
2014-02-28,2.062
2014-03-01,NA
2014-03-02,NA
2014-03-03,2.087
2014-03-04,2.1
2014-03-05,2.128
2014-03-06,2.141
2014-03-07,2.147
2014-03-08,NA
2014-03-09,NA
2014-03-10,2.148
2014-03-11,2.136
2014-03-12,2.138
2014-03-13,2.126
2014-03-14,2.078
2014-03-15,NA
2014-03-16,NA
2014-03-17,2.08
2014-03-18,2.075
2014-03-19,2.073
2014-03-20,2.166
2014-03-21,2.131
2014-03-22,NA
2014-03-23,NA
2014-03-24,2.12
2014-03-25,2.066
2014-03-26,2.053
2014-03-27,2.027
2014-03-28,2.005
2014-03-29,NA
2014-03-30,NA
2014-03-31,2.019
2014-04-01,2.059
2014-04-02,2.085
2014-04-03,2.117
2014-04-04,2.079
2014-04-05,NA
2014-04-06,NA
2014-04-07,2.011
2014-04-08,2.024
2014-04-09,2.034
2014-04-10,2.004
2014-04-11,2.004
2014-04-12,NA
2014-04-13,NA
2014-04-14,1.97
2014-04-15,1.971
2014-04-16,1.941
2014-04-17,1.938
2014-04-18,NA
2014-04-19,NA
2014-04-20,NA
2014-04-21,NA
2014-04-22,1.984
2014-04-23,1.998
2014-04-24,1.999
2014-04-25,1.968
2014-04-26,NA
2014-04-27,NA
2014-04-28,1.961
2014-04-29,2.008
2014-04-30,1.99
2014-05-01,NA
2014-05-02,1.935
2014-05-03,NA
2014-05-04,NA
2014-05-05,1.907
2014-05-06,1.941
2014-05-07,1.908
2014-05-08,1.94
2014-05-09,1.876
2014-05-10,NA
2014-05-11,NA
2014-05-12,1.912
2014-05-13,1.919
2014-05-14,1.832
2014-05-15,1.784
2014-05-16,1.783
2014-05-17,NA
2014-05-18,NA
2014-05-19,1.789
2014-05-20,1.818
2014-05-21,1.846
2014-05-22,1.838
2014-05-23,1.81
2014-05-24,NA
2014-05-25,NA
2014-05-26,1.81
2014-05-27,1.813
2014-05-28,1.763
2014-05-29,1.721
2014-05-30,1.781
2014-05-31,NA
2014-06-01,NA
2014-06-02,1.754
2014-06-03,1.771
2014-06-04,1.824
2014-06-05,1.84
2014-06-06,1.72
2014-06-07,NA
2014-06-08,NA
2014-06-09,1.681
2014-06-10,1.727
2014-06-11,1.771
2014-06-12,1.761
2014-06-13,1.735
2014-06-14,NA
2014-06-15,NA
2014-06-16,1.722
2014-06-17,1.762
2014-06-18,1.756
2014-06-19,1.679
2014-06-20,1.694
2014-06-21,NA
2014-06-22,NA
2014-06-23,1.685
2014-06-24,1.676
2014-06-25,1.664
2014-06-26,1.606
2014-06-27,1.607
2014-06-28,NA
2014-06-29,NA
2014-06-30,1.611
2014-07-01,1.631
2014-07-02,1.621
2014-07-03,1.66
2014-07-04,1.62
2014-07-05,NA
2014-07-06,NA
2014-07-07,1.609
2014-07-08,1.602
2014-07-09,1.58
2014-07-10,1.544
2014-07-11,1.568
2014-07-12,NA
2014-07-13,NA
2014-07-14,1.571
2014-07-15,1.55
2014-07-16,1.553
2014-07-17,1.512
2014-07-18,1.514
2014-07-19,NA
2014-07-20,NA
2014-07-21,1.495
2014-07-22,1.493
2014-07-23,1.496
2014-07-24,1.493
2014-07-25,1.504
2014-07-26,NA
2014-07-27,NA
2014-07-28,1.492
2014-07-29,1.453
2014-07-30,1.436
2014-07-31,1.465
2014-08-01,1.504
2014-08-02,NA
2014-08-03,NA
2014-08-04,1.45
2014-08-05,1.471
2014-08-06,1.501
2014-08-07,1.446
2014-08-08,1.39
2014-08-09,NA
2014-08-10,NA
2014-08-11,1.41
2014-08-12,1.408
2014-08-13,1.431
2014-08-14,1.343
2014-08-15,1.333
2014-08-16,NA
2014-08-17,NA
2014-08-18,1.345
2014-08-19,1.343
2014-08-20,1.338
2014-08-21,1.35
2014-08-22,1.319
2014-08-23,NA
2014-08-24,NA
2014-08-25,1.255
2014-08-26,1.239
2014-08-27,1.197
2014-08-28,1.216
2014-08-29,1.203
2014-08-30,NA
2014-08-31,NA
2014-09-01,1.197
2014-09-02,1.24
2014-09-03,1.294
2014-09-04,1.253
2014-09-05,1.246
2014-09-06,NA
2014-09-07,NA
2014-09-08,1.22
2014-09-09,1.282
2014-09-10,1.347
2014-09-11,1.298
2014-09-12,1.377
2014-09-13,NA
2014-09-14,NA
2014-09-15,1.402
2014-09-16,1.374
2014-09-17,1.391
2014-09-18,1.382
2014-09-19,1.406
2014-09-20,NA
2014-09-21,NA
2014-09-22,1.327
2014-09-23,1.3
2014-09-24,1.301
2014-09-25,1.3
2014-09-26,1.256
2014-09-27,NA
2014-09-28,NA
2014-09-29,1.296
2014-09-30,1.278
2014-10-01,1.254
2014-10-02,1.206
2014-10-03,1.247
2014-10-04,NA
2014-10-05,NA
2014-10-06,1.222
2014-10-07,1.234
2014-10-08,1.227
2014-10-09,1.206
2014-10-10,1.223
2014-10-11,NA
2014-10-12,NA
2014-10-13,1.243
2014-10-14,1.211
2014-10-15,1.14
2014-10-16,1.161
2014-10-17,1.278
2014-10-18,NA
2014-10-19,NA
2014-10-20,1.248
2014-10-21,1.28
2014-10-22,1.258
2014-10-23,1.27
2014-10-24,1.257
2014-10-25,NA
2014-10-26,NA
2014-10-27,1.289
2014-10-28,1.26
2014-10-29,1.248
2014-10-30,1.244
2014-10-31,1.17
2014-11-01,NA
2014-11-02,NA
2014-11-03,1.154
2014-11-04,1.17
2014-11-05,1.177
2014-11-06,1.179
2014-11-07,1.189
2014-11-08,NA
2014-11-09,NA
2014-11-10,1.164
2014-11-11,1.191
2014-11-12,1.147
2014-11-13,1.164
2014-11-14,1.142
2014-11-15,NA
2014-11-16,NA
2014-11-17,1.133
2014-11-18,1.132
2014-11-19,1.153
2014-11-20,1.156
2014-11-21,1.122
2014-11-22,NA
2014-11-23,NA
2014-11-24,1.114
2014-11-25,1.093
2014-11-26,1.059
2014-11-27,1.008
2014-11-28,0.985
2014-11-29,NA
2014-11-30,NA
2014-12-01,0.961
2014-12-02,1.005
2014-12-03,1.012
2014-12-04,1.022
2014-12-05,1.022
2014-12-06,NA
2014-12-07,NA
2014-12-08,1.024
2014-12-09,0.973
2014-12-10,0.969
2014-12-11,0.945
2014-12-12,0.916
2014-12-13,NA
2014-12-14,NA
2014-12-15,0.924
2014-12-16,0.891
2014-12-17,0.888
2014-12-18,0.863
2014-12-19,0.911
2014-12-20,NA
2014-12-21,NA
2014-12-22,0.882
2014-12-23,0.881
2014-12-24,0.882
2014-12-25,NA
2014-12-26,NA
2014-12-27,NA
2014-12-28,NA
2014-12-29,0.88
2014-12-30,0.858
2014-12-31,0.858
2015-01-01,NA
2015-01-02,0.834
2015-01-03,NA
2015-01-04,NA
2015-01-05,0.801
2015-01-06,0.776
2015-01-07,0.751
2015-01-08,0.798
2015-01-09,0.805
2015-01-10,NA
2015-01-11,NA
2015-01-12,0.796
2015-01-13,0.732
2015-01-14,0.722
2015-01-15,0.694
2015-01-16,0.639
2015-01-17,NA
2015-01-18,NA
2015-01-19,0.641
2015-01-20,0.648
2015-01-21,0.692
2015-01-22,0.733
2015-01-23,0.55
2015-01-24,NA
2015-01-25,NA
2015-01-26,0.559
2015-01-27,0.594
2015-01-28,0.611
2015-01-29,0.612
2015-01-30,0.584
2015-01-31,NA
2015-02-01,NA
2015-02-02,0.551
2015-02-03,0.564
2015-02-04,0.59
2015-02-05,0.581
2015-02-06,0.575
2015-02-07,NA
2015-02-08,NA
2015-02-09,0.606
2015-02-10,0.62
2015-02-11,0.639
2015-02-12,0.635
2015-02-13,0.63
2015-02-14,NA
2015-02-15,NA
2015-02-16,0.617
2015-02-17,0.634
2015-02-18,0.64
2015-02-19,0.647
2015-02-20,0.67
2015-02-21,NA
2015-02-22,NA
2015-02-23,0.65
2015-02-24,0.628
2015-02-25,0.586
2015-02-26,0.545
2015-02-27,0.561
2015-02-28,NA
2015-03-01,NA
2015-03-02,0.575
2015-03-03,0.601
2015-03-04,0.635
2015-03-05,0.652
2015-03-06,0.619
2015-03-07,NA
2015-03-08,NA
2015-03-09,0.61
2015-03-10,0.547
2015-03-11,0.498
2015-03-12,0.427
2015-03-13,0.479
2015-03-14,NA
2015-03-15,NA
2015-03-16,0.487
2015-03-17,0.496
2015-03-18,0.502
2015-03-19,0.432
2015-03-20,0.423
2015-03-21,NA
2015-03-22,NA
2015-03-23,0.43
2015-03-24,0.458
2015-03-25,0.484
2015-03-26,0.479
2015-03-27,0.486
2015-03-28,NA
2015-03-29,NA
2015-03-30,0.472
2015-03-31,0.493
2015-04-01,0.464
2015-04-02,0.454
2015-04-03,NA
2015-04-04,NA
2015-04-05,NA
2015-04-06,NA
2015-04-07,0.454
2015-04-08,0.439
2015-04-09,0.43
2015-04-10,0.431
2015-04-11,NA
2015-04-12,NA
2015-04-13,0.432
2015-04-14,0.4
2015-04-15,0.384
2015-04-16,0.331
2015-04-17,0.339
2015-04-18,NA
2015-04-19,NA
2015-04-20,0.343
2015-04-21,0.343
2015-04-22,0.345
2015-04-23,0.384
2015-04-24,0.423
2015-04-25,NA
2015-04-26,NA
2015-04-27,0.4
2015-04-28,0.409
2015-04-29,0.48
2015-04-30,0.612
2015-05-01,NA
2015-05-02,NA
2015-05-03,NA
2015-05-04,0.647
2015-05-05,0.681
2015-05-06,0.81
2015-05-07,1.007
2015-05-08,0.87
2015-05-09,NA
2015-05-10,NA
2015-05-11,0.881
2015-05-12,0.97
2015-05-13,0.924
2015-05-14,0.987
2015-05-15,0.918
2015-05-16,NA
2015-05-17,NA
2015-05-18,0.933
2015-05-19,0.829
2015-05-20,0.868
2015-05-21,0.893
2015-05-22,0.877
2015-05-23,NA
2015-05-24,NA
2015-05-25,0.877
2015-05-26,0.859
2015-05-27,0.842
2015-05-28,0.837
2015-05-29,0.816
2015-05-30,NA
2015-05-31,NA
2015-06-01,0.808
2015-06-02,0.926
2015-06-03,0.994
2015-06-04,1.241
2015-06-05,1.18
2015-06-06,NA
2015-06-07,NA
2015-06-08,1.175
2015-06-09,1.205
2015-06-10,1.329
2015-06-11,1.342
2015-06-12,1.247
2015-06-13,NA
2015-06-14,NA
2015-06-15,1.233
2015-06-16,1.26
2015-06-17,1.218
2015-06-18,1.147
2015-06-19,1.148
2015-06-20,NA
2015-06-21,NA
2015-06-22,1.202
2015-06-23,1.227
2015-06-24,1.212
2015-06-25,1.222
2015-06-26,1.218
2015-06-27,NA
2015-06-28,NA
2015-06-29,1.217
2015-06-30,1.207
2015-07-01,1.202
2015-07-02,1.294
2015-07-03,1.281
2015-07-04,NA
2015-07-05,NA
2015-07-06,1.208
2015-07-07,1.189
2015-07-08,1.094
2015-07-09,1.111
2015-07-10,1.186
2015-07-11,NA
2015-07-12,NA
2015-07-13,1.281
2015-07-14,1.218
2015-07-15,1.17
2015-07-16,1.124
2015-07-17,1.083
2015-07-18,NA
2015-07-19,NA
2015-07-20,1.049
2015-07-21,1.008
2015-07-22,1.058
2015-07-23,1.014
2015-07-24,0.977
2015-07-25,NA
2015-07-26,NA
2015-07-27,0.952
2015-07-28,0.989
2015-07-29,0.957
2015-07-30,0.972
2015-07-31,0.927
2015-08-01,NA
2015-08-02,NA
2015-08-03,0.938
2015-08-04,0.9
2015-08-05,0.968
2015-08-06,1.008
2015-08-07,1.007
2015-08-08,NA
2015-08-09,NA
2015-08-10,0.959
2015-08-11,0.952
2015-08-12,0.903
2015-08-13,0.92
2015-08-14,0.926
2015-08-15,NA
2015-08-16,NA
2015-08-17,0.924
2015-08-18,0.928
2015-08-19,0.942
2015-08-20,0.928
2015-08-21,0.93
2015-08-22,NA
2015-08-23,NA
2015-08-24,0.928
2015-08-25,1.004
2015-08-26,1.061
2015-08-27,1.071
2015-08-28,1.062
2015-08-29,NA
2015-08-30,NA
2015-08-31,1.067
2015-09-01,1.134
2015-09-02,1.121
2015-09-03,1.122
2015-09-04,1.023
2015-09-05,NA
2015-09-06,NA
2015-09-07,1.009
2015-09-08,1.02
2015-09-09,1.005
2015-09-10,0.994
2015-09-11,0.991
2015-09-12,NA
2015-09-13,NA
2015-09-14,0.954
2015-09-15,0.973
2015-09-16,1.041
2015-09-17,1.079
2015-09-18,0.965
2015-09-19,NA
2015-09-20,NA
2015-09-21,0.947
2015-09-22,0.93
2015-09-23,0.892
2015-09-24,0.899
2015-09-25,0.928
2015-09-26,NA
2015-09-27,NA
2015-09-28,0.927
2015-09-29,0.91
2015-09-30,0.891
2015-10-01,0.873
2015-10-02,0.85
2015-10-03,NA
2015-10-04,NA
2015-10-05,0.798
2015-10-06,0.835
2015-10-07,0.877
2015-10-08,0.827
2015-10-09,0.849
2015-10-10,NA
2015-10-11,NA
2015-10-12,0.865
2015-10-13,0.817
2015-10-14,0.805
2015-10-15,0.786
2015-10-16,0.793
2015-10-17,NA
2015-10-18,NA
2015-10-19,0.811
2015-10-20,0.828
2015-10-21,0.845
2015-10-22,0.829
2015-10-23,0.738
2015-10-24,NA
2015-10-25,NA
2015-10-26,0.751
2015-10-27,0.745
2015-10-28,0.695
2015-10-29,0.708
2015-10-30,0.771
2015-10-31,NA
2015-11-01,NA
2015-11-02,0.844
2015-11-03,0.839
2015-11-04,0.849
2015-11-05,0.882
2015-11-06,0.877
2015-11-07,NA
2015-11-08,NA
2015-11-09,0.978
2015-11-10,0.909
2015-11-11,0.904
2015-11-12,0.882
2015-11-13,0.864
2015-11-14,NA
2015-11-15,NA
2015-11-16,0.85
2015-11-17,0.833
2015-11-18,0.813
2015-11-19,0.805
2015-11-20,0.82
2015-11-21,NA
2015-11-22,NA
2015-11-23,0.864
2015-11-24,0.828
2015-11-25,0.823
2015-11-26,0.805
2015-11-27,0.784
2015-11-28,NA
2015-11-29,NA
2015-11-30,0.793
2015-12-01,0.81
2015-12-02,0.783
2015-12-03,0.789
2015-12-04,0.976
2015-12-05,NA
2015-12-06,NA
2015-12-07,0.944
2015-12-08,0.92
2015-12-09,0.886
2015-12-10,0.904
2015-12-11,0.888
2015-12-12,NA
2015-12-13,NA
2015-12-14,0.894
2015-12-15,0.982
2015-12-16,0.969
2015-12-17,0.933
2015-12-18,0.906
2015-12-19,NA
2015-12-20,NA
2015-12-21,0.903
2015-12-22,0.903
2015-12-23,0.956
2015-12-24,0.956
2015-12-25,NA
2015-12-26,NA
2015-12-27,NA
2015-12-28,0.962
2015-12-29,0.948
2015-12-30,1.012
2015-12-31,1.012
2016-01-01,NA
2016-01-02,NA
2016-01-03,NA
2016-01-04,0.954
2016-01-05,0.926
2016-01-06,0.884
2016-01-07,0.876
2016-01-08,0.923
2016-01-09,NA
2016-01-10,NA
2016-01-11,0.913
2016-01-12,0.967
2016-01-13,0.924
2016-01-14,0.878
2016-01-15,0.876
2016-01-16,NA
2016-01-17,NA
2016-01-18,0.883
2016-01-19,0.879
2016-01-20,0.837
2016-01-21,0.825
2016-01-22,0.793
2016-01-23,NA
2016-01-24,NA
2016-01-25,0.798
2016-01-26,0.766
2016-01-27,0.738
2016-01-28,0.749
2016-01-29,0.688
2016-01-30,NA
2016-01-31,NA
2016-02-01,0.644
2016-02-02,0.651
2016-02-03,0.648
2016-02-04,0.67
2016-02-05,0.632
2016-02-06,NA
2016-02-07,NA
2016-02-08,0.608
2016-02-09,0.623
2016-02-10,0.628
2016-02-11,0.578
2016-02-12,0.634
2016-02-13,NA
2016-02-14,NA
2016-02-15,0.656
2016-02-16,0.648
2016-02-17,0.652
2016-02-18,0.627
2016-02-19,0.575
2016-02-20,NA
2016-02-21,NA
2016-02-22,0.574
2016-02-23,0.55
2016-02-24,0.527
2016-02-25,0.529
2016-02-26,0.541
2016-02-27,NA
2016-02-28,NA
2016-02-29,0.489
2016-03-01,0.502
2016-03-02,0.579
2016-03-03,0.57
2016-03-04,0.565
2016-03-05,NA
2016-03-06,NA
2016-03-07,0.559
2016-03-08,0.514
2016-03-09,0.533
2016-03-10,0.536
2016-03-11,0.57
2016-03-12,NA
2016-03-13,NA
2016-03-14,0.526
2016-03-15,0.566
2016-03-16,0.577
2016-03-17,0.521
2016-03-18,0.486
2016-03-19,NA
2016-03-20,NA
2016-03-21,0.463
2016-03-22,0.484
2016-03-23,0.505
2016-03-24,0.462
2016-03-25,NA
2016-03-26,NA
2016-03-27,NA
2016-03-28,NA
2016-03-29,0.434
2016-03-30,0.412
2016-03-31,0.414
2016-04-01,0.432
2016-04-02,NA
2016-04-03,NA
2016-04-04,0.4
2016-04-05,0.367
2016-04-06,0.392
2016-04-07,0.387
2016-04-08,0.387
2016-04-09,NA
2016-04-10,NA
2016-04-11,0.36
2016-04-12,0.435
2016-04-13,0.433
2016-04-14,0.424
2016-04-15,0.425
2016-04-16,NA
2016-04-17,NA
2016-04-18,0.418
2016-04-19,0.456
2016-04-20,0.433
2016-04-21,0.491
2016-04-22,0.494
2016-04-23,NA
2016-04-24,NA
2016-04-25,0.494
2016-04-26,0.552
2016-04-27,0.575
2016-04-28,0.535
2016-04-29,0.558
2016-04-30,NA
2016-05-01,NA
2016-05-02,0.569
2016-05-03,0.559
2016-05-04,0.532
2016-05-05,0.547
2016-05-06,0.504
2016-05-07,NA
2016-05-08,NA
2016-05-09,0.497
2016-05-10,0.469
2016-05-11,0.445
2016-05-12,0.462
2016-05-13,0.466
2016-05-14,NA
2016-05-15,NA
2016-05-16,0.457
2016-05-17,0.497
2016-05-18,0.476
2016-05-19,0.529
2016-05-20,0.508
2016-05-21,NA
2016-05-22,NA
2016-05-23,0.488
2016-05-24,0.493
2016-05-25,0.505
2016-05-26,0.482
2016-05-27,0.457
2016-05-28,NA
2016-05-29,NA
2016-05-30,0.503
2016-05-31,0.513
2016-06-01,0.477
2016-06-02,0.499
2016-06-03,0.464
2016-06-04,NA
2016-06-05,NA
2016-06-06,0.436
2016-06-07,0.449
2016-06-08,0.408
2016-06-09,0.396
2016-06-10,0.394
2016-06-11,NA
2016-06-12,NA
2016-06-13,0.407
2016-06-14,0.401
2016-06-15,0.421
2016-06-16,0.415
2016-06-17,0.405
2016-06-18,NA
2016-06-19,NA
2016-06-20,0.44
2016-06-21,0.439
2016-06-22,0.413
2016-06-23,0.423
2016-06-24,0.34
2016-06-25,NA
2016-06-26,NA
2016-06-27,0.332
2016-06-28,0.273
2016-06-29,0.229
2016-06-30,0.254
2016-07-01,0.171
2016-07-02,NA
2016-07-03,NA
2016-07-04,0.188
2016-07-05,0.163
2016-07-06,0.125
2016-07-07,0.172
2016-07-08,0.133
2016-07-09,NA
2016-07-10,NA
2016-07-11,0.105
2016-07-12,0.172
2016-07-13,0.173
2016-07-14,0.16
2016-07-15,0.198
2016-07-16,NA
2016-07-17,NA
2016-07-18,0.221
2016-07-19,0.208
2016-07-20,0.204
2016-07-21,0.247
2016-07-22,0.237
2016-07-23,NA
2016-07-24,NA
2016-07-25,0.233
2016-07-26,0.181
2016-07-27,0.181
2016-07-28,0.147
2016-07-29,0.16
2016-07-30,NA
2016-07-31,NA
2016-08-01,0.121
2016-08-02,0.164
2016-08-03,0.193
2016-08-04,0.184
2016-08-05,0.144
2016-08-06,NA
2016-08-07,NA
2016-08-08,0.17
2016-08-09,0.167
2016-08-10,0.127
2016-08-11,0.118
2016-08-12,0.134
2016-08-13,NA
2016-08-14,NA
2016-08-15,0.119
2016-08-16,0.142
2016-08-17,0.195
2016-08-18,0.168
2016-08-19,0.147
2016-08-20,NA
2016-08-21,NA
2016-08-22,0.18
2016-08-23,0.161
2016-08-24,0.155
2016-08-25,0.162
2016-08-26,0.172
2016-08-27,NA
2016-08-28,NA
2016-08-29,0.199
2016-08-30,0.175
2016-08-31,0.166
2016-09-01,0.209
2016-09-02,0.194
2016-09-03,NA
2016-09-04,NA
2016-09-05,0.196
2016-09-06,0.18
2016-09-07,0.125
2016-09-08,0.116
2016-09-09,0.198
2016-09-10,NA
2016-09-11,NA
2016-09-12,0.285
2016-09-13,0.254
2016-09-14,0.292
2016-09-15,0.29
2016-09-16,0.243
2016-09-17,NA
2016-09-18,NA
2016-09-19,0.263
2016-09-20,0.256
2016-09-21,0.229
2016-09-22,0.19
2016-09-23,0.161
2016-09-24,NA
2016-09-25,NA
2016-09-26,0.156
2016-09-27,0.121
2016-09-28,0.116
2016-09-29,0.138
2016-09-30,0.127
2016-10-01,NA
2016-10-02,NA
2016-10-03,0.179
2016-10-04,0.195
2016-10-05,0.257
2016-10-06,0.268
2016-10-07,0.314
2016-10-08,NA
2016-10-09,NA
2016-10-10,0.313
2016-10-11,0.326
2016-10-12,0.316
2016-10-13,0.325
2016-10-14,0.329
2016-10-15,NA
2016-10-16,NA
2016-10-17,0.359
2016-10-18,0.334
2016-10-19,0.297
2016-10-20,0.3
2016-10-21,0.258
2016-10-22,NA
2016-10-23,NA
2016-10-24,0.251
2016-10-25,0.281
2016-10-26,0.31
2016-10-27,0.399
2016-10-28,0.451
2016-10-29,NA
2016-10-30,NA
2016-10-31,0.464
2016-11-01,0.488
2016-11-02,0.431
2016-11-03,0.459
2016-11-04,0.452
2016-11-05,NA
2016-11-06,NA
2016-11-07,0.458
2016-11-08,0.45
2016-11-09,0.514
2016-11-10,0.569
2016-11-11,0.742
2016-11-12,NA
2016-11-13,NA
2016-11-14,0.832
2016-11-15,0.715
2016-11-16,0.759
2016-11-17,0.707
2016-11-18,0.78
2016-11-19,NA
2016-11-20,NA
2016-11-21,0.781
2016-11-22,0.711
2016-11-23,0.734
2016-11-24,0.739
2016-11-25,0.776
2016-11-26,NA
2016-11-27,NA
2016-11-28,0.755
2016-11-29,0.733
2016-11-30,0.674
2016-12-01,0.798
2016-12-02,0.774
2016-12-03,NA
2016-12-04,NA
2016-12-05,0.774
2016-12-06,0.747
2016-12-07,0.767
2016-12-08,0.779
2016-12-09,0.831
2016-12-10,NA
2016-12-11,NA
2016-12-12,0.87
2016-12-13,0.813
2016-12-14,0.766
2016-12-15,0.801
2016-12-16,0.748
2016-12-17,NA
2016-12-18,NA
2016-12-19,0.779
2016-12-20,0.727
2016-12-21,0.688
2016-12-22,0.712
2016-12-23,0.712
2016-12-24,NA
2016-12-25,NA
2016-12-26,NA
2016-12-27,0.707
2016-12-28,0.707
2016-12-29,0.648
2016-12-30,0.683
2016-12-31,NA
2017-01-01,NA
2017-01-02,0.66
2017-01-03,0.742
2017-01-04,0.789
2017-01-05,0.824
2017-01-06,0.804
2017-01-07,NA
2017-01-08,NA
2017-01-09,0.826
2017-01-10,0.818
2017-01-11,0.819
2017-01-12,0.774
2017-01-13,0.797
2017-01-14,NA
2017-01-15,NA
2017-01-16,0.814
2017-01-17,0.764
2017-01-18,0.814
2017-01-19,0.86
2017-01-20,0.909
2017-01-21,NA
2017-01-22,NA
2017-01-23,0.924
2017-01-24,0.882
2017-01-25,0.943
2017-01-26,1.036
2017-01-27,1.027
2017-01-28,NA
2017-01-29,NA
2017-01-30,1.105
2017-01-31,1.084
2017-02-01,1.102
2017-02-02,1.106
2017-02-03,1.089
2017-02-04,NA
2017-02-05,NA
2017-02-06,1.129
2017-02-07,1.136
2017-02-08,1.121
2017-02-09,1.001
2017-02-10,1.045
2017-02-11,NA
2017-02-12,NA
2017-02-13,1.097
2017-02-14,1.048
2017-02-15,1.069
2017-02-16,1.088
2017-02-17,1.074
2017-02-18,NA
2017-02-19,NA
2017-02-20,1.075
2017-02-21,1.132
2017-02-22,NA
2017-02-23,1.029
2017-02-24,1.004
2017-02-25,NA
2017-02-26,NA
2017-02-27,0.922
2017-02-28,0.911
2017-03-01,0.96
2017-03-02,0.954
2017-03-03,0.947
2017-03-04,NA
2017-03-05,NA
2017-03-06,0.994
2017-03-07,1.007
2017-03-08,1.033
2017-03-09,1.055
2017-03-10,1.119
2017-03-11,NA
2017-03-12,NA
2017-03-13,1.102
2017-03-14,1.131
2017-03-15,1.117
2017-03-16,1.069
2017-03-17,1.167
2017-03-18,NA
2017-03-19,NA
2017-03-20,1.155
2017-03-21,1.155
2017-03-22,1.083
2017-03-23,1.05
2017-03-24,1.063
2017-03-25,NA
2017-03-26,NA
2017-03-27,1.009
2017-03-28,0.991
2017-03-29,0.985
2017-03-30,0.966
2017-03-31,0.997
2017-04-01,NA
2017-04-02,NA
2017-04-03,1.007
2017-04-04,0.974
2017-04-05,0.956
2017-04-06,0.961
2017-04-07,0.936
2017-04-08,NA
2017-04-09,NA
2017-04-10,0.948
2017-04-11,0.998
2017-04-12,1.004
2017-04-13,0.936
2017-04-14,NA
2017-04-15,NA
2017-04-16,NA
2017-04-17,NA
2017-04-18,0.935
2017-04-19,0.936
2017-04-20,0.944
2017-04-21,0.868
2017-04-22,NA
2017-04-23,NA
2017-04-24,0.818
2017-04-25,0.83
2017-04-26,0.867
2017-04-27,0.874
2017-04-28,0.841
2017-04-29,NA
2017-04-30,NA
2017-05-01,NA
2017-05-02,0.833
2017-05-03,0.802
2017-05-04,0.813
2017-05-05,0.803
2017-05-06,NA
2017-05-07,NA
2017-05-08,0.827
2017-05-09,0.867
2017-05-10,0.831
2017-05-11,0.87
2017-05-12,0.851
2017-05-13,NA
2017-05-14,NA
2017-05-15,0.858
2017-05-16,0.884
2017-05-17,0.863
2017-05-18,0.805
2017-05-19,0.795
2017-05-20,NA
2017-05-21,NA
2017-05-22,0.815
2017-05-23,0.841
2017-05-24,0.821
2017-05-25,0.802
2017-05-26,0.777
2017-05-27,NA
2017-05-28,NA
2017-05-29,0.765
2017-05-30,0.749
2017-05-31,0.723
2017-06-01,0.743
2017-06-02,0.719
2017-06-03,NA
2017-06-04,NA
2017-06-05,0.722
2017-06-06,0.697
2017-06-07,0.676
2017-06-08,0.7
2017-06-09,0.628
2017-06-10,NA
2017-06-11,NA
2017-06-12,0.609
2017-06-13,0.62
2017-06-14,0.606
2017-06-15,0.607
2017-06-16,0.65
2017-06-17,NA
2017-06-18,NA
2017-06-19,0.627
2017-06-20,0.616
2017-06-21,0.595
2017-06-22,0.595
2017-06-23,0.61
2017-06-24,NA
2017-06-25,NA
2017-06-26,0.605
2017-06-27,0.646
2017-06-28,0.738
2017-06-29,0.749
2017-06-30,0.798
2017-07-01,NA
2017-07-02,NA
2017-07-03,0.818
2017-07-04,0.824
2017-07-05,0.837
2017-07-06,0.845
2017-07-07,0.928
2017-07-08,NA
2017-07-09,NA
2017-07-10,0.938
2017-07-11,0.94
2017-07-12,0.9
2017-07-13,0.854
2017-07-14,0.853
2017-07-15,NA
2017-07-16,NA
2017-07-17,0.856
2017-07-18,0.835
2017-07-19,0.813
2017-07-20,0.826
2017-07-21,0.761
2017-07-22,NA
2017-07-23,NA
2017-07-24,0.748
2017-07-25,0.759
2017-07-26,0.813
2017-07-27,0.781
2017-07-28,0.847
2017-07-29,NA
2017-07-30,NA
2017-07-31,0.818
2017-08-01,0.805
2017-08-02,0.765
2017-08-03,0.769
2017-08-04,0.743
2017-08-05,NA
2017-08-06,NA
2017-08-07,0.766
2017-08-08,0.75
2017-08-09,0.736
2017-08-10,0.735
2017-08-11,0.692
2017-08-12,NA
2017-08-13,NA
2017-08-14,0.73
2017-08-15,0.724
2017-08-16,0.755
2017-08-17,0.737
2017-08-18,0.704
2017-08-19,NA
2017-08-20,NA
2017-08-21,0.705
2017-08-22,0.72
2017-08-23,0.737
2017-08-24,0.703
2017-08-25,0.732
2017-08-26,NA
2017-08-27,NA
2017-08-28,0.715
2017-08-29,0.661
2017-08-30,0.679
2017-08-31,0.694
2017-09-01,0.674
2017-09-02,NA
2017-09-03,NA
2017-09-04,0.69
2017-09-05,0.708
2017-09-06,0.668
2017-09-07,0.691
2017-09-08,0.64
2017-09-09,NA
2017-09-10,NA
2017-09-11,0.643
2017-09-12,0.667
2017-09-13,0.704
2017-09-14,0.71
2017-09-15,0.713
2017-09-16,NA
2017-09-17,NA
2017-09-18,0.718
2017-09-19,0.737
2017-09-20,0.73
2017-09-21,0.778
2017-09-22,0.764
2017-09-23,NA
2017-09-24,NA
2017-09-25,0.72
2017-09-26,0.717
2017-09-27,0.779
2017-09-28,0.81
2017-09-29,0.764
2017-09-30,NA
2017-10-01,NA
2017-10-02,0.773
2017-10-03,0.789
2017-10-04,0.766
2017-10-05,0.765
2017-10-06,0.784
2017-10-07,NA
2017-10-08,NA
2017-10-09,0.747
2017-10-10,0.734
2017-10-11,0.747
2017-10-12,0.737
2017-10-13,0.711
2017-10-14,NA
2017-10-15,NA
2017-10-16,0.685
2017-10-17,0.652
2017-10-18,0.658
2017-10-19,0.677
2017-10-20,0.716
2017-10-21,NA
2017-10-22,NA
2017-10-23,0.713
2017-10-24,0.738
2017-10-25,0.756
2017-10-26,0.742
2017-10-27,0.682
2017-10-28,NA
2017-10-29,NA
2017-10-30,0.653
2017-10-31,0.635
2017-11-01,0.625
2017-11-02,0.638
2017-11-03,0.622
2017-11-04,NA
2017-11-05,NA
2017-11-06,0.602
2017-11-07,0.605
2017-11-08,0.563
2017-11-09,0.575
2017-11-10,0.639
2017-11-11,NA
2017-11-12,NA
2017-11-13,0.628
2017-11-14,0.65
2017-11-15,0.604
2017-11-16,0.626
2017-11-17,0.608
2017-11-18,NA
2017-11-19,NA
2017-11-20,0.583
2017-11-21,0.545
2017-11-22,0.574
2017-11-23,0.562
2017-11-24,0.593
2017-11-25,NA
2017-11-26,NA
2017-11-27,0.578
2017-11-28,0.55
2017-11-29,0.58
2017-11-30,0.594
2017-12-01,0.546
2017-12-02,NA
2017-12-03,NA
2017-12-04,0.536
2017-12-05,0.527
2017-12-06,0.512
2017-12-07,0.515
2017-12-08,0.527
2017-12-09,NA
2017-12-10,NA
2017-12-11,0.516
2017-12-12,0.531
2017-12-13,0.563
2017-12-14,0.566
2017-12-15,0.524
2017-12-16,NA
2017-12-17,NA
2017-12-18,0.525
2017-12-19,0.534
2017-12-20,0.597
2017-12-21,0.658
2017-12-22,0.646
2017-12-23,NA
2017-12-24,NA
2017-12-25,NA
2017-12-26,NA
2017-12-27,0.646
2017-12-28,0.665
2017-12-29,0.68
2017-12-30,NA
2017-12-31,NA
2018-01-01,NA
2018-01-02,0.718
2018-01-03,0.72
2018-01-04,0.721
2018-01-05,0.702
2018-01-06,NA
2018-01-07,NA
2018-01-08,0.7
2018-01-09,0.702
2018-01-10,0.724
2018-01-11,0.711
2018-01-12,0.772
2018-01-13,NA
2018-01-14,NA
2018-01-15,0.771
2018-01-16,0.755
2018-01-17,0.748
2018-01-18,0.794
2018-01-19,0.779
2018-01-20,NA
2018-01-21,NA
2018-01-22,0.787
2018-01-23,0.753
2018-01-24,0.786
2018-01-25,0.785
2018-01-26,0.801
2018-01-27,NA
2018-01-28,NA
2018-01-29,0.879
2018-01-30,0.894
2018-01-31,0.882
2018-02-01,0.928
2018-02-02,0.934
2018-02-03,NA
2018-02-04,NA
2018-02-05,0.933
2018-02-06,0.893
2018-02-07,0.879
2018-02-08,0.927
2018-02-09,0.922
2018-02-10,NA
2018-02-11,NA
2018-02-12,0.958
2018-02-13,0.925
2018-02-14,0.919
2018-02-15,0.969
2018-02-16,0.94
2018-02-17,NA
2018-02-18,NA
2018-02-19,0.936
2018-02-20,0.952
2018-02-21,0.917
2018-02-22,0.927
2018-02-23,0.909
2018-02-24,NA
2018-02-25,NA
2018-02-26,0.887
2018-02-27,0.898
2018-02-28,0.887
2018-03-01,0.849
2018-03-02,0.845
2018-03-03,NA
2018-03-04,NA
2018-03-05,0.854
2018-03-06,0.856
2018-03-07,0.875
2018-03-08,0.87
2018-03-09,0.845
2018-03-10,NA
2018-03-11,NA
2018-03-12,0.841
2018-03-13,0.831
2018-03-14,0.822
2018-03-15,0.805
2018-03-16,0.774
2018-03-17,NA
2018-03-18,NA
2018-03-19,0.784
2018-03-20,0.79
2018-03-21,0.8
2018-03-22,0.754
2018-03-23,0.724
2018-03-24,NA
2018-03-25,NA
2018-03-26,0.731
2018-03-27,0.715
2018-03-28,0.689
2018-03-29,0.705
2018-03-30,NA
2018-03-31,NA
2018-04-01,NA
2018-04-02,NA
2018-04-03,0.706
2018-04-04,0.693
2018-04-05,0.717
2018-04-06,0.722
2018-04-07,NA
2018-04-08,NA
2018-04-09,0.708
2018-04-10,0.708
2018-04-11,0.718
2018-04-12,0.713
2018-04-13,0.729
2018-04-14,NA
2018-04-15,NA
2018-04-16,0.75
2018-04-17,0.729
2018-04-18,0.693
2018-04-19,0.765
2018-04-20,0.792
2018-04-21,NA
2018-04-22,NA
2018-04-23,0.827
2018-04-24,0.816
2018-04-25,0.847
2018-04-26,0.827
2018-04-27,0.778
2018-04-28,NA
2018-04-29,NA
2018-04-30,0.784
2018-05-01,NA
2018-05-02,0.79
2018-05-03,0.795
2018-05-04,0.757
2018-05-05,NA
2018-05-06,NA
2018-05-07,0.759
2018-05-08,0.767
2018-05-09,0.807
2018-05-10,0.791
2018-05-11,0.774
2018-05-12,NA
2018-05-13,NA
2018-05-14,0.805
2018-05-15,0.841
2018-05-16,0.841
2018-05-17,0.862
2018-05-18,0.858
2018-05-19,NA
2018-05-20,NA
2018-05-21,0.829
2018-05-22,0.825
2018-05-23,0.796
2018-05-24,0.802
2018-05-25,0.739
2018-05-26,NA
2018-05-27,NA
2018-05-28,0.712
2018-05-29,0.651
2018-05-30,0.68
2018-05-31,0.715
2018-06-01,0.683
2018-06-02,NA
2018-06-03,NA
2018-06-04,0.711
2018-06-05,0.716
2018-06-06,0.76
2018-06-07,0.843
2018-06-08,0.793
2018-06-09,NA
2018-06-10,NA
2018-06-11,0.82
2018-06-12,0.832
2018-06-13,0.793
2018-06-14,0.809
2018-06-15,0.68
2018-06-16,NA
2018-06-17,NA
2018-06-18,0.676
2018-06-19,0.639
2018-06-20,0.652
2018-06-21,0.653
2018-06-22,0.653
2018-06-23,NA
2018-06-24,NA
2018-06-25,0.649
2018-06-26,0.675
2018-06-27,0.659
2018-06-28,0.654
2018-06-29,0.653
2018-06-30,NA
2018-07-01,NA
2018-07-02,0.628
2018-07-03,0.628
2018-07-04,0.599
2018-07-05,0.638
2018-07-06,0.606
2018-07-07,NA
2018-07-08,NA
2018-07-09,0.614
2018-07-10,0.617
2018-07-11,0.604
2018-07-12,0.613
2018-07-13,0.584
2018-07-14,NA
2018-07-15,NA
2018-07-16,0.596
2018-07-17,0.609
2018-07-18,0.586
2018-07-19,0.596
2018-07-20,0.593
2018-07-21,NA
2018-07-22,NA
2018-07-23,0.666
2018-07-24,0.682
2018-07-25,0.652
2018-07-26,0.676
2018-07-27,0.673
2018-07-28,NA
2018-07-29,NA
2018-07-30,0.699
2018-07-31,0.698
2018-08-01,0.737
2018-08-02,0.75
2018-08-03,0.73
2018-08-04,NA
2018-08-05,NA
2018-08-06,0.703
2018-08-07,0.695
2018-08-08,0.697
2018-08-09,0.698
2018-08-10,0.653
2018-08-11,NA
2018-08-12,NA
2018-08-13,0.654
2018-08-14,0.655
2018-08-15,0.656
2018-08-16,0.647
2018-08-17,0.638
2018-08-18,NA
2018-08-19,NA
2018-08-20,0.636
2018-08-21,0.633
2018-08-22,0.651
2018-08-23,0.661
2018-08-24,0.655
2018-08-25,NA
2018-08-26,NA
2018-08-27,0.682
2018-08-28,0.683
2018-08-29,0.7
2018-08-30,0.707
2018-08-31,0.683
2018-09-01,NA
2018-09-02,NA
2018-09-03,0.667
2018-09-04,0.68
2018-09-05,0.69
2018-09-06,0.704
2018-09-07,0.689
2018-09-08,NA
2018-09-09,NA
2018-09-10,0.708
2018-09-11,0.717
2018-09-12,0.696
2018-09-13,0.703
2018-09-14,0.719
2018-09-15,NA
2018-09-16,NA
2018-09-17,0.74
2018-09-18,0.737
2018-09-19,0.777
2018-09-20,0.772
2018-09-21,0.762
2018-09-22,NA
2018-09-23,NA
2018-09-24,0.772
2018-09-25,0.816
2018-09-26,0.824
2018-09-27,0.813
2018-09-28,0.806
2018-09-29,NA
2018-09-30,NA
2018-10-01,0.82
2018-10-02,0.766
2018-10-03,0.777
2018-10-04,0.851
2018-10-05,0.869
2018-10-06,NA
2018-10-07,NA
2018-10-08,0.862
2018-10-09,0.894
2018-10-10,0.881
2018-10-11,0.851
2018-10-12,0.868
2018-10-13,NA
2018-10-14,NA
2018-10-15,0.84
2018-10-16,0.852
2018-10-17,0.809
2018-10-18,0.823
2018-10-19,0.807
2018-10-20,NA
2018-10-21,NA
2018-10-22,0.822
2018-10-23,0.789
2018-10-24,0.763
2018-10-25,0.758
2018-10-26,0.747
2018-10-27,NA
2018-10-28,NA
2018-10-29,0.741
2018-10-30,0.754
2018-10-31,0.746
2018-11-01,0.768
2018-11-02,0.77
2018-11-03,NA
2018-11-04,NA
2018-11-05,0.79
2018-11-06,0.781
2018-11-07,0.785
2018-11-08,0.818
2018-11-09,0.799
2018-11-10,NA
2018-11-11,NA
2018-11-12,0.765
2018-11-13,0.77
2018-11-14,0.768
2018-11-15,0.744
2018-11-16,0.756
2018-11-17,NA
2018-11-18,NA
2018-11-19,0.776
2018-11-20,0.767
2018-11-21,0.767
2018-11-22,0.748
2018-11-23,0.728
2018-11-24,NA
2018-11-25,NA
2018-11-26,0.734
2018-11-27,0.729
2018-11-28,0.714
2018-11-29,0.707
2018-11-30,0.685
2018-12-01,NA
2018-12-02,NA
2018-12-03,0.697
2018-12-04,0.681
2018-12-05,0.661
2018-12-06,0.656
2018-12-07,0.669
2018-12-08,NA
2018-12-09,NA
2018-12-10,0.688
2018-12-11,0.736
2018-12-12,0.693
2018-12-13,0.704
2018-12-14,0.693
2018-12-15,NA
2018-12-16,NA
2018-12-17,0.707
2018-12-18,0.698
2018-12-19,0.701
2018-12-20,0.673
2018-12-21,0.683
2018-12-22,NA
2018-12-23,NA
2018-12-24,0.682
2018-12-25,NA
2018-12-26,NA
2018-12-27,0.68
2018-12-28,0.687
2018-12-29,NA
2018-12-30,NA
2018-12-31,0.686
2019-01-01,NA
2019-01-02,0.644
2019-01-03,0.649
2019-01-04,0.663
2019-01-05,NA
2019-01-06,NA
2019-01-07,0.686
2019-01-08,0.729
2019-01-09,0.735
2019-01-10,0.675
2019-01-11,0.654
2019-01-12,NA
2019-01-13,NA
2019-01-14,0.627
2019-01-15,0.609
2019-01-16,0.62
2019-01-17,0.615
2019-01-18,0.647
2019-01-19,NA
2019-01-20,NA
2019-01-21,0.632
2019-01-22,0.639
2019-01-23,0.631
2019-01-24,0.599
2019-01-25,0.569
2019-01-26,NA
2019-01-27,NA
2019-01-28,0.585
2019-01-29,0.598
2019-01-30,0.593
2019-01-31,0.556
2019-02-01,0.554
2019-02-02,NA
2019-02-03,NA
2019-02-04,0.558
2019-02-05,0.582
2019-02-06,0.558
2019-02-07,0.563
2019-02-08,0.529
2019-02-09,NA
2019-02-10,NA
2019-02-11,0.542
2019-02-12,0.546
2019-02-13,0.54
2019-02-14,0.53
2019-02-15,0.524
2019-02-16,NA
2019-02-17,NA
2019-02-18,0.516
2019-02-19,0.511
2019-02-20,0.506
2019-02-21,0.514
2019-02-22,0.514
2019-02-23,NA
2019-02-24,NA
2019-02-25,0.518
2019-02-26,0.504
2019-02-27,0.509
2019-02-28,0.547
2019-03-01,0.554
2019-03-02,NA
2019-03-03,NA
2019-03-04,0.559
2019-03-05,0.555
2019-03-06,0.526
2019-03-07,0.493
2019-03-08,0.385
2019-03-09,NA
2019-03-10,NA
2019-03-11,0.388
2019-03-12,0.411
2019-03-13,0.394
2019-03-14,0.386
2019-03-15,0.382
2019-03-16,NA
2019-03-17,NA
2019-03-18,0.375
2019-03-19,0.375
2019-03-20,0.392
2019-03-21,0.345
2019-03-22,0.294
2019-03-23,NA
2019-03-24,NA
2019-03-25,0.295
2019-03-26,0.29
2019-03-27,0.244
2019-03-28,0.234
2019-03-29,0.244
2019-03-30,NA
2019-03-31,NA
2019-04-01,0.278
2019-04-02,0.295
2019-04-03,0.314
2019-04-04,0.306
2019-04-05,0.305
2019-04-06,NA
2019-04-07,NA
2019-04-08,0.279
2019-04-09,0.28
2019-04-10,0.262
2019-04-11,0.244
2019-04-12,0.276
2019-04-13,NA
2019-04-14,NA
2019-04-15,0.336
2019-04-16,0.351
2019-04-17,0.355
2019-04-18,0.299
2019-04-19,NA
2019-04-20,NA
2019-04-21,NA
2019-04-22,NA
2019-04-23,0.317
2019-04-24,0.3
2019-04-25,0.294
2019-04-26,0.288
2019-04-27,NA
2019-04-28,NA
2019-04-29,0.3
2019-04-30,0.329
2019-05-01,NA
2019-05-02,0.324
2019-05-03,0.338
2019-05-04,NA
2019-05-05,NA
2019-05-06,0.313
2019-05-07,0.291
2019-05-08,0.29
2019-05-09,0.297
2019-05-10,0.322
2019-05-11,NA
2019-05-12,NA
2019-05-13,0.317
2019-05-14,0.318
2019-05-15,0.286
2019-05-16,0.265
2019-05-17,0.269
2019-05-18,NA
2019-05-19,NA
2019-05-20,0.298
2019-05-21,0.308
2019-05-22,0.314
2019-05-23,0.295
2019-05-24,0.277
2019-05-25,NA
2019-05-26,NA
2019-05-27,0.269
2019-05-28,0.254
2019-05-29,0.24
2019-05-30,0.247
2019-05-31,0.218
2019-06-01,NA
2019-06-02,NA
2019-06-03,0.188
2019-06-04,0.187
2019-06-05,0.18
2019-06-06,0.143
2019-06-07,0.109
2019-06-08,NA
2019-06-09,NA
2019-06-10,0.131
2019-06-11,0.118
2019-06-12,0.116
2019-06-13,0.115
2019-06-14,0.095
2019-06-15,NA
2019-06-16,NA
2019-06-17,0.096
2019-06-18,0.038
2019-06-19,0.047
2019-06-20,0.029
2019-06-21,0.047
2019-06-22,NA
2019-06-23,NA
2019-06-24,0.026
2019-06-25,0.016
2019-06-26,0.01
2019-06-27,0.038
2019-06-28,0.012
2019-06-29,NA
2019-06-30,NA
2019-07-01,-0.001
2019-07-02,-0.041
2019-07-03,-0.089
2019-07-04,-0.102
2019-07-05,-0.11
2019-07-06,NA
2019-07-07,NA
2019-07-08,-0.08
2019-07-09,-0.052
2019-07-10,0.006
2019-07-11,-0.023
2019-07-12,0.063
2019-07-13,NA
2019-07-14,NA
2019-07-15,0.043
2019-07-16,-0.004
2019-07-17,-0.019
2019-07-18,-0.046
2019-07-19,-0.063
2019-07-20,NA
2019-07-21,NA
2019-07-22,-0.066
2019-07-23,-0.064
2019-07-24,-0.104
2019-07-25,-0.118
2019-07-26,-0.107
2019-07-27,NA
2019-07-28,NA
2019-07-29,-0.131
2019-07-30,-0.13
2019-07-31,-0.142
2019-08-01,-0.143
2019-08-02,-0.208
2019-08-03,NA
2019-08-04,NA
2019-08-05,-0.244
2019-08-06,-0.247
2019-08-07,-0.3
2019-08-08,-0.275
2019-08-09,-0.274
2019-08-10,NA
2019-08-11,NA
2019-08-12,-0.276
2019-08-13,-0.291
2019-08-14,-0.324
2019-08-15,-0.356
2019-08-16,-0.414
2019-08-17,NA
2019-08-18,NA
2019-08-19,-0.351
2019-08-20,-0.374
2019-08-21,-0.371
2019-08-22,-0.372
2019-08-23,-0.321
2019-08-24,NA
2019-08-25,NA
2019-08-26,-0.347
2019-08-27,-0.368
2019-08-28,-0.417
2019-08-29,-0.398
2019-08-30,-0.396
2019-08-31,NA
2019-09-01,NA
2019-09-02,-0.388
2019-09-03,-0.414
2019-09-04,-0.354
2019-09-05,-0.329
2019-09-06,-0.277
2019-09-07,NA
2019-09-08,NA
2019-09-09,-0.283
2019-09-10,-0.249
2019-09-11,-0.22
2019-09-12,-0.267
2019-09-13,-0.195
2019-09-14,NA
2019-09-15,NA
2019-09-16,-0.176
2019-09-17,-0.179
2019-09-18,-0.189
2019-09-19,-0.179
2019-09-20,-0.207
2019-09-21,NA
2019-09-22,NA
2019-09-23,-0.271
2019-09-24,-0.271
2019-09-25,-0.303
2019-09-26,-0.275
2019-09-27,-0.268
2019-09-28,NA
2019-09-29,NA
2019-09-30,-0.246
2019-10-01,-0.201
2019-10-02,-0.221
2019-10-03,-0.244
2019-10-04,-0.27
2019-10-05,NA
2019-10-06,NA
2019-10-07,-0.266
2019-10-08,-0.25
2019-10-09,-0.256
2019-10-10,-0.221
2019-10-11,-0.171
2019-10-12,NA
2019-10-13,NA
2019-10-14,-0.16
2019-10-15,-0.175
2019-10-16,-0.143
2019-10-17,-0.104
2019-10-18,-0.105
2019-10-19,NA
2019-10-20,NA
2019-10-21,-0.053
2019-10-22,-0.079
2019-10-23,-0.117
2019-10-24,-0.095
2019-10-25,-0.101
2019-10-26,NA
2019-10-27,NA
2019-10-28,-0.053
2019-10-29,-0.058
2019-10-30,-0.066
2019-10-31,-0.115
2019-11-01,-0.105
2019-11-02,NA
2019-11-03,NA
2019-11-04,-0.058
2019-11-05,-0.021
2019-11-06,-0.017
2019-11-07,-0.025
2019-11-08,0.03
2019-11-09,NA
2019-11-10,NA
2019-11-11,0.021
2019-11-12,0.054
2019-11-13,0.005
2019-11-14,-0.02
2019-11-15,-0.02
2019-11-16,NA
2019-11-17,NA
2019-11-18,-0.016
2019-11-19,-0.029
2019-11-20,-0.069
2019-11-21,-0.031
2019-11-22,-0.04
2019-11-23,NA
2019-11-24,NA
2019-11-25,-0.041
2019-11-26,-0.052
2019-11-27,-0.072
2019-11-28,-0.065
2019-11-29,-0.062
2019-11-30,NA
2019-12-01,NA
2019-12-02,0.022
2019-12-03,0.021
2019-12-04,-0.024
2019-12-05,0.008
2019-12-06,0.019
2019-12-07,NA
2019-12-08,NA
2019-12-09,0.009
2019-12-10,0.026
2019-12-11,-0.007
2019-12-12,-0.011
2019-12-13,0.052
2019-12-14,NA
2019-12-15,NA
2019-12-16,-0.011
2019-12-17,0.014
2019-12-18,0.011
2019-12-19,0.081
2019-12-20,0.075
2019-12-21,NA
2019-12-22,NA
2019-12-23,0.041
2019-12-24,0.041
2019-12-25,NA
2019-12-26,NA
2019-12-27,0.047
2019-12-28,NA
2019-12-29,NA
2019-12-30,0.094
2019-12-31,0.094
2020-01-01,NA
2020-01-02,0.129
2020-01-03,0.026
2020-01-04,NA
2020-01-05,NA
2020-01-06,0.023
2020-01-07,0.03
2020-01-08,0.021
2020-01-09,0.052
2020-01-10,0.061
2020-01-11,NA
2020-01-12,NA
2020-01-13,0.075
2020-01-14,0.082
2020-01-15,0.05
2020-01-16,0.049
2020-01-17,0.042
2020-01-18,NA
2020-01-19,NA
2020-01-20,0.051
2020-01-21,0.03
2020-01-22,0.017
2020-01-23,-0.025
2020-01-24,-0.051
2020-01-25,NA
2020-01-26,NA
2020-01-27,-0.101
2020-01-28,-0.136
2020-01-29,-0.117
2020-01-30,-0.134
2020-01-31,-0.143
2020-02-01,NA
2020-02-02,NA
2020-02-03,-0.168
2020-02-04,-0.138
2020-02-05,-0.103
2020-02-06,-0.09
2020-02-07,-0.129
2020-02-08,NA
2020-02-09,NA
2020-02-10,-0.145
2020-02-11,-0.139
2020-02-12,-0.125
2020-02-13,-0.165
2020-02-14,-0.156
2020-02-15,NA
2020-02-16,NA
2020-02-17,-0.159
2020-02-18,-0.179
2020-02-19,-0.17
2020-02-20,-0.177
2020-02-21,-0.22
2020-02-22,NA
2020-02-23,NA
2020-02-24,-0.246
2020-02-25,-0.237
2020-02-26,-0.237
2020-02-27,-0.234
2020-02-28,-0.302
2020-02-29,NA
2020-03-01,NA
2020-03-02,-0.305
2020-03-03,-0.263
2020-03-04,-0.34
2020-03-05,-0.309
2020-03-06,-0.316
2020-03-07,NA
2020-03-08,NA
2020-03-09,-0.362
2020-03-10,-0.292
2020-03-11,-0.262
2020-03-12,-0.318
2020-03-13,-0.043
2020-03-14,NA
2020-03-15,NA
2020-03-16,0.06
2020-03-17,0.301
2020-03-18,0.301
2020-03-19,0.141
2020-03-20,0.165
2020-03-21,NA
2020-03-22,NA
2020-03-23,0.095
2020-03-24,0.144
2020-03-25,0.206
2020-03-26,0.178
2020-03-27,-0.045
2020-03-28,NA
2020-03-29,NA
2020-03-30,-0.092
2020-03-31,-0.041
2020-04-01,-0.016
2020-04-02,0.082
2020-04-03,0.041
2020-04-04,NA
2020-04-05,NA
2020-04-06,0.073
2020-04-07,0.105
2020-04-08,0.154
2020-04-09,0.163
2020-04-10,NA
2020-04-11,NA
2020-04-12,NA
2020-04-13,NA
2020-04-14,0.121
2020-04-15,0.087
2020-04-16,0.065
2020-04-17,0.039
2020-04-18,NA
2020-04-19,NA
2020-04-20,0.04
2020-04-21,0.062
2020-04-22,0.102
2020-04-23,0.102
2020-04-24,0.083
2020-04-25,NA
2020-04-26,NA
2020-04-27,0.034
2020-04-28,0.039
2020-04-29,0.001
2020-04-30,-0.037
2020-05-01,NA
2020-05-02,NA
2020-05-03,NA
2020-05-04,-0.062
2020-05-05,-0.024
2020-05-06,-0.039
2020-05-07,0.033
2020-05-08,-0.042
2020-05-09,NA
2020-05-10,NA
2020-05-11,-0.001
2020-05-12,0.002
2020-05-13,-0.023
2020-05-14,-0.046
2020-05-15,-0.031
2020-05-16,NA
2020-05-17,NA
2020-05-18,-0.03
2020-05-19,-0.01
2020-05-20,0.005
2020-05-21,-0.014
2020-05-22,-0.034
2020-05-23,NA
2020-05-24,NA
2020-05-25,-0.023
2020-05-26,0.011
2020-05-27,-0.006
2020-05-28,-0.013
2020-05-29,-0.048
2020-05-30,NA
2020-05-31,NA
2020-06-01,-0.02
2020-06-02,-0.038
2020-06-03,-0.005
2020-06-04,0.03
2020-06-05,0.017
2020-06-06,NA
2020-06-07,NA
2020-06-08,0.026
2020-06-09,-0.016
2020-06-10,0.014
2020-06-11,-0.03
2020-06-12,-0.06
2020-06-13,NA
2020-06-14,NA
2020-06-15,-0.107
2020-06-16,-0.093
2020-06-17,-0.077
2020-06-18,-0.099
2020-06-19,-0.123
2020-06-20,NA
2020-06-21,NA
2020-06-22,-0.146
2020-06-23,-0.153
2020-06-24,-0.138
2020-06-25,-0.166
2020-06-26,-0.184
2020-06-27,NA
2020-06-28,NA
2020-06-29,-0.171
2020-06-30,-0.183
2020-07-01,-0.178
2020-07-02,-0.119
2020-07-03,-0.171
2020-07-04,NA
2020-07-05,NA
2020-07-06,-0.158
2020-07-07,-0.171
2020-07-08,-0.182
2020-07-09,-0.167
2020-07-10,-0.192
2020-07-11,NA
2020-07-12,NA
2020-07-13,-0.174
2020-07-14,-0.157
2020-07-15,-0.188
2020-07-16,-0.175
2020-07-17,-0.187
2020-07-18,NA
2020-07-19,NA
2020-07-20,-0.18
2020-07-21,-0.202
2020-07-22,-0.205
2020-07-23,-0.226
2020-07-24,-0.206
2020-07-25,NA
2020-07-26,NA
2020-07-27,-0.195
2020-07-28,-0.225
2020-07-29,-0.229
2020-07-30,-0.239
2020-07-31,-0.25
2020-08-01,NA
2020-08-02,NA
2020-08-03,-0.225
2020-08-04,-0.25
2020-08-05,-0.26
2020-08-06,-0.25
2020-08-07,-0.26
2020-08-08,NA
2020-08-09,NA
2020-08-10,-0.25
2020-08-11,-0.26
2020-08-12,-0.2
2020-08-13,-0.21
2020-08-14,-0.15
2020-08-15,NA
2020-08-16,NA
2020-08-17,-0.17
2020-08-18,-0.2
2020-08-19,-0.22
2020-08-20,-0.22
2020-08-21,-0.24
2020-08-22,NA
2020-08-23,NA
2020-08-24,-0.21
2020-08-25,-0.19
2020-08-26,-0.16
2020-08-27,-0.18
2020-08-28,-0.12
2020-08-29,NA
2020-08-30,NA
2020-08-31,-0.11
2020-09-01,-0.11
2020-09-02,-0.19
2020-09-03,-0.2
2020-09-04,-0.21
2020-09-05,NA
2020-09-06,NA
2020-09-07,-0.19
2020-09-08,-0.2
2020-09-09,-0.23
2020-09-10,-0.2
2020-09-11,-0.2
2020-09-12,NA
2020-09-13,NA
2020-09-14,-0.23
2020-09-15,-0.22
2020-09-16,-0.24
2020-09-17,-0.23
2020-09-18,-0.25
2020-09-19,NA
2020-09-20,NA
2020-09-21,-0.26
2020-09-22,-0.28
2020-09-23,-0.27
2020-09-24,-0.27
2020-09-25,-0.26
2020-09-26,NA
2020-09-27,NA
2020-09-28,-0.26
2020-09-29,-0.28
2020-09-30,-0.29
2020-10-01,-0.26
2020-10-02,-0.28
2020-10-03,NA
2020-10-04,NA
2020-10-05,-0.28
2020-10-06,-0.26
2020-10-07,-0.27
2020-10-08,-0.26
2020-10-09,-0.3
2020-10-10,NA
2020-10-11,NA
2020-10-12,-0.29
2020-10-13,-0.3
2020-10-14,-0.33
2020-10-15,-0.35
2020-10-16,-0.36
2020-10-17,NA
2020-10-18,NA
2020-10-19,-0.36
2020-10-20,-0.35
2020-10-21,-0.32
2020-10-22,-0.31
2020-10-23,-0.3
2020-10-24,NA
2020-10-25,NA
2020-10-26,-0.32
2020-10-27,-0.32
2020-10-28,-0.35
2020-10-29,-0.34
2020-10-30,-0.35
2020-10-31,NA
2020-11-01,NA
2020-11-02,-0.34
2020-11-03,-0.35
2020-11-04,-0.38
2020-11-05,-0.38
2020-11-06,-0.38
2020-11-07,NA
2020-11-08,NA
2020-11-09,-0.39
2020-11-10,-0.25
2020-11-11,-0.25
2020-11-12,-0.27
2020-11-13,-0.3
2020-11-14,NA
2020-11-15,NA
2020-11-16,-0.32
2020-11-17,-0.32
2020-11-18,-0.34
2020-11-19,-0.34
2020-11-20,-0.34
2020-11-21,NA
2020-11-22,NA
2020-11-23,-0.35
2020-11-24,-0.34
2020-11-25,-0.34
2020-11-26,-0.34
2020-11-27,-0.35
2020-11-28,NA
2020-11-29,NA
2020-11-30,-0.35
2020-12-01,-0.31
2020-12-02,-0.28
2020-12-03,-0.3
2020-12-04,-0.31
2020-12-05,NA
2020-12-06,NA
2020-12-07,-0.34
2020-12-08,-0.35
2020-12-09,-0.36
2020-12-10,-0.37
2020-12-11,-0.38
2020-12-12,NA
2020-12-13,NA
2020-12-14,-0.38
2020-12-15,-0.37
2020-12-16,-0.35
2020-12-17,-0.34
2020-12-18,-0.31
2020-12-19,NA
2020-12-20,NA
2020-12-21,-0.37
2020-12-22,-0.35
2020-12-23,-0.36
2020-12-24,-0.36
2020-12-25,NA
2020-12-26,NA
2020-12-27,NA
2020-12-28,-0.36
2020-12-29,-0.35
2020-12-30,-0.33
2020-12-31,-0.33
2021-01-01,NA
2021-01-02,NA
2021-01-03,NA
2021-01-04,-0.37
2021-01-05,-0.36
2021-01-06,-0.31
2021-01-07,-0.33
2021-01-08,-0.32
2021-01-09,NA
2021-01-10,NA
2021-01-11,-0.32
2021-01-12,-0.26
2021-01-13,-0.28
2021-01-14,-0.31
2021-01-15,-0.31
2021-01-16,NA
2021-01-17,NA
2021-01-18,-0.31
2021-01-19,-0.29
2021-01-20,-0.31
2021-01-21,-0.3
2021-01-22,-0.27
2021-01-23,NA
2021-01-24,NA
2021-01-25,-0.3
2021-01-26,-0.31
2021-01-27,-0.29
2021-01-28,-0.31
2021-01-29,-0.28
2021-01-30,NA
2021-01-31,NA
2021-02-01,-0.28
2021-02-02,-0.25
2021-02-03,-0.24
2021-02-04,-0.24
2021-02-05,-0.23
2021-02-06,NA
2021-02-07,NA
2021-02-08,-0.2
2021-02-09,-0.23
2021-02-10,-0.21
2021-02-11,-0.23
2021-02-12,-0.23
2021-02-13,NA
2021-02-14,NA
2021-02-15,-0.15
2021-02-16,-0.14
2021-02-17,-0.11
2021-02-18,-0.1
2021-02-19,-0.06
2021-02-20,NA
2021-02-21,NA
2021-02-22,-0.06
2021-02-23,-0.04
2021-02-24,-0.05
2021-02-25,0.0
2021-02-26,0.02
2021-02-27,NA
2021-02-28,NA
2021-03-01,-0.06
2021-03-02,-0.07
2021-03-03,-0.08
2021-03-04,-0.05
2021-03-05,-0.03
2021-03-06,NA
2021-03-07,NA
2021-03-08,-0.04
2021-03-09,-0.06
2021-03-10,-0.05
2021-03-11,-0.06
2021-03-12,-0.07
2021-03-13,NA
2021-03-14,NA
2021-03-15,-0.07
2021-03-16,-0.09
2021-03-17,-0.06
2021-03-18,-0.01
2021-03-19,-0.05
2021-03-20,NA
2021-03-21,NA
2021-03-22,-0.06
2021-03-23,-0.08
2021-03-24,-0.1
2021-03-25,-0.11
2021-03-26,-0.1
2021-03-27,NA
2021-03-28,NA
2021-03-29,-0.08
2021-03-30,0.0
2021-03-31,-0.02
2021-04-01,-0.04
2021-04-02,NA
2021-04-03,NA
2021-04-04,NA
2021-04-05,NA
2021-04-06,-0.03
2021-04-07,-0.06
2021-04-08,-0.07
2021-04-09,-0.05
2021-04-10,NA
2021-04-11,NA
2021-04-12,-0.05
2021-04-13,-0.01
2021-04-14,-0.02
2021-04-15,0.0
2021-04-16,0.01
2021-04-17,NA
2021-04-18,NA
2021-04-19,0.0
2021-04-20,0.04
2021-04-21,0.01
2021-04-22,-0.01
2021-04-23,-0.01
2021-04-24,NA
2021-04-25,NA
2021-04-26,-0.01
2021-04-27,0.02
2021-04-28,0.05
2021-04-29,0.05
2021-04-30,0.08
2021-05-01,NA
2021-05-02,NA
2021-05-03,0.12
2021-05-04,0.08
2021-05-05,0.06
2021-05-06,0.05
2021-05-07,0.08
2021-05-08,NA
2021-05-09,NA
2021-05-10,0.1
2021-05-11,0.13
2021-05-12,0.14
2021-05-13,0.21
2021-05-14,0.2
2021-05-15,NA
2021-05-16,NA
2021-05-17,0.2
2021-05-18,0.22
2021-05-19,0.25
2021-05-20,0.22
2021-05-21,0.18
2021-05-22,NA
2021-05-23,NA
2021-05-24,0.18
2021-05-25,0.14
2021-05-26,0.1
2021-05-27,0.09
2021-05-28,0.12
2021-05-29,NA
2021-05-30,NA
2021-05-31,0.13
2021-06-01,0.1
2021-06-02,0.1
2021-06-03,0.11
2021-06-04,0.11
2021-06-05,NA
2021-06-06,NA
2021-06-07,0.1
2021-06-08,0.1
2021-06-09,0.06
2021-06-10,0.07
2021-06-11,0.02
2021-06-12,NA
2021-06-13,NA
2021-06-14,0.03
2021-06-15,0.05
2021-06-16,0.07
2021-06-17,0.11
2021-06-18,0.09
2021-06-19,NA
2021-06-20,NA
2021-06-21,0.09
2021-06-22,0.12
2021-06-23,0.11
2021-06-24,0.11
2021-06-25,0.11
2021-06-26,NA
2021-06-27,NA
2021-06-28,0.13
2021-06-29,0.1
2021-06-30,0.1
2021-07-01,0.09
2021-07-02,0.05
2021-07-03,NA
2021-07-04,NA
2021-07-05,0.06
2021-07-06,0.05
2021-07-07,-0.01
2021-07-08,-0.05
2021-07-09,-0.02
2021-07-10,NA
2021-07-11,NA
2021-07-12,-0.02
2021-07-13,-0.01
2021-07-14,-0.01
2021-07-15,-0.05
2021-07-16,-0.05
2021-07-17,NA
2021-07-18,NA
2021-07-19,-0.08
2021-07-20,-0.11
2021-07-21,-0.09
2021-07-22,-0.09
2021-07-23,-0.11
2021-07-24,NA
2021-07-25,NA
2021-07-26,-0.14
2021-07-27,-0.14
2021-07-28,-0.13
2021-07-29,-0.13
2021-07-30,-0.13
2021-07-31,NA
2021-08-01,NA
2021-08-02,-0.14
2021-08-03,-0.16
2021-08-04,-0.18
2021-08-05,-0.19
2021-08-06,-0.2
2021-08-07,NA
2021-08-08,NA
2021-08-09,-0.17
2021-08-10,-0.16
2021-08-11,-0.14
2021-08-12,-0.16
2021-08-13,-0.16
2021-08-14,NA
2021-08-15,NA
2021-08-16,-0.16
2021-08-17,-0.19
2021-08-18,-0.17
2021-08-19,-0.18
2021-08-20,-0.18
2021-08-21,NA
2021-08-22,NA
2021-08-23,-0.16
2021-08-24,-0.17
2021-08-25,-0.15
2021-08-26,-0.09
2021-08-27,-0.09
2021-08-28,NA
2021-08-29,NA
2021-08-30,-0.1
2021-08-31,-0.11
2021-09-01,-0.05
2021-09-02,-0.07
2021-09-03,-0.07
2021-09-04,NA
2021-09-05,NA
2021-09-06,-0.05
2021-09-07,-0.03
2021-09-08,-0.02
2021-09-09,-0.02
2021-09-10,-0.05
2021-09-11,NA
2021-09-12,NA
2021-09-13,-0.03
2021-09-14,-0.01
2021-09-15,-0.04
2021-09-16,0.0
2021-09-17,0.02
2021-09-18,NA
2021-09-19,NA
2021-09-20,0.0
2021-09-21,0.0
2021-09-22,-0.01
2021-09-23,0.0
2021-09-24,0.08
2021-09-25,NA
2021-09-26,NA
2021-09-27,0.11
2021-09-28,0.12
2021-09-29,0.11
2021-09-30,0.11
2021-10-01,0.11
2021-10-02,NA
2021-10-03,NA
2021-10-04,0.12
2021-10-05,0.1
2021-10-06,0.17
2021-10-07,0.14
2021-10-08,0.17
2021-10-09,NA
2021-10-10,NA
2021-10-11,0.18
2021-10-12,0.2
2021-10-13,0.19
2021-10-14,0.18
2021-10-15,0.15
2021-10-16,NA
2021-10-17,NA
2021-10-18,0.2
2021-10-19,0.18
2021-10-20,0.21
2021-10-21,0.2
2021-10-22,0.25
2021-10-23,NA
2021-10-24,NA
2021-10-25,0.23
2021-10-26,0.19
2021-10-27,0.18
2021-10-28,0.17
2021-10-29,0.25
2021-10-30,NA
2021-10-31,NA
2021-11-01,0.15
2021-11-02,0.21
2021-11-03,0.15
2021-11-04,0.16
2021-11-05,0.1
2021-11-06,NA
2021-11-07,NA
2021-11-08,0.07
2021-11-09,0.07
2021-11-10,0.05
2021-11-11,0.11
2021-11-12,0.12
2021-11-13,NA
2021-11-14,NA
2021-11-15,0.07
2021-11-16,0.12
2021-11-17,0.1
2021-11-18,0.1
2021-11-19,0.02
2021-11-20,NA
2021-11-21,NA
2021-11-22,0.01
2021-11-23,0.09
2021-11-24,0.12
2021-11-25,0.11
2021-11-26,0.05
2021-11-27,NA
2021-11-28,NA
2021-11-29,0.04
2021-11-30,0.01
2021-12-01,0.04
2021-12-02,0.01
2021-12-03,-0.01
2021-12-04,NA
2021-12-05,NA
2021-12-06,-0.02
2021-12-07,-0.02
2021-12-08,-0.03
2021-12-09,0.01
2021-12-10,0.0
2021-12-11,NA
2021-12-12,NA
2021-12-13,-0.02
2021-12-14,-0.03
2021-12-15,-0.03
2021-12-16,-0.01
2021-12-17,-0.01
2021-12-18,NA
2021-12-19,NA
2021-12-20,-0.04
2021-12-21,0.0
2021-12-22,0.09
2021-12-23,0.1
2021-12-24,0.1
2021-12-25,NA
2021-12-26,NA
2021-12-27,0.1
2021-12-28,0.1
2021-12-29,0.1
2021-12-30,0.1
2021-12-31,0.1
2022-01-01,NA
2022-01-02,NA
2022-01-03,0.19
2022-01-04,0.22
2022-01-05,0.22
2022-01-06,0.26
2022-01-07,0.27
2022-01-08,NA
2022-01-09,NA
2022-01-10,0.29
2022-01-11,0.27
2022-01-12,0.28
2022-01-13,0.28
2022-01-14,0.25
2022-01-15,NA
2022-01-16,NA
2022-01-17,0.3
2022-01-18,0.32
2022-01-19,0.33
2022-01-20,0.3
2022-01-21,0.27
2022-01-22,NA
2022-01-23,NA
2022-01-24,0.24
2022-01-25,0.27
2022-01-26,0.27
2022-01-27,0.3
2022-01-28,0.32
2022-01-29,NA
2022-01-30,NA
2022-01-31,0.33
2022-02-01,0.37
2022-02-02,0.4
2022-02-03,0.43
2022-02-04,0.58
2022-02-05,NA
2022-02-06,NA
2022-02-07,0.65
2022-02-08,0.64
2022-02-09,0.64
2022-02-10,0.67
2022-02-11,0.72
2022-02-12,NA
2022-02-13,NA
2022-02-14,0.67
2022-02-15,0.73
2022-02-16,0.75
2022-02-17,0.71
2022-02-18,0.66
2022-02-19,NA
2022-02-20,NA
2022-02-21,0.68
2022-02-22,0.68
2022-02-23,0.7
2022-02-24,0.64
2022-02-25,0.63
2022-02-26,NA
2022-02-27,NA
2022-02-28,0.65
2022-03-01,0.49
2022-03-02,0.39
2022-03-03,0.49
2022-03-04,0.44
2022-03-05,NA
2022-03-06,NA
2022-03-07,0.42
2022-03-08,0.48
2022-03-09,0.57
2022-03-10,0.59
2022-03-11,0.72
2022-03-12,NA
2022-03-13,NA
2022-03-14,0.78
2022-03-15,0.79
2022-03-16,0.8
2022-03-17,0.79
2022-03-18,0.79
2022-03-19,NA
2022-03-20,NA
2022-03-21,0.84
2022-03-22,0.93
2022-03-23,0.9
2022-03-24,0.95
2022-03-25,0.93
2022-03-26,NA
2022-03-27,NA
2022-03-28,1.02
2022-03-29,1.04
2022-03-30,1.06
2022-03-31,1.02
2022-04-01,1.01
2022-04-02,NA
2022-04-03,NA
2022-04-04,0.98
2022-04-05,1.05
2022-04-06,1.17
2022-04-07,1.15
2022-04-08,1.22
2022-04-09,NA
2022-04-10,NA
2022-04-11,1.25
2022-04-12,1.35
2022-04-13,1.32
2022-04-14,1.27
2022-04-15,NA
2022-04-16,NA
2022-04-17,NA
2022-04-18,NA
2022-04-19,1.39
2022-04-20,1.33
2022-04-21,1.38
2022-04-22,1.38
2022-04-23,NA
2022-04-24,NA
2022-04-25,1.37
2022-04-26,1.31
2022-04-27,1.3
2022-04-28,1.31
2022-04-29,1.4
2022-04-30,NA
2022-05-01,NA
2022-05-02,1.43
2022-05-03,1.51
2022-05-04,1.49
2022-05-05,1.5
2022-05-06,1.59
2022-05-07,NA
2022-05-08,NA
2022-05-09,1.66
2022-05-10,1.6
2022-05-11,1.49
2022-05-12,1.42
2022-05-13,1.4
2022-05-14,NA
2022-05-15,NA
2022-05-16,1.5
2022-05-17,1.5
2022-05-18,1.54
2022-05-19,1.47
2022-05-20,1.49
2022-05-21,NA
2022-05-22,NA
2022-05-23,1.49
2022-05-24,1.51
2022-05-25,1.48
2022-05-26,1.43
2022-05-27,1.51
2022-05-28,NA
2022-05-29,NA
2022-05-30,1.56
2022-05-31,1.59
2022-06-01,1.64
2022-06-02,1.72
2022-06-03,1.77
2022-06-04,NA
2022-06-05,NA
2022-06-06,1.81
2022-06-07,1.81
2022-06-08,1.83
2022-06-09,1.86
2022-06-10,1.96
2022-06-11,NA
2022-06-12,NA
2022-06-13,2.16
2022-06-14,2.25
2022-06-15,2.33
2022-06-16,2.35
2022-06-17,2.18
2022-06-18,NA
2022-06-19,NA
2022-06-20,2.19
2022-06-21,2.27
2022-06-22,2.25
2022-06-23,1.99
2022-06-24,1.97
2022-06-25,NA
2022-06-26,NA
2022-06-27,2.02
2022-06-28,1.83
2022-06-29,2.14
2022-06-30,1.99
2022-07-01,1.98
2022-07-02,NA
2022-07-03,NA
2022-07-04,1.88
2022-07-05,1.86
2022-07-06,1.79
2022-07-07,1.86
2022-07-08,1.8
2022-07-09,NA
2022-07-10,NA
2022-07-11,1.83
2022-07-12,1.66
2022-07-13,1.67
2022-07-14,1.77
2022-07-15,1.64
2022-07-16,NA
2022-07-17,NA
2022-07-18,1.72
2022-07-19,1.75
2022-07-20,1.71
2022-07-21,1.79
2022-07-22,1.57
2022-07-23,NA
2022-07-24,NA
2022-07-25,1.58
2022-07-26,1.48
2022-07-27,1.45
2022-07-28,1.5
2022-07-29,1.4
2022-07-30,NA
2022-07-31,NA
2022-08-01,1.35
2022-08-02,1.21
2022-08-03,1.35
2022-08-04,1.35
2022-08-05,1.28
2022-08-06,NA
2022-08-07,NA
2022-08-08,1.35
2022-08-09,1.4
2022-08-10,1.37
2022-08-11,1.39
2022-08-12,1.47
2022-08-13,NA
2022-08-14,NA
2022-08-15,1.42
2022-08-16,1.4
2022-08-17,1.56
2022-08-18,1.59
2022-08-19,1.67
2022-08-20,NA
2022-08-21,NA
2022-08-22,1.73
2022-08-23,1.82
2022-08-24,1.84
2022-08-25,1.86
2022-08-26,1.88
2022-08-27,NA
2022-08-28,NA
2022-08-29,2.05
2022-08-30,2.01
2022-08-31,2.07
2022-09-01,2.14
2022-09-02,2.11
2022-09-03,NA
2022-09-04,NA
2022-09-05,2.12
2022-09-06,2.1
2022-09-07,2.11
2022-09-08,2.11
2022-09-09,2.25
2022-09-10,NA
2022-09-11,NA
2022-09-12,2.21
2022-09-13,2.19
2022-09-14,2.24
2022-09-15,2.25
2022-09-16,2.29
2022-09-17,NA
2022-09-18,NA
2022-09-19,2.3
2022-09-20,2.39
2022-09-21,2.37
2022-09-22,2.36
2022-09-23,2.49
2022-09-24,NA
2022-09-25,NA
2022-09-26,2.62
2022-09-27,2.65
2022-09-28,2.83
2022-09-29,2.82
2022-09-30,2.71
2022-10-01,NA
2022-10-02,NA
2022-10-03,2.72
2022-10-04,2.4
2022-10-05,2.53
2022-10-06,2.59
2022-10-07,2.72
2022-10-08,NA
2022-10-09,NA
2022-10-10,2.76
2022-10-11,2.88
2022-10-12,2.92
2022-10-13,2.89
2022-10-14,2.81
2022-10-15,NA
2022-10-16,NA
2022-10-17,2.83
2022-10-18,2.91
2022-10-19,2.92
2022-10-20,3.0
2022-10-21,3.02
2022-10-22,NA
2022-10-23,NA
2022-10-24,2.96
2022-10-25,2.78
2022-10-26,2.68
2022-10-27,2.72
2022-10-28,2.62
2022-10-29,NA
2022-10-30,NA
2022-10-31,2.65
2022-11-01,2.58
2022-11-02,2.68
2022-11-03,2.76
2022-11-04,2.77
2022-11-05,NA
2022-11-06,NA
2022-11-07,2.79
2022-11-08,2.83
2022-11-09,2.76
2022-11-10,2.69
2022-11-11,2.56
2022-11-12,NA
2022-11-13,NA
2022-11-14,2.63
2022-11-15,2.59
2022-11-16,2.57
2022-11-17,2.45
2022-11-18,2.54
2022-11-19,NA
2022-11-20,NA
2022-11-21,2.49
2022-11-22,2.47
2022-11-23,2.45
2022-11-24,2.29
2022-11-25,2.36
2022-11-26,NA
2022-11-27,NA
2022-11-28,2.45
2022-11-29,2.38
2022-11-30,2.4
2022-12-01,2.3
2022-12-02,2.23
2022-12-03,NA
2022-12-04,NA
2022-12-05,2.3
2022-12-06,2.29
2022-12-07,2.24
2022-12-08,2.23
2022-12-09,2.33
2022-12-10,NA
2022-12-11,NA
2022-12-12,2.39
2022-12-13,2.41
2022-12-14,2.44
2022-12-15,2.4
2022-12-16,2.73
2022-12-17,NA
2022-12-18,NA
2022-12-19,2.71
2022-12-20,2.81
2022-12-21,2.82
2022-12-22,2.86
2022-12-23,2.93
2022-12-24,NA
2022-12-25,NA
2022-12-26,NA
2022-12-27,3.04
2022-12-28,3.02
2022-12-29,3.02
2022-12-30,3.02
2022-12-31,NA
2023-01-01,NA
2023-01-02,3.03
2023-01-03,2.88
2023-01-04,2.82
2023-01-05,2.81
2023-01-06,2.85
2023-01-07,NA
2023-01-08,NA
2023-01-09,2.8
2023-01-10,2.79
2023-01-11,2.73
2023-01-12,2.66
2023-01-13,2.58
2023-01-14,NA
2023-01-15,NA
2023-01-16,2.69
2023-01-17,2.68
2023-01-18,2.55
2023-01-19,2.46
2023-01-20,2.58
2023-01-21,NA
2023-01-22,NA
2023-01-23,2.64
2023-01-24,2.64
2023-01-25,2.56
2023-01-26,2.65
2023-01-27,2.74
2023-01-28,NA
2023-01-29,NA
2023-01-30,2.78
2023-01-31,2.79
2023-02-01,2.76
2023-02-02,2.73
2023-02-03,2.61
2023-02-04,NA
2023-02-05,NA
2023-02-06,2.74
2023-02-07,2.77
2023-02-08,2.83
2023-02-09,2.76
2023-02-10,2.83
2023-02-11,NA
2023-02-12,NA
2023-02-13,2.84
2023-02-14,2.83
2023-02-15,2.88
2023-02-16,2.94
2023-02-17,3.01
2023-02-18,NA
2023-02-19,NA
2023-02-20,2.92
2023-02-21,2.98
2023-02-22,3.04
2023-02-23,3.02
2023-02-24,2.96
2023-02-25,NA
2023-02-26,NA
2023-02-27,3.07
2023-02-28,3.14
2023-03-01,3.21
2023-03-02,3.26
2023-03-03,3.21
2023-03-04,NA
2023-03-05,NA
2023-03-06,3.16
2023-03-07,3.17
2023-03-08,3.21
2023-03-09,3.21
2023-03-10,3.06
2023-03-11,NA
2023-03-12,NA
2023-03-13,2.83
2023-03-14,2.92
2023-03-15,2.89
2023-03-16,2.84
2023-03-17,2.82
2023-03-18,NA
2023-03-19,NA
2023-03-20,2.63
2023-03-21,2.77
2023-03-22,2.87
2023-03-23,2.82
2023-03-24,2.61
2023-03-25,NA
2023-03-26,NA
2023-03-27,2.73
2023-03-28,2.87
2023-03-29,2.85
2023-03-30,2.85
2023-03-31,2.9
2023-04-01,NA
2023-04-02,NA
2023-04-03,2.89
2023-04-04,2.84
2023-04-05,2.84
2023-04-06,2.7
2023-04-07,NA
2023-04-08,NA
2023-04-09,NA
2023-04-10,NA
2023-04-11,2.79
2023-04-12,2.87
2023-04-13,2.94
2023-04-14,2.94
2023-04-15,NA
2023-04-16,NA
2023-04-17,2.98
2023-04-18,3.03
2023-04-19,3.05
2023-04-20,3.02
2023-04-21,2.99
2023-04-22,NA
2023-04-23,NA
2023-04-24,3.01
2023-04-25,2.99
2023-04-26,2.89
2023-04-27,2.99
2023-04-28,2.91
2023-04-29,NA
2023-04-30,NA
2023-05-01,NA
2023-05-02,2.94
2023-05-03,2.82
2023-05-04,2.83
2023-05-05,2.85
2023-05-06,NA
2023-05-07,NA
2023-05-08,NA
2023-05-09,2.91
2023-05-10,2.93
2023-05-11,2.87
2023-05-12,2.81
2023-05-13,NA
2023-05-14,NA
2023-05-15,2.85
2023-05-16,2.85
2023-05-17,2.89
2023-05-18,2.97
2023-05-19,3.03
2023-05-20,NA
2023-05-21,NA
2023-05-22,2.98
2023-05-23,3.05
2023-05-24,3.03
2023-05-25,3.04
2023-05-26,3.1
2023-05-27,NA
2023-05-28,NA
2023-05-29,3.05
2023-05-30,2.99
2023-05-31,2.83
2023-06-01,2.86
2023-06-02,2.84
2023-06-03,NA
2023-06-04,NA
2023-06-05,2.92
2023-06-06,2.87
2023-06-07,2.92
2023-06-08,3.0
2023-06-09,2.97
2023-06-10,NA
2023-06-11,NA
2023-06-12,2.93
2023-06-13,2.91
2023-06-14,2.96
2023-06-15,3.01
2023-06-16,3.0
2023-06-17,NA
2023-06-18,NA
2023-06-19,3.0
2023-06-20,3.0
2023-06-21,2.95
2023-06-22,2.99
2023-06-23,2.89
2023-06-24,NA
2023-06-25,NA
2023-06-26,2.83
2023-06-27,2.84
2023-06-28,2.86
2023-06-29,2.88
2023-06-30,2.99
2023-07-01,NA
2023-07-02,NA
2023-07-03,2.92
2023-07-04,3.01
2023-07-05,2.99
2023-07-06,3.07
2023-07-07,3.18
2023-07-08,NA
2023-07-09,NA
2023-07-10,3.21
2023-07-11,3.17
2023-07-12,3.18
2023-07-13,3.02
2023-07-14,3.02
2023-07-15,NA
2023-07-16,NA
2023-07-17,3.01
2023-07-18,2.95
2023-07-19,2.86
2023-07-20,2.97
2023-07-21,3.02
2023-07-22,NA
2023-07-23,NA
2023-07-24,2.95
2023-07-25,2.98
2023-07-26,2.98
2023-07-27,3.03
2023-07-28,3.06
2023-07-29,NA
2023-07-30,NA
2023-07-31,3.06
2023-08-01,3.05
2023-08-02,3.08
2023-08-03,3.12
2023-08-04,3.16
2023-08-05,NA
2023-08-06,NA
2023-08-07,3.13
2023-08-08,3.04
2023-08-09,3.0
2023-08-10,3.08
2023-08-11,3.11
2023-08-12,NA
2023-08-13,NA
2023-08-14,3.15
2023-08-15,3.25
2023-08-16,3.21
2023-08-17,3.25
2023-08-18,3.18
2023-08-19,NA
2023-08-20,NA
2023-08-21,3.2
2023-08-22,3.22
2023-08-23,3.08
2023-08-24,3.02
2023-08-25,3.08
2023-08-26,NA
2023-08-27,NA
2023-08-28,3.12
2023-08-29,3.09
2023-08-30,3.1
2023-08-31,3.06
2023-09-01,3.02
2023-09-02,NA
2023-09-03,NA
2023-09-04,3.1
2023-09-05,3.13
2023-09-06,3.16
2023-09-07,3.18
2023-09-08,3.16
2023-09-09,NA
2023-09-10,NA
2023-09-11,3.17
2023-09-12,3.17
2023-09-13,3.23
2023-09-14,3.21
2023-09-15,3.21
2023-09-16,NA
2023-09-17,NA
2023-09-18,3.25
2023-09-19,3.26
2023-09-20,3.29
2023-09-21,3.3
2023-09-22,3.3
2023-09-23,NA
2023-09-24,NA
2023-09-25,3.35
2023-09-26,3.38
2023-09-27,3.36
2023-09-28,3.51
2023-09-29,3.44
2023-09-30,NA
2023-10-01,NA
2023-10-02,3.47
2023-10-03,3.5
2023-10-04,3.57
2023-10-05,3.55
2023-10-06,3.52
2023-10-07,NA
2023-10-08,NA
2023-10-09,3.47
2023-10-10,3.39
2023-10-11,3.31
2023-10-12,3.31
2023-10-13,3.34
2023-10-14,NA
2023-10-15,NA
2023-10-16,3.39
2023-10-17,3.41
2023-10-18,3.52
2023-10-19,3.56
2023-10-20,3.53
2023-10-21,NA
2023-10-22,NA
2023-10-23,3.55
2023-10-24,3.4
2023-10-25,3.46
2023-10-26,3.5
2023-10-27,3.45
2023-10-28,NA
2023-10-29,NA
2023-10-30,3.4
2023-10-31,3.39
2023-11-01,3.45
2023-11-02,3.3
2023-11-03,3.31
2023-11-04,NA
2023-11-05,NA
2023-11-06,3.28
2023-11-07,3.3
2023-11-08,3.23
2023-11-09,3.23
2023-11-10,3.31
2023-11-11,NA
2023-11-12,NA
2023-11-13,3.27
2023-11-14,3.27
2023-11-15,3.14
2023-11-16,3.18
2023-11-17,3.08
2023-11-18,NA
2023-11-19,NA
2023-11-20,3.15
2023-11-21,3.15
2023-11-22,3.14
2023-11-23,3.14
2023-11-24,3.2
2023-11-25,NA
2023-11-26,NA
2023-11-27,3.2
2023-11-28,3.1
2023-11-29,3.02
2023-11-30,2.99
2023-12-01,2.99
2023-12-02,NA
2023-12-03,NA
2023-12-04,2.94
2023-12-05,2.87
2023-12-06,2.82
2023-12-07,2.72
2023-12-08,2.78
2023-12-09,NA
2023-12-10,NA
2023-12-11,2.81
2023-12-12,2.78
2023-12-13,2.75
2023-12-14,2.57
2023-12-15,2.57
2023-12-16,NA
2023-12-17,NA
2023-12-18,2.55
2023-12-19,2.55
2023-12-20,2.5
2023-12-21,2.48
2023-12-22,2.47
2023-12-23,NA
2023-12-24,NA
2023-12-25,NA
2023-12-26,NA
2023-12-27,2.44
2023-12-28,2.45
2023-12-29,2.54
2023-12-30,NA
2023-12-31,NA
2024-01-01,NA
2024-01-02,2.63
2024-01-03,2.61
2024-01-04,2.61
2024-01-05,2.7
2024-01-06,NA
2024-01-07,NA
2024-01-08,2.7
2024-01-09,2.74
2024-01-10,2.71
2024-01-11,2.72
2024-01-12,2.71
2024-01-13,NA
2024-01-14,NA
2024-01-15,2.71
2024-01-16,2.73
2024-01-17,2.77
2024-01-18,2.83
2024-01-19,2.84
2024-01-20,NA
2024-01-21,NA
2024-01-22,2.8
2024-01-23,2.81
2024-01-24,2.82
2024-01-25,2.88
2024-01-26,2.75
2024-01-27,NA
2024-01-28,NA
2024-01-29,2.74
2024-01-30,2.74
2024-01-31,2.71
2024-02-01,2.73
2024-02-02,2.69
2024-02-03,NA
2024-02-04,NA
2024-02-05,2.79
2024-02-06,2.84
2024-02-07,2.81
2024-02-08,2.82
2024-02-09,2.89
2024-02-10,NA
2024-02-11,NA
2024-02-12,2.88
2024-02-13,2.87
2024-02-14,2.88
2024-02-15,2.82
2024-02-16,2.88
2024-02-17,NA
2024-02-18,NA
2024-02-19,2.88
2024-02-20,2.88
2024-02-21,2.89
2024-02-22,2.94
2024-02-23,2.95
2024-02-24,NA
2024-02-25,NA
2024-02-26,2.85
2024-02-27,2.91
2024-02-28,2.94
2024-02-29,2.98
2024-03-01,2.96
2024-03-02,NA
2024-03-03,NA
2024-03-04,2.89
2024-03-05,2.86
2024-03-06,2.83
2024-03-07,2.78
2024-03-08,2.74
2024-03-09,NA
2024-03-10,NA
2024-03-11,2.73
2024-03-12,2.76
2024-03-13,2.77
2024-03-14,2.81
2024-03-15,2.9
2024-03-16,NA
2024-03-17,NA
2024-03-18,2.91
2024-03-19,2.89
2024-03-20,2.87
2024-03-21,2.84
2024-03-22,2.84
2024-03-23,NA
2024-03-24,NA
2024-03-25,2.84
2024-03-26,2.84
2024-03-27,2.84
2024-03-28,2.83
2024-03-29,NA
2024-03-30,NA
2024-03-31,NA
2024-04-01,NA
2024-04-02,2.88
2024-04-03,2.94
2024-04-04,2.9
2024-04-05,2.89
2024-04-06,NA
2024-04-07,NA
2024-04-08,2.96
2024-04-09,2.92
2024-04-10,2.86
2024-04-11,2.98
2024-04-12,2.9
2024-04-13,NA
2024-04-14,NA
2024-04-15,2.92
2024-04-16,2.98
2024-04-17,3.02
2024-04-18,2.97
2024-04-19,3.0
2024-04-20,NA
2024-04-21,NA
2024-04-22,3.06
2024-04-23,3.02
2024-04-24,3.05
2024-04-25,3.08
2024-04-26,3.12
2024-04-27,NA
2024-04-28,NA
2024-04-29,3.03
2024-04-30,3.04
2024-05-01,NA
2024-05-02,3.05
2024-05-03,3.03
2024-05-04,NA
2024-05-05,NA
2024-05-06,2.94
2024-05-07,2.94
2024-05-08,2.94
2024-05-09,3.01
2024-05-10,2.97
2024-05-11,NA
2024-05-12,NA
2024-05-13,3.02
2024-05-14,3.0
2024-05-15,2.99
2024-05-16,2.92
2024-05-17,2.98
2024-05-18,NA
2024-05-19,NA
2024-05-20,3.02
2024-05-21,3.0
2024-05-22,3.03
2024-05-23,3.05
2024-05-24,3.06
2024-05-25,NA
2024-05-26,NA
2024-05-27,3.08
2024-05-28,3.03
2024-05-29,3.09
2024-05-30,3.16
2024-05-31,3.18
2024-06-01,NA
2024-06-02,NA
2024-06-03,3.12
2024-06-04,3.04
2024-06-05,3.04
2024-06-06,3.03
2024-06-07,3.06
2024-06-08,NA
2024-06-09,NA
2024-06-10,3.2
2024-06-11,3.3
2024-06-12,3.24
2024-06-13,3.19
2024-06-14,3.15
2024-06-15,NA
2024-06-16,NA
2024-06-17,3.16
2024-06-18,3.18
2024-06-19,3.14
2024-06-20,3.17
2024-06-21,3.11
2024-06-22,NA
2024-06-23,NA
2024-06-24,3.14
2024-06-25,3.13
2024-06-26,3.15
2024-06-27,3.21
2024-06-28,3.26
2024-06-29,NA
2024-06-30,NA
2024-07-01,3.3
2024-07-02,3.34
2024-07-03,3.28
2024-07-04,3.25
2024-07-05,3.23
2024-07-06,NA
2024-07-07,NA
2024-07-08,3.19
2024-07-09,3.17
2024-07-10,3.17
2024-07-11,3.15
2024-07-12,3.13
2024-07-13,NA
2024-07-14,NA
2024-07-15,3.1
2024-07-16,3.06
2024-07-17,3.05
2024-07-18,3.07
2024-07-19,3.06
2024-07-20,NA
2024-07-21,NA
2024-07-22,3.11
2024-07-23,3.1
2024-07-24,3.1
2024-07-25,3.09
2024-07-26,3.12
2024-07-27,NA
2024-07-28,NA
2024-07-29,3.05
2024-07-30,3.05
2024-07-31,3.01
2024-08-01,2.99
2024-08-02,2.96
2024-08-03,NA
2024-08-04,NA
2024-08-05,2.9
2024-08-06,2.94
2024-08-07,2.99
2024-08-08,2.96
2024-08-09,2.95
2024-08-10,NA
2024-08-11,NA
2024-08-12,2.95
2024-08-13,2.94
2024-08-14,2.9
2024-08-15,2.89
2024-08-16,2.94
2024-08-17,NA
2024-08-18,NA
2024-08-19,2.92
2024-08-20,2.94
2024-08-21,2.91
2024-08-22,2.91
2024-08-23,2.94
2024-08-24,NA
2024-08-25,NA
2024-08-26,2.92
2024-08-27,2.96
2024-08-28,2.97
2024-08-29,2.93
2024-08-30,2.96
2024-08-31,NA
2024-09-01,NA
2024-09-02,3.03
2024-09-03,3.02
2024-09-04,2.95
2024-09-05,2.93
2024-09-06,2.85
2024-09-07,NA
2024-09-08,NA
2024-09-09,2.93
2024-09-10,2.88
2024-09-11,2.8
2024-09-12,2.82
2024-09-13,2.82
2024-09-14,NA
2024-09-15,NA
2024-09-16,2.82
2024-09-17,2.81
2024-09-18,2.87
2024-09-19,2.92
2024-09-20,2.9
2024-09-21,NA
2024-09-22,NA
2024-09-23,2.92
2024-09-24,2.96
2024-09-25,2.89
2024-09-26,2.94
2024-09-27,2.9
2024-09-28,NA
2024-09-29,NA
2024-09-30,2.96
2024-10-01,2.81
2024-10-02,2.86
2024-10-03,2.91
2024-10-04,2.94
2024-10-05,NA
2024-10-06,NA
2024-10-07,3.01
2024-10-08,3.02
2024-10-09,3.0
2024-10-10,3.02
2024-10-11,3.03
2024-10-12,NA
2024-10-13,NA
2024-10-14,3.03
2024-10-15,2.98
2024-10-16,2.92
2024-10-17,2.94
2024-10-18,2.93
2024-10-19,NA
2024-10-20,NA
2024-10-21,2.94
2024-10-22,3.05
2024-10-23,3.04
2024-10-24,3.0
2024-10-25,3.0
2024-10-26,NA
2024-10-27,NA
2024-10-28,3.03
2024-10-29,3.05
2024-10-30,3.06
2024-10-31,3.14
2024-11-01,3.16
2024-11-02,NA
2024-11-03,NA
2024-11-04,3.16
2024-11-05,3.16
2024-11-06,3.12
2024-11-07,3.26
2024-11-08,3.15
2024-11-09,NA
2024-11-10,NA
2024-11-11,3.06
2024-11-12,3.07
2024-11-13,3.14
2024-11-14,3.14
2024-11-15,3.06
2024-11-16,NA
2024-11-17,NA
2024-11-18,3.12
2024-11-19,3.04
2024-11-20,3.09
2024-11-21,3.1
2024-11-22,3.04
2024-11-23,NA
2024-11-24,NA
2024-11-25,3.07
2024-11-26,3.02
2024-11-27,3.02
2024-11-28,3.0
2024-11-29,2.94
2024-11-30,NA
2024-12-01,NA
2024-12-02,2.9
2024-12-03,2.91
2024-12-04,2.94
2024-12-05,2.9
2024-12-06,2.85
2024-12-07,NA
2024-12-08,NA
2024-12-09,2.86
2024-12-10,2.86
2024-12-11,2.89
2024-12-12,2.93
2024-12-13,3.0
2024-12-14,NA
2024-12-15,NA
2024-12-16,3.04
2024-12-17,3.04
2024-12-18,3.05
2024-12-19,3.1
2024-12-20,3.11
2024-12-21,NA
2024-12-22,NA
2024-12-23,3.12
2024-12-24,3.12
2024-12-25,NA
2024-12-26,3.12
2024-12-27,3.12
2024-12-28,NA
2024-12-29,NA
2024-12-30,3.21
2024-12-31,3.21
2025-01-01,NA
2025-01-02,3.2
2025-01-03,3.25
2025-01-04,NA
2025-01-05,NA
2025-01-06,3.28
2025-01-07,3.29
2025-01-08,3.3
2025-01-09,3.4
2025-01-10,3.41
2025-01-11,NA
2025-01-12,NA
2025-01-13,3.47
2025-01-14,3.45
2025-01-15,3.44
2025-01-16,3.36
2025-01-17,3.31
2025-01-18,NA
2025-01-19,NA
2025-01-20,3.31
2025-01-21,3.29
2025-01-22,3.26
2025-01-23,3.29
2025-01-24,3.31
2025-01-25,NA
2025-01-26,NA
2025-01-27,3.27
2025-01-28,3.29
2025-01-29,3.27
2025-01-30,3.28
2025-01-31,3.23
2025-02-01,NA
2025-02-02,NA
2025-02-03,3.16
2025-02-04,3.14
2025-02-05,3.07
2025-02-06,3.12
2025-02-07,3.08
2025-02-08,NA
2025-02-09,NA
2025-02-10,3.09
2025-02-11,3.13
2025-02-12,3.17
2025-02-13,3.17
2025-02-14,3.12
2025-02-15,NA
2025-02-16,NA
2025-02-17,3.18
2025-02-18,3.19
2025-02-19,3.2
2025-02-20,3.23
2025-02-21,3.21
2025-02-22,NA
2025-02-23,NA
2025-02-24,3.18
2025-02-25,3.16
2025-02-26,3.12
2025-02-27,3.13
2025-02-28,3.08
2025-03-01,NA
2025-03-02,NA
2025-03-03,3.14
2025-03-04,3.15
2025-03-05,3.32
2025-03-06,3.53
2025-03-07,3.51
2025-03-08,NA
2025-03-09,NA
2025-03-10,3.49
2025-03-11,3.54
2025-03-12,3.56
2025-03-13,3.56
2025-03-14,3.54
2025-03-15,NA
2025-03-16,NA
2025-03-17,3.47
2025-03-18,3.48
2025-03-19,3.43
2025-03-20,3.43
2025-03-21,3.42
2025-03-22,NA
2025-03-23,NA
2025-03-24,3.43
2025-03-25,3.46
2025-03-26,3.45
2025-03-27,3.45
2025-03-28,3.39
2025-03-29,NA
2025-03-30,NA
2025-03-31,3.38
2025-04-01,3.35
2025-04-02,3.37
2025-04-03,3.35
2025-04-04,3.27
2025-04-05,NA
2025-04-06,NA
2025-04-07,3.24
2025-04-08,3.35
2025-04-09,3.36
2025-04-10,3.37
2025-04-11,3.34
2025-04-12,NA
2025-04-13,NA
2025-04-14,3.29
2025-04-15,3.23
2025-04-16,3.23
2025-04-17,3.27
2025-04-18,NA
2025-04-19,NA
2025-04-20,NA
2025-04-21,NA
2025-04-22,3.19
2025-04-23,3.2
2025-04-24,3.17
2025-04-25,3.15
2025-04-26,NA
2025-04-27,NA
2025-04-28,3.2
2025-04-29,3.18
2025-04-30,3.16
2025-05-01,NA
2025-05-02,3.16
2025-05-03,NA
2025-05-04,NA
2025-05-05,3.2
2025-05-06,3.24
2025-05-07,3.22
2025-05-08,3.2
2025-05-09,3.27
2025-05-10,NA
2025-05-11,NA
2025-05-12,3.3
2025-05-13,3.34
2025-05-14,3.34
2025-05-15,3.35
2025-05-16,3.24
2025-05-17,NA
2025-05-18,NA
2025-05-19,3.31
2025-05-20,3.23
2025-05-21,3.32
2025-05-22,3.31
2025-05-23,3.3
2025-05-24,NA
2025-05-25,NA
2025-05-26,3.28
2025-05-27,3.2
2025-05-28,3.23
2025-05-29,3.25
2025-05-30,3.2
2025-05-31,NA
2025-06-01,NA
2025-06-02,3.22
2025-06-03,3.17
2025-06-04,3.2
2025-06-05,3.18
2025-06-06,3.22
2025-06-07,NA
2025-06-08,NA
2025-06-09,3.2
2025-06-10,3.23
2025-06-11,3.24
2025-06-12,3.21
2025-06-13,3.2
2025-06-14,NA
2025-06-15,NA
2025-06-16,3.28
2025-06-17,3.26
2025-06-18,3.26
2025-06-19,3.26
2025-06-20,3.27
2025-06-21,NA
2025-06-22,NA
2025-06-23,3.28
2025-06-24,3.25
2025-06-25,3.23
2025-06-26,3.25
2025-06-27,3.27
2025-06-28,NA
2025-06-29,NA
2025-06-30,3.27
2025-07-01,3.24
2025-07-02,3.3
2025-07-03,3.3
2025-07-04,3.26
2025-07-05,NA
2025-07-06,NA
2025-07-07,3.29
2025-07-08,3.39
2025-07-09,3.37
2025-07-10,3.36
2025-07-11,3.43
2025-07-12,NA
2025-07-13,NA
2025-07-14,3.44
2025-07-15,3.41
2025-07-16,3.42
2025-07-17,3.42
2025-07-18,3.42
2025-07-19,NA
2025-07-20,NA
2025-07-21,3.37
2025-07-22,3.34
2025-07-23,3.31
2025-07-24,3.35
2025-07-25,3.45
2025-07-26,NA
2025-07-27,NA
2025-07-28,3.38
2025-07-29,3.39
2025-07-30,3.37
2025-07-31,3.37
2025-08-01,3.4
2025-08-02,NA
2025-08-03,NA
2025-08-04,3.38
2025-08-05,3.32
2025-08-06,3.33
2025-08-07,3.33
2025-08-08,3.35
2025-08-09,NA
2025-08-10,NA
2025-08-11,3.36
2025-08-12,3.39
2025-08-13,3.38
2025-08-14,3.34
2025-08-15,3.43
2025-08-16,NA
2025-08-17,NA
2025-08-18,3.45
2025-08-19,3.48
2025-08-20,3.45
2025-08-21,3.45
2025-08-22,3.48
2025-08-23,NA
2025-08-24,NA
2025-08-25,3.49
2025-08-26,3.54
2025-08-27,3.52
2025-08-28,3.51
2025-08-29,3.54
2025-08-30,NA
2025-08-31,NA
2025-09-01,3.57
2025-09-02,3.62
2025-09-03,3.62
2025-09-04,3.54
2025-09-05,3.52
2025-09-06,NA
2025-09-07,NA
2025-09-08,3.49
2025-09-09,3.46
2025-09-10,3.45
2025-09-11,3.43
2025-09-12,3.44
2025-09-13,NA
2025-09-14,NA
2025-09-15,3.46
2025-09-16,3.45
2025-09-17,3.45
2025-09-18,3.47
2025-09-19,3.52
2025-09-20,NA
2025-09-21,NA
2025-09-22,3.54
2025-09-23,3.54
2025-09-24,3.53
2025-09-25,3.55
2025-09-26,3.57
2025-09-27,NA
2025-09-28,NA
2025-09-29,3.53
2025-09-30,3.51
2025-10-01,3.55
2025-10-02,3.51
2025-10-03,3.51
2025-10-04,NA
2025-10-05,NA
2025-10-06,3.57
2025-10-07,3.58
2025-10-08,3.51
2025-10-09,3.49
2025-10-10,3.49
2025-10-11,NA
2025-10-12,NA
2025-10-13,3.46
2025-10-14,3.42
2025-10-15,3.36
2025-10-16,3.34
2025-10-17,3.31
2025-10-18,NA
2025-10-19,NA
2025-10-20,3.38
2025-10-21,3.34
2025-10-22,3.33
2025-10-23,3.36
2025-10-24,3.42
2025-10-25,NA
2025-10-26,NA
2025-10-27,3.42
2025-10-28,3.41
2025-10-29,3.41
2025-10-30,3.42
2025-10-31,3.42
2025-11-01,NA
2025-11-02,NA
2025-11-03,3.41
2025-11-04,3.43
2025-11-05,3.43
2025-11-06,3.45
2025-11-07,3.46
2025-11-08,NA
2025-11-09,NA
2025-11-10,3.45
2025-11-11,3.44
2025-11-12,3.41
2025-11-13,3.37
2025-11-14,3.45
2025-11-15,NA
2025-11-16,NA
2025-11-17,3.44
2025-11-18,3.44
2025-11-19,3.45
2025-11-20,3.48
2025-11-21,3.46
2025-11-22,NA
2025-11-23,NA
2025-11-24,3.45
2025-11-25,3.45
2025-11-26,3.41
2025-11-27,3.41
2025-11-28,3.41
2025-11-29,NA
2025-11-30,NA
2025-12-01,3.45
2025-12-02,3.49
2025-12-03,3.5
2025-12-04,3.5
2025-12-05,3.53
2025-12-06,NA
2025-12-07,NA
2025-12-08,3.55
2025-12-09,3.58
2025-12-10,3.61
2025-12-11,3.59
2025-12-12,3.58
2025-12-13,NA
2025-12-14,NA
2025-12-15,3.56
2025-12-16,3.56
2025-12-17,3.56
2025-12-18,3.57
2025-12-19,3.6
2025-12-20,NA
2025-12-21,NA
2025-12-22,3.62
2025-12-23,3.59
2025-12-25,NA
2025-12-26,NA
2025-12-27,NA
2025-12-28,NA
2025-12-29,3.56
2025-12-30,3.56
2025-12-31,3.56
2026-01-01,NA
2026-01-02,3.59
2026-01-03,NA
2026-01-04,NA
2026-01-05,3.63
2026-01-06,3.58
2026-01-07,3.53
2026-01-08,3.56
2026-01-09,3.54
2026-01-10,NA
2026-01-11,NA
2026-01-12,3.55
2026-01-13,3.56
2026-01-14,3.54
2026-01-15,3.51
2026-01-16,3.54
2026-01-17,NA
2026-01-18,NA
2026-01-19,3.53
2026-01-20,3.58
2026-01-21,3.55
2026-01-22,3.53
2026-01-23,3.53
2026-01-24,NA
2026-01-25,NA
2026-01-26,3.49
2026-01-27,3.47
2026-01-28,3.45
2026-01-29,3.45
2026-01-30,3.47
2026-01-31,NA
2026-02-01,NA
2026-02-02,3.47
2026-02-03,3.49
2026-02-04,3.49
2026-02-05,3.49
2026-02-06,3.47
2026-02-07,NA
2026-02-08,NA
2026-02-09,3.49
2026-02-10,3.46
2026-02-11,3.43
2026-02-12,3.41
2026-02-13,3.4
2026-02-14,NA
2026-02-15,NA
2026-02-16,3.39
2026-02-17,3.36
2026-02-18,3.35
2026-02-19,3.37
2026-02-20,3.35
2026-02-21,NA
2026-02-22,NA
2026-02-23,3.34
2026-02-24,3.3
2026-02-25,3.31
2026-02-26,3.3
2026-02-27,3.3
2026-02-28,NA
2026-03-01,NA
2026-03-02,3.3
2026-03-03,3.44
2026-03-04,3.44
2026-03-05,3.45
2026-03-06,3.54
2026-03-07,NA
2026-03-08,NA
2026-03-09,3.5
2026-03-10,3.51
2026-03-11,3.59
2026-03-12,3.63
2026-03-13,3.69
2026-03-14,NA
2026-03-15,NA
2026-03-16,3.7
2026-03-17,3.62
2026-03-18,3.57
2026-03-19,3.71
2026-03-20,3.72
2026-03-21,NA
2026-03-22,NA
2026-03-23,3.9
2026-03-24,3.79
2026-03-25,3.73
2026-03-26,3.79
2026-03-27,3.92
2026-03-28,NA
2026-03-29,NA
2026-03-30,3.85
2026-03-31,3.8
2026-04-01,3.69
2026-04-02,3.78
2026-04-03,NA
2026-04-04,NA
2026-04-05,NA
2026-04-06,NA
2026-04-07,3.73
2026-04-08,3.62
2026-04-09,3.69
2026-04-10,3.74
2026-04-11,NA
2026-04-12,NA
2026-04-13,3.77
2026-04-14,3.76
2026-04-15,3.71
2026-04-16,3.72
2026-04-17,3.72
2026-04-18,NA
2026-04-19,NA
2026-04-20,3.68
2026-04-21,3.65
2026-04-22,3.7
2026-04-23,3.75
2026-04-24,3.77
2026-04-25,NA
2026-04-26,NA
2026-04-27,3.72
2026-04-28,3.78
2026-04-29,3.81
2026-04-30,3.83
2026-05-01,NA
2026-05-02,NA
2026-05-03,NA
2026-05-04,3.77
2026-05-05,3.78
2026-05-06,3.69
2026-05-07,3.69
2026-05-08,3.69
2026-05-09,NA
2026-05-10,NA
2026-05-11,3.71
2026-05-12,3.79
2026-05-13,3.79
2026-05-14,3.77
2026-05-15,3.81
2026-05-16,NA
2026-05-17,NA
2026-05-18,3.87
2026-05-19,3.84
2026-05-20,3.85
2026-05-21,3.79
2026-05-22,3.75
2026-05-23,NA
2026-05-24,NA
2026-05-25,3.65
2026-05-26,3.67
2026-05-27,3.63
2026-05-28,3.69
2026-05-29,3.63
2026-05-30,NA
2026-05-31,NA
2026-06-01,3.67
2026-06-02,3.63
2026-06-03,3.71
2026-06-04,3.75
2026-06-05,3.73
2026-06-06,NA
2026-06-07,NA
2026-06-08,3.79
2026-06-09,3.77
2026-06-10,3.78
2026-06-11,3.79
2026-06-12,3.69
2026-06-13,NA
2026-06-14,NA
2026-06-15,3.65
