KEY,FREQ,REF_AREA,IR_TYPE,TR_TYPE,MATURITY_CAT,BS_COUNT_SECTOR,CURRENCY_TRANS,IR_BUS_COV,IR_FV_TYPE,TIME_PERIOD,OBS_VALUE,OBS_STATUS,OBS_CONF,OBS_PRE_BREAK,OBS_COM,TIME_FORMAT,BREAKS,COLLECTION,COMPILING_ORG,DISS_ORG,DOM_SER_IDS,PUBL_ECB,PUBL_MU,PUBL_PUBLIC,COMPILATION,COVERAGE,DECIMALS,NAT_TITLE,SOURCE_AGENCY,TITLE,TITLE_COMPL,UNIT,UNIT_MULT
IRS.M.FR.L.L40.CI.0000.EUR.N.Z,M,FR,L,L40,CI,0000,EUR,N,Z,1986-01,10.05,A,F,,,P1M,,A,,,,,,,,,2,,,Long-term interest rate for convergence purposes - Euro,"France, Long-term interest rate for convergence purposes - Unspecified rate type, Debt security issued, 10 years maturity, New business coverage, denominated in Euro - Unspecified counterpart sector",PC,0
IRS.M.FR.L.L40.CI.0000.EUR.N.Z,M,FR,L,L40,CI,0000,EUR,N,Z,1986-02,9.81,A,F,,,P1M,,A,,,,,,,,,2,,,Long-term interest rate for convergence purposes - Euro,"France, Long-term interest rate for convergence purposes - Unspecified rate type, Debt security issued, 10 years maturity, New business coverage, denominated in Euro - Unspecified counterpart sector",PC,0
IRS.M.FR.L.L40.CI.0000.EUR.N.Z,M,FR,L,L40,CI,0000,EUR,N,Z,1986-03,8.81,A,F,,,P1M,,A,,,,,,,,,2,,,Long-term interest rate for convergence purposes - Euro,"France, Long-term interest rate for convergence purposes - Unspecified rate type, Debt security issued, 10 years maturity, New business coverage, denominated in Euro - Unspecified counterpart sector",PC,0
IRS.M.FR.L.L40.CI.0000.EUR.N.Z,M,FR,L,L40,CI,0000,EUR,N,Z,1986-04,8.04,A,F,,,P1M,,A,,,,,,,,,2,,,Long-term interest rate for convergence purposes - Euro,"France, Long-term interest rate for convergence purposes - Unspecified rate type, Debt security issued, 10 years maturity, New business coverage, denominated in Euro - Unspecified counterpart sector",PC,0
IRS.M.FR.L.L40.CI.0000.EUR.N.Z,M,FR,L,L40,CI,0000,EUR,N,Z,1986-05,7.9,A,F,,,P1M,,A,,,,,,,,,2,,,Long-term interest rate for convergence purposes - Euro,"France, Long-term interest rate for convergence purposes - Unspecified rate type, Debt security issued, 10 years maturity, New business coverage, denominated in Euro - Unspecified counterpart sector",PC,0
IRS.M.FR.L.L40.CI.0000.EUR.N.Z,M,FR,L,L40,CI,0000,EUR,N,Z,1986-06,8.06,A,F,,,P1M,,A,,,,,,,,,2,,,Long-term interest rate for convergence purposes - Euro,"France, Long-term interest rate for convergence purposes - Unspecified rate type, Debt security issued, 10 years maturity, New business coverage, denominated in Euro - Unspecified counterpart sector",PC,0
IRS.M.FR.L.L40.CI.0000.EUR.N.Z,M,FR,L,L40,CI,0000,EUR,N,Z,1986-07,7.95,A,F,,,P1M,,A,,,,,,,,,2,,,Long-term interest rate for convergence purposes - Euro,"France, Long-term interest rate for convergence purposes - Unspecified rate type, Debt security issued, 10 years maturity, New business coverage, denominated in Euro - Unspecified counterpart sector",PC,0
IRS.M.FR.L.L40.CI.0000.EUR.N.Z,M,FR,L,L40,CI,0000,EUR,N,Z,1986-08,7.76,A,F,,,P1M,,A,,,,,,,,,2,,,Long-term interest rate for convergence purposes - Euro,"France, Long-term interest rate for convergence purposes - Unspecified rate type, Debt security issued, 10 years maturity, New business coverage, denominated in Euro - Unspecified counterpart sector",PC,0
IRS.M.FR.L.L40.CI.0000.EUR.N.Z,M,FR,L,L40,CI,0000,EUR,N,Z,1986-09,7.56,A,F,,,P1M,,A,,,,,,,,,2,,,Long-term interest rate for convergence purposes - Euro,"France, Long-term interest rate for convergence purposes - Unspecified rate type, Debt security issued, 10 years maturity, New business coverage, denominated in Euro - Unspecified counterpart sector",PC,0
IRS.M.FR.L.L40.CI.0000.EUR.N.Z,M,FR,L,L40,CI,0000,EUR,N,Z,1986-10,7.99,A,F,,,P1M,,A,,,,,,,,,2,,,Long-term interest rate for convergence purposes - Euro,"France, Long-term interest rate for convergence purposes - Unspecified rate type, Debt security issued, 10 years maturity, New business coverage, denominated in Euro - Unspecified counterpart sector",PC,0
IRS.M.FR.L.L40.CI.0000.EUR.N.Z,M,FR,L,L40,CI,0000,EUR,N,Z,1986-11,8.66,A,F,,,P1M,,A,,,,,,,,,2,,,Long-term interest rate for convergence purposes - Euro,"France, Long-term interest rate for convergence purposes - Unspecified rate type, Debt security issued, 10 years maturity, New business coverage, denominated in Euro - Unspecified counterpart sector",PC,0
IRS.M.FR.L.L40.CI.0000.EUR.N.Z,M,FR,L,L40,CI,0000,EUR,N,Z,1986-12,8.81,A,F,,,P1M,,A,,,,,,,,,2,,,Long-term interest rate for convergence purposes - Euro,"France, Long-term interest rate for convergence purposes - Unspecified rate type, Debt security issued, 10 years maturity, New business coverage, denominated in Euro - Unspecified counterpart sector",PC,0
IRS.M.FR.L.L40.CI.0000.EUR.N.Z,M,FR,L,L40,CI,0000,EUR,N,Z,1987-01,8.86,A,F,,,P1M,,A,,,,,,,,,2,,,Long-term interest rate for convergence purposes - Euro,"France, Long-term interest rate for convergence purposes - Unspecified rate type, Debt security issued, 10 years maturity, New business coverage, denominated in Euro - Unspecified counterpart sector",PC,0
IRS.M.FR.L.L40.CI.0000.EUR.N.Z,M,FR,L,L40,CI,0000,EUR,N,Z,1987-02,9.12,A,F,,,P1M,,A,,,,,,,,,2,,,Long-term interest rate for convergence purposes - Euro,"France, Long-term interest rate for convergence purposes - Unspecified rate type, Debt security issued, 10 years maturity, New business coverage, denominated in Euro - Unspecified counterpart sector",PC,0
IRS.M.FR.L.L40.CI.0000.EUR.N.Z,M,FR,L,L40,CI,0000,EUR,N,Z,1987-03,8.67,A,F,,,P1M,,A,,,,,,,,,2,,,Long-term interest rate for convergence purposes - Euro,"France, Long-term interest rate for convergence purposes - Unspecified rate type, Debt security issued, 10 years maturity, New business coverage, denominated in Euro - Unspecified counterpart sector",PC,0
IRS.M.FR.L.L40.CI.0000.EUR.N.Z,M,FR,L,L40,CI,0000,EUR,N,Z,1987-04,8.69,A,F,,,P1M,,A,,,,,,,,,2,,,Long-term interest rate for convergence purposes - Euro,"France, Long-term interest rate for convergence purposes - Unspecified rate type, Debt security issued, 10 years maturity, New business coverage, denominated in Euro - Unspecified counterpart sector",PC,0
IRS.M.FR.L.L40.CI.0000.EUR.N.Z,M,FR,L,L40,CI,0000,EUR,N,Z,1987-05,8.94,A,F,,,P1M,,A,,,,,,,,,2,,,Long-term interest rate for convergence purposes - Euro,"France, Long-term interest rate for convergence purposes - Unspecified rate type, Debt security issued, 10 years maturity, New business coverage, denominated in Euro - Unspecified counterpart sector",PC,0
IRS.M.FR.L.L40.CI.0000.EUR.N.Z,M,FR,L,L40,CI,0000,EUR,N,Z,1987-06,9.32,A,F,,,P1M,,A,,,,,,,,,2,,,Long-term interest rate for convergence purposes - Euro,"France, Long-term interest rate for convergence purposes - Unspecified rate type, Debt security issued, 10 years maturity, New business coverage, denominated in Euro - Unspecified counterpart sector",PC,0
IRS.M.FR.L.L40.CI.0000.EUR.N.Z,M,FR,L,L40,CI,0000,EUR,N,Z,1987-07,9.37,A,F,,,P1M,,A,,,,,,,,,2,,,Long-term interest rate for convergence purposes - Euro,"France, Long-term interest rate for convergence purposes - Unspecified rate type, Debt security issued, 10 years maturity, New business coverage, denominated in Euro - Unspecified counterpart sector",PC,0
IRS.M.FR.L.L40.CI.0000.EUR.N.Z,M,FR,L,L40,CI,0000,EUR,N,Z,1987-08,9.83,A,F,,,P1M,,A,,,,,,,,,2,,,Long-term interest rate for convergence purposes - Euro,"France, Long-term interest rate for convergence purposes - Unspecified rate type, Debt security issued, 10 years maturity, New business coverage, denominated in Euro - Unspecified counterpart sector",PC,0
IRS.M.FR.L.L40.CI.0000.EUR.N.Z,M,FR,L,L40,CI,0000,EUR,N,Z,1987-09,10.25,A,F,,,P1M,,A,,,,,,,,,2,,,Long-term interest rate for convergence purposes - Euro,"France, Long-term interest rate for convergence purposes - Unspecified rate type, Debt security issued, 10 years maturity, New business coverage, denominated in Euro - Unspecified counterpart sector",PC,0
IRS.M.FR.L.L40.CI.0000.EUR.N.Z,M,FR,L,L40,CI,0000,EUR,N,Z,1987-10,10.7,A,F,,,P1M,,A,,,,,,,,,2,,,Long-term interest rate for convergence purposes - Euro,"France, Long-term interest rate for convergence purposes - Unspecified rate type, Debt security issued, 10 years maturity, New business coverage, denominated in Euro - Unspecified counterpart sector",PC,0
IRS.M.FR.L.L40.CI.0000.EUR.N.Z,M,FR,L,L40,CI,0000,EUR,N,Z,1987-11,9.96,A,F,,,P1M,,A,,,,,,,,,2,,,Long-term interest rate for convergence purposes - Euro,"France, Long-term interest rate for convergence purposes - Unspecified rate type, Debt security issued, 10 years maturity, New business coverage, denominated in Euro - Unspecified counterpart sector",PC,0
IRS.M.FR.L.L40.CI.0000.EUR.N.Z,M,FR,L,L40,CI,0000,EUR,N,Z,1987-12,9.98,A,F,,,P1M,,A,,,,,,,,,2,,,Long-term interest rate for convergence purposes - Euro,"France, Long-term interest rate for convergence purposes - Unspecified rate type, Debt security issued, 10 years maturity, New business coverage, denominated in Euro - Unspecified counterpart sector",PC,0
IRS.M.FR.L.L40.CI.0000.EUR.N.Z,M,FR,L,L40,CI,0000,EUR,N,Z,1988-01,9.81,A,F,,,P1M,,A,,,,,,,,,2,,,Long-term interest rate for convergence purposes - Euro,"France, Long-term interest rate for convergence purposes - Unspecified rate type, Debt security issued, 10 years maturity, New business coverage, denominated in Euro - Unspecified counterpart sector",PC,0
IRS.M.FR.L.L40.CI.0000.EUR.N.Z,M,FR,L,L40,CI,0000,EUR,N,Z,1988-02,9.13,A,F,,,P1M,,A,,,,,,,,,2,,,Long-term interest rate for convergence purposes - Euro,"France, Long-term interest rate for convergence purposes - Unspecified rate type, Debt security issued, 10 years maturity, New business coverage, denominated in Euro - Unspecified counterpart sector",PC,0
IRS.M.FR.L.L40.CI.0000.EUR.N.Z,M,FR,L,L40,CI,0000,EUR,N,Z,1988-03,9.26,A,F,,,P1M,,A,,,,,,,,,2,,,Long-term interest rate for convergence purposes - Euro,"France, Long-term interest rate for convergence purposes - Unspecified rate type, Debt security issued, 10 years maturity, New business coverage, denominated in Euro - Unspecified counterpart sector",PC,0
IRS.M.FR.L.L40.CI.0000.EUR.N.Z,M,FR,L,L40,CI,0000,EUR,N,Z,1988-04,9.2,A,F,,,P1M,,A,,,,,,,,,2,,,Long-term interest rate for convergence purposes - Euro,"France, Long-term interest rate for convergence purposes - Unspecified rate type, Debt security issued, 10 years maturity, New business coverage, denominated in Euro - Unspecified counterpart sector",PC,0
IRS.M.FR.L.L40.CI.0000.EUR.N.Z,M,FR,L,L40,CI,0000,EUR,N,Z,1988-05,9.25,A,F,,,P1M,,A,,,,,,,,,2,,,Long-term interest rate for convergence purposes - Euro,"France, Long-term interest rate for convergence purposes - Unspecified rate type, Debt security issued, 10 years maturity, New business coverage, denominated in Euro - Unspecified counterpart sector",PC,0
IRS.M.FR.L.L40.CI.0000.EUR.N.Z,M,FR,L,L40,CI,0000,EUR,N,Z,1988-06,8.96,A,F,,,P1M,,A,,,,,,,,,2,,,Long-term interest rate for convergence purposes - Euro,"France, Long-term interest rate for convergence purposes - Unspecified rate type, Debt security issued, 10 years maturity, New business coverage, denominated in Euro - Unspecified counterpart sector",PC,0
IRS.M.FR.L.L40.CI.0000.EUR.N.Z,M,FR,L,L40,CI,0000,EUR,N,Z,1988-07,8.98,A,F,,,P1M,,A,,,,,,,,,2,,,Long-term interest rate for convergence purposes - Euro,"France, Long-term interest rate for convergence purposes - Unspecified rate type, Debt security issued, 10 years maturity, New business coverage, denominated in Euro - Unspecified counterpart sector",PC,0
IRS.M.FR.L.L40.CI.0000.EUR.N.Z,M,FR,L,L40,CI,0000,EUR,N,Z,1988-08,9.24,A,F,,,P1M,,A,,,,,,,,,2,,,Long-term interest rate for convergence purposes - Euro,"France, Long-term interest rate for convergence purposes - Unspecified rate type, Debt security issued, 10 years maturity, New business coverage, denominated in Euro - Unspecified counterpart sector",PC,0
IRS.M.FR.L.L40.CI.0000.EUR.N.Z,M,FR,L,L40,CI,0000,EUR,N,Z,1988-09,9.01,A,F,,,P1M,,A,,,,,,,,,2,,,Long-term interest rate for convergence purposes - Euro,"France, Long-term interest rate for convergence purposes - Unspecified rate type, Debt security issued, 10 years maturity, New business coverage, denominated in Euro - Unspecified counterpart sector",PC,0
IRS.M.FR.L.L40.CI.0000.EUR.N.Z,M,FR,L,L40,CI,0000,EUR,N,Z,1988-10,8.76,A,F,,,P1M,,A,,,,,,,,,2,,,Long-term interest rate for convergence purposes - Euro,"France, Long-term interest rate for convergence purposes - Unspecified rate type, Debt security issued, 10 years maturity, New business coverage, denominated in Euro - Unspecified counterpart sector",PC,0
IRS.M.FR.L.L40.CI.0000.EUR.N.Z,M,FR,L,L40,CI,0000,EUR,N,Z,1988-11,8.74,A,F,,,P1M,,A,,,,,,,,,2,,,Long-term interest rate for convergence purposes - Euro,"France, Long-term interest rate for convergence purposes - Unspecified rate type, Debt security issued, 10 years maturity, New business coverage, denominated in Euro - Unspecified counterpart sector",PC,0
IRS.M.FR.L.L40.CI.0000.EUR.N.Z,M,FR,L,L40,CI,0000,EUR,N,Z,1988-12,8.69,A,F,,,P1M,,A,,,,,,,,,2,,,Long-term interest rate for convergence purposes - Euro,"France, Long-term interest rate for convergence purposes - Unspecified rate type, Debt security issued, 10 years maturity, New business coverage, denominated in Euro - Unspecified counterpart sector",PC,0
IRS.M.FR.L.L40.CI.0000.EUR.N.Z,M,FR,L,L40,CI,0000,EUR,N,Z,1989-01,8.57,A,F,,,P1M,,A,,,,,,,,,2,,,Long-term interest rate for convergence purposes - Euro,"France, Long-term interest rate for convergence purposes - Unspecified rate type, Debt security issued, 10 years maturity, New business coverage, denominated in Euro - Unspecified counterpart sector",PC,0
IRS.M.FR.L.L40.CI.0000.EUR.N.Z,M,FR,L,L40,CI,0000,EUR,N,Z,1989-02,8.95,A,F,,,P1M,,A,,,,,,,,,2,,,Long-term interest rate for convergence purposes - Euro,"France, Long-term interest rate for convergence purposes - Unspecified rate type, Debt security issued, 10 years maturity, New business coverage, denominated in Euro - Unspecified counterpart sector",PC,0
IRS.M.FR.L.L40.CI.0000.EUR.N.Z,M,FR,L,L40,CI,0000,EUR,N,Z,1989-03,9.08,A,F,,,P1M,,A,,,,,,,,,2,,,Long-term interest rate for convergence purposes - Euro,"France, Long-term interest rate for convergence purposes - Unspecified rate type, Debt security issued, 10 years maturity, New business coverage, denominated in Euro - Unspecified counterpart sector",PC,0
IRS.M.FR.L.L40.CI.0000.EUR.N.Z,M,FR,L,L40,CI,0000,EUR,N,Z,1989-04,8.86,A,F,,,P1M,,A,,,,,,,,,2,,,Long-term interest rate for convergence purposes - Euro,"France, Long-term interest rate for convergence purposes - Unspecified rate type, Debt security issued, 10 years maturity, New business coverage, denominated in Euro - Unspecified counterpart sector",PC,0
IRS.M.FR.L.L40.CI.0000.EUR.N.Z,M,FR,L,L40,CI,0000,EUR,N,Z,1989-05,8.82,A,F,,,P1M,,A,,,,,,,,,2,,,Long-term interest rate for convergence purposes - Euro,"France, Long-term interest rate for convergence purposes - Unspecified rate type, Debt security issued, 10 years maturity, New business coverage, denominated in Euro - Unspecified counterpart sector",PC,0
IRS.M.FR.L.L40.CI.0000.EUR.N.Z,M,FR,L,L40,CI,0000,EUR,N,Z,1989-06,8.67,A,F,,,P1M,,A,,,,,,,,,2,,,Long-term interest rate for convergence purposes - Euro,"France, Long-term interest rate for convergence purposes - Unspecified rate type, Debt security issued, 10 years maturity, New business coverage, denominated in Euro - Unspecified counterpart sector",PC,0
IRS.M.FR.L.L40.CI.0000.EUR.N.Z,M,FR,L,L40,CI,0000,EUR,N,Z,1989-07,8.55,A,F,,,P1M,,A,,,,,,,,,2,,,Long-term interest rate for convergence purposes - Euro,"France, Long-term interest rate for convergence purposes - Unspecified rate type, Debt security issued, 10 years maturity, New business coverage, denominated in Euro - Unspecified counterpart sector",PC,0
IRS.M.FR.L.L40.CI.0000.EUR.N.Z,M,FR,L,L40,CI,0000,EUR,N,Z,1989-08,8.35,A,F,,,P1M,,A,,,,,,,,,2,,,Long-term interest rate for convergence purposes - Euro,"France, Long-term interest rate for convergence purposes - Unspecified rate type, Debt security issued, 10 years maturity, New business coverage, denominated in Euro - Unspecified counterpart sector",PC,0
IRS.M.FR.L.L40.CI.0000.EUR.N.Z,M,FR,L,L40,CI,0000,EUR,N,Z,1989-09,8.55,A,F,,,P1M,,A,,,,,,,,,2,,,Long-term interest rate for convergence purposes - Euro,"France, Long-term interest rate for convergence purposes - Unspecified rate type, Debt security issued, 10 years maturity, New business coverage, denominated in Euro - Unspecified counterpart sector",PC,0
IRS.M.FR.L.L40.CI.0000.EUR.N.Z,M,FR,L,L40,CI,0000,EUR,N,Z,1989-10,8.81,A,F,,,P1M,,A,,,,,,,,,2,,,Long-term interest rate for convergence purposes - Euro,"France, Long-term interest rate for convergence purposes - Unspecified rate type, Debt security issued, 10 years maturity, New business coverage, denominated in Euro - Unspecified counterpart sector",PC,0
IRS.M.FR.L.L40.CI.0000.EUR.N.Z,M,FR,L,L40,CI,0000,EUR,N,Z,1989-11,9.05,A,F,,,P1M,,A,,,,,,,,,2,,,Long-term interest rate for convergence purposes - Euro,"France, Long-term interest rate for convergence purposes - Unspecified rate type, Debt security issued, 10 years maturity, New business coverage, denominated in Euro - Unspecified counterpart sector",PC,0
IRS.M.FR.L.L40.CI.0000.EUR.N.Z,M,FR,L,L40,CI,0000,EUR,N,Z,1989-12,9.12,A,F,,,P1M,,A,,,,,,,,,2,,,Long-term interest rate for convergence purposes - Euro,"France, Long-term interest rate for convergence purposes - Unspecified rate type, Debt security issued, 10 years maturity, New business coverage, denominated in Euro - Unspecified counterpart sector",PC,0
IRS.M.FR.L.L40.CI.0000.EUR.N.Z,M,FR,L,L40,CI,0000,EUR,N,Z,1990-01,9.54,A,F,,,P1M,,A,,,,,,,,,2,,,Long-term interest rate for convergence purposes - Euro,"France, Long-term interest rate for convergence purposes - Unspecified rate type, Debt security issued, 10 years maturity, New business coverage, denominated in Euro - Unspecified counterpart sector",PC,0
IRS.M.FR.L.L40.CI.0000.EUR.N.Z,M,FR,L,L40,CI,0000,EUR,N,Z,1990-02,9.97,A,F,,,P1M,,A,,,,,,,,,2,,,Long-term interest rate for convergence purposes - Euro,"France, Long-term interest rate for convergence purposes - Unspecified rate type, Debt security issued, 10 years maturity, New business coverage, denominated in Euro - Unspecified counterpart sector",PC,0
IRS.M.FR.L.L40.CI.0000.EUR.N.Z,M,FR,L,L40,CI,0000,EUR,N,Z,1990-03,9.98,A,F,,,P1M,,A,,,,,,,,,2,,,Long-term interest rate for convergence purposes - Euro,"France, Long-term interest rate for convergence purposes - Unspecified rate type, Debt security issued, 10 years maturity, New business coverage, denominated in Euro - Unspecified counterpart sector",PC,0
IRS.M.FR.L.L40.CI.0000.EUR.N.Z,M,FR,L,L40,CI,0000,EUR,N,Z,1990-04,9.59,A,F,,,P1M,,A,,,,,,,,,2,,,Long-term interest rate for convergence purposes - Euro,"France, Long-term interest rate for convergence purposes - Unspecified rate type, Debt security issued, 10 years maturity, New business coverage, denominated in Euro - Unspecified counterpart sector",PC,0
IRS.M.FR.L.L40.CI.0000.EUR.N.Z,M,FR,L,L40,CI,0000,EUR,N,Z,1990-05,9.56,A,F,,,P1M,,A,,,,,,,,,2,,,Long-term interest rate for convergence purposes - Euro,"France, Long-term interest rate for convergence purposes - Unspecified rate type, Debt security issued, 10 years maturity, New business coverage, denominated in Euro - Unspecified counterpart sector",PC,0
IRS.M.FR.L.L40.CI.0000.EUR.N.Z,M,FR,L,L40,CI,0000,EUR,N,Z,1990-06,9.69,A,F,,,P1M,,A,,,,,,,,,2,,,Long-term interest rate for convergence purposes - Euro,"France, Long-term interest rate for convergence purposes - Unspecified rate type, Debt security issued, 10 years maturity, New business coverage, denominated in Euro - Unspecified counterpart sector",PC,0
IRS.M.FR.L.L40.CI.0000.EUR.N.Z,M,FR,L,L40,CI,0000,EUR,N,Z,1990-07,9.59,A,F,,,P1M,,A,,,,,,,,,2,,,Long-term interest rate for convergence purposes - Euro,"France, Long-term interest rate for convergence purposes - Unspecified rate type, Debt security issued, 10 years maturity, New business coverage, denominated in Euro - Unspecified counterpart sector",PC,0
IRS.M.FR.L.L40.CI.0000.EUR.N.Z,M,FR,L,L40,CI,0000,EUR,N,Z,1990-08,10.06,A,F,,,P1M,,A,,,,,,,,,2,,,Long-term interest rate for convergence purposes - Euro,"France, Long-term interest rate for convergence purposes - Unspecified rate type, Debt security issued, 10 years maturity, New business coverage, denominated in Euro - Unspecified counterpart sector",PC,0
IRS.M.FR.L.L40.CI.0000.EUR.N.Z,M,FR,L,L40,CI,0000,EUR,N,Z,1990-09,10.49,A,F,,,P1M,,A,,,,,,,,,2,,,Long-term interest rate for convergence purposes - Euro,"France, Long-term interest rate for convergence purposes - Unspecified rate type, Debt security issued, 10 years maturity, New business coverage, denominated in Euro - Unspecified counterpart sector",PC,0
IRS.M.FR.L.L40.CI.0000.EUR.N.Z,M,FR,L,L40,CI,0000,EUR,N,Z,1990-10,10.38,A,F,,,P1M,,A,,,,,,,,,2,,,Long-term interest rate for convergence purposes - Euro,"France, Long-term interest rate for convergence purposes - Unspecified rate type, Debt security issued, 10 years maturity, New business coverage, denominated in Euro - Unspecified counterpart sector",PC,0
IRS.M.FR.L.L40.CI.0000.EUR.N.Z,M,FR,L,L40,CI,0000,EUR,N,Z,1990-11,10.21,A,F,,,P1M,,A,,,,,,,,,2,,,Long-term interest rate for convergence purposes - Euro,"France, Long-term interest rate for convergence purposes - Unspecified rate type, Debt security issued, 10 years maturity, New business coverage, denominated in Euro - Unspecified counterpart sector",PC,0
IRS.M.FR.L.L40.CI.0000.EUR.N.Z,M,FR,L,L40,CI,0000,EUR,N,Z,1990-12,9.94,A,F,,,P1M,,A,,,,,,,,,2,,,Long-term interest rate for convergence purposes - Euro,"France, Long-term interest rate for convergence purposes - Unspecified rate type, Debt security issued, 10 years maturity, New business coverage, denominated in Euro - Unspecified counterpart sector",PC,0
IRS.M.FR.L.L40.CI.0000.EUR.N.Z,M,FR,L,L40,CI,0000,EUR,N,Z,1991-01,9.77,A,F,,,P1M,,A,,,,,,,,,2,,,Long-term interest rate for convergence purposes - Euro,"France, Long-term interest rate for convergence purposes - Unspecified rate type, Debt security issued, 10 years maturity, New business coverage, denominated in Euro - Unspecified counterpart sector",PC,0
IRS.M.FR.L.L40.CI.0000.EUR.N.Z,M,FR,L,L40,CI,0000,EUR,N,Z,1991-02,9.12,A,F,,,P1M,,A,,,,,,,,,2,,,Long-term interest rate for convergence purposes - Euro,"France, Long-term interest rate for convergence purposes - Unspecified rate type, Debt security issued, 10 years maturity, New business coverage, denominated in Euro - Unspecified counterpart sector",PC,0
IRS.M.FR.L.L40.CI.0000.EUR.N.Z,M,FR,L,L40,CI,0000,EUR,N,Z,1991-03,9.05,A,F,,,P1M,,A,,,,,,,,,2,,,Long-term interest rate for convergence purposes - Euro,"France, Long-term interest rate for convergence purposes - Unspecified rate type, Debt security issued, 10 years maturity, New business coverage, denominated in Euro - Unspecified counterpart sector",PC,0
IRS.M.FR.L.L40.CI.0000.EUR.N.Z,M,FR,L,L40,CI,0000,EUR,N,Z,1991-04,8.9,A,F,,,P1M,,A,,,,,,,,,2,,,Long-term interest rate for convergence purposes - Euro,"France, Long-term interest rate for convergence purposes - Unspecified rate type, Debt security issued, 10 years maturity, New business coverage, denominated in Euro - Unspecified counterpart sector",PC,0
IRS.M.FR.L.L40.CI.0000.EUR.N.Z,M,FR,L,L40,CI,0000,EUR,N,Z,1991-05,8.88,A,F,,,P1M,,A,,,,,,,,,2,,,Long-term interest rate for convergence purposes - Euro,"France, Long-term interest rate for convergence purposes - Unspecified rate type, Debt security issued, 10 years maturity, New business coverage, denominated in Euro - Unspecified counterpart sector",PC,0
IRS.M.FR.L.L40.CI.0000.EUR.N.Z,M,FR,L,L40,CI,0000,EUR,N,Z,1991-06,9.15,A,F,,,P1M,,A,,,,,,,,,2,,,Long-term interest rate for convergence purposes - Euro,"France, Long-term interest rate for convergence purposes - Unspecified rate type, Debt security issued, 10 years maturity, New business coverage, denominated in Euro - Unspecified counterpart sector",PC,0
IRS.M.FR.L.L40.CI.0000.EUR.N.Z,M,FR,L,L40,CI,0000,EUR,N,Z,1991-07,9.19,A,F,,,P1M,,A,,,,,,,,,2,,,Long-term interest rate for convergence purposes - Euro,"France, Long-term interest rate for convergence purposes - Unspecified rate type, Debt security issued, 10 years maturity, New business coverage, denominated in Euro - Unspecified counterpart sector",PC,0
IRS.M.FR.L.L40.CI.0000.EUR.N.Z,M,FR,L,L40,CI,0000,EUR,N,Z,1991-08,9.11,A,F,,,P1M,,A,,,,,,,,,2,,,Long-term interest rate for convergence purposes - Euro,"France, Long-term interest rate for convergence purposes - Unspecified rate type, Debt security issued, 10 years maturity, New business coverage, denominated in Euro - Unspecified counterpart sector",PC,0
IRS.M.FR.L.L40.CI.0000.EUR.N.Z,M,FR,L,L40,CI,0000,EUR,N,Z,1991-09,8.88,A,F,,,P1M,,A,,,,,,,,,2,,,Long-term interest rate for convergence purposes - Euro,"France, Long-term interest rate for convergence purposes - Unspecified rate type, Debt security issued, 10 years maturity, New business coverage, denominated in Euro - Unspecified counterpart sector",PC,0
IRS.M.FR.L.L40.CI.0000.EUR.N.Z,M,FR,L,L40,CI,0000,EUR,N,Z,1991-10,8.8,A,F,,,P1M,,A,,,,,,,,,2,,,Long-term interest rate for convergence purposes - Euro,"France, Long-term interest rate for convergence purposes - Unspecified rate type, Debt security issued, 10 years maturity, New business coverage, denominated in Euro - Unspecified counterpart sector",PC,0
IRS.M.FR.L.L40.CI.0000.EUR.N.Z,M,FR,L,L40,CI,0000,EUR,N,Z,1991-11,8.81,A,F,,,P1M,,A,,,,,,,,,2,,,Long-term interest rate for convergence purposes - Euro,"France, Long-term interest rate for convergence purposes - Unspecified rate type, Debt security issued, 10 years maturity, New business coverage, denominated in Euro - Unspecified counterpart sector",PC,0
IRS.M.FR.L.L40.CI.0000.EUR.N.Z,M,FR,L,L40,CI,0000,EUR,N,Z,1991-12,8.8,A,F,,,P1M,,A,,,,,,,,,2,,,Long-term interest rate for convergence purposes - Euro,"France, Long-term interest rate for convergence purposes - Unspecified rate type, Debt security issued, 10 years maturity, New business coverage, denominated in Euro - Unspecified counterpart sector",PC,0
IRS.M.FR.L.L40.CI.0000.EUR.N.Z,M,FR,L,L40,CI,0000,EUR,N,Z,1992-01,8.46,A,F,,,P1M,,A,,,,,,,,,2,,,Long-term interest rate for convergence purposes - Euro,"France, Long-term interest rate for convergence purposes - Unspecified rate type, Debt security issued, 10 years maturity, New business coverage, denominated in Euro - Unspecified counterpart sector",PC,0
IRS.M.FR.L.L40.CI.0000.EUR.N.Z,M,FR,L,L40,CI,0000,EUR,N,Z,1992-02,8.46,A,F,,,P1M,,A,,,,,,,,,2,,,Long-term interest rate for convergence purposes - Euro,"France, Long-term interest rate for convergence purposes - Unspecified rate type, Debt security issued, 10 years maturity, New business coverage, denominated in Euro - Unspecified counterpart sector",PC,0
IRS.M.FR.L.L40.CI.0000.EUR.N.Z,M,FR,L,L40,CI,0000,EUR,N,Z,1992-03,8.59,A,F,,,P1M,,A,,,,,,,,,2,,,Long-term interest rate for convergence purposes - Euro,"France, Long-term interest rate for convergence purposes - Unspecified rate type, Debt security issued, 10 years maturity, New business coverage, denominated in Euro - Unspecified counterpart sector",PC,0
IRS.M.FR.L.L40.CI.0000.EUR.N.Z,M,FR,L,L40,CI,0000,EUR,N,Z,1992-04,8.68,A,F,,,P1M,,A,,,,,,,,,2,,,Long-term interest rate for convergence purposes - Euro,"France, Long-term interest rate for convergence purposes - Unspecified rate type, Debt security issued, 10 years maturity, New business coverage, denominated in Euro - Unspecified counterpart sector",PC,0
IRS.M.FR.L.L40.CI.0000.EUR.N.Z,M,FR,L,L40,CI,0000,EUR,N,Z,1992-05,8.59,A,F,,,P1M,,A,,,,,,,,,2,,,Long-term interest rate for convergence purposes - Euro,"France, Long-term interest rate for convergence purposes - Unspecified rate type, Debt security issued, 10 years maturity, New business coverage, denominated in Euro - Unspecified counterpart sector",PC,0
IRS.M.FR.L.L40.CI.0000.EUR.N.Z,M,FR,L,L40,CI,0000,EUR,N,Z,1992-06,8.74,A,F,,,P1M,,A,,,,,,,,,2,,,Long-term interest rate for convergence purposes - Euro,"France, Long-term interest rate for convergence purposes - Unspecified rate type, Debt security issued, 10 years maturity, New business coverage, denominated in Euro - Unspecified counterpart sector",PC,0
IRS.M.FR.L.L40.CI.0000.EUR.N.Z,M,FR,L,L40,CI,0000,EUR,N,Z,1992-07,8.9,A,F,,,P1M,,A,,,,,,,,,2,,,Long-term interest rate for convergence purposes - Euro,"France, Long-term interest rate for convergence purposes - Unspecified rate type, Debt security issued, 10 years maturity, New business coverage, denominated in Euro - Unspecified counterpart sector",PC,0
IRS.M.FR.L.L40.CI.0000.EUR.N.Z,M,FR,L,L40,CI,0000,EUR,N,Z,1992-08,9.05,A,F,,,P1M,,A,,,,,,,,,2,,,Long-term interest rate for convergence purposes - Euro,"France, Long-term interest rate for convergence purposes - Unspecified rate type, Debt security issued, 10 years maturity, New business coverage, denominated in Euro - Unspecified counterpart sector",PC,0
IRS.M.FR.L.L40.CI.0000.EUR.N.Z,M,FR,L,L40,CI,0000,EUR,N,Z,1992-09,8.75,A,F,,,P1M,,A,,,,,,,,,2,,,Long-term interest rate for convergence purposes - Euro,"France, Long-term interest rate for convergence purposes - Unspecified rate type, Debt security issued, 10 years maturity, New business coverage, denominated in Euro - Unspecified counterpart sector",PC,0
IRS.M.FR.L.L40.CI.0000.EUR.N.Z,M,FR,L,L40,CI,0000,EUR,N,Z,1992-10,8.44,A,F,,,P1M,,A,,,,,,,,,2,,,Long-term interest rate for convergence purposes - Euro,"France, Long-term interest rate for convergence purposes - Unspecified rate type, Debt security issued, 10 years maturity, New business coverage, denominated in Euro - Unspecified counterpart sector",PC,0
IRS.M.FR.L.L40.CI.0000.EUR.N.Z,M,FR,L,L40,CI,0000,EUR,N,Z,1992-11,8.15,A,F,,,P1M,,A,,,,,,,,,2,,,Long-term interest rate for convergence purposes - Euro,"France, Long-term interest rate for convergence purposes - Unspecified rate type, Debt security issued, 10 years maturity, New business coverage, denominated in Euro - Unspecified counterpart sector",PC,0
IRS.M.FR.L.L40.CI.0000.EUR.N.Z,M,FR,L,L40,CI,0000,EUR,N,Z,1992-12,8.21,A,F,,,P1M,,A,,,,,,,,,2,,,Long-term interest rate for convergence purposes - Euro,"France, Long-term interest rate for convergence purposes - Unspecified rate type, Debt security issued, 10 years maturity, New business coverage, denominated in Euro - Unspecified counterpart sector",PC,0
IRS.M.FR.L.L40.CI.0000.EUR.N.Z,M,FR,L,L40,CI,0000,EUR,N,Z,1993-01,7.97,A,F,,,P1M,,A,,,,,,,,,2,,,Long-term interest rate for convergence purposes - Euro,"France, Long-term interest rate for convergence purposes - Unspecified rate type, Debt security issued, 10 years maturity, New business coverage, denominated in Euro - Unspecified counterpart sector",PC,0
IRS.M.FR.L.L40.CI.0000.EUR.N.Z,M,FR,L,L40,CI,0000,EUR,N,Z,1993-02,7.79,A,F,,,P1M,,A,,,,,,,,,2,,,Long-term interest rate for convergence purposes - Euro,"France, Long-term interest rate for convergence purposes - Unspecified rate type, Debt security issued, 10 years maturity, New business coverage, denominated in Euro - Unspecified counterpart sector",PC,0
IRS.M.FR.L.L40.CI.0000.EUR.N.Z,M,FR,L,L40,CI,0000,EUR,N,Z,1993-03,7.35,A,F,,,P1M,,A,,,,,,,,,2,,,Long-term interest rate for convergence purposes - Euro,"France, Long-term interest rate for convergence purposes - Unspecified rate type, Debt security issued, 10 years maturity, New business coverage, denominated in Euro - Unspecified counterpart sector",PC,0
IRS.M.FR.L.L40.CI.0000.EUR.N.Z,M,FR,L,L40,CI,0000,EUR,N,Z,1993-04,7.16,A,F,,,P1M,,A,,,,,,,,,2,,,Long-term interest rate for convergence purposes - Euro,"France, Long-term interest rate for convergence purposes - Unspecified rate type, Debt security issued, 10 years maturity, New business coverage, denominated in Euro - Unspecified counterpart sector",PC,0
IRS.M.FR.L.L40.CI.0000.EUR.N.Z,M,FR,L,L40,CI,0000,EUR,N,Z,1993-05,7.19,A,F,,,P1M,,A,,,,,,,,,2,,,Long-term interest rate for convergence purposes - Euro,"France, Long-term interest rate for convergence purposes - Unspecified rate type, Debt security issued, 10 years maturity, New business coverage, denominated in Euro - Unspecified counterpart sector",PC,0
IRS.M.FR.L.L40.CI.0000.EUR.N.Z,M,FR,L,L40,CI,0000,EUR,N,Z,1993-06,7.01,A,F,,,P1M,,A,,,,,,,,,2,,,Long-term interest rate for convergence purposes - Euro,"France, Long-term interest rate for convergence purposes - Unspecified rate type, Debt security issued, 10 years maturity, New business coverage, denominated in Euro - Unspecified counterpart sector",PC,0
IRS.M.FR.L.L40.CI.0000.EUR.N.Z,M,FR,L,L40,CI,0000,EUR,N,Z,1993-07,6.75,A,F,,,P1M,,A,,,,,,,,,2,,,Long-term interest rate for convergence purposes - Euro,"France, Long-term interest rate for convergence purposes - Unspecified rate type, Debt security issued, 10 years maturity, New business coverage, denominated in Euro - Unspecified counterpart sector",PC,0
IRS.M.FR.L.L40.CI.0000.EUR.N.Z,M,FR,L,L40,CI,0000,EUR,N,Z,1993-08,6.34,A,F,,,P1M,,A,,,,,,,,,2,,,Long-term interest rate for convergence purposes - Euro,"France, Long-term interest rate for convergence purposes - Unspecified rate type, Debt security issued, 10 years maturity, New business coverage, denominated in Euro - Unspecified counterpart sector",PC,0
IRS.M.FR.L.L40.CI.0000.EUR.N.Z,M,FR,L,L40,CI,0000,EUR,N,Z,1993-09,6.14,A,F,,,P1M,,A,,,,,,,,,2,,,Long-term interest rate for convergence purposes - Euro,"France, Long-term interest rate for convergence purposes - Unspecified rate type, Debt security issued, 10 years maturity, New business coverage, denominated in Euro - Unspecified counterpart sector",PC,0
IRS.M.FR.L.L40.CI.0000.EUR.N.Z,M,FR,L,L40,CI,0000,EUR,N,Z,1993-10,5.98,A,F,,,P1M,,A,,,,,,,,,2,,,Long-term interest rate for convergence purposes - Euro,"France, Long-term interest rate for convergence purposes - Unspecified rate type, Debt security issued, 10 years maturity, New business coverage, denominated in Euro - Unspecified counterpart sector",PC,0
IRS.M.FR.L.L40.CI.0000.EUR.N.Z,M,FR,L,L40,CI,0000,EUR,N,Z,1993-11,6.03,A,F,,,P1M,,A,,,,,,,,,2,,,Long-term interest rate for convergence purposes - Euro,"France, Long-term interest rate for convergence purposes - Unspecified rate type, Debt security issued, 10 years maturity, New business coverage, denominated in Euro - Unspecified counterpart sector",PC,0
IRS.M.FR.L.L40.CI.0000.EUR.N.Z,M,FR,L,L40,CI,0000,EUR,N,Z,1993-12,5.8,A,F,,,P1M,,A,,,,,,,,,2,,,Long-term interest rate for convergence purposes - Euro,"France, Long-term interest rate for convergence purposes - Unspecified rate type, Debt security issued, 10 years maturity, New business coverage, denominated in Euro - Unspecified counterpart sector",PC,0
IRS.M.FR.L.L40.CI.0000.EUR.N.Z,M,FR,L,L40,CI,0000,EUR,N,Z,1994-01,5.67,A,F,,,P1M,,A,,,,,,,,,2,,,Long-term interest rate for convergence purposes - Euro,"France, Long-term interest rate for convergence purposes - Unspecified rate type, Debt security issued, 10 years maturity, New business coverage, denominated in Euro - Unspecified counterpart sector",PC,0
IRS.M.FR.L.L40.CI.0000.EUR.N.Z,M,FR,L,L40,CI,0000,EUR,N,Z,1994-02,5.97,A,F,,,P1M,,A,,,,,,,,,2,,,Long-term interest rate for convergence purposes - Euro,"France, Long-term interest rate for convergence purposes - Unspecified rate type, Debt security issued, 10 years maturity, New business coverage, denominated in Euro - Unspecified counterpart sector",PC,0
IRS.M.FR.L.L40.CI.0000.EUR.N.Z,M,FR,L,L40,CI,0000,EUR,N,Z,1994-03,6.38,A,F,,,P1M,,A,,,,,,,,,2,,,Long-term interest rate for convergence purposes - Euro,"France, Long-term interest rate for convergence purposes - Unspecified rate type, Debt security issued, 10 years maturity, New business coverage, denominated in Euro - Unspecified counterpart sector",PC,0
IRS.M.FR.L.L40.CI.0000.EUR.N.Z,M,FR,L,L40,CI,0000,EUR,N,Z,1994-04,6.69,A,F,,,P1M,,A,,,,,,,,,2,,,Long-term interest rate for convergence purposes - Euro,"France, Long-term interest rate for convergence purposes - Unspecified rate type, Debt security issued, 10 years maturity, New business coverage, denominated in Euro - Unspecified counterpart sector",PC,0
IRS.M.FR.L.L40.CI.0000.EUR.N.Z,M,FR,L,L40,CI,0000,EUR,N,Z,1994-05,6.98,A,F,,,P1M,,A,,,,,,,,,2,,,Long-term interest rate for convergence purposes - Euro,"France, Long-term interest rate for convergence purposes - Unspecified rate type, Debt security issued, 10 years maturity, New business coverage, denominated in Euro - Unspecified counterpart sector",PC,0
IRS.M.FR.L.L40.CI.0000.EUR.N.Z,M,FR,L,L40,CI,0000,EUR,N,Z,1994-06,7.5,A,F,,,P1M,,A,,,,,,,,,2,,,Long-term interest rate for convergence purposes - Euro,"France, Long-term interest rate for convergence purposes - Unspecified rate type, Debt security issued, 10 years maturity, New business coverage, denominated in Euro - Unspecified counterpart sector",PC,0
IRS.M.FR.L.L40.CI.0000.EUR.N.Z,M,FR,L,L40,CI,0000,EUR,N,Z,1994-07,7.39,A,F,,,P1M,,A,,,,,,,,,2,,,Long-term interest rate for convergence purposes - Euro,"France, Long-term interest rate for convergence purposes - Unspecified rate type, Debt security issued, 10 years maturity, New business coverage, denominated in Euro - Unspecified counterpart sector",PC,0
IRS.M.FR.L.L40.CI.0000.EUR.N.Z,M,FR,L,L40,CI,0000,EUR,N,Z,1994-08,7.65,A,F,,,P1M,,A,,,,,,,,,2,,,Long-term interest rate for convergence purposes - Euro,"France, Long-term interest rate for convergence purposes - Unspecified rate type, Debt security issued, 10 years maturity, New business coverage, denominated in Euro - Unspecified counterpart sector",PC,0
IRS.M.FR.L.L40.CI.0000.EUR.N.Z,M,FR,L,L40,CI,0000,EUR,N,Z,1994-09,8.1,A,F,,,P1M,,A,,,,,,,,,2,,,Long-term interest rate for convergence purposes - Euro,"France, Long-term interest rate for convergence purposes - Unspecified rate type, Debt security issued, 10 years maturity, New business coverage, denominated in Euro - Unspecified counterpart sector",PC,0
IRS.M.FR.L.L40.CI.0000.EUR.N.Z,M,FR,L,L40,CI,0000,EUR,N,Z,1994-10,8.19,A,F,,,P1M,,A,,,,,,,,,2,,,Long-term interest rate for convergence purposes - Euro,"France, Long-term interest rate for convergence purposes - Unspecified rate type, Debt security issued, 10 years maturity, New business coverage, denominated in Euro - Unspecified counterpart sector",PC,0
IRS.M.FR.L.L40.CI.0000.EUR.N.Z,M,FR,L,L40,CI,0000,EUR,N,Z,1994-11,8.14,A,F,,,P1M,,A,,,,,,,,,2,,,Long-term interest rate for convergence purposes - Euro,"France, Long-term interest rate for convergence purposes - Unspecified rate type, Debt security issued, 10 years maturity, New business coverage, denominated in Euro - Unspecified counterpart sector",PC,0
IRS.M.FR.L.L40.CI.0000.EUR.N.Z,M,FR,L,L40,CI,0000,EUR,N,Z,1994-12,8.03,A,F,,,P1M,,A,,,,,,,,,2,,,Long-term interest rate for convergence purposes - Euro,"France, Long-term interest rate for convergence purposes - Unspecified rate type, Debt security issued, 10 years maturity, New business coverage, denominated in Euro - Unspecified counterpart sector",PC,0
IRS.M.FR.L.L40.CI.0000.EUR.N.Z,M,FR,L,L40,CI,0000,EUR,N,Z,1995-01,8.22,A,F,,,P1M,,A,,,,,,,,,2,,,Long-term interest rate for convergence purposes - Euro,"France, Long-term interest rate for convergence purposes - Unspecified rate type, Debt security issued, 10 years maturity, New business coverage, denominated in Euro - Unspecified counterpart sector",PC,0
IRS.M.FR.L.L40.CI.0000.EUR.N.Z,M,FR,L,L40,CI,0000,EUR,N,Z,1995-02,8.01,A,F,,,P1M,,A,,,,,,,,,2,,,Long-term interest rate for convergence purposes - Euro,"France, Long-term interest rate for convergence purposes - Unspecified rate type, Debt security issued, 10 years maturity, New business coverage, denominated in Euro - Unspecified counterpart sector",PC,0
IRS.M.FR.L.L40.CI.0000.EUR.N.Z,M,FR,L,L40,CI,0000,EUR,N,Z,1995-03,8.03,A,F,,,P1M,,A,,,,,,,,,2,,,Long-term interest rate for convergence purposes - Euro,"France, Long-term interest rate for convergence purposes - Unspecified rate type, Debt security issued, 10 years maturity, New business coverage, denominated in Euro - Unspecified counterpart sector",PC,0
IRS.M.FR.L.L40.CI.0000.EUR.N.Z,M,FR,L,L40,CI,0000,EUR,N,Z,1995-04,7.81,A,F,,,P1M,,A,,,,,,,,,2,,,Long-term interest rate for convergence purposes - Euro,"France, Long-term interest rate for convergence purposes - Unspecified rate type, Debt security issued, 10 years maturity, New business coverage, denominated in Euro - Unspecified counterpart sector",PC,0
IRS.M.FR.L.L40.CI.0000.EUR.N.Z,M,FR,L,L40,CI,0000,EUR,N,Z,1995-05,7.52,A,F,,,P1M,,A,,,,,,,,,2,,,Long-term interest rate for convergence purposes - Euro,"France, Long-term interest rate for convergence purposes - Unspecified rate type, Debt security issued, 10 years maturity, New business coverage, denominated in Euro - Unspecified counterpart sector",PC,0
IRS.M.FR.L.L40.CI.0000.EUR.N.Z,M,FR,L,L40,CI,0000,EUR,N,Z,1995-06,7.45,A,F,,,P1M,,A,,,,,,,,,2,,,Long-term interest rate for convergence purposes - Euro,"France, Long-term interest rate for convergence purposes - Unspecified rate type, Debt security issued, 10 years maturity, New business coverage, denominated in Euro - Unspecified counterpart sector",PC,0
IRS.M.FR.L.L40.CI.0000.EUR.N.Z,M,FR,L,L40,CI,0000,EUR,N,Z,1995-07,7.45,A,F,,,P1M,,A,,,,,,,,,2,,,Long-term interest rate for convergence purposes - Euro,"France, Long-term interest rate for convergence purposes - Unspecified rate type, Debt security issued, 10 years maturity, New business coverage, denominated in Euro - Unspecified counterpart sector",PC,0
IRS.M.FR.L.L40.CI.0000.EUR.N.Z,M,FR,L,L40,CI,0000,EUR,N,Z,1995-08,7.33,A,F,,,P1M,,A,,,,,,,,,2,,,Long-term interest rate for convergence purposes - Euro,"France, Long-term interest rate for convergence purposes - Unspecified rate type, Debt security issued, 10 years maturity, New business coverage, denominated in Euro - Unspecified counterpart sector",PC,0
IRS.M.FR.L.L40.CI.0000.EUR.N.Z,M,FR,L,L40,CI,0000,EUR,N,Z,1995-09,7.35,A,F,,,P1M,,A,,,,,,,,,2,,,Long-term interest rate for convergence purposes - Euro,"France, Long-term interest rate for convergence purposes - Unspecified rate type, Debt security issued, 10 years maturity, New business coverage, denominated in Euro - Unspecified counterpart sector",PC,0
IRS.M.FR.L.L40.CI.0000.EUR.N.Z,M,FR,L,L40,CI,0000,EUR,N,Z,1995-10,7.49,A,F,,,P1M,,A,,,,,,,,,2,,,Long-term interest rate for convergence purposes - Euro,"France, Long-term interest rate for convergence purposes - Unspecified rate type, Debt security issued, 10 years maturity, New business coverage, denominated in Euro - Unspecified counterpart sector",PC,0
IRS.M.FR.L.L40.CI.0000.EUR.N.Z,M,FR,L,L40,CI,0000,EUR,N,Z,1995-11,7.04,A,F,,,P1M,,A,,,,,,,,,2,,,Long-term interest rate for convergence purposes - Euro,"France, Long-term interest rate for convergence purposes - Unspecified rate type, Debt security issued, 10 years maturity, New business coverage, denominated in Euro - Unspecified counterpart sector",PC,0
IRS.M.FR.L.L40.CI.0000.EUR.N.Z,M,FR,L,L40,CI,0000,EUR,N,Z,1995-12,6.71,A,F,,,P1M,,A,,,,,,,,,2,,,Long-term interest rate for convergence purposes - Euro,"France, Long-term interest rate for convergence purposes - Unspecified rate type, Debt security issued, 10 years maturity, New business coverage, denominated in Euro - Unspecified counterpart sector",PC,0
IRS.M.FR.L.L40.CI.0000.EUR.N.Z,M,FR,L,L40,CI,0000,EUR,N,Z,1996-01,6.47,A,F,,,P1M,,A,,,,,,,,,2,,,Long-term interest rate for convergence purposes - Euro,"France, Long-term interest rate for convergence purposes - Unspecified rate type, Debt security issued, 10 years maturity, New business coverage, denominated in Euro - Unspecified counterpart sector",PC,0
IRS.M.FR.L.L40.CI.0000.EUR.N.Z,M,FR,L,L40,CI,0000,EUR,N,Z,1996-02,6.6,A,F,,,P1M,,A,,,,,,,,,2,,,Long-term interest rate for convergence purposes - Euro,"France, Long-term interest rate for convergence purposes - Unspecified rate type, Debt security issued, 10 years maturity, New business coverage, denominated in Euro - Unspecified counterpart sector",PC,0
IRS.M.FR.L.L40.CI.0000.EUR.N.Z,M,FR,L,L40,CI,0000,EUR,N,Z,1996-03,6.65,A,F,,,P1M,,A,,,,,,,,,2,,,Long-term interest rate for convergence purposes - Euro,"France, Long-term interest rate for convergence purposes - Unspecified rate type, Debt security issued, 10 years maturity, New business coverage, denominated in Euro - Unspecified counterpart sector",PC,0
IRS.M.FR.L.L40.CI.0000.EUR.N.Z,M,FR,L,L40,CI,0000,EUR,N,Z,1996-04,6.51,A,F,,,P1M,,A,,,,,,,,,2,,,Long-term interest rate for convergence purposes - Euro,"France, Long-term interest rate for convergence purposes - Unspecified rate type, Debt security issued, 10 years maturity, New business coverage, denominated in Euro - Unspecified counterpart sector",PC,0
IRS.M.FR.L.L40.CI.0000.EUR.N.Z,M,FR,L,L40,CI,0000,EUR,N,Z,1996-05,6.47,A,F,,,P1M,,A,,,,,,,,,2,,,Long-term interest rate for convergence purposes - Euro,"France, Long-term interest rate for convergence purposes - Unspecified rate type, Debt security issued, 10 years maturity, New business coverage, denominated in Euro - Unspecified counterpart sector",PC,0
IRS.M.FR.L.L40.CI.0000.EUR.N.Z,M,FR,L,L40,CI,0000,EUR,N,Z,1996-06,6.56,A,F,,,P1M,,A,,,,,,,,,2,,,Long-term interest rate for convergence purposes - Euro,"France, Long-term interest rate for convergence purposes - Unspecified rate type, Debt security issued, 10 years maturity, New business coverage, denominated in Euro - Unspecified counterpart sector",PC,0
IRS.M.FR.L.L40.CI.0000.EUR.N.Z,M,FR,L,L40,CI,0000,EUR,N,Z,1996-07,6.49,A,F,,,P1M,,A,,,,,,,,,2,,,Long-term interest rate for convergence purposes - Euro,"France, Long-term interest rate for convergence purposes - Unspecified rate type, Debt security issued, 10 years maturity, New business coverage, denominated in Euro - Unspecified counterpart sector",PC,0
IRS.M.FR.L.L40.CI.0000.EUR.N.Z,M,FR,L,L40,CI,0000,EUR,N,Z,1996-08,6.41,A,F,,,P1M,,A,,,,,,,,,2,,,Long-term interest rate for convergence purposes - Euro,"France, Long-term interest rate for convergence purposes - Unspecified rate type, Debt security issued, 10 years maturity, New business coverage, denominated in Euro - Unspecified counterpart sector",PC,0
IRS.M.FR.L.L40.CI.0000.EUR.N.Z,M,FR,L,L40,CI,0000,EUR,N,Z,1996-09,6.29,A,F,,,P1M,,A,,,,,,,,,2,,,Long-term interest rate for convergence purposes - Euro,"France, Long-term interest rate for convergence purposes - Unspecified rate type, Debt security issued, 10 years maturity, New business coverage, denominated in Euro - Unspecified counterpart sector",PC,0
IRS.M.FR.L.L40.CI.0000.EUR.N.Z,M,FR,L,L40,CI,0000,EUR,N,Z,1996-10,5.98,A,F,,,P1M,,A,,,,,,,,,2,,,Long-term interest rate for convergence purposes - Euro,"France, Long-term interest rate for convergence purposes - Unspecified rate type, Debt security issued, 10 years maturity, New business coverage, denominated in Euro - Unspecified counterpart sector",PC,0
IRS.M.FR.L.L40.CI.0000.EUR.N.Z,M,FR,L,L40,CI,0000,EUR,N,Z,1996-11,5.83,A,F,,,P1M,,A,,,,,,,,,2,,,Long-term interest rate for convergence purposes - Euro,"France, Long-term interest rate for convergence purposes - Unspecified rate type, Debt security issued, 10 years maturity, New business coverage, denominated in Euro - Unspecified counterpart sector",PC,0
IRS.M.FR.L.L40.CI.0000.EUR.N.Z,M,FR,L,L40,CI,0000,EUR,N,Z,1996-12,5.75,A,F,,,P1M,,A,,,,,,,,,2,,,Long-term interest rate for convergence purposes - Euro,"France, Long-term interest rate for convergence purposes - Unspecified rate type, Debt security issued, 10 years maturity, New business coverage, denominated in Euro - Unspecified counterpart sector",PC,0
IRS.M.FR.L.L40.CI.0000.EUR.N.Z,M,FR,L,L40,CI,0000,EUR,N,Z,1997-01,5.69,A,F,,,P1M,,A,,,,,,,,,2,,,Long-term interest rate for convergence purposes - Euro,"France, Long-term interest rate for convergence purposes - Unspecified rate type, Debt security issued, 10 years maturity, New business coverage, denominated in Euro - Unspecified counterpart sector",PC,0
IRS.M.FR.L.L40.CI.0000.EUR.N.Z,M,FR,L,L40,CI,0000,EUR,N,Z,1997-02,5.45,A,F,,,P1M,,A,,,,,,,,,2,,,Long-term interest rate for convergence purposes - Euro,"France, Long-term interest rate for convergence purposes - Unspecified rate type, Debt security issued, 10 years maturity, New business coverage, denominated in Euro - Unspecified counterpart sector",PC,0
IRS.M.FR.L.L40.CI.0000.EUR.N.Z,M,FR,L,L40,CI,0000,EUR,N,Z,1997-03,5.67,A,F,,,P1M,,A,,,,,,,,,2,,,Long-term interest rate for convergence purposes - Euro,"France, Long-term interest rate for convergence purposes - Unspecified rate type, Debt security issued, 10 years maturity, New business coverage, denominated in Euro - Unspecified counterpart sector",PC,0
IRS.M.FR.L.L40.CI.0000.EUR.N.Z,M,FR,L,L40,CI,0000,EUR,N,Z,1997-04,5.81,A,F,,,P1M,,A,,,,,,,,,2,,,Long-term interest rate for convergence purposes - Euro,"France, Long-term interest rate for convergence purposes - Unspecified rate type, Debt security issued, 10 years maturity, New business coverage, denominated in Euro - Unspecified counterpart sector",PC,0
IRS.M.FR.L.L40.CI.0000.EUR.N.Z,M,FR,L,L40,CI,0000,EUR,N,Z,1997-05,5.71,A,F,,,P1M,,A,,,,,,,,,2,,,Long-term interest rate for convergence purposes - Euro,"France, Long-term interest rate for convergence purposes - Unspecified rate type, Debt security issued, 10 years maturity, New business coverage, denominated in Euro - Unspecified counterpart sector",PC,0
IRS.M.FR.L.L40.CI.0000.EUR.N.Z,M,FR,L,L40,CI,0000,EUR,N,Z,1997-06,5.65,A,F,,,P1M,,A,,,,,,,,,2,,,Long-term interest rate for convergence purposes - Euro,"France, Long-term interest rate for convergence purposes - Unspecified rate type, Debt security issued, 10 years maturity, New business coverage, denominated in Euro - Unspecified counterpart sector",PC,0
IRS.M.FR.L.L40.CI.0000.EUR.N.Z,M,FR,L,L40,CI,0000,EUR,N,Z,1997-07,5.44,A,F,,,P1M,,A,,,,,,,,,2,,,Long-term interest rate for convergence purposes - Euro,"France, Long-term interest rate for convergence purposes - Unspecified rate type, Debt security issued, 10 years maturity, New business coverage, denominated in Euro - Unspecified counterpart sector",PC,0
IRS.M.FR.L.L40.CI.0000.EUR.N.Z,M,FR,L,L40,CI,0000,EUR,N,Z,1997-08,5.59,A,F,,,P1M,,A,,,,,,,,,2,,,Long-term interest rate for convergence purposes - Euro,"France, Long-term interest rate for convergence purposes - Unspecified rate type, Debt security issued, 10 years maturity, New business coverage, denominated in Euro - Unspecified counterpart sector",PC,0
IRS.M.FR.L.L40.CI.0000.EUR.N.Z,M,FR,L,L40,CI,0000,EUR,N,Z,1997-09,5.53,A,F,,,P1M,,A,,,,,,,,,2,,,Long-term interest rate for convergence purposes - Euro,"France, Long-term interest rate for convergence purposes - Unspecified rate type, Debt security issued, 10 years maturity, New business coverage, denominated in Euro - Unspecified counterpart sector",PC,0
IRS.M.FR.L.L40.CI.0000.EUR.N.Z,M,FR,L,L40,CI,0000,EUR,N,Z,1997-10,5.6,A,F,,,P1M,,A,,,,,,,,,2,,,Long-term interest rate for convergence purposes - Euro,"France, Long-term interest rate for convergence purposes - Unspecified rate type, Debt security issued, 10 years maturity, New business coverage, denominated in Euro - Unspecified counterpart sector",PC,0
IRS.M.FR.L.L40.CI.0000.EUR.N.Z,M,FR,L,L40,CI,0000,EUR,N,Z,1997-11,5.57,A,F,,,P1M,,A,,,,,,,,,2,,,Long-term interest rate for convergence purposes - Euro,"France, Long-term interest rate for convergence purposes - Unspecified rate type, Debt security issued, 10 years maturity, New business coverage, denominated in Euro - Unspecified counterpart sector",PC,0
IRS.M.FR.L.L40.CI.0000.EUR.N.Z,M,FR,L,L40,CI,0000,EUR,N,Z,1997-12,5.32,A,F,,,P1M,,A,,,,,,,,,2,,,Long-term interest rate for convergence purposes - Euro,"France, Long-term interest rate for convergence purposes - Unspecified rate type, Debt security issued, 10 years maturity, New business coverage, denominated in Euro - Unspecified counterpart sector",PC,0
IRS.M.FR.L.L40.CI.0000.EUR.N.Z,M,FR,L,L40,CI,0000,EUR,N,Z,1998-01,5.12,A,F,,,P1M,,A,,,,,,,,,2,,,Long-term interest rate for convergence purposes - Euro,"France, Long-term interest rate for convergence purposes - Unspecified rate type, Debt security issued, 10 years maturity, New business coverage, denominated in Euro - Unspecified counterpart sector",PC,0
IRS.M.FR.L.L40.CI.0000.EUR.N.Z,M,FR,L,L40,CI,0000,EUR,N,Z,1998-02,5.04,A,F,,,P1M,,A,,,,,,,,,2,,,Long-term interest rate for convergence purposes - Euro,"France, Long-term interest rate for convergence purposes - Unspecified rate type, Debt security issued, 10 years maturity, New business coverage, denominated in Euro - Unspecified counterpart sector",PC,0
IRS.M.FR.L.L40.CI.0000.EUR.N.Z,M,FR,L,L40,CI,0000,EUR,N,Z,1998-03,4.96,A,F,,,P1M,,A,,,,,,,,,2,,,Long-term interest rate for convergence purposes - Euro,"France, Long-term interest rate for convergence purposes - Unspecified rate type, Debt security issued, 10 years maturity, New business coverage, denominated in Euro - Unspecified counterpart sector",PC,0
IRS.M.FR.L.L40.CI.0000.EUR.N.Z,M,FR,L,L40,CI,0000,EUR,N,Z,1998-04,4.97,A,F,,,P1M,,A,,,,,,,,,2,,,Long-term interest rate for convergence purposes - Euro,"France, Long-term interest rate for convergence purposes - Unspecified rate type, Debt security issued, 10 years maturity, New business coverage, denominated in Euro - Unspecified counterpart sector",PC,0
IRS.M.FR.L.L40.CI.0000.EUR.N.Z,M,FR,L,L40,CI,0000,EUR,N,Z,1998-05,5.01,A,F,,,P1M,,A,,,,,,,,,2,,,Long-term interest rate for convergence purposes - Euro,"France, Long-term interest rate for convergence purposes - Unspecified rate type, Debt security issued, 10 years maturity, New business coverage, denominated in Euro - Unspecified counterpart sector",PC,0
IRS.M.FR.L.L40.CI.0000.EUR.N.Z,M,FR,L,L40,CI,0000,EUR,N,Z,1998-06,4.86,A,F,,,P1M,,A,,,,,,,,,2,,,Long-term interest rate for convergence purposes - Euro,"France, Long-term interest rate for convergence purposes - Unspecified rate type, Debt security issued, 10 years maturity, New business coverage, denominated in Euro - Unspecified counterpart sector",PC,0
IRS.M.FR.L.L40.CI.0000.EUR.N.Z,M,FR,L,L40,CI,0000,EUR,N,Z,1998-07,4.78,A,F,,,P1M,,A,,,,,,,,,2,,,Long-term interest rate for convergence purposes - Euro,"France, Long-term interest rate for convergence purposes - Unspecified rate type, Debt security issued, 10 years maturity, New business coverage, denominated in Euro - Unspecified counterpart sector",PC,0
IRS.M.FR.L.L40.CI.0000.EUR.N.Z,M,FR,L,L40,CI,0000,EUR,N,Z,1998-08,4.53,A,F,,,P1M,,A,,,,,,,,,2,,,Long-term interest rate for convergence purposes - Euro,"France, Long-term interest rate for convergence purposes - Unspecified rate type, Debt security issued, 10 years maturity, New business coverage, denominated in Euro - Unspecified counterpart sector",PC,0
IRS.M.FR.L.L40.CI.0000.EUR.N.Z,M,FR,L,L40,CI,0000,EUR,N,Z,1998-09,4.2,A,F,,,P1M,,A,,,,,,,,,2,,,Long-term interest rate for convergence purposes - Euro,"France, Long-term interest rate for convergence purposes - Unspecified rate type, Debt security issued, 10 years maturity, New business coverage, denominated in Euro - Unspecified counterpart sector",PC,0
IRS.M.FR.L.L40.CI.0000.EUR.N.Z,M,FR,L,L40,CI,0000,EUR,N,Z,1998-10,4.19,A,F,,,P1M,,A,,,,,,,,,2,,,Long-term interest rate for convergence purposes - Euro,"France, Long-term interest rate for convergence purposes - Unspecified rate type, Debt security issued, 10 years maturity, New business coverage, denominated in Euro - Unspecified counterpart sector",PC,0
IRS.M.FR.L.L40.CI.0000.EUR.N.Z,M,FR,L,L40,CI,0000,EUR,N,Z,1998-11,4.2,A,F,,,P1M,,A,,,,,,,,,2,,,Long-term interest rate for convergence purposes - Euro,"France, Long-term interest rate for convergence purposes - Unspecified rate type, Debt security issued, 10 years maturity, New business coverage, denominated in Euro - Unspecified counterpart sector",PC,0
IRS.M.FR.L.L40.CI.0000.EUR.N.Z,M,FR,L,L40,CI,0000,EUR,N,Z,1998-12,3.91,A,F,,,P1M,,A,,,,,,,,,2,,,Long-term interest rate for convergence purposes - Euro,"France, Long-term interest rate for convergence purposes - Unspecified rate type, Debt security issued, 10 years maturity, New business coverage, denominated in Euro - Unspecified counterpart sector",PC,0
IRS.M.FR.L.L40.CI.0000.EUR.N.Z,M,FR,L,L40,CI,0000,EUR,N,Z,1999-01,3.78,A,F,,,P1M,,A,,,,,,,,,2,,,Long-term interest rate for convergence purposes - Euro,"France, Long-term interest rate for convergence purposes - Unspecified rate type, Debt security issued, 10 years maturity, New business coverage, denominated in Euro - Unspecified counterpart sector",PC,0
IRS.M.FR.L.L40.CI.0000.EUR.N.Z,M,FR,L,L40,CI,0000,EUR,N,Z,1999-02,3.94,A,F,,,P1M,,A,,,,,,,,,2,,,Long-term interest rate for convergence purposes - Euro,"France, Long-term interest rate for convergence purposes - Unspecified rate type, Debt security issued, 10 years maturity, New business coverage, denominated in Euro - Unspecified counterpart sector",PC,0
IRS.M.FR.L.L40.CI.0000.EUR.N.Z,M,FR,L,L40,CI,0000,EUR,N,Z,1999-03,4.14,A,F,,,P1M,,A,,,,,,,,,2,,,Long-term interest rate for convergence purposes - Euro,"France, Long-term interest rate for convergence purposes - Unspecified rate type, Debt security issued, 10 years maturity, New business coverage, denominated in Euro - Unspecified counterpart sector",PC,0
IRS.M.FR.L.L40.CI.0000.EUR.N.Z,M,FR,L,L40,CI,0000,EUR,N,Z,1999-04,3.99,A,F,,,P1M,,A,,,,,,,,,2,,,Long-term interest rate for convergence purposes - Euro,"France, Long-term interest rate for convergence purposes - Unspecified rate type, Debt security issued, 10 years maturity, New business coverage, denominated in Euro - Unspecified counterpart sector",PC,0
IRS.M.FR.L.L40.CI.0000.EUR.N.Z,M,FR,L,L40,CI,0000,EUR,N,Z,1999-05,4.17,A,F,,,P1M,,A,,,,,,,,,2,,,Long-term interest rate for convergence purposes - Euro,"France, Long-term interest rate for convergence purposes - Unspecified rate type, Debt security issued, 10 years maturity, New business coverage, denominated in Euro - Unspecified counterpart sector",PC,0
IRS.M.FR.L.L40.CI.0000.EUR.N.Z,M,FR,L,L40,CI,0000,EUR,N,Z,1999-06,4.49,A,F,,,P1M,,A,,,,,,,,,2,,,Long-term interest rate for convergence purposes - Euro,"France, Long-term interest rate for convergence purposes - Unspecified rate type, Debt security issued, 10 years maturity, New business coverage, denominated in Euro - Unspecified counterpart sector",PC,0
IRS.M.FR.L.L40.CI.0000.EUR.N.Z,M,FR,L,L40,CI,0000,EUR,N,Z,1999-07,4.82,A,F,,,P1M,,A,,,,,,,,,2,,,Long-term interest rate for convergence purposes - Euro,"France, Long-term interest rate for convergence purposes - Unspecified rate type, Debt security issued, 10 years maturity, New business coverage, denominated in Euro - Unspecified counterpart sector",PC,0
IRS.M.FR.L.L40.CI.0000.EUR.N.Z,M,FR,L,L40,CI,0000,EUR,N,Z,1999-08,5.02,A,F,,,P1M,,A,,,,,,,,,2,,,Long-term interest rate for convergence purposes - Euro,"France, Long-term interest rate for convergence purposes - Unspecified rate type, Debt security issued, 10 years maturity, New business coverage, denominated in Euro - Unspecified counterpart sector",PC,0
IRS.M.FR.L.L40.CI.0000.EUR.N.Z,M,FR,L,L40,CI,0000,EUR,N,Z,1999-09,5.2,A,F,,,P1M,,A,,,,,,,,,2,,,Long-term interest rate for convergence purposes - Euro,"France, Long-term interest rate for convergence purposes - Unspecified rate type, Debt security issued, 10 years maturity, New business coverage, denominated in Euro - Unspecified counterpart sector",PC,0
IRS.M.FR.L.L40.CI.0000.EUR.N.Z,M,FR,L,L40,CI,0000,EUR,N,Z,1999-10,5.44,A,F,,,P1M,,A,,,,,,,,,2,,,Long-term interest rate for convergence purposes - Euro,"France, Long-term interest rate for convergence purposes - Unspecified rate type, Debt security issued, 10 years maturity, New business coverage, denominated in Euro - Unspecified counterpart sector",PC,0
IRS.M.FR.L.L40.CI.0000.EUR.N.Z,M,FR,L,L40,CI,0000,EUR,N,Z,1999-11,5.15,A,F,,,P1M,,A,,,,,,,,,2,,,Long-term interest rate for convergence purposes - Euro,"France, Long-term interest rate for convergence purposes - Unspecified rate type, Debt security issued, 10 years maturity, New business coverage, denominated in Euro - Unspecified counterpart sector",PC,0
IRS.M.FR.L.L40.CI.0000.EUR.N.Z,M,FR,L,L40,CI,0000,EUR,N,Z,1999-12,5.29,A,F,,,P1M,,A,,,,,,,,,2,,,Long-term interest rate for convergence purposes - Euro,"France, Long-term interest rate for convergence purposes - Unspecified rate type, Debt security issued, 10 years maturity, New business coverage, denominated in Euro - Unspecified counterpart sector",PC,0
IRS.M.FR.L.L40.CI.0000.EUR.N.Z,M,FR,L,L40,CI,0000,EUR,N,Z,2000-01,5.66,A,F,,,P1M,,A,,,,,,,,,2,,,Long-term interest rate for convergence purposes - Euro,"France, Long-term interest rate for convergence purposes - Unspecified rate type, Debt security issued, 10 years maturity, New business coverage, denominated in Euro - Unspecified counterpart sector",PC,0
IRS.M.FR.L.L40.CI.0000.EUR.N.Z,M,FR,L,L40,CI,0000,EUR,N,Z,2000-02,5.62,A,F,,,P1M,,A,,,,,,,,,2,,,Long-term interest rate for convergence purposes - Euro,"France, Long-term interest rate for convergence purposes - Unspecified rate type, Debt security issued, 10 years maturity, New business coverage, denominated in Euro - Unspecified counterpart sector",PC,0
IRS.M.FR.L.L40.CI.0000.EUR.N.Z,M,FR,L,L40,CI,0000,EUR,N,Z,2000-03,5.43,A,F,,,P1M,,A,,,,,,,,,2,,,Long-term interest rate for convergence purposes - Euro,"France, Long-term interest rate for convergence purposes - Unspecified rate type, Debt security issued, 10 years maturity, New business coverage, denominated in Euro - Unspecified counterpart sector",PC,0
IRS.M.FR.L.L40.CI.0000.EUR.N.Z,M,FR,L,L40,CI,0000,EUR,N,Z,2000-04,5.33,A,F,,,P1M,,A,,,,,,,,,2,,,Long-term interest rate for convergence purposes - Euro,"France, Long-term interest rate for convergence purposes - Unspecified rate type, Debt security issued, 10 years maturity, New business coverage, denominated in Euro - Unspecified counterpart sector",PC,0
IRS.M.FR.L.L40.CI.0000.EUR.N.Z,M,FR,L,L40,CI,0000,EUR,N,Z,2000-05,5.5,A,F,,,P1M,,A,,,,,,,,,2,,,Long-term interest rate for convergence purposes - Euro,"France, Long-term interest rate for convergence purposes - Unspecified rate type, Debt security issued, 10 years maturity, New business coverage, denominated in Euro - Unspecified counterpart sector",PC,0
IRS.M.FR.L.L40.CI.0000.EUR.N.Z,M,FR,L,L40,CI,0000,EUR,N,Z,2000-06,5.32,A,F,,,P1M,,A,,,,,,,,,2,,,Long-term interest rate for convergence purposes - Euro,"France, Long-term interest rate for convergence purposes - Unspecified rate type, Debt security issued, 10 years maturity, New business coverage, denominated in Euro - Unspecified counterpart sector",PC,0
IRS.M.FR.L.L40.CI.0000.EUR.N.Z,M,FR,L,L40,CI,0000,EUR,N,Z,2000-07,5.4,A,F,,,P1M,,A,,,,,,,,,2,,,Long-term interest rate for convergence purposes - Euro,"France, Long-term interest rate for convergence purposes - Unspecified rate type, Debt security issued, 10 years maturity, New business coverage, denominated in Euro - Unspecified counterpart sector",PC,0
IRS.M.FR.L.L40.CI.0000.EUR.N.Z,M,FR,L,L40,CI,0000,EUR,N,Z,2000-08,5.36,A,F,,,P1M,,A,,,,,,,,,2,,,Long-term interest rate for convergence purposes - Euro,"France, Long-term interest rate for convergence purposes - Unspecified rate type, Debt security issued, 10 years maturity, New business coverage, denominated in Euro - Unspecified counterpart sector",PC,0
IRS.M.FR.L.L40.CI.0000.EUR.N.Z,M,FR,L,L40,CI,0000,EUR,N,Z,2000-09,5.42,A,F,,,P1M,,A,,,,,,,,,2,,,Long-term interest rate for convergence purposes - Euro,"France, Long-term interest rate for convergence purposes - Unspecified rate type, Debt security issued, 10 years maturity, New business coverage, denominated in Euro - Unspecified counterpart sector",PC,0
IRS.M.FR.L.L40.CI.0000.EUR.N.Z,M,FR,L,L40,CI,0000,EUR,N,Z,2000-10,5.36,A,F,,,P1M,,A,,,,,,,,,2,,,Long-term interest rate for convergence purposes - Euro,"France, Long-term interest rate for convergence purposes - Unspecified rate type, Debt security issued, 10 years maturity, New business coverage, denominated in Euro - Unspecified counterpart sector",PC,0
IRS.M.FR.L.L40.CI.0000.EUR.N.Z,M,FR,L,L40,CI,0000,EUR,N,Z,2000-11,5.29,A,F,,,P1M,,A,,,,,,,,,2,,,Long-term interest rate for convergence purposes - Euro,"France, Long-term interest rate for convergence purposes - Unspecified rate type, Debt security issued, 10 years maturity, New business coverage, denominated in Euro - Unspecified counterpart sector",PC,0
IRS.M.FR.L.L40.CI.0000.EUR.N.Z,M,FR,L,L40,CI,0000,EUR,N,Z,2000-12,5.04,A,F,,,P1M,,A,,,,,,,,,2,,,Long-term interest rate for convergence purposes - Euro,"France, Long-term interest rate for convergence purposes - Unspecified rate type, Debt security issued, 10 years maturity, New business coverage, denominated in Euro - Unspecified counterpart sector",PC,0
IRS.M.FR.L.L40.CI.0000.EUR.N.Z,M,FR,L,L40,CI,0000,EUR,N,Z,2001-01,4.94,A,F,,,P1M,,A,,,,,,,,,2,,,Long-term interest rate for convergence purposes - Euro,"France, Long-term interest rate for convergence purposes - Unspecified rate type, Debt security issued, 10 years maturity, New business coverage, denominated in Euro - Unspecified counterpart sector",PC,0
IRS.M.FR.L.L40.CI.0000.EUR.N.Z,M,FR,L,L40,CI,0000,EUR,N,Z,2001-02,4.93,A,F,,,P1M,,A,,,,,,,,,2,,,Long-term interest rate for convergence purposes - Euro,"France, Long-term interest rate for convergence purposes - Unspecified rate type, Debt security issued, 10 years maturity, New business coverage, denominated in Euro - Unspecified counterpart sector",PC,0
IRS.M.FR.L.L40.CI.0000.EUR.N.Z,M,FR,L,L40,CI,0000,EUR,N,Z,2001-03,4.84,A,F,,,P1M,,A,,,,,,,,,2,,,Long-term interest rate for convergence purposes - Euro,"France, Long-term interest rate for convergence purposes - Unspecified rate type, Debt security issued, 10 years maturity, New business coverage, denominated in Euro - Unspecified counterpart sector",PC,0
IRS.M.FR.L.L40.CI.0000.EUR.N.Z,M,FR,L,L40,CI,0000,EUR,N,Z,2001-04,5,A,F,,,P1M,,A,,,,,,,,,2,,,Long-term interest rate for convergence purposes - Euro,"France, Long-term interest rate for convergence purposes - Unspecified rate type, Debt security issued, 10 years maturity, New business coverage, denominated in Euro - Unspecified counterpart sector",PC,0
IRS.M.FR.L.L40.CI.0000.EUR.N.Z,M,FR,L,L40,CI,0000,EUR,N,Z,2001-05,5.21,A,F,,,P1M,,A,,,,,,,,,2,,,Long-term interest rate for convergence purposes - Euro,"France, Long-term interest rate for convergence purposes - Unspecified rate type, Debt security issued, 10 years maturity, New business coverage, denominated in Euro - Unspecified counterpart sector",PC,0
IRS.M.FR.L.L40.CI.0000.EUR.N.Z,M,FR,L,L40,CI,0000,EUR,N,Z,2001-06,5.15,A,F,,,P1M,,A,,,,,,,,,2,,,Long-term interest rate for convergence purposes - Euro,"France, Long-term interest rate for convergence purposes - Unspecified rate type, Debt security issued, 10 years maturity, New business coverage, denominated in Euro - Unspecified counterpart sector",PC,0
IRS.M.FR.L.L40.CI.0000.EUR.N.Z,M,FR,L,L40,CI,0000,EUR,N,Z,2001-07,5.15,A,F,,,P1M,,A,,,,,,,,,2,,,Long-term interest rate for convergence purposes - Euro,"France, Long-term interest rate for convergence purposes - Unspecified rate type, Debt security issued, 10 years maturity, New business coverage, denominated in Euro - Unspecified counterpart sector",PC,0
IRS.M.FR.L.L40.CI.0000.EUR.N.Z,M,FR,L,L40,CI,0000,EUR,N,Z,2001-08,4.95,A,F,,,P1M,,A,,,,,,,,,2,,,Long-term interest rate for convergence purposes - Euro,"France, Long-term interest rate for convergence purposes - Unspecified rate type, Debt security issued, 10 years maturity, New business coverage, denominated in Euro - Unspecified counterpart sector",PC,0
IRS.M.FR.L.L40.CI.0000.EUR.N.Z,M,FR,L,L40,CI,0000,EUR,N,Z,2001-09,4.94,A,F,,,P1M,,A,,,,,,,,,2,,,Long-term interest rate for convergence purposes - Euro,"France, Long-term interest rate for convergence purposes - Unspecified rate type, Debt security issued, 10 years maturity, New business coverage, denominated in Euro - Unspecified counterpart sector",PC,0
IRS.M.FR.L.L40.CI.0000.EUR.N.Z,M,FR,L,L40,CI,0000,EUR,N,Z,2001-10,4.72,A,F,,,P1M,,A,,,,,,,,,2,,,Long-term interest rate for convergence purposes - Euro,"France, Long-term interest rate for convergence purposes - Unspecified rate type, Debt security issued, 10 years maturity, New business coverage, denominated in Euro - Unspecified counterpart sector",PC,0
IRS.M.FR.L.L40.CI.0000.EUR.N.Z,M,FR,L,L40,CI,0000,EUR,N,Z,2001-11,4.57,A,F,,,P1M,,A,,,,,,,,,2,,,Long-term interest rate for convergence purposes - Euro,"France, Long-term interest rate for convergence purposes - Unspecified rate type, Debt security issued, 10 years maturity, New business coverage, denominated in Euro - Unspecified counterpart sector",PC,0
IRS.M.FR.L.L40.CI.0000.EUR.N.Z,M,FR,L,L40,CI,0000,EUR,N,Z,2001-12,4.87,A,F,,,P1M,,A,,,,,,,,,2,,,Long-term interest rate for convergence purposes - Euro,"France, Long-term interest rate for convergence purposes - Unspecified rate type, Debt security issued, 10 years maturity, New business coverage, denominated in Euro - Unspecified counterpart sector",PC,0
IRS.M.FR.L.L40.CI.0000.EUR.N.Z,M,FR,L,L40,CI,0000,EUR,N,Z,2002-01,4.93,A,F,,,P1M,,A,,,,,,,,,2,,,Long-term interest rate for convergence purposes - Euro,"France, Long-term interest rate for convergence purposes - Unspecified rate type, Debt security issued, 10 years maturity, New business coverage, denominated in Euro - Unspecified counterpart sector",PC,0
IRS.M.FR.L.L40.CI.0000.EUR.N.Z,M,FR,L,L40,CI,0000,EUR,N,Z,2002-02,4.99,A,F,,,P1M,,A,,,,,,,,,2,,,Long-term interest rate for convergence purposes - Euro,"France, Long-term interest rate for convergence purposes - Unspecified rate type, Debt security issued, 10 years maturity, New business coverage, denominated in Euro - Unspecified counterpart sector",PC,0
IRS.M.FR.L.L40.CI.0000.EUR.N.Z,M,FR,L,L40,CI,0000,EUR,N,Z,2002-03,5.24,A,F,,,P1M,,A,,,,,,,,,2,,,Long-term interest rate for convergence purposes - Euro,"France, Long-term interest rate for convergence purposes - Unspecified rate type, Debt security issued, 10 years maturity, New business coverage, denominated in Euro - Unspecified counterpart sector",PC,0
IRS.M.FR.L.L40.CI.0000.EUR.N.Z,M,FR,L,L40,CI,0000,EUR,N,Z,2002-04,5.24,A,F,,,P1M,,A,,,,,,,,,2,,,Long-term interest rate for convergence purposes - Euro,"France, Long-term interest rate for convergence purposes - Unspecified rate type, Debt security issued, 10 years maturity, New business coverage, denominated in Euro - Unspecified counterpart sector",PC,0
IRS.M.FR.L.L40.CI.0000.EUR.N.Z,M,FR,L,L40,CI,0000,EUR,N,Z,2002-05,5.26,A,F,,,P1M,,A,,,,,,,,,2,,,Long-term interest rate for convergence purposes - Euro,"France, Long-term interest rate for convergence purposes - Unspecified rate type, Debt security issued, 10 years maturity, New business coverage, denominated in Euro - Unspecified counterpart sector",PC,0
IRS.M.FR.L.L40.CI.0000.EUR.N.Z,M,FR,L,L40,CI,0000,EUR,N,Z,2002-06,5.11,A,F,,,P1M,,A,,,,,,,,,2,,,Long-term interest rate for convergence purposes - Euro,"France, Long-term interest rate for convergence purposes - Unspecified rate type, Debt security issued, 10 years maturity, New business coverage, denominated in Euro - Unspecified counterpart sector",PC,0
IRS.M.FR.L.L40.CI.0000.EUR.N.Z,M,FR,L,L40,CI,0000,EUR,N,Z,2002-07,4.96,A,F,,,P1M,,A,,,,,,,,,2,,,Long-term interest rate for convergence purposes - Euro,"France, Long-term interest rate for convergence purposes - Unspecified rate type, Debt security issued, 10 years maturity, New business coverage, denominated in Euro - Unspecified counterpart sector",PC,0
IRS.M.FR.L.L40.CI.0000.EUR.N.Z,M,FR,L,L40,CI,0000,EUR,N,Z,2002-08,4.67,A,F,,,P1M,,A,,,,,,,,,2,,,Long-term interest rate for convergence purposes - Euro,"France, Long-term interest rate for convergence purposes - Unspecified rate type, Debt security issued, 10 years maturity, New business coverage, denominated in Euro - Unspecified counterpart sector",PC,0
IRS.M.FR.L.L40.CI.0000.EUR.N.Z,M,FR,L,L40,CI,0000,EUR,N,Z,2002-09,4.46,A,F,,,P1M,,A,,,,,,,,,2,,,Long-term interest rate for convergence purposes - Euro,"France, Long-term interest rate for convergence purposes - Unspecified rate type, Debt security issued, 10 years maturity, New business coverage, denominated in Euro - Unspecified counterpart sector",PC,0
IRS.M.FR.L.L40.CI.0000.EUR.N.Z,M,FR,L,L40,CI,0000,EUR,N,Z,2002-10,4.55,A,F,,,P1M,,A,,,,,,,,,2,,,Long-term interest rate for convergence purposes - Euro,"France, Long-term interest rate for convergence purposes - Unspecified rate type, Debt security issued, 10 years maturity, New business coverage, denominated in Euro - Unspecified counterpart sector",PC,0
IRS.M.FR.L.L40.CI.0000.EUR.N.Z,M,FR,L,L40,CI,0000,EUR,N,Z,2002-11,4.53,A,F,,,P1M,,A,,,,,,,,,2,,,Long-term interest rate for convergence purposes - Euro,"France, Long-term interest rate for convergence purposes - Unspecified rate type, Debt security issued, 10 years maturity, New business coverage, denominated in Euro - Unspecified counterpart sector",PC,0
IRS.M.FR.L.L40.CI.0000.EUR.N.Z,M,FR,L,L40,CI,0000,EUR,N,Z,2002-12,4.38,A,F,,,P1M,,A,,,,,,,,,2,,,Long-term interest rate for convergence purposes - Euro,"France, Long-term interest rate for convergence purposes - Unspecified rate type, Debt security issued, 10 years maturity, New business coverage, denominated in Euro - Unspecified counterpart sector",PC,0
IRS.M.FR.L.L40.CI.0000.EUR.N.Z,M,FR,L,L40,CI,0000,EUR,N,Z,2003-01,4.22,A,F,,,P1M,,A,,,,,,,,,2,,,Long-term interest rate for convergence purposes - Euro,"France, Long-term interest rate for convergence purposes - Unspecified rate type, Debt security issued, 10 years maturity, New business coverage, denominated in Euro - Unspecified counterpart sector",PC,0
IRS.M.FR.L.L40.CI.0000.EUR.N.Z,M,FR,L,L40,CI,0000,EUR,N,Z,2003-02,4.01,A,F,,,P1M,,A,,,,,,,,,2,,,Long-term interest rate for convergence purposes - Euro,"France, Long-term interest rate for convergence purposes - Unspecified rate type, Debt security issued, 10 years maturity, New business coverage, denominated in Euro - Unspecified counterpart sector",PC,0
IRS.M.FR.L.L40.CI.0000.EUR.N.Z,M,FR,L,L40,CI,0000,EUR,N,Z,2003-03,4.1,A,F,,,P1M,,A,,,,,,,,,2,,,Long-term interest rate for convergence purposes - Euro,"France, Long-term interest rate for convergence purposes - Unspecified rate type, Debt security issued, 10 years maturity, New business coverage, denominated in Euro - Unspecified counterpart sector",PC,0
IRS.M.FR.L.L40.CI.0000.EUR.N.Z,M,FR,L,L40,CI,0000,EUR,N,Z,2003-04,4.22,A,F,,,P1M,,A,,,,,,,,,2,,,Long-term interest rate for convergence purposes - Euro,"France, Long-term interest rate for convergence purposes - Unspecified rate type, Debt security issued, 10 years maturity, New business coverage, denominated in Euro - Unspecified counterpart sector",PC,0
IRS.M.FR.L.L40.CI.0000.EUR.N.Z,M,FR,L,L40,CI,0000,EUR,N,Z,2003-05,3.89,A,F,,,P1M,,A,,,,,,,,,2,,,Long-term interest rate for convergence purposes - Euro,"France, Long-term interest rate for convergence purposes - Unspecified rate type, Debt security issued, 10 years maturity, New business coverage, denominated in Euro - Unspecified counterpart sector",PC,0
IRS.M.FR.L.L40.CI.0000.EUR.N.Z,M,FR,L,L40,CI,0000,EUR,N,Z,2003-06,3.69,A,F,,,P1M,,A,,,,,,,,,2,,,Long-term interest rate for convergence purposes - Euro,"France, Long-term interest rate for convergence purposes - Unspecified rate type, Debt security issued, 10 years maturity, New business coverage, denominated in Euro - Unspecified counterpart sector",PC,0
IRS.M.FR.L.L40.CI.0000.EUR.N.Z,M,FR,L,L40,CI,0000,EUR,N,Z,2003-07,4.01,A,F,,,P1M,,A,,,,,,,,,2,,,Long-term interest rate for convergence purposes - Euro,"France, Long-term interest rate for convergence purposes - Unspecified rate type, Debt security issued, 10 years maturity, New business coverage, denominated in Euro - Unspecified counterpart sector",PC,0
IRS.M.FR.L.L40.CI.0000.EUR.N.Z,M,FR,L,L40,CI,0000,EUR,N,Z,2003-08,4.16,A,F,,,P1M,,A,,,,,,,,,2,,,Long-term interest rate for convergence purposes - Euro,"France, Long-term interest rate for convergence purposes - Unspecified rate type, Debt security issued, 10 years maturity, New business coverage, denominated in Euro - Unspecified counterpart sector",PC,0
IRS.M.FR.L.L40.CI.0000.EUR.N.Z,M,FR,L,L40,CI,0000,EUR,N,Z,2003-09,4.23,A,F,,,P1M,,A,,,,,,,,,2,,,Long-term interest rate for convergence purposes - Euro,"France, Long-term interest rate for convergence purposes - Unspecified rate type, Debt security issued, 10 years maturity, New business coverage, denominated in Euro - Unspecified counterpart sector",PC,0
IRS.M.FR.L.L40.CI.0000.EUR.N.Z,M,FR,L,L40,CI,0000,EUR,N,Z,2003-10,4.28,A,F,,,P1M,,A,,,,,,,,,2,,,Long-term interest rate for convergence purposes - Euro,"France, Long-term interest rate for convergence purposes - Unspecified rate type, Debt security issued, 10 years maturity, New business coverage, denominated in Euro - Unspecified counterpart sector",PC,0
IRS.M.FR.L.L40.CI.0000.EUR.N.Z,M,FR,L,L40,CI,0000,EUR,N,Z,2003-11,4.41,A,F,,,P1M,,A,,,,,,,,,2,,,Long-term interest rate for convergence purposes - Euro,"France, Long-term interest rate for convergence purposes - Unspecified rate type, Debt security issued, 10 years maturity, New business coverage, denominated in Euro - Unspecified counterpart sector",PC,0
IRS.M.FR.L.L40.CI.0000.EUR.N.Z,M,FR,L,L40,CI,0000,EUR,N,Z,2003-12,4.34,A,F,,,P1M,,A,,,,,,,,,2,,,Long-term interest rate for convergence purposes - Euro,"France, Long-term interest rate for convergence purposes - Unspecified rate type, Debt security issued, 10 years maturity, New business coverage, denominated in Euro - Unspecified counterpart sector",PC,0
IRS.M.FR.L.L40.CI.0000.EUR.N.Z,M,FR,L,L40,CI,0000,EUR,N,Z,2004-01,4.2,A,F,,,P1M,,A,,,,,,,,,2,,,Long-term interest rate for convergence purposes - Euro,"France, Long-term interest rate for convergence purposes - Unspecified rate type, Debt security issued, 10 years maturity, New business coverage, denominated in Euro - Unspecified counterpart sector",PC,0
IRS.M.FR.L.L40.CI.0000.EUR.N.Z,M,FR,L,L40,CI,0000,EUR,N,Z,2004-02,4.14,A,F,,,P1M,,A,,,,,,,,,2,,,Long-term interest rate for convergence purposes - Euro,"France, Long-term interest rate for convergence purposes - Unspecified rate type, Debt security issued, 10 years maturity, New business coverage, denominated in Euro - Unspecified counterpart sector",PC,0
IRS.M.FR.L.L40.CI.0000.EUR.N.Z,M,FR,L,L40,CI,0000,EUR,N,Z,2004-03,3.98,A,F,,,P1M,,A,,,,,,,,,2,,,Long-term interest rate for convergence purposes - Euro,"France, Long-term interest rate for convergence purposes - Unspecified rate type, Debt security issued, 10 years maturity, New business coverage, denominated in Euro - Unspecified counterpart sector",PC,0
IRS.M.FR.L.L40.CI.0000.EUR.N.Z,M,FR,L,L40,CI,0000,EUR,N,Z,2004-04,4.18,A,F,,,P1M,,A,,,,,,,,,2,,,Long-term interest rate for convergence purposes - Euro,"France, Long-term interest rate for convergence purposes - Unspecified rate type, Debt security issued, 10 years maturity, New business coverage, denominated in Euro - Unspecified counterpart sector",PC,0
IRS.M.FR.L.L40.CI.0000.EUR.N.Z,M,FR,L,L40,CI,0000,EUR,N,Z,2004-05,4.34,A,F,,,P1M,,A,,,,,,,,,2,,,Long-term interest rate for convergence purposes - Euro,"France, Long-term interest rate for convergence purposes - Unspecified rate type, Debt security issued, 10 years maturity, New business coverage, denominated in Euro - Unspecified counterpart sector",PC,0
IRS.M.FR.L.L40.CI.0000.EUR.N.Z,M,FR,L,L40,CI,0000,EUR,N,Z,2004-06,4.39,A,F,,,P1M,,A,,,,,,,,,2,,,Long-term interest rate for convergence purposes - Euro,"France, Long-term interest rate for convergence purposes - Unspecified rate type, Debt security issued, 10 years maturity, New business coverage, denominated in Euro - Unspecified counterpart sector",PC,0
IRS.M.FR.L.L40.CI.0000.EUR.N.Z,M,FR,L,L40,CI,0000,EUR,N,Z,2004-07,4.27,A,F,,,P1M,,A,,,,,,,,,2,,,Long-term interest rate for convergence purposes - Euro,"France, Long-term interest rate for convergence purposes - Unspecified rate type, Debt security issued, 10 years maturity, New business coverage, denominated in Euro - Unspecified counterpart sector",PC,0
IRS.M.FR.L.L40.CI.0000.EUR.N.Z,M,FR,L,L40,CI,0000,EUR,N,Z,2004-08,4.11,A,F,,,P1M,,A,,,,,,,,,2,,,Long-term interest rate for convergence purposes - Euro,"France, Long-term interest rate for convergence purposes - Unspecified rate type, Debt security issued, 10 years maturity, New business coverage, denominated in Euro - Unspecified counterpart sector",PC,0
IRS.M.FR.L.L40.CI.0000.EUR.N.Z,M,FR,L,L40,CI,0000,EUR,N,Z,2004-09,4.09,A,F,,,P1M,,A,,,,,,,,,2,,,Long-term interest rate for convergence purposes - Euro,"France, Long-term interest rate for convergence purposes - Unspecified rate type, Debt security issued, 10 years maturity, New business coverage, denominated in Euro - Unspecified counterpart sector",PC,0
IRS.M.FR.L.L40.CI.0000.EUR.N.Z,M,FR,L,L40,CI,0000,EUR,N,Z,2004-10,3.98,A,F,,,P1M,,A,,,,,,,,,2,,,Long-term interest rate for convergence purposes - Euro,"France, Long-term interest rate for convergence purposes - Unspecified rate type, Debt security issued, 10 years maturity, New business coverage, denominated in Euro - Unspecified counterpart sector",PC,0
IRS.M.FR.L.L40.CI.0000.EUR.N.Z,M,FR,L,L40,CI,0000,EUR,N,Z,2004-11,3.86,A,F,,,P1M,,A,,,,,,,,,2,,,Long-term interest rate for convergence purposes - Euro,"France, Long-term interest rate for convergence purposes - Unspecified rate type, Debt security issued, 10 years maturity, New business coverage, denominated in Euro - Unspecified counterpart sector",PC,0
IRS.M.FR.L.L40.CI.0000.EUR.N.Z,M,FR,L,L40,CI,0000,EUR,N,Z,2004-12,3.64,A,F,,,P1M,,A,,,,,,,,,2,,,Long-term interest rate for convergence purposes - Euro,"France, Long-term interest rate for convergence purposes - Unspecified rate type, Debt security issued, 10 years maturity, New business coverage, denominated in Euro - Unspecified counterpart sector",PC,0
IRS.M.FR.L.L40.CI.0000.EUR.N.Z,M,FR,L,L40,CI,0000,EUR,N,Z,2005-01,3.58,A,F,,,P1M,,A,,,,,,,,,2,,,Long-term interest rate for convergence purposes - Euro,"France, Long-term interest rate for convergence purposes - Unspecified rate type, Debt security issued, 10 years maturity, New business coverage, denominated in Euro - Unspecified counterpart sector",PC,0
IRS.M.FR.L.L40.CI.0000.EUR.N.Z,M,FR,L,L40,CI,0000,EUR,N,Z,2005-02,3.6,A,F,,,P1M,,A,,,,,,,,,2,,,Long-term interest rate for convergence purposes - Euro,"France, Long-term interest rate for convergence purposes - Unspecified rate type, Debt security issued, 10 years maturity, New business coverage, denominated in Euro - Unspecified counterpart sector",PC,0
IRS.M.FR.L.L40.CI.0000.EUR.N.Z,M,FR,L,L40,CI,0000,EUR,N,Z,2005-03,3.75,A,F,,,P1M,,A,,,,,,,,,2,,,Long-term interest rate for convergence purposes - Euro,"France, Long-term interest rate for convergence purposes - Unspecified rate type, Debt security issued, 10 years maturity, New business coverage, denominated in Euro - Unspecified counterpart sector",PC,0
IRS.M.FR.L.L40.CI.0000.EUR.N.Z,M,FR,L,L40,CI,0000,EUR,N,Z,2005-04,3.54,A,F,,,P1M,,A,,,,,,,,,2,,,Long-term interest rate for convergence purposes - Euro,"France, Long-term interest rate for convergence purposes - Unspecified rate type, Debt security issued, 10 years maturity, New business coverage, denominated in Euro - Unspecified counterpart sector",PC,0
IRS.M.FR.L.L40.CI.0000.EUR.N.Z,M,FR,L,L40,CI,0000,EUR,N,Z,2005-05,3.38,A,F,,,P1M,,A,,,,,,,,,2,,,Long-term interest rate for convergence purposes - Euro,"France, Long-term interest rate for convergence purposes - Unspecified rate type, Debt security issued, 10 years maturity, New business coverage, denominated in Euro - Unspecified counterpart sector",PC,0
IRS.M.FR.L.L40.CI.0000.EUR.N.Z,M,FR,L,L40,CI,0000,EUR,N,Z,2005-06,3.2,A,F,,,P1M,,A,,,,,,,,,2,,,Long-term interest rate for convergence purposes - Euro,"France, Long-term interest rate for convergence purposes - Unspecified rate type, Debt security issued, 10 years maturity, New business coverage, denominated in Euro - Unspecified counterpart sector",PC,0
IRS.M.FR.L.L40.CI.0000.EUR.N.Z,M,FR,L,L40,CI,0000,EUR,N,Z,2005-07,3.27,A,F,,,P1M,,A,,,,,,,,,2,,,Long-term interest rate for convergence purposes - Euro,"France, Long-term interest rate for convergence purposes - Unspecified rate type, Debt security issued, 10 years maturity, New business coverage, denominated in Euro - Unspecified counterpart sector",PC,0
IRS.M.FR.L.L40.CI.0000.EUR.N.Z,M,FR,L,L40,CI,0000,EUR,N,Z,2005-08,3.3,A,F,,,P1M,,A,,,,,,,,,2,,,Long-term interest rate for convergence purposes - Euro,"France, Long-term interest rate for convergence purposes - Unspecified rate type, Debt security issued, 10 years maturity, New business coverage, denominated in Euro - Unspecified counterpart sector",PC,0
IRS.M.FR.L.L40.CI.0000.EUR.N.Z,M,FR,L,L40,CI,0000,EUR,N,Z,2005-09,3.13,A,F,,,P1M,,A,,,,,,,,,2,,,Long-term interest rate for convergence purposes - Euro,"France, Long-term interest rate for convergence purposes - Unspecified rate type, Debt security issued, 10 years maturity, New business coverage, denominated in Euro - Unspecified counterpart sector",PC,0
IRS.M.FR.L.L40.CI.0000.EUR.N.Z,M,FR,L,L40,CI,0000,EUR,N,Z,2005-10,3.29,A,F,,,P1M,,A,,,,,,,,,2,,,Long-term interest rate for convergence purposes - Euro,"France, Long-term interest rate for convergence purposes - Unspecified rate type, Debt security issued, 10 years maturity, New business coverage, denominated in Euro - Unspecified counterpart sector",PC,0
IRS.M.FR.L.L40.CI.0000.EUR.N.Z,M,FR,L,L40,CI,0000,EUR,N,Z,2005-11,3.5,A,F,,,P1M,,A,,,,,,,,,2,,,Long-term interest rate for convergence purposes - Euro,"France, Long-term interest rate for convergence purposes - Unspecified rate type, Debt security issued, 10 years maturity, New business coverage, denominated in Euro - Unspecified counterpart sector",PC,0
IRS.M.FR.L.L40.CI.0000.EUR.N.Z,M,FR,L,L40,CI,0000,EUR,N,Z,2005-12,3.38,A,F,,,P1M,,A,,,,,,,,,2,,,Long-term interest rate for convergence purposes - Euro,"France, Long-term interest rate for convergence purposes - Unspecified rate type, Debt security issued, 10 years maturity, New business coverage, denominated in Euro - Unspecified counterpart sector",PC,0
IRS.M.FR.L.L40.CI.0000.EUR.N.Z,M,FR,L,L40,CI,0000,EUR,N,Z,2006-01,3.34,A,F,,,P1M,,A,,,,,,,,,2,,,Long-term interest rate for convergence purposes - Euro,"France, Long-term interest rate for convergence purposes - Unspecified rate type, Debt security issued, 10 years maturity, New business coverage, denominated in Euro - Unspecified counterpart sector",PC,0
IRS.M.FR.L.L40.CI.0000.EUR.N.Z,M,FR,L,L40,CI,0000,EUR,N,Z,2006-02,3.51,A,F,,,P1M,,A,,,,,,,,,2,,,Long-term interest rate for convergence purposes - Euro,"France, Long-term interest rate for convergence purposes - Unspecified rate type, Debt security issued, 10 years maturity, New business coverage, denominated in Euro - Unspecified counterpart sector",PC,0
IRS.M.FR.L.L40.CI.0000.EUR.N.Z,M,FR,L,L40,CI,0000,EUR,N,Z,2006-03,3.69,A,F,,,P1M,,A,,,,,,,,,2,,,Long-term interest rate for convergence purposes - Euro,"France, Long-term interest rate for convergence purposes - Unspecified rate type, Debt security issued, 10 years maturity, New business coverage, denominated in Euro - Unspecified counterpart sector",PC,0
IRS.M.FR.L.L40.CI.0000.EUR.N.Z,M,FR,L,L40,CI,0000,EUR,N,Z,2006-04,3.95,A,F,,,P1M,,A,,,,,,,,,2,,,Long-term interest rate for convergence purposes - Euro,"France, Long-term interest rate for convergence purposes - Unspecified rate type, Debt security issued, 10 years maturity, New business coverage, denominated in Euro - Unspecified counterpart sector",PC,0
IRS.M.FR.L.L40.CI.0000.EUR.N.Z,M,FR,L,L40,CI,0000,EUR,N,Z,2006-05,4,A,F,,,P1M,,A,,,,,,,,,2,,,Long-term interest rate for convergence purposes - Euro,"France, Long-term interest rate for convergence purposes - Unspecified rate type, Debt security issued, 10 years maturity, New business coverage, denominated in Euro - Unspecified counterpart sector",PC,0
IRS.M.FR.L.L40.CI.0000.EUR.N.Z,M,FR,L,L40,CI,0000,EUR,N,Z,2006-06,4.01,A,F,,,P1M,,A,,,,,,,,,2,,,Long-term interest rate for convergence purposes - Euro,"France, Long-term interest rate for convergence purposes - Unspecified rate type, Debt security issued, 10 years maturity, New business coverage, denominated in Euro - Unspecified counterpart sector",PC,0
IRS.M.FR.L.L40.CI.0000.EUR.N.Z,M,FR,L,L40,CI,0000,EUR,N,Z,2006-07,4.03,A,F,,,P1M,,A,,,,,,,,,2,,,Long-term interest rate for convergence purposes - Euro,"France, Long-term interest rate for convergence purposes - Unspecified rate type, Debt security issued, 10 years maturity, New business coverage, denominated in Euro - Unspecified counterpart sector",PC,0
IRS.M.FR.L.L40.CI.0000.EUR.N.Z,M,FR,L,L40,CI,0000,EUR,N,Z,2006-08,3.9,A,F,,,P1M,,A,,,,,,,,,2,,,Long-term interest rate for convergence purposes - Euro,"France, Long-term interest rate for convergence purposes - Unspecified rate type, Debt security issued, 10 years maturity, New business coverage, denominated in Euro - Unspecified counterpart sector",PC,0
IRS.M.FR.L.L40.CI.0000.EUR.N.Z,M,FR,L,L40,CI,0000,EUR,N,Z,2006-09,3.77,A,F,,,P1M,,A,,,,,,,,,2,,,Long-term interest rate for convergence purposes - Euro,"France, Long-term interest rate for convergence purposes - Unspecified rate type, Debt security issued, 10 years maturity, New business coverage, denominated in Euro - Unspecified counterpart sector",PC,0
IRS.M.FR.L.L40.CI.0000.EUR.N.Z,M,FR,L,L40,CI,0000,EUR,N,Z,2006-10,3.81,A,F,,,P1M,,A,,,,,,,,,2,,,Long-term interest rate for convergence purposes - Euro,"France, Long-term interest rate for convergence purposes - Unspecified rate type, Debt security issued, 10 years maturity, New business coverage, denominated in Euro - Unspecified counterpart sector",PC,0
IRS.M.FR.L.L40.CI.0000.EUR.N.Z,M,FR,L,L40,CI,0000,EUR,N,Z,2006-11,3.74,A,F,,,P1M,,A,,,,,,,,,2,,,Long-term interest rate for convergence purposes - Euro,"France, Long-term interest rate for convergence purposes - Unspecified rate type, Debt security issued, 10 years maturity, New business coverage, denominated in Euro - Unspecified counterpart sector",PC,0
IRS.M.FR.L.L40.CI.0000.EUR.N.Z,M,FR,L,L40,CI,0000,EUR,N,Z,2006-12,3.81,A,F,,,P1M,,A,,,,,,,,,2,,,Long-term interest rate for convergence purposes - Euro,"France, Long-term interest rate for convergence purposes - Unspecified rate type, Debt security issued, 10 years maturity, New business coverage, denominated in Euro - Unspecified counterpart sector",PC,0
IRS.M.FR.L.L40.CI.0000.EUR.N.Z,M,FR,L,L40,CI,0000,EUR,N,Z,2007-01,4.07,A,F,,,P1M,,A,,,,,,,,,2,,,Long-term interest rate for convergence purposes - Euro,"France, Long-term interest rate for convergence purposes - Unspecified rate type, Debt security issued, 10 years maturity, New business coverage, denominated in Euro - Unspecified counterpart sector",PC,0
IRS.M.FR.L.L40.CI.0000.EUR.N.Z,M,FR,L,L40,CI,0000,EUR,N,Z,2007-02,4.1,A,F,,,P1M,,A,,,,,,,,,2,,,Long-term interest rate for convergence purposes - Euro,"France, Long-term interest rate for convergence purposes - Unspecified rate type, Debt security issued, 10 years maturity, New business coverage, denominated in Euro - Unspecified counterpart sector",PC,0
IRS.M.FR.L.L40.CI.0000.EUR.N.Z,M,FR,L,L40,CI,0000,EUR,N,Z,2007-03,4,A,F,,,P1M,,A,,,,,,,,,2,,,Long-term interest rate for convergence purposes - Euro,"France, Long-term interest rate for convergence purposes - Unspecified rate type, Debt security issued, 10 years maturity, New business coverage, denominated in Euro - Unspecified counterpart sector",PC,0
IRS.M.FR.L.L40.CI.0000.EUR.N.Z,M,FR,L,L40,CI,0000,EUR,N,Z,2007-04,4.21,A,F,,,P1M,,A,,,,,,,,,2,,,Long-term interest rate for convergence purposes - Euro,"France, Long-term interest rate for convergence purposes - Unspecified rate type, Debt security issued, 10 years maturity, New business coverage, denominated in Euro - Unspecified counterpart sector",PC,0
IRS.M.FR.L.L40.CI.0000.EUR.N.Z,M,FR,L,L40,CI,0000,EUR,N,Z,2007-05,4.34,A,F,,,P1M,,A,,,,,,,,,2,,,Long-term interest rate for convergence purposes - Euro,"France, Long-term interest rate for convergence purposes - Unspecified rate type, Debt security issued, 10 years maturity, New business coverage, denominated in Euro - Unspecified counterpart sector",PC,0
IRS.M.FR.L.L40.CI.0000.EUR.N.Z,M,FR,L,L40,CI,0000,EUR,N,Z,2007-06,4.62,A,F,,,P1M,,A,,,,,,,,,2,,,Long-term interest rate for convergence purposes - Euro,"France, Long-term interest rate for convergence purposes - Unspecified rate type, Debt security issued, 10 years maturity, New business coverage, denominated in Euro - Unspecified counterpart sector",PC,0
IRS.M.FR.L.L40.CI.0000.EUR.N.Z,M,FR,L,L40,CI,0000,EUR,N,Z,2007-07,4.58,A,F,,,P1M,,A,,,,,,,,,2,,,Long-term interest rate for convergence purposes - Euro,"France, Long-term interest rate for convergence purposes - Unspecified rate type, Debt security issued, 10 years maturity, New business coverage, denominated in Euro - Unspecified counterpart sector",PC,0
IRS.M.FR.L.L40.CI.0000.EUR.N.Z,M,FR,L,L40,CI,0000,EUR,N,Z,2007-08,4.39,A,F,,,P1M,,A,,,,,,,,,2,,,Long-term interest rate for convergence purposes - Euro,"France, Long-term interest rate for convergence purposes - Unspecified rate type, Debt security issued, 10 years maturity, New business coverage, denominated in Euro - Unspecified counterpart sector",PC,0
IRS.M.FR.L.L40.CI.0000.EUR.N.Z,M,FR,L,L40,CI,0000,EUR,N,Z,2007-09,4.36,A,F,,,P1M,,A,,,,,,,,,2,,,Long-term interest rate for convergence purposes - Euro,"France, Long-term interest rate for convergence purposes - Unspecified rate type, Debt security issued, 10 years maturity, New business coverage, denominated in Euro - Unspecified counterpart sector",PC,0
IRS.M.FR.L.L40.CI.0000.EUR.N.Z,M,FR,L,L40,CI,0000,EUR,N,Z,2007-10,4.4,A,F,,,P1M,,A,,,,,,,,,2,,,Long-term interest rate for convergence purposes - Euro,"France, Long-term interest rate for convergence purposes - Unspecified rate type, Debt security issued, 10 years maturity, New business coverage, denominated in Euro - Unspecified counterpart sector",PC,0
IRS.M.FR.L.L40.CI.0000.EUR.N.Z,M,FR,L,L40,CI,0000,EUR,N,Z,2007-11,4.23,A,F,,,P1M,,A,,,,,,,,,2,,,Long-term interest rate for convergence purposes - Euro,"France, Long-term interest rate for convergence purposes - Unspecified rate type, Debt security issued, 10 years maturity, New business coverage, denominated in Euro - Unspecified counterpart sector",PC,0
IRS.M.FR.L.L40.CI.0000.EUR.N.Z,M,FR,L,L40,CI,0000,EUR,N,Z,2007-12,4.35,A,F,,,P1M,,A,,,,,,,,,2,,,Long-term interest rate for convergence purposes - Euro,"France, Long-term interest rate for convergence purposes - Unspecified rate type, Debt security issued, 10 years maturity, New business coverage, denominated in Euro - Unspecified counterpart sector",PC,0
IRS.M.FR.L.L40.CI.0000.EUR.N.Z,M,FR,L,L40,CI,0000,EUR,N,Z,2008-01,4.15,A,F,,,P1M,,A,,,,,,,,,2,,,Long-term interest rate for convergence purposes - Euro,"France, Long-term interest rate for convergence purposes - Unspecified rate type, Debt security issued, 10 years maturity, New business coverage, denominated in Euro - Unspecified counterpart sector",PC,0
IRS.M.FR.L.L40.CI.0000.EUR.N.Z,M,FR,L,L40,CI,0000,EUR,N,Z,2008-02,4.08,A,F,,,P1M,,A,,,,,,,,,2,,,Long-term interest rate for convergence purposes - Euro,"France, Long-term interest rate for convergence purposes - Unspecified rate type, Debt security issued, 10 years maturity, New business coverage, denominated in Euro - Unspecified counterpart sector",PC,0
IRS.M.FR.L.L40.CI.0000.EUR.N.Z,M,FR,L,L40,CI,0000,EUR,N,Z,2008-03,4.02,A,F,,,P1M,,A,,,,,,,,,2,,,Long-term interest rate for convergence purposes - Euro,"France, Long-term interest rate for convergence purposes - Unspecified rate type, Debt security issued, 10 years maturity, New business coverage, denominated in Euro - Unspecified counterpart sector",PC,0
IRS.M.FR.L.L40.CI.0000.EUR.N.Z,M,FR,L,L40,CI,0000,EUR,N,Z,2008-04,4.27,A,F,,,P1M,,A,,,,,,,,,2,,,Long-term interest rate for convergence purposes - Euro,"France, Long-term interest rate for convergence purposes - Unspecified rate type, Debt security issued, 10 years maturity, New business coverage, denominated in Euro - Unspecified counterpart sector",PC,0
IRS.M.FR.L.L40.CI.0000.EUR.N.Z,M,FR,L,L40,CI,0000,EUR,N,Z,2008-05,4.41,A,F,,,P1M,,A,,,,,,,,,2,,,Long-term interest rate for convergence purposes - Euro,"France, Long-term interest rate for convergence purposes - Unspecified rate type, Debt security issued, 10 years maturity, New business coverage, denominated in Euro - Unspecified counterpart sector",PC,0
IRS.M.FR.L.L40.CI.0000.EUR.N.Z,M,FR,L,L40,CI,0000,EUR,N,Z,2008-06,4.73,A,F,,,P1M,,A,,,,,,,,,2,,,Long-term interest rate for convergence purposes - Euro,"France, Long-term interest rate for convergence purposes - Unspecified rate type, Debt security issued, 10 years maturity, New business coverage, denominated in Euro - Unspecified counterpart sector",PC,0
IRS.M.FR.L.L40.CI.0000.EUR.N.Z,M,FR,L,L40,CI,0000,EUR,N,Z,2008-07,4.69,A,F,,,P1M,,A,,,,,,,,,2,,,Long-term interest rate for convergence purposes - Euro,"France, Long-term interest rate for convergence purposes - Unspecified rate type, Debt security issued, 10 years maturity, New business coverage, denominated in Euro - Unspecified counterpart sector",PC,0
IRS.M.FR.L.L40.CI.0000.EUR.N.Z,M,FR,L,L40,CI,0000,EUR,N,Z,2008-08,4.4,A,F,,,P1M,,A,,,,,,,,,2,,,Long-term interest rate for convergence purposes - Euro,"France, Long-term interest rate for convergence purposes - Unspecified rate type, Debt security issued, 10 years maturity, New business coverage, denominated in Euro - Unspecified counterpart sector",PC,0
IRS.M.FR.L.L40.CI.0000.EUR.N.Z,M,FR,L,L40,CI,0000,EUR,N,Z,2008-09,4.36,A,F,,,P1M,,A,,,,,,,,,2,,,Long-term interest rate for convergence purposes - Euro,"France, Long-term interest rate for convergence purposes - Unspecified rate type, Debt security issued, 10 years maturity, New business coverage, denominated in Euro - Unspecified counterpart sector",PC,0
IRS.M.FR.L.L40.CI.0000.EUR.N.Z,M,FR,L,L40,CI,0000,EUR,N,Z,2008-10,4.18,A,F,,,P1M,,A,,,,,,,,,2,,,Long-term interest rate for convergence purposes - Euro,"France, Long-term interest rate for convergence purposes - Unspecified rate type, Debt security issued, 10 years maturity, New business coverage, denominated in Euro - Unspecified counterpart sector",PC,0
IRS.M.FR.L.L40.CI.0000.EUR.N.Z,M,FR,L,L40,CI,0000,EUR,N,Z,2008-11,3.98,A,F,,,P1M,,A,,,,,,,,,2,,,Long-term interest rate for convergence purposes - Euro,"France, Long-term interest rate for convergence purposes - Unspecified rate type, Debt security issued, 10 years maturity, New business coverage, denominated in Euro - Unspecified counterpart sector",PC,0
IRS.M.FR.L.L40.CI.0000.EUR.N.Z,M,FR,L,L40,CI,0000,EUR,N,Z,2008-12,3.54,A,F,,,P1M,,A,,,,,,,,,2,,,Long-term interest rate for convergence purposes - Euro,"France, Long-term interest rate for convergence purposes - Unspecified rate type, Debt security issued, 10 years maturity, New business coverage, denominated in Euro - Unspecified counterpart sector",PC,0
IRS.M.FR.L.L40.CI.0000.EUR.N.Z,M,FR,L,L40,CI,0000,EUR,N,Z,2009-01,3.6,A,F,,,P1M,,A,,,,,,,,,2,,,Long-term interest rate for convergence purposes - Euro,"France, Long-term interest rate for convergence purposes - Unspecified rate type, Debt security issued, 10 years maturity, New business coverage, denominated in Euro - Unspecified counterpart sector",PC,0
IRS.M.FR.L.L40.CI.0000.EUR.N.Z,M,FR,L,L40,CI,0000,EUR,N,Z,2009-02,3.68,A,F,,,P1M,,A,,,,,,,,,2,,,Long-term interest rate for convergence purposes - Euro,"France, Long-term interest rate for convergence purposes - Unspecified rate type, Debt security issued, 10 years maturity, New business coverage, denominated in Euro - Unspecified counterpart sector",PC,0
IRS.M.FR.L.L40.CI.0000.EUR.N.Z,M,FR,L,L40,CI,0000,EUR,N,Z,2009-03,3.65,A,F,,,P1M,,A,,,,,,,,,2,,,Long-term interest rate for convergence purposes - Euro,"France, Long-term interest rate for convergence purposes - Unspecified rate type, Debt security issued, 10 years maturity, New business coverage, denominated in Euro - Unspecified counterpart sector",PC,0
IRS.M.FR.L.L40.CI.0000.EUR.N.Z,M,FR,L,L40,CI,0000,EUR,N,Z,2009-04,3.66,A,F,,,P1M,,A,,,,,,,,,2,,,Long-term interest rate for convergence purposes - Euro,"France, Long-term interest rate for convergence purposes - Unspecified rate type, Debt security issued, 10 years maturity, New business coverage, denominated in Euro - Unspecified counterpart sector",PC,0
IRS.M.FR.L.L40.CI.0000.EUR.N.Z,M,FR,L,L40,CI,0000,EUR,N,Z,2009-05,3.8,A,F,,,P1M,,A,,,,,,,,,2,,,Long-term interest rate for convergence purposes - Euro,"France, Long-term interest rate for convergence purposes - Unspecified rate type, Debt security issued, 10 years maturity, New business coverage, denominated in Euro - Unspecified counterpart sector",PC,0
IRS.M.FR.L.L40.CI.0000.EUR.N.Z,M,FR,L,L40,CI,0000,EUR,N,Z,2009-06,3.9,A,F,,,P1M,,A,,,,,,,,,2,,,Long-term interest rate for convergence purposes - Euro,"France, Long-term interest rate for convergence purposes - Unspecified rate type, Debt security issued, 10 years maturity, New business coverage, denominated in Euro - Unspecified counterpart sector",PC,0
IRS.M.FR.L.L40.CI.0000.EUR.N.Z,M,FR,L,L40,CI,0000,EUR,N,Z,2009-07,3.73,A,F,,,P1M,,A,,,,,,,,,2,,,Long-term interest rate for convergence purposes - Euro,"France, Long-term interest rate for convergence purposes - Unspecified rate type, Debt security issued, 10 years maturity, New business coverage, denominated in Euro - Unspecified counterpart sector",PC,0
IRS.M.FR.L.L40.CI.0000.EUR.N.Z,M,FR,L,L40,CI,0000,EUR,N,Z,2009-08,3.59,A,F,,,P1M,,A,,,,,,,,,2,,,Long-term interest rate for convergence purposes - Euro,"France, Long-term interest rate for convergence purposes - Unspecified rate type, Debt security issued, 10 years maturity, New business coverage, denominated in Euro - Unspecified counterpart sector",PC,0
IRS.M.FR.L.L40.CI.0000.EUR.N.Z,M,FR,L,L40,CI,0000,EUR,N,Z,2009-09,3.59,A,F,,,P1M,,A,,,,,,,,,2,,,Long-term interest rate for convergence purposes - Euro,"France, Long-term interest rate for convergence purposes - Unspecified rate type, Debt security issued, 10 years maturity, New business coverage, denominated in Euro - Unspecified counterpart sector",PC,0
IRS.M.FR.L.L40.CI.0000.EUR.N.Z,M,FR,L,L40,CI,0000,EUR,N,Z,2009-10,3.56,A,F,,,P1M,,A,,,,,,,,,2,,,Long-term interest rate for convergence purposes - Euro,"France, Long-term interest rate for convergence purposes - Unspecified rate type, Debt security issued, 10 years maturity, New business coverage, denominated in Euro - Unspecified counterpart sector",PC,0
IRS.M.FR.L.L40.CI.0000.EUR.N.Z,M,FR,L,L40,CI,0000,EUR,N,Z,2009-11,3.56,A,F,,,P1M,,A,,,,,,,,,2,,,Long-term interest rate for convergence purposes - Euro,"France, Long-term interest rate for convergence purposes - Unspecified rate type, Debt security issued, 10 years maturity, New business coverage, denominated in Euro - Unspecified counterpart sector",PC,0
IRS.M.FR.L.L40.CI.0000.EUR.N.Z,M,FR,L,L40,CI,0000,EUR,N,Z,2009-12,3.48,A,F,,,P1M,,A,,,,,,,,,2,,,Long-term interest rate for convergence purposes - Euro,"France, Long-term interest rate for convergence purposes - Unspecified rate type, Debt security issued, 10 years maturity, New business coverage, denominated in Euro - Unspecified counterpart sector",PC,0
IRS.M.FR.L.L40.CI.0000.EUR.N.Z,M,FR,L,L40,CI,0000,EUR,N,Z,2010-01,3.52,A,F,,,P1M,,A,,,,,,,,,2,,,Long-term interest rate for convergence purposes - Euro,"France, Long-term interest rate for convergence purposes - Unspecified rate type, Debt security issued, 10 years maturity, New business coverage, denominated in Euro - Unspecified counterpart sector",PC,0
IRS.M.FR.L.L40.CI.0000.EUR.N.Z,M,FR,L,L40,CI,0000,EUR,N,Z,2010-02,3.5,A,F,,,P1M,,A,,,,,,,,,2,,,Long-term interest rate for convergence purposes - Euro,"France, Long-term interest rate for convergence purposes - Unspecified rate type, Debt security issued, 10 years maturity, New business coverage, denominated in Euro - Unspecified counterpart sector",PC,0
IRS.M.FR.L.L40.CI.0000.EUR.N.Z,M,FR,L,L40,CI,0000,EUR,N,Z,2010-03,3.44,A,F,,,P1M,,A,,,,,,,,,2,,,Long-term interest rate for convergence purposes - Euro,"France, Long-term interest rate for convergence purposes - Unspecified rate type, Debt security issued, 10 years maturity, New business coverage, denominated in Euro - Unspecified counterpart sector",PC,0
IRS.M.FR.L.L40.CI.0000.EUR.N.Z,M,FR,L,L40,CI,0000,EUR,N,Z,2010-04,3.4,A,F,,,P1M,,A,,,,,,,,,2,,,Long-term interest rate for convergence purposes - Euro,"France, Long-term interest rate for convergence purposes - Unspecified rate type, Debt security issued, 10 years maturity, New business coverage, denominated in Euro - Unspecified counterpart sector",PC,0
IRS.M.FR.L.L40.CI.0000.EUR.N.Z,M,FR,L,L40,CI,0000,EUR,N,Z,2010-05,3.08,A,F,,,P1M,,A,,,,,,,,,2,,,Long-term interest rate for convergence purposes - Euro,"France, Long-term interest rate for convergence purposes - Unspecified rate type, Debt security issued, 10 years maturity, New business coverage, denominated in Euro - Unspecified counterpart sector",PC,0
IRS.M.FR.L.L40.CI.0000.EUR.N.Z,M,FR,L,L40,CI,0000,EUR,N,Z,2010-06,3.07,A,F,,,P1M,,A,,,,,,,,,2,,,Long-term interest rate for convergence purposes - Euro,"France, Long-term interest rate for convergence purposes - Unspecified rate type, Debt security issued, 10 years maturity, New business coverage, denominated in Euro - Unspecified counterpart sector",PC,0
IRS.M.FR.L.L40.CI.0000.EUR.N.Z,M,FR,L,L40,CI,0000,EUR,N,Z,2010-07,2.99,A,F,,,P1M,,A,,,,,,,,,2,,,Long-term interest rate for convergence purposes - Euro,"France, Long-term interest rate for convergence purposes - Unspecified rate type, Debt security issued, 10 years maturity, New business coverage, denominated in Euro - Unspecified counterpart sector",PC,0
IRS.M.FR.L.L40.CI.0000.EUR.N.Z,M,FR,L,L40,CI,0000,EUR,N,Z,2010-08,2.68,A,F,,,P1M,,A,,,,,,,,,2,,,Long-term interest rate for convergence purposes - Euro,"France, Long-term interest rate for convergence purposes - Unspecified rate type, Debt security issued, 10 years maturity, New business coverage, denominated in Euro - Unspecified counterpart sector",PC,0
IRS.M.FR.L.L40.CI.0000.EUR.N.Z,M,FR,L,L40,CI,0000,EUR,N,Z,2010-09,2.68,A,F,,,P1M,,A,,,,,,,,,2,,,Long-term interest rate for convergence purposes - Euro,"France, Long-term interest rate for convergence purposes - Unspecified rate type, Debt security issued, 10 years maturity, New business coverage, denominated in Euro - Unspecified counterpart sector",PC,0
IRS.M.FR.L.L40.CI.0000.EUR.N.Z,M,FR,L,L40,CI,0000,EUR,N,Z,2010-10,2.72,A,F,,,P1M,,A,,,,,,,,,2,,,Long-term interest rate for convergence purposes - Euro,"France, Long-term interest rate for convergence purposes - Unspecified rate type, Debt security issued, 10 years maturity, New business coverage, denominated in Euro - Unspecified counterpart sector",PC,0
IRS.M.FR.L.L40.CI.0000.EUR.N.Z,M,FR,L,L40,CI,0000,EUR,N,Z,2010-11,3,A,F,,,P1M,,A,,,,,,,,,2,,,Long-term interest rate for convergence purposes - Euro,"France, Long-term interest rate for convergence purposes - Unspecified rate type, Debt security issued, 10 years maturity, New business coverage, denominated in Euro - Unspecified counterpart sector",PC,0
IRS.M.FR.L.L40.CI.0000.EUR.N.Z,M,FR,L,L40,CI,0000,EUR,N,Z,2010-12,3.34,A,F,,,P1M,,A,,,,,,,,,2,,,Long-term interest rate for convergence purposes - Euro,"France, Long-term interest rate for convergence purposes - Unspecified rate type, Debt security issued, 10 years maturity, New business coverage, denominated in Euro - Unspecified counterpart sector",PC,0
IRS.M.FR.L.L40.CI.0000.EUR.N.Z,M,FR,L,L40,CI,0000,EUR,N,Z,2011-01,3.44,A,F,,,P1M,,A,,,,,,,,,2,,,Long-term interest rate for convergence purposes - Euro,"France, Long-term interest rate for convergence purposes - Unspecified rate type, Debt security issued, 10 years maturity, New business coverage, denominated in Euro - Unspecified counterpart sector",PC,0
IRS.M.FR.L.L40.CI.0000.EUR.N.Z,M,FR,L,L40,CI,0000,EUR,N,Z,2011-02,3.6,A,F,,,P1M,,A,,,,,,,,,2,,,Long-term interest rate for convergence purposes - Euro,"France, Long-term interest rate for convergence purposes - Unspecified rate type, Debt security issued, 10 years maturity, New business coverage, denominated in Euro - Unspecified counterpart sector",PC,0
IRS.M.FR.L.L40.CI.0000.EUR.N.Z,M,FR,L,L40,CI,0000,EUR,N,Z,2011-03,3.61,A,F,,,P1M,,A,,,,,,,,,2,,,Long-term interest rate for convergence purposes - Euro,"France, Long-term interest rate for convergence purposes - Unspecified rate type, Debt security issued, 10 years maturity, New business coverage, denominated in Euro - Unspecified counterpart sector",PC,0
IRS.M.FR.L.L40.CI.0000.EUR.N.Z,M,FR,L,L40,CI,0000,EUR,N,Z,2011-04,3.69,A,F,,,P1M,,A,,,,,,,,,2,,,Long-term interest rate for convergence purposes - Euro,"France, Long-term interest rate for convergence purposes - Unspecified rate type, Debt security issued, 10 years maturity, New business coverage, denominated in Euro - Unspecified counterpart sector",PC,0
IRS.M.FR.L.L40.CI.0000.EUR.N.Z,M,FR,L,L40,CI,0000,EUR,N,Z,2011-05,3.49,A,F,,,P1M,,A,,,,,,,,,2,,,Long-term interest rate for convergence purposes - Euro,"France, Long-term interest rate for convergence purposes - Unspecified rate type, Debt security issued, 10 years maturity, New business coverage, denominated in Euro - Unspecified counterpart sector",PC,0
IRS.M.FR.L.L40.CI.0000.EUR.N.Z,M,FR,L,L40,CI,0000,EUR,N,Z,2011-06,3.43,A,F,,,P1M,,A,,,,,,,,,2,,,Long-term interest rate for convergence purposes - Euro,"France, Long-term interest rate for convergence purposes - Unspecified rate type, Debt security issued, 10 years maturity, New business coverage, denominated in Euro - Unspecified counterpart sector",PC,0
IRS.M.FR.L.L40.CI.0000.EUR.N.Z,M,FR,L,L40,CI,0000,EUR,N,Z,2011-07,3.4,A,F,,,P1M,,A,,,,,,,,,2,,,Long-term interest rate for convergence purposes - Euro,"France, Long-term interest rate for convergence purposes - Unspecified rate type, Debt security issued, 10 years maturity, New business coverage, denominated in Euro - Unspecified counterpart sector",PC,0
IRS.M.FR.L.L40.CI.0000.EUR.N.Z,M,FR,L,L40,CI,0000,EUR,N,Z,2011-08,2.98,A,F,,,P1M,,A,,,,,,,,,2,,,Long-term interest rate for convergence purposes - Euro,"France, Long-term interest rate for convergence purposes - Unspecified rate type, Debt security issued, 10 years maturity, New business coverage, denominated in Euro - Unspecified counterpart sector",PC,0
IRS.M.FR.L.L40.CI.0000.EUR.N.Z,M,FR,L,L40,CI,0000,EUR,N,Z,2011-09,2.64,A,F,,,P1M,,A,,,,,,,,,2,,,Long-term interest rate for convergence purposes - Euro,"France, Long-term interest rate for convergence purposes - Unspecified rate type, Debt security issued, 10 years maturity, New business coverage, denominated in Euro - Unspecified counterpart sector",PC,0
IRS.M.FR.L.L40.CI.0000.EUR.N.Z,M,FR,L,L40,CI,0000,EUR,N,Z,2011-10,2.99,A,F,,,P1M,,A,,,,,,,,,2,,,Long-term interest rate for convergence purposes - Euro,"France, Long-term interest rate for convergence purposes - Unspecified rate type, Debt security issued, 10 years maturity, New business coverage, denominated in Euro - Unspecified counterpart sector",PC,0
IRS.M.FR.L.L40.CI.0000.EUR.N.Z,M,FR,L,L40,CI,0000,EUR,N,Z,2011-11,3.41,A,F,,,P1M,,A,,,,,,,,,2,,,Long-term interest rate for convergence purposes - Euro,"France, Long-term interest rate for convergence purposes - Unspecified rate type, Debt security issued, 10 years maturity, New business coverage, denominated in Euro - Unspecified counterpart sector",PC,0
IRS.M.FR.L.L40.CI.0000.EUR.N.Z,M,FR,L,L40,CI,0000,EUR,N,Z,2011-12,3.16,A,F,,,P1M,,A,,,,,,,,,2,,,Long-term interest rate for convergence purposes - Euro,"France, Long-term interest rate for convergence purposes - Unspecified rate type, Debt security issued, 10 years maturity, New business coverage, denominated in Euro - Unspecified counterpart sector",PC,0
IRS.M.FR.L.L40.CI.0000.EUR.N.Z,M,FR,L,L40,CI,0000,EUR,N,Z,2012-01,3.18,A,F,,,P1M,,A,,,,,,,,,2,,,Long-term interest rate for convergence purposes - Euro,"France, Long-term interest rate for convergence purposes - Unspecified rate type, Debt security issued, 10 years maturity, New business coverage, denominated in Euro - Unspecified counterpart sector",PC,0
IRS.M.FR.L.L40.CI.0000.EUR.N.Z,M,FR,L,L40,CI,0000,EUR,N,Z,2012-02,3.02,A,F,,,P1M,,A,,,,,,,,,2,,,Long-term interest rate for convergence purposes - Euro,"France, Long-term interest rate for convergence purposes - Unspecified rate type, Debt security issued, 10 years maturity, New business coverage, denominated in Euro - Unspecified counterpart sector",PC,0
IRS.M.FR.L.L40.CI.0000.EUR.N.Z,M,FR,L,L40,CI,0000,EUR,N,Z,2012-03,2.95,A,F,,,P1M,,A,,,,,,,,,2,,,Long-term interest rate for convergence purposes - Euro,"France, Long-term interest rate for convergence purposes - Unspecified rate type, Debt security issued, 10 years maturity, New business coverage, denominated in Euro - Unspecified counterpart sector",PC,0
IRS.M.FR.L.L40.CI.0000.EUR.N.Z,M,FR,L,L40,CI,0000,EUR,N,Z,2012-04,2.99,A,F,,,P1M,,A,,,,,,,,,2,,,Long-term interest rate for convergence purposes - Euro,"France, Long-term interest rate for convergence purposes - Unspecified rate type, Debt security issued, 10 years maturity, New business coverage, denominated in Euro - Unspecified counterpart sector",PC,0
IRS.M.FR.L.L40.CI.0000.EUR.N.Z,M,FR,L,L40,CI,0000,EUR,N,Z,2012-05,2.75,A,F,,,P1M,,A,,,,,,,,,2,,,Long-term interest rate for convergence purposes - Euro,"France, Long-term interest rate for convergence purposes - Unspecified rate type, Debt security issued, 10 years maturity, New business coverage, denominated in Euro - Unspecified counterpart sector",PC,0
IRS.M.FR.L.L40.CI.0000.EUR.N.Z,M,FR,L,L40,CI,0000,EUR,N,Z,2012-06,2.57,A,F,,,P1M,,A,,,,,,,,,2,,,Long-term interest rate for convergence purposes - Euro,"France, Long-term interest rate for convergence purposes - Unspecified rate type, Debt security issued, 10 years maturity, New business coverage, denominated in Euro - Unspecified counterpart sector",PC,0
IRS.M.FR.L.L40.CI.0000.EUR.N.Z,M,FR,L,L40,CI,0000,EUR,N,Z,2012-07,2.28,A,F,,,P1M,,A,,,,,,,,,2,,,Long-term interest rate for convergence purposes - Euro,"France, Long-term interest rate for convergence purposes - Unspecified rate type, Debt security issued, 10 years maturity, New business coverage, denominated in Euro - Unspecified counterpart sector",PC,0
IRS.M.FR.L.L40.CI.0000.EUR.N.Z,M,FR,L,L40,CI,0000,EUR,N,Z,2012-08,2.12,A,F,,,P1M,,A,,,,,,,,,2,,,Long-term interest rate for convergence purposes - Euro,"France, Long-term interest rate for convergence purposes - Unspecified rate type, Debt security issued, 10 years maturity, New business coverage, denominated in Euro - Unspecified counterpart sector",PC,0
IRS.M.FR.L.L40.CI.0000.EUR.N.Z,M,FR,L,L40,CI,0000,EUR,N,Z,2012-09,2.24,A,F,,,P1M,,A,,,,,,,,,2,,,Long-term interest rate for convergence purposes - Euro,"France, Long-term interest rate for convergence purposes - Unspecified rate type, Debt security issued, 10 years maturity, New business coverage, denominated in Euro - Unspecified counterpart sector",PC,0
IRS.M.FR.L.L40.CI.0000.EUR.N.Z,M,FR,L,L40,CI,0000,EUR,N,Z,2012-10,2.19,A,F,,,P1M,,A,,,,,,,,,2,,,Long-term interest rate for convergence purposes - Euro,"France, Long-term interest rate for convergence purposes - Unspecified rate type, Debt security issued, 10 years maturity, New business coverage, denominated in Euro - Unspecified counterpart sector",PC,0
IRS.M.FR.L.L40.CI.0000.EUR.N.Z,M,FR,L,L40,CI,0000,EUR,N,Z,2012-11,2.14,A,F,,,P1M,,A,,,,,,,,,2,,,Long-term interest rate for convergence purposes - Euro,"France, Long-term interest rate for convergence purposes - Unspecified rate type, Debt security issued, 10 years maturity, New business coverage, denominated in Euro - Unspecified counterpart sector",PC,0
IRS.M.FR.L.L40.CI.0000.EUR.N.Z,M,FR,L,L40,CI,0000,EUR,N,Z,2012-12,2.01,A,F,,,P1M,,A,,,,,,,,,2,,,Long-term interest rate for convergence purposes - Euro,"France, Long-term interest rate for convergence purposes - Unspecified rate type, Debt security issued, 10 years maturity, New business coverage, denominated in Euro - Unspecified counterpart sector",PC,0
IRS.M.FR.L.L40.CI.0000.EUR.N.Z,M,FR,L,L40,CI,0000,EUR,N,Z,2013-01,2.17,A,F,,,P1M,,A,,,,,,,,,2,,,Long-term interest rate for convergence purposes - Euro,"France, Long-term interest rate for convergence purposes - Unspecified rate type, Debt security issued, 10 years maturity, New business coverage, denominated in Euro - Unspecified counterpart sector",PC,0
IRS.M.FR.L.L40.CI.0000.EUR.N.Z,M,FR,L,L40,CI,0000,EUR,N,Z,2013-02,2.24,A,F,,,P1M,,A,,,,,,,,,2,,,Long-term interest rate for convergence purposes - Euro,"France, Long-term interest rate for convergence purposes - Unspecified rate type, Debt security issued, 10 years maturity, New business coverage, denominated in Euro - Unspecified counterpart sector",PC,0
IRS.M.FR.L.L40.CI.0000.EUR.N.Z,M,FR,L,L40,CI,0000,EUR,N,Z,2013-03,2.07,A,F,,,P1M,,A,,,,,,,,,2,,,Long-term interest rate for convergence purposes - Euro,"France, Long-term interest rate for convergence purposes - Unspecified rate type, Debt security issued, 10 years maturity, New business coverage, denominated in Euro - Unspecified counterpart sector",PC,0
IRS.M.FR.L.L40.CI.0000.EUR.N.Z,M,FR,L,L40,CI,0000,EUR,N,Z,2013-04,1.8,A,F,,,P1M,,A,,,,,,,,,2,,,Long-term interest rate for convergence purposes - Euro,"France, Long-term interest rate for convergence purposes - Unspecified rate type, Debt security issued, 10 years maturity, New business coverage, denominated in Euro - Unspecified counterpart sector",PC,0
IRS.M.FR.L.L40.CI.0000.EUR.N.Z,M,FR,L,L40,CI,0000,EUR,N,Z,2013-05,1.87,A,F,,,P1M,,A,,,,,,,,,2,,,Long-term interest rate for convergence purposes - Euro,"France, Long-term interest rate for convergence purposes - Unspecified rate type, Debt security issued, 10 years maturity, New business coverage, denominated in Euro - Unspecified counterpart sector",PC,0
IRS.M.FR.L.L40.CI.0000.EUR.N.Z,M,FR,L,L40,CI,0000,EUR,N,Z,2013-06,2.21,A,F,,,P1M,,A,,,,,,,,,2,,,Long-term interest rate for convergence purposes - Euro,"France, Long-term interest rate for convergence purposes - Unspecified rate type, Debt security issued, 10 years maturity, New business coverage, denominated in Euro - Unspecified counterpart sector",PC,0
IRS.M.FR.L.L40.CI.0000.EUR.N.Z,M,FR,L,L40,CI,0000,EUR,N,Z,2013-07,2.25,A,F,,,P1M,,A,,,,,,,,,2,,,Long-term interest rate for convergence purposes - Euro,"France, Long-term interest rate for convergence purposes - Unspecified rate type, Debt security issued, 10 years maturity, New business coverage, denominated in Euro - Unspecified counterpart sector",PC,0
IRS.M.FR.L.L40.CI.0000.EUR.N.Z,M,FR,L,L40,CI,0000,EUR,N,Z,2013-08,2.36,A,F,,,P1M,,A,,,,,,,,,2,,,Long-term interest rate for convergence purposes - Euro,"France, Long-term interest rate for convergence purposes - Unspecified rate type, Debt security issued, 10 years maturity, New business coverage, denominated in Euro - Unspecified counterpart sector",PC,0
IRS.M.FR.L.L40.CI.0000.EUR.N.Z,M,FR,L,L40,CI,0000,EUR,N,Z,2013-09,2.49,A,F,,,P1M,,A,,,,,,,,,2,,,Long-term interest rate for convergence purposes - Euro,"France, Long-term interest rate for convergence purposes - Unspecified rate type, Debt security issued, 10 years maturity, New business coverage, denominated in Euro - Unspecified counterpart sector",PC,0
IRS.M.FR.L.L40.CI.0000.EUR.N.Z,M,FR,L,L40,CI,0000,EUR,N,Z,2013-10,2.39,A,F,,,P1M,,A,,,,,,,,,2,,,Long-term interest rate for convergence purposes - Euro,"France, Long-term interest rate for convergence purposes - Unspecified rate type, Debt security issued, 10 years maturity, New business coverage, denominated in Euro - Unspecified counterpart sector",PC,0
IRS.M.FR.L.L40.CI.0000.EUR.N.Z,M,FR,L,L40,CI,0000,EUR,N,Z,2013-11,2.27,A,F,,,P1M,,A,,,,,,,,,2,,,Long-term interest rate for convergence purposes - Euro,"France, Long-term interest rate for convergence purposes - Unspecified rate type, Debt security issued, 10 years maturity, New business coverage, denominated in Euro - Unspecified counterpart sector",PC,0
IRS.M.FR.L.L40.CI.0000.EUR.N.Z,M,FR,L,L40,CI,0000,EUR,N,Z,2013-12,2.33,A,F,,,P1M,,A,,,,,,,,,2,,,Long-term interest rate for convergence purposes - Euro,"France, Long-term interest rate for convergence purposes - Unspecified rate type, Debt security issued, 10 years maturity, New business coverage, denominated in Euro - Unspecified counterpart sector",PC,0
IRS.M.FR.L.L40.CI.0000.EUR.N.Z,M,FR,L,L40,CI,0000,EUR,N,Z,2014-01,2.38,A,F,,,P1M,,A,,,,,,,,,2,,,Long-term interest rate for convergence purposes - Euro,"France, Long-term interest rate for convergence purposes - Unspecified rate type, Debt security issued, 10 years maturity, New business coverage, denominated in Euro - Unspecified counterpart sector",PC,0
IRS.M.FR.L.L40.CI.0000.EUR.N.Z,M,FR,L,L40,CI,0000,EUR,N,Z,2014-02,2.25,A,F,,,P1M,,A,,,,,,,,,2,,,Long-term interest rate for convergence purposes - Euro,"France, Long-term interest rate for convergence purposes - Unspecified rate type, Debt security issued, 10 years maturity, New business coverage, denominated in Euro - Unspecified counterpart sector",PC,0
IRS.M.FR.L.L40.CI.0000.EUR.N.Z,M,FR,L,L40,CI,0000,EUR,N,Z,2014-03,2.15,A,F,,,P1M,,A,,,,,,,,,2,,,Long-term interest rate for convergence purposes - Euro,"France, Long-term interest rate for convergence purposes - Unspecified rate type, Debt security issued, 10 years maturity, New business coverage, denominated in Euro - Unspecified counterpart sector",PC,0
IRS.M.FR.L.L40.CI.0000.EUR.N.Z,M,FR,L,L40,CI,0000,EUR,N,Z,2014-04,2.03,A,F,,,P1M,,A,,,,,,,,,2,,,Long-term interest rate for convergence purposes - Euro,"France, Long-term interest rate for convergence purposes - Unspecified rate type, Debt security issued, 10 years maturity, New business coverage, denominated in Euro - Unspecified counterpart sector",PC,0
IRS.M.FR.L.L40.CI.0000.EUR.N.Z,M,FR,L,L40,CI,0000,EUR,N,Z,2014-05,1.84,A,F,,,P1M,,A,,,,,,,,,2,,,Long-term interest rate for convergence purposes - Euro,"France, Long-term interest rate for convergence purposes - Unspecified rate type, Debt security issued, 10 years maturity, New business coverage, denominated in Euro - Unspecified counterpart sector",PC,0
IRS.M.FR.L.L40.CI.0000.EUR.N.Z,M,FR,L,L40,CI,0000,EUR,N,Z,2014-06,1.71,A,F,,,P1M,,A,,,,,,,,,2,,,Long-term interest rate for convergence purposes - Euro,"France, Long-term interest rate for convergence purposes - Unspecified rate type, Debt security issued, 10 years maturity, New business coverage, denominated in Euro - Unspecified counterpart sector",PC,0
IRS.M.FR.L.L40.CI.0000.EUR.N.Z,M,FR,L,L40,CI,0000,EUR,N,Z,2014-07,1.56,A,F,,,P1M,,A,,,,,,,,,2,,,Long-term interest rate for convergence purposes - Euro,"France, Long-term interest rate for convergence purposes - Unspecified rate type, Debt security issued, 10 years maturity, New business coverage, denominated in Euro - Unspecified counterpart sector",PC,0
IRS.M.FR.L.L40.CI.0000.EUR.N.Z,M,FR,L,L40,CI,0000,EUR,N,Z,2014-08,1.41,A,F,,,P1M,,A,,,,,,,,,2,,,Long-term interest rate for convergence purposes - Euro,"France, Long-term interest rate for convergence purposes - Unspecified rate type, Debt security issued, 10 years maturity, New business coverage, denominated in Euro - Unspecified counterpart sector",PC,0
IRS.M.FR.L.L40.CI.0000.EUR.N.Z,M,FR,L,L40,CI,0000,EUR,N,Z,2014-09,1.35,A,F,,,P1M,,A,,,,,,,,,2,,,Long-term interest rate for convergence purposes - Euro,"France, Long-term interest rate for convergence purposes - Unspecified rate type, Debt security issued, 10 years maturity, New business coverage, denominated in Euro - Unspecified counterpart sector",PC,0
IRS.M.FR.L.L40.CI.0000.EUR.N.Z,M,FR,L,L40,CI,0000,EUR,N,Z,2014-10,1.26,A,F,,,P1M,,A,,,,,,,,,2,,,Long-term interest rate for convergence purposes - Euro,"France, Long-term interest rate for convergence purposes - Unspecified rate type, Debt security issued, 10 years maturity, New business coverage, denominated in Euro - Unspecified counterpart sector",PC,0
IRS.M.FR.L.L40.CI.0000.EUR.N.Z,M,FR,L,L40,CI,0000,EUR,N,Z,2014-11,1.14,A,F,,,P1M,,A,,,,,,,,,2,,,Long-term interest rate for convergence purposes - Euro,"France, Long-term interest rate for convergence purposes - Unspecified rate type, Debt security issued, 10 years maturity, New business coverage, denominated in Euro - Unspecified counterpart sector",PC,0
IRS.M.FR.L.L40.CI.0000.EUR.N.Z,M,FR,L,L40,CI,0000,EUR,N,Z,2014-12,0.92,A,F,,,P1M,,A,,,,,,,,,2,,,Long-term interest rate for convergence purposes - Euro,"France, Long-term interest rate for convergence purposes - Unspecified rate type, Debt security issued, 10 years maturity, New business coverage, denominated in Euro - Unspecified counterpart sector",PC,0
IRS.M.FR.L.L40.CI.0000.EUR.N.Z,M,FR,L,L40,CI,0000,EUR,N,Z,2015-01,0.67,A,F,,,P1M,,A,,,,,,,,,2,,,Long-term interest rate for convergence purposes - Euro,"France, Long-term interest rate for convergence purposes - Unspecified rate type, Debt security issued, 10 years maturity, New business coverage, denominated in Euro - Unspecified counterpart sector",PC,0
IRS.M.FR.L.L40.CI.0000.EUR.N.Z,M,FR,L,L40,CI,0000,EUR,N,Z,2015-02,0.6,A,F,,,P1M,,A,,,,,,,,,2,,,Long-term interest rate for convergence purposes - Euro,"France, Long-term interest rate for convergence purposes - Unspecified rate type, Debt security issued, 10 years maturity, New business coverage, denominated in Euro - Unspecified counterpart sector",PC,0
IRS.M.FR.L.L40.CI.0000.EUR.N.Z,M,FR,L,L40,CI,0000,EUR,N,Z,2015-03,0.51,A,F,,,P1M,,A,,,,,,,,,2,,,Long-term interest rate for convergence purposes - Euro,"France, Long-term interest rate for convergence purposes - Unspecified rate type, Debt security issued, 10 years maturity, New business coverage, denominated in Euro - Unspecified counterpart sector",PC,0
IRS.M.FR.L.L40.CI.0000.EUR.N.Z,M,FR,L,L40,CI,0000,EUR,N,Z,2015-04,0.44,A,F,,,P1M,,A,,,,,,,,,2,,,Long-term interest rate for convergence purposes - Euro,"France, Long-term interest rate for convergence purposes - Unspecified rate type, Debt security issued, 10 years maturity, New business coverage, denominated in Euro - Unspecified counterpart sector",PC,0
IRS.M.FR.L.L40.CI.0000.EUR.N.Z,M,FR,L,L40,CI,0000,EUR,N,Z,2015-05,0.89,A,F,,,P1M,,A,,,,,,,,,2,,,Long-term interest rate for convergence purposes - Euro,"France, Long-term interest rate for convergence purposes - Unspecified rate type, Debt security issued, 10 years maturity, New business coverage, denominated in Euro - Unspecified counterpart sector",PC,0
IRS.M.FR.L.L40.CI.0000.EUR.N.Z,M,FR,L,L40,CI,0000,EUR,N,Z,2015-06,1.2,A,F,,,P1M,,A,,,,,,,,,2,,,Long-term interest rate for convergence purposes - Euro,"France, Long-term interest rate for convergence purposes - Unspecified rate type, Debt security issued, 10 years maturity, New business coverage, denominated in Euro - Unspecified counterpart sector",PC,0
IRS.M.FR.L.L40.CI.0000.EUR.N.Z,M,FR,L,L40,CI,0000,EUR,N,Z,2015-07,1.11,A,F,,,P1M,,A,,,,,,,,,2,,,Long-term interest rate for convergence purposes - Euro,"France, Long-term interest rate for convergence purposes - Unspecified rate type, Debt security issued, 10 years maturity, New business coverage, denominated in Euro - Unspecified counterpart sector",PC,0
IRS.M.FR.L.L40.CI.0000.EUR.N.Z,M,FR,L,L40,CI,0000,EUR,N,Z,2015-08,1.01,A,F,,,P1M,,A,,,,,,,,,2,,,Long-term interest rate for convergence purposes - Euro,"France, Long-term interest rate for convergence purposes - Unspecified rate type, Debt security issued, 10 years maturity, New business coverage, denominated in Euro - Unspecified counterpart sector",PC,0
IRS.M.FR.L.L40.CI.0000.EUR.N.Z,M,FR,L,L40,CI,0000,EUR,N,Z,2015-09,1,A,F,,,P1M,,A,,,,,,,,,2,,,Long-term interest rate for convergence purposes - Euro,"France, Long-term interest rate for convergence purposes - Unspecified rate type, Debt security issued, 10 years maturity, New business coverage, denominated in Euro - Unspecified counterpart sector",PC,0
IRS.M.FR.L.L40.CI.0000.EUR.N.Z,M,FR,L,L40,CI,0000,EUR,N,Z,2015-10,0.87,A,F,,,P1M,,A,,,,,,,,,2,,,Long-term interest rate for convergence purposes - Euro,"France, Long-term interest rate for convergence purposes - Unspecified rate type, Debt security issued, 10 years maturity, New business coverage, denominated in Euro - Unspecified counterpart sector",PC,0
IRS.M.FR.L.L40.CI.0000.EUR.N.Z,M,FR,L,L40,CI,0000,EUR,N,Z,2015-11,0.88,A,F,,,P1M,,A,,,,,,,,,2,,,Long-term interest rate for convergence purposes - Euro,"France, Long-term interest rate for convergence purposes - Unspecified rate type, Debt security issued, 10 years maturity, New business coverage, denominated in Euro - Unspecified counterpart sector",PC,0
IRS.M.FR.L.L40.CI.0000.EUR.N.Z,M,FR,L,L40,CI,0000,EUR,N,Z,2015-12,0.93,A,F,,,P1M,,A,,,,,,,,,2,,,Long-term interest rate for convergence purposes - Euro,"France, Long-term interest rate for convergence purposes - Unspecified rate type, Debt security issued, 10 years maturity, New business coverage, denominated in Euro - Unspecified counterpart sector",PC,0
IRS.M.FR.L.L40.CI.0000.EUR.N.Z,M,FR,L,L40,CI,0000,EUR,N,Z,2016-01,0.84,A,F,,,P1M,,A,,,,,,,,,2,,,Long-term interest rate for convergence purposes - Euro,"France, Long-term interest rate for convergence purposes - Unspecified rate type, Debt security issued, 10 years maturity, New business coverage, denominated in Euro - Unspecified counterpart sector",PC,0
IRS.M.FR.L.L40.CI.0000.EUR.N.Z,M,FR,L,L40,CI,0000,EUR,N,Z,2016-02,0.59,A,F,,,P1M,,A,,,,,,,,,2,,,Long-term interest rate for convergence purposes - Euro,"France, Long-term interest rate for convergence purposes - Unspecified rate type, Debt security issued, 10 years maturity, New business coverage, denominated in Euro - Unspecified counterpart sector",PC,0
IRS.M.FR.L.L40.CI.0000.EUR.N.Z,M,FR,L,L40,CI,0000,EUR,N,Z,2016-03,0.51,A,F,,,P1M,,A,,,,,,,,,2,,,Long-term interest rate for convergence purposes - Euro,"France, Long-term interest rate for convergence purposes - Unspecified rate type, Debt security issued, 10 years maturity, New business coverage, denominated in Euro - Unspecified counterpart sector",PC,0
IRS.M.FR.L.L40.CI.0000.EUR.N.Z,M,FR,L,L40,CI,0000,EUR,N,Z,2016-04,0.51,A,F,,,P1M,,A,,,,,,,,,2,,,Long-term interest rate for convergence purposes - Euro,"France, Long-term interest rate for convergence purposes - Unspecified rate type, Debt security issued, 10 years maturity, New business coverage, denominated in Euro - Unspecified counterpart sector",PC,0
IRS.M.FR.L.L40.CI.0000.EUR.N.Z,M,FR,L,L40,CI,0000,EUR,N,Z,2016-05,0.51,A,F,,,P1M,,A,,,,,,,,,2,,,Long-term interest rate for convergence purposes - Euro,"France, Long-term interest rate for convergence purposes - Unspecified rate type, Debt security issued, 10 years maturity, New business coverage, denominated in Euro - Unspecified counterpart sector",PC,0
IRS.M.FR.L.L40.CI.0000.EUR.N.Z,M,FR,L,L40,CI,0000,EUR,N,Z,2016-06,0.39,A,F,,,P1M,,A,,,,,,,,,2,,,Long-term interest rate for convergence purposes - Euro,"France, Long-term interest rate for convergence purposes - Unspecified rate type, Debt security issued, 10 years maturity, New business coverage, denominated in Euro - Unspecified counterpart sector",PC,0
IRS.M.FR.L.L40.CI.0000.EUR.N.Z,M,FR,L,L40,CI,0000,EUR,N,Z,2016-07,0.17,A,F,,,P1M,,A,,,,,,,,,2,,,Long-term interest rate for convergence purposes - Euro,"France, Long-term interest rate for convergence purposes - Unspecified rate type, Debt security issued, 10 years maturity, New business coverage, denominated in Euro - Unspecified counterpart sector",PC,0
IRS.M.FR.L.L40.CI.0000.EUR.N.Z,M,FR,L,L40,CI,0000,EUR,N,Z,2016-08,0.15,A,F,,,P1M,,A,,,,,,,,,2,,,Long-term interest rate for convergence purposes - Euro,"France, Long-term interest rate for convergence purposes - Unspecified rate type, Debt security issued, 10 years maturity, New business coverage, denominated in Euro - Unspecified counterpart sector",PC,0
IRS.M.FR.L.L40.CI.0000.EUR.N.Z,M,FR,L,L40,CI,0000,EUR,N,Z,2016-09,0.18,A,F,,,P1M,,A,,,,,,,,,2,,,Long-term interest rate for convergence purposes - Euro,"France, Long-term interest rate for convergence purposes - Unspecified rate type, Debt security issued, 10 years maturity, New business coverage, denominated in Euro - Unspecified counterpart sector",PC,0
IRS.M.FR.L.L40.CI.0000.EUR.N.Z,M,FR,L,L40,CI,0000,EUR,N,Z,2016-10,0.33,A,F,,,P1M,,A,,,,,,,,,2,,,Long-term interest rate for convergence purposes - Euro,"France, Long-term interest rate for convergence purposes - Unspecified rate type, Debt security issued, 10 years maturity, New business coverage, denominated in Euro - Unspecified counterpart sector",PC,0
IRS.M.FR.L.L40.CI.0000.EUR.N.Z,M,FR,L,L40,CI,0000,EUR,N,Z,2016-11,0.67,A,F,,,P1M,,A,,,,,,,,,2,,,Long-term interest rate for convergence purposes - Euro,"France, Long-term interest rate for convergence purposes - Unspecified rate type, Debt security issued, 10 years maturity, New business coverage, denominated in Euro - Unspecified counterpart sector",PC,0
IRS.M.FR.L.L40.CI.0000.EUR.N.Z,M,FR,L,L40,CI,0000,EUR,N,Z,2016-12,0.75,A,F,,,P1M,,A,,,,,,,,,2,,,Long-term interest rate for convergence purposes - Euro,"France, Long-term interest rate for convergence purposes - Unspecified rate type, Debt security issued, 10 years maturity, New business coverage, denominated in Euro - Unspecified counterpart sector",PC,0
IRS.M.FR.L.L40.CI.0000.EUR.N.Z,M,FR,L,L40,CI,0000,EUR,N,Z,2017-01,0.86,A,F,,,P1M,,A,,,,,,,,,2,,,Long-term interest rate for convergence purposes - Euro,"France, Long-term interest rate for convergence purposes - Unspecified rate type, Debt security issued, 10 years maturity, New business coverage, denominated in Euro - Unspecified counterpart sector",PC,0
IRS.M.FR.L.L40.CI.0000.EUR.N.Z,M,FR,L,L40,CI,0000,EUR,N,Z,2017-02,1.03,A,F,,,P1M,,A,,,,,,,,,2,,,Long-term interest rate for convergence purposes - Euro,"France, Long-term interest rate for convergence purposes - Unspecified rate type, Debt security issued, 10 years maturity, New business coverage, denominated in Euro - Unspecified counterpart sector",PC,0
IRS.M.FR.L.L40.CI.0000.EUR.N.Z,M,FR,L,L40,CI,0000,EUR,N,Z,2017-03,1.02,A,F,,,P1M,,A,,,,,,,,,2,,,Long-term interest rate for convergence purposes - Euro,"France, Long-term interest rate for convergence purposes - Unspecified rate type, Debt security issued, 10 years maturity, New business coverage, denominated in Euro - Unspecified counterpart sector",PC,0
IRS.M.FR.L.L40.CI.0000.EUR.N.Z,M,FR,L,L40,CI,0000,EUR,N,Z,2017-04,0.88,A,F,,,P1M,,A,,,,,,,,,2,,,Long-term interest rate for convergence purposes - Euro,"France, Long-term interest rate for convergence purposes - Unspecified rate type, Debt security issued, 10 years maturity, New business coverage, denominated in Euro - Unspecified counterpart sector",PC,0
IRS.M.FR.L.L40.CI.0000.EUR.N.Z,M,FR,L,L40,CI,0000,EUR,N,Z,2017-05,0.81,A,F,,,P1M,,A,,,,,,,,,2,,,Long-term interest rate for convergence purposes - Euro,"France, Long-term interest rate for convergence purposes - Unspecified rate type, Debt security issued, 10 years maturity, New business coverage, denominated in Euro - Unspecified counterpart sector",PC,0
IRS.M.FR.L.L40.CI.0000.EUR.N.Z,M,FR,L,L40,CI,0000,EUR,N,Z,2017-06,0.66,A,F,,,P1M,,A,,,,,,,,,2,,,Long-term interest rate for convergence purposes - Euro,"France, Long-term interest rate for convergence purposes - Unspecified rate type, Debt security issued, 10 years maturity, New business coverage, denominated in Euro - Unspecified counterpart sector",PC,0
IRS.M.FR.L.L40.CI.0000.EUR.N.Z,M,FR,L,L40,CI,0000,EUR,N,Z,2017-07,0.84,A,F,,,P1M,,A,,,,,,,,,2,,,Long-term interest rate for convergence purposes - Euro,"France, Long-term interest rate for convergence purposes - Unspecified rate type, Debt security issued, 10 years maturity, New business coverage, denominated in Euro - Unspecified counterpart sector",PC,0
IRS.M.FR.L.L40.CI.0000.EUR.N.Z,M,FR,L,L40,CI,0000,EUR,N,Z,2017-08,0.71,A,F,,,P1M,,A,,,,,,,,,2,,,Long-term interest rate for convergence purposes - Euro,"France, Long-term interest rate for convergence purposes - Unspecified rate type, Debt security issued, 10 years maturity, New business coverage, denominated in Euro - Unspecified counterpart sector",PC,0
IRS.M.FR.L.L40.CI.0000.EUR.N.Z,M,FR,L,L40,CI,0000,EUR,N,Z,2017-09,0.7,A,F,,,P1M,,A,,,,,,,,,2,,,Long-term interest rate for convergence purposes - Euro,"France, Long-term interest rate for convergence purposes - Unspecified rate type, Debt security issued, 10 years maturity, New business coverage, denominated in Euro - Unspecified counterpart sector",PC,0
IRS.M.FR.L.L40.CI.0000.EUR.N.Z,M,FR,L,L40,CI,0000,EUR,N,Z,2017-10,0.81,A,F,,,P1M,,A,,,,,,,,,2,,,Long-term interest rate for convergence purposes - Euro,"France, Long-term interest rate for convergence purposes - Unspecified rate type, Debt security issued, 10 years maturity, New business coverage, denominated in Euro - Unspecified counterpart sector",PC,0
IRS.M.FR.L.L40.CI.0000.EUR.N.Z,M,FR,L,L40,CI,0000,EUR,N,Z,2017-11,0.72,A,F,,,P1M,,A,,,,,,,,,2,,,Long-term interest rate for convergence purposes - Euro,"France, Long-term interest rate for convergence purposes - Unspecified rate type, Debt security issued, 10 years maturity, New business coverage, denominated in Euro - Unspecified counterpart sector",PC,0
IRS.M.FR.L.L40.CI.0000.EUR.N.Z,M,FR,L,L40,CI,0000,EUR,N,Z,2017-12,0.67,A,F,,,P1M,,A,,,,,,,,,2,,,Long-term interest rate for convergence purposes - Euro,"France, Long-term interest rate for convergence purposes - Unspecified rate type, Debt security issued, 10 years maturity, New business coverage, denominated in Euro - Unspecified counterpart sector",PC,0
IRS.M.FR.L.L40.CI.0000.EUR.N.Z,M,FR,L,L40,CI,0000,EUR,N,Z,2018-01,0.85,A,F,,,P1M,,A,,,,,,,,,2,,,Long-term interest rate for convergence purposes - Euro,"France, Long-term interest rate for convergence purposes - Unspecified rate type, Debt security issued, 10 years maturity, New business coverage, denominated in Euro - Unspecified counterpart sector",PC,0
IRS.M.FR.L.L40.CI.0000.EUR.N.Z,M,FR,L,L40,CI,0000,EUR,N,Z,2018-02,0.98,A,F,,,P1M,,A,,,,,,,,,2,,,Long-term interest rate for convergence purposes - Euro,"France, Long-term interest rate for convergence purposes - Unspecified rate type, Debt security issued, 10 years maturity, New business coverage, denominated in Euro - Unspecified counterpart sector",PC,0
IRS.M.FR.L.L40.CI.0000.EUR.N.Z,M,FR,L,L40,CI,0000,EUR,N,Z,2018-03,0.83,A,F,,,P1M,,A,,,,,,,,,2,,,Long-term interest rate for convergence purposes - Euro,"France, Long-term interest rate for convergence purposes - Unspecified rate type, Debt security issued, 10 years maturity, New business coverage, denominated in Euro - Unspecified counterpart sector",PC,0
IRS.M.FR.L.L40.CI.0000.EUR.N.Z,M,FR,L,L40,CI,0000,EUR,N,Z,2018-04,0.78,A,F,,,P1M,,A,,,,,,,,,2,,,Long-term interest rate for convergence purposes - Euro,"France, Long-term interest rate for convergence purposes - Unspecified rate type, Debt security issued, 10 years maturity, New business coverage, denominated in Euro - Unspecified counterpart sector",PC,0
IRS.M.FR.L.L40.CI.0000.EUR.N.Z,M,FR,L,L40,CI,0000,EUR,N,Z,2018-05,0.79,A,F,,,P1M,,A,,,,,,,,,2,,,Long-term interest rate for convergence purposes - Euro,"France, Long-term interest rate for convergence purposes - Unspecified rate type, Debt security issued, 10 years maturity, New business coverage, denominated in Euro - Unspecified counterpart sector",PC,0
IRS.M.FR.L.L40.CI.0000.EUR.N.Z,M,FR,L,L40,CI,0000,EUR,N,Z,2018-06,0.75,A,F,,,P1M,,A,,,,,,,,,2,,,Long-term interest rate for convergence purposes - Euro,"France, Long-term interest rate for convergence purposes - Unspecified rate type, Debt security issued, 10 years maturity, New business coverage, denominated in Euro - Unspecified counterpart sector",PC,0
IRS.M.FR.L.L40.CI.0000.EUR.N.Z,M,FR,L,L40,CI,0000,EUR,N,Z,2018-07,0.67,A,F,,,P1M,,A,,,,,,,,,2,,,Long-term interest rate for convergence purposes - Euro,"France, Long-term interest rate for convergence purposes - Unspecified rate type, Debt security issued, 10 years maturity, New business coverage, denominated in Euro - Unspecified counterpart sector",PC,0
IRS.M.FR.L.L40.CI.0000.EUR.N.Z,M,FR,L,L40,CI,0000,EUR,N,Z,2018-08,0.7,A,F,,,P1M,,A,,,,,,,,,2,,,Long-term interest rate for convergence purposes - Euro,"France, Long-term interest rate for convergence purposes - Unspecified rate type, Debt security issued, 10 years maturity, New business coverage, denominated in Euro - Unspecified counterpart sector",PC,0
IRS.M.FR.L.L40.CI.0000.EUR.N.Z,M,FR,L,L40,CI,0000,EUR,N,Z,2018-09,0.77,A,F,,,P1M,,A,,,,,,,,,2,,,Long-term interest rate for convergence purposes - Euro,"France, Long-term interest rate for convergence purposes - Unspecified rate type, Debt security issued, 10 years maturity, New business coverage, denominated in Euro - Unspecified counterpart sector",PC,0
IRS.M.FR.L.L40.CI.0000.EUR.N.Z,M,FR,L,L40,CI,0000,EUR,N,Z,2018-10,0.82,A,F,,,P1M,,A,,,,,,,,,2,,,Long-term interest rate for convergence purposes - Euro,"France, Long-term interest rate for convergence purposes - Unspecified rate type, Debt security issued, 10 years maturity, New business coverage, denominated in Euro - Unspecified counterpart sector",PC,0
IRS.M.FR.L.L40.CI.0000.EUR.N.Z,M,FR,L,L40,CI,0000,EUR,N,Z,2018-11,0.76,A,F,,,P1M,,A,,,,,,,,,2,,,Long-term interest rate for convergence purposes - Euro,"France, Long-term interest rate for convergence purposes - Unspecified rate type, Debt security issued, 10 years maturity, New business coverage, denominated in Euro - Unspecified counterpart sector",PC,0
IRS.M.FR.L.L40.CI.0000.EUR.N.Z,M,FR,L,L40,CI,0000,EUR,N,Z,2018-12,0.7,A,F,,,P1M,,A,,,,,,,,,2,,,Long-term interest rate for convergence purposes - Euro,"France, Long-term interest rate for convergence purposes - Unspecified rate type, Debt security issued, 10 years maturity, New business coverage, denominated in Euro - Unspecified counterpart sector",PC,0
IRS.M.FR.L.L40.CI.0000.EUR.N.Z,M,FR,L,L40,CI,0000,EUR,N,Z,2019-01,0.65,A,F,,,P1M,,A,,,,,,,,,2,,,Long-term interest rate for convergence purposes - Euro,"France, Long-term interest rate for convergence purposes - Unspecified rate type, Debt security issued, 10 years maturity, New business coverage, denominated in Euro - Unspecified counterpart sector",PC,0
IRS.M.FR.L.L40.CI.0000.EUR.N.Z,M,FR,L,L40,CI,0000,EUR,N,Z,2019-02,0.55,A,F,,,P1M,,A,,,,,,,,,2,,,Long-term interest rate for convergence purposes - Euro,"France, Long-term interest rate for convergence purposes - Unspecified rate type, Debt security issued, 10 years maturity, New business coverage, denominated in Euro - Unspecified counterpart sector",PC,0
IRS.M.FR.L.L40.CI.0000.EUR.N.Z,M,FR,L,L40,CI,0000,EUR,N,Z,2019-03,0.44,A,F,,,P1M,,A,,,,,,,,,2,,,Long-term interest rate for convergence purposes - Euro,"France, Long-term interest rate for convergence purposes - Unspecified rate type, Debt security issued, 10 years maturity, New business coverage, denominated in Euro - Unspecified counterpart sector",PC,0
IRS.M.FR.L.L40.CI.0000.EUR.N.Z,M,FR,L,L40,CI,0000,EUR,N,Z,2019-04,0.37,A,F,,,P1M,,A,,,,,,,,,2,,,Long-term interest rate for convergence purposes - Euro,"France, Long-term interest rate for convergence purposes - Unspecified rate type, Debt security issued, 10 years maturity, New business coverage, denominated in Euro - Unspecified counterpart sector",PC,0
IRS.M.FR.L.L40.CI.0000.EUR.N.Z,M,FR,L,L40,CI,0000,EUR,N,Z,2019-05,0.3,A,F,,,P1M,,A,,,,,,,,,2,,,Long-term interest rate for convergence purposes - Euro,"France, Long-term interest rate for convergence purposes - Unspecified rate type, Debt security issued, 10 years maturity, New business coverage, denominated in Euro - Unspecified counterpart sector",PC,0
IRS.M.FR.L.L40.CI.0000.EUR.N.Z,M,FR,L,L40,CI,0000,EUR,N,Z,2019-06,0.08,A,F,,,P1M,,A,,,,,,,,,2,,,Long-term interest rate for convergence purposes - Euro,"France, Long-term interest rate for convergence purposes - Unspecified rate type, Debt security issued, 10 years maturity, New business coverage, denominated in Euro - Unspecified counterpart sector",PC,0
IRS.M.FR.L.L40.CI.0000.EUR.N.Z,M,FR,L,L40,CI,0000,EUR,N,Z,2019-07,-0.07,A,F,,,P1M,,A,,,,,,,,,2,,,Long-term interest rate for convergence purposes - Euro,"France, Long-term interest rate for convergence purposes - Unspecified rate type, Debt security issued, 10 years maturity, New business coverage, denominated in Euro - Unspecified counterpart sector",PC,0
IRS.M.FR.L.L40.CI.0000.EUR.N.Z,M,FR,L,L40,CI,0000,EUR,N,Z,2019-08,-0.34,A,F,,,P1M,,A,,,,,,,,,2,,,Long-term interest rate for convergence purposes - Euro,"France, Long-term interest rate for convergence purposes - Unspecified rate type, Debt security issued, 10 years maturity, New business coverage, denominated in Euro - Unspecified counterpart sector",PC,0
IRS.M.FR.L.L40.CI.0000.EUR.N.Z,M,FR,L,L40,CI,0000,EUR,N,Z,2019-09,-0.27,A,F,,,P1M,,A,,,,,,,,,2,,,Long-term interest rate for convergence purposes - Euro,"France, Long-term interest rate for convergence purposes - Unspecified rate type, Debt security issued, 10 years maturity, New business coverage, denominated in Euro - Unspecified counterpart sector",PC,0
IRS.M.FR.L.L40.CI.0000.EUR.N.Z,M,FR,L,L40,CI,0000,EUR,N,Z,2019-10,-0.16,A,F,,,P1M,,A,,,,,,,,,2,,,Long-term interest rate for convergence purposes - Euro,"France, Long-term interest rate for convergence purposes - Unspecified rate type, Debt security issued, 10 years maturity, New business coverage, denominated in Euro - Unspecified counterpart sector",PC,0
IRS.M.FR.L.L40.CI.0000.EUR.N.Z,M,FR,L,L40,CI,0000,EUR,N,Z,2019-11,-0.02,A,F,,,P1M,,A,,,,,,,,,2,,,Long-term interest rate for convergence purposes - Euro,"France, Long-term interest rate for convergence purposes - Unspecified rate type, Debt security issued, 10 years maturity, New business coverage, denominated in Euro - Unspecified counterpart sector",PC,0
IRS.M.FR.L.L40.CI.0000.EUR.N.Z,M,FR,L,L40,CI,0000,EUR,N,Z,2019-12,0.04,A,F,,,P1M,,A,,,,,,,,,2,,,Long-term interest rate for convergence purposes - Euro,"France, Long-term interest rate for convergence purposes - Unspecified rate type, Debt security issued, 10 years maturity, New business coverage, denominated in Euro - Unspecified counterpart sector",PC,0
IRS.M.FR.L.L40.CI.0000.EUR.N.Z,M,FR,L,L40,CI,0000,EUR,N,Z,2020-01,-0.01,A,F,,,P1M,,A,,,,,,,,,2,,,Long-term interest rate for convergence purposes - Euro,"France, Long-term interest rate for convergence purposes - Unspecified rate type, Debt security issued, 10 years maturity, New business coverage, denominated in Euro - Unspecified counterpart sector",PC,0
IRS.M.FR.L.L40.CI.0000.EUR.N.Z,M,FR,L,L40,CI,0000,EUR,N,Z,2020-02,-0.18,A,F,,,P1M,,A,,,,,,,,,2,,,Long-term interest rate for convergence purposes - Euro,"France, Long-term interest rate for convergence purposes - Unspecified rate type, Debt security issued, 10 years maturity, New business coverage, denominated in Euro - Unspecified counterpart sector",PC,0
IRS.M.FR.L.L40.CI.0000.EUR.N.Z,M,FR,L,L40,CI,0000,EUR,N,Z,2020-03,-0.05,A,F,,,P1M,,A,,,,,,,,,2,,,Long-term interest rate for convergence purposes - Euro,"France, Long-term interest rate for convergence purposes - Unspecified rate type, Debt security issued, 10 years maturity, New business coverage, denominated in Euro - Unspecified counterpart sector",PC,0
IRS.M.FR.L.L40.CI.0000.EUR.N.Z,M,FR,L,L40,CI,0000,EUR,N,Z,2020-04,0.06,A,F,,,P1M,,A,,,,,,,,,2,,,Long-term interest rate for convergence purposes - Euro,"France, Long-term interest rate for convergence purposes - Unspecified rate type, Debt security issued, 10 years maturity, New business coverage, denominated in Euro - Unspecified counterpart sector",PC,0
IRS.M.FR.L.L40.CI.0000.EUR.N.Z,M,FR,L,L40,CI,0000,EUR,N,Z,2020-05,-0.03,A,F,,,P1M,,A,,,,,,,,,2,,,Long-term interest rate for convergence purposes - Euro,"France, Long-term interest rate for convergence purposes - Unspecified rate type, Debt security issued, 10 years maturity, New business coverage, denominated in Euro - Unspecified counterpart sector",PC,0
IRS.M.FR.L.L40.CI.0000.EUR.N.Z,M,FR,L,L40,CI,0000,EUR,N,Z,2020-06,-0.04,A,F,,,P1M,,A,,,,,,,,,2,,,Long-term interest rate for convergence purposes - Euro,"France, Long-term interest rate for convergence purposes - Unspecified rate type, Debt security issued, 10 years maturity, New business coverage, denominated in Euro - Unspecified counterpart sector",PC,0
IRS.M.FR.L.L40.CI.0000.EUR.N.Z,M,FR,L,L40,CI,0000,EUR,N,Z,2020-07,-0.15,A,F,,,P1M,,A,,,,,,,,,2,,,Long-term interest rate for convergence purposes - Euro,"France, Long-term interest rate for convergence purposes - Unspecified rate type, Debt security issued, 10 years maturity, New business coverage, denominated in Euro - Unspecified counterpart sector",PC,0
IRS.M.FR.L.L40.CI.0000.EUR.N.Z,M,FR,L,L40,CI,0000,EUR,N,Z,2020-08,-0.17,A,F,,,P1M,,A,,,,,,,,,2,,,Long-term interest rate for convergence purposes - Euro,"France, Long-term interest rate for convergence purposes - Unspecified rate type, Debt security issued, 10 years maturity, New business coverage, denominated in Euro - Unspecified counterpart sector",PC,0
IRS.M.FR.L.L40.CI.0000.EUR.N.Z,M,FR,L,L40,CI,0000,EUR,N,Z,2020-09,-0.21,A,F,,,P1M,,A,,,,,,,,,2,,,Long-term interest rate for convergence purposes - Euro,"France, Long-term interest rate for convergence purposes - Unspecified rate type, Debt security issued, 10 years maturity, New business coverage, denominated in Euro - Unspecified counterpart sector",PC,0
IRS.M.FR.L.L40.CI.0000.EUR.N.Z,M,FR,L,L40,CI,0000,EUR,N,Z,2020-10,-0.3,A,F,,,P1M,,A,,,,,,,,,2,,,Long-term interest rate for convergence purposes - Euro,"France, Long-term interest rate for convergence purposes - Unspecified rate type, Debt security issued, 10 years maturity, New business coverage, denominated in Euro - Unspecified counterpart sector",PC,0
IRS.M.FR.L.L40.CI.0000.EUR.N.Z,M,FR,L,L40,CI,0000,EUR,N,Z,2020-11,-0.32,A,F,,,P1M,,A,,,,,,,,,2,,,Long-term interest rate for convergence purposes - Euro,"France, Long-term interest rate for convergence purposes - Unspecified rate type, Debt security issued, 10 years maturity, New business coverage, denominated in Euro - Unspecified counterpart sector",PC,0
IRS.M.FR.L.L40.CI.0000.EUR.N.Z,M,FR,L,L40,CI,0000,EUR,N,Z,2020-12,-0.34,A,F,,,P1M,,A,,,,,,,,,2,,,Long-term interest rate for convergence purposes - Euro,"France, Long-term interest rate for convergence purposes - Unspecified rate type, Debt security issued, 10 years maturity, New business coverage, denominated in Euro - Unspecified counterpart sector",PC,0
IRS.M.FR.L.L40.CI.0000.EUR.N.Z,M,FR,L,L40,CI,0000,EUR,N,Z,2021-01,-0.31,A,F,,,P1M,,A,,,,,,,,,2,,,Long-term interest rate for convergence purposes - Euro,"France, Long-term interest rate for convergence purposes - Unspecified rate type, Debt security issued, 10 years maturity, New business coverage, denominated in Euro - Unspecified counterpart sector",PC,0
IRS.M.FR.L.L40.CI.0000.EUR.N.Z,M,FR,L,L40,CI,0000,EUR,N,Z,2021-02,-0.15,A,F,,,P1M,,A,,,,,,,,,2,,,Long-term interest rate for convergence purposes - Euro,"France, Long-term interest rate for convergence purposes - Unspecified rate type, Debt security issued, 10 years maturity, New business coverage, denominated in Euro - Unspecified counterpart sector",PC,0
IRS.M.FR.L.L40.CI.0000.EUR.N.Z,M,FR,L,L40,CI,0000,EUR,N,Z,2021-03,-0.07,A,F,,,P1M,,A,,,,,,,,,2,,,Long-term interest rate for convergence purposes - Euro,"France, Long-term interest rate for convergence purposes - Unspecified rate type, Debt security issued, 10 years maturity, New business coverage, denominated in Euro - Unspecified counterpart sector",PC,0
IRS.M.FR.L.L40.CI.0000.EUR.N.Z,M,FR,L,L40,CI,0000,EUR,N,Z,2021-04,-0.01,A,F,,,P1M,,A,,,,,,,,,2,,,Long-term interest rate for convergence purposes - Euro,"France, Long-term interest rate for convergence purposes - Unspecified rate type, Debt security issued, 10 years maturity, New business coverage, denominated in Euro - Unspecified counterpart sector",PC,0
IRS.M.FR.L.L40.CI.0000.EUR.N.Z,M,FR,L,L40,CI,0000,EUR,N,Z,2021-05,0.21,A,F,,,P1M,,A,,,,,,,,,2,,,Long-term interest rate for convergence purposes - Euro,"France, Long-term interest rate for convergence purposes - Unspecified rate type, Debt security issued, 10 years maturity, New business coverage, denominated in Euro - Unspecified counterpart sector",PC,0
IRS.M.FR.L.L40.CI.0000.EUR.N.Z,M,FR,L,L40,CI,0000,EUR,N,Z,2021-06,0.15,A,F,,,P1M,,A,,,,,,,,,2,,,Long-term interest rate for convergence purposes - Euro,"France, Long-term interest rate for convergence purposes - Unspecified rate type, Debt security issued, 10 years maturity, New business coverage, denominated in Euro - Unspecified counterpart sector",PC,0
IRS.M.FR.L.L40.CI.0000.EUR.N.Z,M,FR,L,L40,CI,0000,EUR,N,Z,2021-07,-0.01,A,F,,,P1M,,A,,,,,,,,,2,,,Long-term interest rate for convergence purposes - Euro,"France, Long-term interest rate for convergence purposes - Unspecified rate type, Debt security issued, 10 years maturity, New business coverage, denominated in Euro - Unspecified counterpart sector",PC,0
IRS.M.FR.L.L40.CI.0000.EUR.N.Z,M,FR,L,L40,CI,0000,EUR,N,Z,2021-08,-0.12,A,F,,,P1M,,A,,,,,,,,,2,,,Long-term interest rate for convergence purposes - Euro,"France, Long-term interest rate for convergence purposes - Unspecified rate type, Debt security issued, 10 years maturity, New business coverage, denominated in Euro - Unspecified counterpart sector",PC,0
IRS.M.FR.L.L40.CI.0000.EUR.N.Z,M,FR,L,L40,CI,0000,EUR,N,Z,2021-09,0.04,A,F,,,P1M,,A,,,,,,,,,2,,,Long-term interest rate for convergence purposes - Euro,"France, Long-term interest rate for convergence purposes - Unspecified rate type, Debt security issued, 10 years maturity, New business coverage, denominated in Euro - Unspecified counterpart sector",PC,0
IRS.M.FR.L.L40.CI.0000.EUR.N.Z,M,FR,L,L40,CI,0000,EUR,N,Z,2021-10,0.2,A,F,,,P1M,,A,,,,,,,,,2,,,Long-term interest rate for convergence purposes - Euro,"France, Long-term interest rate for convergence purposes - Unspecified rate type, Debt security issued, 10 years maturity, New business coverage, denominated in Euro - Unspecified counterpart sector",PC,0
IRS.M.FR.L.L40.CI.0000.EUR.N.Z,M,FR,L,L40,CI,0000,EUR,N,Z,2021-11,0.1,A,F,,,P1M,,A,,,,,,,,,2,,,Long-term interest rate for convergence purposes - Euro,"France, Long-term interest rate for convergence purposes - Unspecified rate type, Debt security issued, 10 years maturity, New business coverage, denominated in Euro - Unspecified counterpart sector",PC,0
IRS.M.FR.L.L40.CI.0000.EUR.N.Z,M,FR,L,L40,CI,0000,EUR,N,Z,2021-12,0.05,A,F,,,P1M,,A,,,,,,,,,2,,,Long-term interest rate for convergence purposes - Euro,"France, Long-term interest rate for convergence purposes - Unspecified rate type, Debt security issued, 10 years maturity, New business coverage, denominated in Euro - Unspecified counterpart sector",PC,0
IRS.M.FR.L.L40.CI.0000.EUR.N.Z,M,FR,L,L40,CI,0000,EUR,N,Z,2022-01,0.31,A,F,,,P1M,,A,,,,,,,,,2,,,Long-term interest rate for convergence purposes - Euro,"France, Long-term interest rate for convergence purposes - Unspecified rate type, Debt security issued, 10 years maturity, New business coverage, denominated in Euro - Unspecified counterpart sector",PC,0
IRS.M.FR.L.L40.CI.0000.EUR.N.Z,M,FR,L,L40,CI,0000,EUR,N,Z,2022-02,0.68,A,F,,,P1M,,A,,,,,,,,,2,,,Long-term interest rate for convergence purposes - Euro,"France, Long-term interest rate for convergence purposes - Unspecified rate type, Debt security issued, 10 years maturity, New business coverage, denominated in Euro - Unspecified counterpart sector",PC,0
IRS.M.FR.L.L40.CI.0000.EUR.N.Z,M,FR,L,L40,CI,0000,EUR,N,Z,2022-03,0.78,A,F,,,P1M,,A,,,,,,,,,2,,,Long-term interest rate for convergence purposes - Euro,"France, Long-term interest rate for convergence purposes - Unspecified rate type, Debt security issued, 10 years maturity, New business coverage, denominated in Euro - Unspecified counterpart sector",PC,0
IRS.M.FR.L.L40.CI.0000.EUR.N.Z,M,FR,L,L40,CI,0000,EUR,N,Z,2022-04,1.28,A,F,,,P1M,,A,,,,,,,,,2,,,Long-term interest rate for convergence purposes - Euro,"France, Long-term interest rate for convergence purposes - Unspecified rate type, Debt security issued, 10 years maturity, New business coverage, denominated in Euro - Unspecified counterpart sector",PC,0
IRS.M.FR.L.L40.CI.0000.EUR.N.Z,M,FR,L,L40,CI,0000,EUR,N,Z,2022-05,1.52,A,F,,,P1M,,A,,,,,,,,,2,,,Long-term interest rate for convergence purposes - Euro,"France, Long-term interest rate for convergence purposes - Unspecified rate type, Debt security issued, 10 years maturity, New business coverage, denominated in Euro - Unspecified counterpart sector",PC,0
IRS.M.FR.L.L40.CI.0000.EUR.N.Z,M,FR,L,L40,CI,0000,EUR,N,Z,2022-06,2.06,A,F,,,P1M,,A,,,,,,,,,2,,,Long-term interest rate for convergence purposes - Euro,"France, Long-term interest rate for convergence purposes - Unspecified rate type, Debt security issued, 10 years maturity, New business coverage, denominated in Euro - Unspecified counterpart sector",PC,0
IRS.M.FR.L.L40.CI.0000.EUR.N.Z,M,FR,L,L40,CI,0000,EUR,N,Z,2022-07,1.71,A,F,,,P1M,,A,,,,,,,,,2,,,Long-term interest rate for convergence purposes - Euro,"France, Long-term interest rate for convergence purposes - Unspecified rate type, Debt security issued, 10 years maturity, New business coverage, denominated in Euro - Unspecified counterpart sector",PC,0
IRS.M.FR.L.L40.CI.0000.EUR.N.Z,M,FR,L,L40,CI,0000,EUR,N,Z,2022-08,1.69,A,F,,,P1M,,A,,,,,,,,,2,,,Long-term interest rate for convergence purposes - Euro,"France, Long-term interest rate for convergence purposes - Unspecified rate type, Debt security issued, 10 years maturity, New business coverage, denominated in Euro - Unspecified counterpart sector",PC,0
IRS.M.FR.L.L40.CI.0000.EUR.N.Z,M,FR,L,L40,CI,0000,EUR,N,Z,2022-09,2.41,A,F,,,P1M,,A,,,,,,,,,2,,,Long-term interest rate for convergence purposes - Euro,"France, Long-term interest rate for convergence purposes - Unspecified rate type, Debt security issued, 10 years maturity, New business coverage, denominated in Euro - Unspecified counterpart sector",PC,0
IRS.M.FR.L.L40.CI.0000.EUR.N.Z,M,FR,L,L40,CI,0000,EUR,N,Z,2022-10,2.77,A,F,,,P1M,,A,,,,,,,,,2,,,Long-term interest rate for convergence purposes - Euro,"France, Long-term interest rate for convergence purposes - Unspecified rate type, Debt security issued, 10 years maturity, New business coverage, denominated in Euro - Unspecified counterpart sector",PC,0
IRS.M.FR.L.L40.CI.0000.EUR.N.Z,M,FR,L,L40,CI,0000,EUR,N,Z,2022-11,2.58,A,F,,,P1M,,A,,,,,,,,,2,,,Long-term interest rate for convergence purposes - Euro,"France, Long-term interest rate for convergence purposes - Unspecified rate type, Debt security issued, 10 years maturity, New business coverage, denominated in Euro - Unspecified counterpart sector",PC,0
IRS.M.FR.L.L40.CI.0000.EUR.N.Z,M,FR,L,L40,CI,0000,EUR,N,Z,2022-12,2.62,A,F,,,P1M,,A,,,,,,,,,2,,,Long-term interest rate for convergence purposes - Euro,"France, Long-term interest rate for convergence purposes - Unspecified rate type, Debt security issued, 10 years maturity, New business coverage, denominated in Euro - Unspecified counterpart sector",PC,0
IRS.M.FR.L.L40.CI.0000.EUR.N.Z,M,FR,L,L40,CI,0000,EUR,N,Z,2023-01,2.69,A,F,,,P1M,,A,,,,,,,,,2,,,Long-term interest rate for convergence purposes - Euro,"France, Long-term interest rate for convergence purposes - Unspecified rate type, Debt security issued, 10 years maturity, New business coverage, denominated in Euro - Unspecified counterpart sector",PC,0
IRS.M.FR.L.L40.CI.0000.EUR.N.Z,M,FR,L,L40,CI,0000,EUR,N,Z,2023-02,2.87,A,F,,,P1M,,A,,,,,,,,,2,,,Long-term interest rate for convergence purposes - Euro,"France, Long-term interest rate for convergence purposes - Unspecified rate type, Debt security issued, 10 years maturity, New business coverage, denominated in Euro - Unspecified counterpart sector",PC,0
IRS.M.FR.L.L40.CI.0000.EUR.N.Z,M,FR,L,L40,CI,0000,EUR,N,Z,2023-03,2.92,A,F,,,P1M,,A,,,,,,,,,2,,,Long-term interest rate for convergence purposes - Euro,"France, Long-term interest rate for convergence purposes - Unspecified rate type, Debt security issued, 10 years maturity, New business coverage, denominated in Euro - Unspecified counterpart sector",PC,0
IRS.M.FR.L.L40.CI.0000.EUR.N.Z,M,FR,L,L40,CI,0000,EUR,N,Z,2023-04,2.9,A,F,,,P1M,,A,,,,,,,,,2,,,Long-term interest rate for convergence purposes - Euro,"France, Long-term interest rate for convergence purposes - Unspecified rate type, Debt security issued, 10 years maturity, New business coverage, denominated in Euro - Unspecified counterpart sector",PC,0
IRS.M.FR.L.L40.CI.0000.EUR.N.Z,M,FR,L,L40,CI,0000,EUR,N,Z,2023-05,2.94,A,F,,,P1M,,A,,,,,,,,,2,,,Long-term interest rate for convergence purposes - Euro,"France, Long-term interest rate for convergence purposes - Unspecified rate type, Debt security issued, 10 years maturity, New business coverage, denominated in Euro - Unspecified counterpart sector",PC,0
IRS.M.FR.L.L40.CI.0000.EUR.N.Z,M,FR,L,L40,CI,0000,EUR,N,Z,2023-06,2.93,A,F,,,P1M,,A,,,,,,,,,2,,,Long-term interest rate for convergence purposes - Euro,"France, Long-term interest rate for convergence purposes - Unspecified rate type, Debt security issued, 10 years maturity, New business coverage, denominated in Euro - Unspecified counterpart sector",PC,0
IRS.M.FR.L.L40.CI.0000.EUR.N.Z,M,FR,L,L40,CI,0000,EUR,N,Z,2023-07,3.04,A,F,,,P1M,,A,,,,,,,,,2,,,Long-term interest rate for convergence purposes - Euro,"France, Long-term interest rate for convergence purposes - Unspecified rate type, Debt security issued, 10 years maturity, New business coverage, denominated in Euro - Unspecified counterpart sector",PC,0
IRS.M.FR.L.L40.CI.0000.EUR.N.Z,M,FR,L,L40,CI,0000,EUR,N,Z,2023-08,3.11,A,F,,,P1M,,A,,,,,,,,,2,,,Long-term interest rate for convergence purposes - Euro,"France, Long-term interest rate for convergence purposes - Unspecified rate type, Debt security issued, 10 years maturity, New business coverage, denominated in Euro - Unspecified counterpart sector",PC,0
IRS.M.FR.L.L40.CI.0000.EUR.N.Z,M,FR,L,L40,CI,0000,EUR,N,Z,2023-09,3.24,A,F,,,P1M,,A,,,,,,,,,2,,,Long-term interest rate for convergence purposes - Euro,"France, Long-term interest rate for convergence purposes - Unspecified rate type, Debt security issued, 10 years maturity, New business coverage, denominated in Euro - Unspecified counterpart sector",PC,0
IRS.M.FR.L.L40.CI.0000.EUR.N.Z,M,FR,L,L40,CI,0000,EUR,N,Z,2023-10,3.45,A,F,,,P1M,,A,,,,,,,,,2,,,Long-term interest rate for convergence purposes - Euro,"France, Long-term interest rate for convergence purposes - Unspecified rate type, Debt security issued, 10 years maturity, New business coverage, denominated in Euro - Unspecified counterpart sector",PC,0
IRS.M.FR.L.L40.CI.0000.EUR.N.Z,M,FR,L,L40,CI,0000,EUR,N,Z,2023-11,3.19,A,F,,,P1M,,A,,,,,,,,,2,,,Long-term interest rate for convergence purposes - Euro,"France, Long-term interest rate for convergence purposes - Unspecified rate type, Debt security issued, 10 years maturity, New business coverage, denominated in Euro - Unspecified counterpart sector",PC,0
IRS.M.FR.L.L40.CI.0000.EUR.N.Z,M,FR,L,L40,CI,0000,EUR,N,Z,2023-12,2.65,A,F,,,P1M,,A,,,,,,,,,2,,,Long-term interest rate for convergence purposes - Euro,"France, Long-term interest rate for convergence purposes - Unspecified rate type, Debt security issued, 10 years maturity, New business coverage, denominated in Euro - Unspecified counterpart sector",PC,0
IRS.M.FR.L.L40.CI.0000.EUR.N.Z,M,FR,L,L40,CI,0000,EUR,N,Z,2024-01,2.74,A,F,,,P1M,,A,,,,,,,,,2,,,Long-term interest rate for convergence purposes - Euro,"France, Long-term interest rate for convergence purposes - Unspecified rate type, Debt security issued, 10 years maturity, New business coverage, denominated in Euro - Unspecified counterpart sector",PC,0
IRS.M.FR.L.L40.CI.0000.EUR.N.Z,M,FR,L,L40,CI,0000,EUR,N,Z,2024-02,2.85,A,F,,,P1M,,A,,,,,,,,,2,,,Long-term interest rate for convergence purposes - Euro,"France, Long-term interest rate for convergence purposes - Unspecified rate type, Debt security issued, 10 years maturity, New business coverage, denominated in Euro - Unspecified counterpart sector",PC,0
IRS.M.FR.L.L40.CI.0000.EUR.N.Z,M,FR,L,L40,CI,0000,EUR,N,Z,2024-03,2.82,A,F,,,P1M,,A,,,,,,,,,2,,,Long-term interest rate for convergence purposes - Euro,"France, Long-term interest rate for convergence purposes - Unspecified rate type, Debt security issued, 10 years maturity, New business coverage, denominated in Euro - Unspecified counterpart sector",PC,0
IRS.M.FR.L.L40.CI.0000.EUR.N.Z,M,FR,L,L40,CI,0000,EUR,N,Z,2024-04,2.97,A,F,,,P1M,,A,,,,,,,,,2,,,Long-term interest rate for convergence purposes - Euro,"France, Long-term interest rate for convergence purposes - Unspecified rate type, Debt security issued, 10 years maturity, New business coverage, denominated in Euro - Unspecified counterpart sector",PC,0
IRS.M.FR.L.L40.CI.0000.EUR.N.Z,M,FR,L,L40,CI,0000,EUR,N,Z,2024-05,3.03,A,F,,,P1M,,A,,,,,,,,,2,,,Long-term interest rate for convergence purposes - Euro,"France, Long-term interest rate for convergence purposes - Unspecified rate type, Debt security issued, 10 years maturity, New business coverage, denominated in Euro - Unspecified counterpart sector",PC,0
IRS.M.FR.L.L40.CI.0000.EUR.N.Z,M,FR,L,L40,CI,0000,EUR,N,Z,2024-06,3.15,A,F,,,P1M,,A,,,,,,,,,2,,,Long-term interest rate for convergence purposes - Euro,"France, Long-term interest rate for convergence purposes - Unspecified rate type, Debt security issued, 10 years maturity, New business coverage, denominated in Euro - Unspecified counterpart sector",PC,0
IRS.M.FR.L.L40.CI.0000.EUR.N.Z,M,FR,L,L40,CI,0000,EUR,N,Z,2024-07,3.14,A,F,,,P1M,,A,,,,,,,,,2,,,Long-term interest rate for convergence purposes - Euro,"France, Long-term interest rate for convergence purposes - Unspecified rate type, Debt security issued, 10 years maturity, New business coverage, denominated in Euro - Unspecified counterpart sector",PC,0
IRS.M.FR.L.L40.CI.0000.EUR.N.Z,M,FR,L,L40,CI,0000,EUR,N,Z,2024-08,2.94,A,F,,,P1M,,A,,,,,,,,,2,,,Long-term interest rate for convergence purposes - Euro,"France, Long-term interest rate for convergence purposes - Unspecified rate type, Debt security issued, 10 years maturity, New business coverage, denominated in Euro - Unspecified counterpart sector",PC,0
IRS.M.FR.L.L40.CI.0000.EUR.N.Z,M,FR,L,L40,CI,0000,EUR,N,Z,2024-09,2.9,A,F,,,P1M,,A,,,,,,,,,2,,,Long-term interest rate for convergence purposes - Euro,"France, Long-term interest rate for convergence purposes - Unspecified rate type, Debt security issued, 10 years maturity, New business coverage, denominated in Euro - Unspecified counterpart sector",PC,0
IRS.M.FR.L.L40.CI.0000.EUR.N.Z,M,FR,L,L40,CI,0000,EUR,N,Z,2024-10,2.99,A,F,,,P1M,,A,,,,,,,,,2,,,Long-term interest rate for convergence purposes - Euro,"France, Long-term interest rate for convergence purposes - Unspecified rate type, Debt security issued, 10 years maturity, New business coverage, denominated in Euro - Unspecified counterpart sector",PC,0
IRS.M.FR.L.L40.CI.0000.EUR.N.Z,M,FR,L,L40,CI,0000,EUR,N,Z,2024-11,3.09,A,F,,,P1M,,A,,,,,,,,,2,,,Long-term interest rate for convergence purposes - Euro,"France, Long-term interest rate for convergence purposes - Unspecified rate type, Debt security issued, 10 years maturity, New business coverage, denominated in Euro - Unspecified counterpart sector",PC,0
IRS.M.FR.L.L40.CI.0000.EUR.N.Z,M,FR,L,L40,CI,0000,EUR,N,Z,2024-12,3.01,A,F,,,P1M,,A,,,,,,,,,2,,,Long-term interest rate for convergence purposes - Euro,"France, Long-term interest rate for convergence purposes - Unspecified rate type, Debt security issued, 10 years maturity, New business coverage, denominated in Euro - Unspecified counterpart sector",PC,0
IRS.M.FR.L.L40.CI.0000.EUR.N.Z,M,FR,L,L40,CI,0000,EUR,N,Z,2025-01,3.32,A,F,,,P1M,,A,,,,,,,,,2,,,Long-term interest rate for convergence purposes - Euro,"France, Long-term interest rate for convergence purposes - Unspecified rate type, Debt security issued, 10 years maturity, New business coverage, denominated in Euro - Unspecified counterpart sector",PC,0
IRS.M.FR.L.L40.CI.0000.EUR.N.Z,M,FR,L,L40,CI,0000,EUR,N,Z,2025-02,3.15,A,F,,,P1M,,A,,,,,,,,,2,,,Long-term interest rate for convergence purposes - Euro,"France, Long-term interest rate for convergence purposes - Unspecified rate type, Debt security issued, 10 years maturity, New business coverage, denominated in Euro - Unspecified counterpart sector",PC,0
IRS.M.FR.L.L40.CI.0000.EUR.N.Z,M,FR,L,L40,CI,0000,EUR,N,Z,2025-03,3.43,A,F,,,P1M,,A,,,,,,,,,2,,,Long-term interest rate for convergence purposes - Euro,"France, Long-term interest rate for convergence purposes - Unspecified rate type, Debt security issued, 10 years maturity, New business coverage, denominated in Euro - Unspecified counterpart sector",PC,0
IRS.M.FR.L.L40.CI.0000.EUR.N.Z,M,FR,L,L40,CI,0000,EUR,N,Z,2025-04,3.26,A,F,,,P1M,,A,,,,,,,,,2,,,Long-term interest rate for convergence purposes - Euro,"France, Long-term interest rate for convergence purposes - Unspecified rate type, Debt security issued, 10 years maturity, New business coverage, denominated in Euro - Unspecified counterpart sector",PC,0
IRS.M.FR.L.L40.CI.0000.EUR.N.Z,M,FR,L,L40,CI,0000,EUR,N,Z,2025-05,3.26,A,F,,,P1M,,A,,,,,,,,,2,,,Long-term interest rate for convergence purposes - Euro,"France, Long-term interest rate for convergence purposes - Unspecified rate type, Debt security issued, 10 years maturity, New business coverage, denominated in Euro - Unspecified counterpart sector",PC,0
IRS.M.FR.L.L40.CI.0000.EUR.N.Z,M,FR,L,L40,CI,0000,EUR,N,Z,2025-06,3.24,A,F,,,P1M,,A,,,,,,,,,2,,,Long-term interest rate for convergence purposes - Euro,"France, Long-term interest rate for convergence purposes - Unspecified rate type, Debt security issued, 10 years maturity, New business coverage, denominated in Euro - Unspecified counterpart sector",PC,0
IRS.M.FR.L.L40.CI.0000.EUR.N.Z,M,FR,L,L40,CI,0000,EUR,N,Z,2025-07,3.36,A,F,,,P1M,,A,,,,,,,,,2,,,Long-term interest rate for convergence purposes - Euro,"France, Long-term interest rate for convergence purposes - Unspecified rate type, Debt security issued, 10 years maturity, New business coverage, denominated in Euro - Unspecified counterpart sector",PC,0
IRS.M.FR.L.L40.CI.0000.EUR.N.Z,M,FR,L,L40,CI,0000,EUR,N,Z,2025-08,3.42,A,F,,,P1M,,A,,,,,,,,,2,,,Long-term interest rate for convergence purposes - Euro,"France, Long-term interest rate for convergence purposes - Unspecified rate type, Debt security issued, 10 years maturity, New business coverage, denominated in Euro - Unspecified counterpart sector",PC,0
IRS.M.FR.L.L40.CI.0000.EUR.N.Z,M,FR,L,L40,CI,0000,EUR,N,Z,2025-09,3.51,A,F,,,P1M,,A,,,,,,,,,2,,,Long-term interest rate for convergence purposes - Euro,"France, Long-term interest rate for convergence purposes - Unspecified rate type, Debt security issued, 10 years maturity, New business coverage, denominated in Euro - Unspecified counterpart sector",PC,0
IRS.M.FR.L.L40.CI.0000.EUR.N.Z,M,FR,L,L40,CI,0000,EUR,N,Z,2025-10,3.44,A,F,,,P1M,,A,,,,,,,,,2,,,Long-term interest rate for convergence purposes - Euro,"France, Long-term interest rate for convergence purposes - Unspecified rate type, Debt security issued, 10 years maturity, New business coverage, denominated in Euro - Unspecified counterpart sector",PC,0
IRS.M.FR.L.L40.CI.0000.EUR.N.Z,M,FR,L,L40,CI,0000,EUR,N,Z,2025-11,3.44,A,F,,,P1M,,A,,,,,,,,,2,,,Long-term interest rate for convergence purposes - Euro,"France, Long-term interest rate for convergence purposes - Unspecified rate type, Debt security issued, 10 years maturity, New business coverage, denominated in Euro - Unspecified counterpart sector",PC,0
IRS.M.FR.L.L40.CI.0000.EUR.N.Z,M,FR,L,L40,CI,0000,EUR,N,Z,2025-12,3.56,A,F,,,P1M,,A,,,,,,,,,2,,,Long-term interest rate for convergence purposes - Euro,"France, Long-term interest rate for convergence purposes - Unspecified rate type, Debt security issued, 10 years maturity, New business coverage, denominated in Euro - Unspecified counterpart sector",PC,0
IRS.M.FR.L.L40.CI.0000.EUR.N.Z,M,FR,L,L40,CI,0000,EUR,N,Z,2026-01,3.53,A,F,,,P1M,,A,,,,,,,,,2,,,Long-term interest rate for convergence purposes - Euro,"France, Long-term interest rate for convergence purposes - Unspecified rate type, Debt security issued, 10 years maturity, New business coverage, denominated in Euro - Unspecified counterpart sector",PC,0
IRS.M.FR.L.L40.CI.0000.EUR.N.Z,M,FR,L,L40,CI,0000,EUR,N,Z,2026-02,3.4,A,F,,,P1M,,A,,,,,,,,,2,,,Long-term interest rate for convergence purposes - Euro,"France, Long-term interest rate for convergence purposes - Unspecified rate type, Debt security issued, 10 years maturity, New business coverage, denominated in Euro - Unspecified counterpart sector",PC,0
IRS.M.FR.L.L40.CI.0000.EUR.N.Z,M,FR,L,L40,CI,0000,EUR,N,Z,2026-03,3.64,A,F,,,P1M,,A,,,,,,,,,2,,,Long-term interest rate for convergence purposes - Euro,"France, Long-term interest rate for convergence purposes - Unspecified rate type, Debt security issued, 10 years maturity, New business coverage, denominated in Euro - Unspecified counterpart sector",PC,0
IRS.M.FR.L.L40.CI.0000.EUR.N.Z,M,FR,L,L40,CI,0000,EUR,N,Z,2026-04,3.73,A,F,,,P1M,,A,,,,,,,,,2,,,Long-term interest rate for convergence purposes - Euro,"France, Long-term interest rate for convergence purposes - Unspecified rate type, Debt security issued, 10 years maturity, New business coverage, denominated in Euro - Unspecified counterpart sector",PC,0
IRS.M.FR.L.L40.CI.0000.EUR.N.Z,M,FR,L,L40,CI,0000,EUR,N,Z,2026-05,3.74,A,F,,,P1M,,A,,,,,,,,,2,,,Long-term interest rate for convergence purposes - Euro,"France, Long-term interest rate for convergence purposes - Unspecified rate type, Debt security issued, 10 years maturity, New business coverage, denominated in Euro - Unspecified counterpart sector",PC,0
IRS.M.FR.L.L40.CI.0000.EUR.N.Z,M,FR,L,L40,CI,0000,EUR,N,Z,2026-06,3.68,A,F,,,P1M,,A,,,,,,,,,2,,,Long-term interest rate for convergence purposes - Euro,"France, Long-term interest rate for convergence purposes - Unspecified rate type, Debt security issued, 10 years maturity, New business coverage, denominated in Euro - Unspecified counterpart sector",PC,0
IRS.M.FR.L.L40.CI.0000.EUR.N.Z,M,FR,L,L40,CI,0000,EUR,N,Z,2026-07,3.85,A,F,,,P1M,,A,,,,,,,,,2,,,Long-term interest rate for convergence purposes - Euro,"France, Long-term interest rate for convergence purposes - Unspecified rate type, Debt security issued, 10 years maturity, New business coverage, denominated in Euro - Unspecified counterpart sector",PC,0
IRS.M.FR.L.L40.CI.0000.EUR.N.Z,M,FR,L,L40,CI,0000,EUR,N,Z,2026-08,4,A,F,,,P1M,,A,,,,,,,,,2,,,Long-term interest rate for convergence purposes - Euro,"France, Long-term interest rate for convergence purposes - Unspecified rate type, Debt security issued, 10 years maturity, New business coverage, denominated in Euro - Unspecified counterpart sector",PC,0
