KEY,FREQ,REF_AREA,IR_TYPE,TR_TYPE,MATURITY_CAT,BS_COUNT_SECTOR,CURRENCY_TRANS,IR_BUS_COV,IR_FV_TYPE,TIME_PERIOD,OBS_VALUE,OBS_STATUS,OBS_CONF,OBS_PRE_BREAK,OBS_COM,TIME_FORMAT,BREAKS,COLLECTION,COMPILING_ORG,DISS_ORG,DOM_SER_IDS,PUBL_ECB,PUBL_MU,PUBL_PUBLIC,COMPILATION,COVERAGE,DECIMALS,NAT_TITLE,SOURCE_AGENCY,TITLE,TITLE_COMPL,UNIT,UNIT_MULT
IRS.M.IT.L.L40.CI.0000.EUR.N.Z,M,IT,L,L40,CI,0000,EUR,N,Z,1991-03,13.767,A,F,,,P1M,,A,,,,,,,,,2,,,Long-term interest rate for convergence purposes - Euro,"Italy, Long-term interest rate for convergence purposes - Unspecified rate type, Debt security issued, 10 years maturity, New business coverage, denominated in Euro - Unspecified counterpart sector",PC,0
IRS.M.IT.L.L40.CI.0000.EUR.N.Z,M,IT,L,L40,CI,0000,EUR,N,Z,1991-04,13.433,A,F,,,P1M,,A,,,,,,,,,2,,,Long-term interest rate for convergence purposes - Euro,"Italy, Long-term interest rate for convergence purposes - Unspecified rate type, Debt security issued, 10 years maturity, New business coverage, denominated in Euro - Unspecified counterpart sector",PC,0
IRS.M.IT.L.L40.CI.0000.EUR.N.Z,M,IT,L,L40,CI,0000,EUR,N,Z,1991-05,13.06,A,F,,,P1M,,A,,,,,,,,,2,,,Long-term interest rate for convergence purposes - Euro,"Italy, Long-term interest rate for convergence purposes - Unspecified rate type, Debt security issued, 10 years maturity, New business coverage, denominated in Euro - Unspecified counterpart sector",PC,0
IRS.M.IT.L.L40.CI.0000.EUR.N.Z,M,IT,L,L40,CI,0000,EUR,N,Z,1991-06,13.094,A,F,,,P1M,,A,,,,,,,,,2,,,Long-term interest rate for convergence purposes - Euro,"Italy, Long-term interest rate for convergence purposes - Unspecified rate type, Debt security issued, 10 years maturity, New business coverage, denominated in Euro - Unspecified counterpart sector",PC,0
IRS.M.IT.L.L40.CI.0000.EUR.N.Z,M,IT,L,L40,CI,0000,EUR,N,Z,1991-07,13.337,A,F,,,P1M,,A,,,,,,,,,2,,,Long-term interest rate for convergence purposes - Euro,"Italy, Long-term interest rate for convergence purposes - Unspecified rate type, Debt security issued, 10 years maturity, New business coverage, denominated in Euro - Unspecified counterpart sector",PC,0
IRS.M.IT.L.L40.CI.0000.EUR.N.Z,M,IT,L,L40,CI,0000,EUR,N,Z,1991-08,13.448,A,F,,,P1M,,A,,,,,,,,,2,,,Long-term interest rate for convergence purposes - Euro,"Italy, Long-term interest rate for convergence purposes - Unspecified rate type, Debt security issued, 10 years maturity, New business coverage, denominated in Euro - Unspecified counterpart sector",PC,0
IRS.M.IT.L.L40.CI.0000.EUR.N.Z,M,IT,L,L40,CI,0000,EUR,N,Z,1991-09,13.017,A,F,,,P1M,,A,,,,,,,,,2,,,Long-term interest rate for convergence purposes - Euro,"Italy, Long-term interest rate for convergence purposes - Unspecified rate type, Debt security issued, 10 years maturity, New business coverage, denominated in Euro - Unspecified counterpart sector",PC,0
IRS.M.IT.L.L40.CI.0000.EUR.N.Z,M,IT,L,L40,CI,0000,EUR,N,Z,1991-10,12.791,A,F,,,P1M,,A,,,,,,,,,2,,,Long-term interest rate for convergence purposes - Euro,"Italy, Long-term interest rate for convergence purposes - Unspecified rate type, Debt security issued, 10 years maturity, New business coverage, denominated in Euro - Unspecified counterpart sector",PC,0
IRS.M.IT.L.L40.CI.0000.EUR.N.Z,M,IT,L,L40,CI,0000,EUR,N,Z,1991-11,12.908,A,F,,,P1M,,A,,,,,,,,,2,,,Long-term interest rate for convergence purposes - Euro,"Italy, Long-term interest rate for convergence purposes - Unspecified rate type, Debt security issued, 10 years maturity, New business coverage, denominated in Euro - Unspecified counterpart sector",PC,0
IRS.M.IT.L.L40.CI.0000.EUR.N.Z,M,IT,L,L40,CI,0000,EUR,N,Z,1991-12,12.952,A,F,,,P1M,,A,,,,,,,,,2,,,Long-term interest rate for convergence purposes - Euro,"Italy, Long-term interest rate for convergence purposes - Unspecified rate type, Debt security issued, 10 years maturity, New business coverage, denominated in Euro - Unspecified counterpart sector",PC,0
IRS.M.IT.L.L40.CI.0000.EUR.N.Z,M,IT,L,L40,CI,0000,EUR,N,Z,1992-01,12.677,A,F,,,P1M,,A,,,,,,,,,2,,,Long-term interest rate for convergence purposes - Euro,"Italy, Long-term interest rate for convergence purposes - Unspecified rate type, Debt security issued, 10 years maturity, New business coverage, denominated in Euro - Unspecified counterpart sector",PC,0
IRS.M.IT.L.L40.CI.0000.EUR.N.Z,M,IT,L,L40,CI,0000,EUR,N,Z,1992-02,12.608,A,F,,,P1M,,A,,,,,,,,,2,,,Long-term interest rate for convergence purposes - Euro,"Italy, Long-term interest rate for convergence purposes - Unspecified rate type, Debt security issued, 10 years maturity, New business coverage, denominated in Euro - Unspecified counterpart sector",PC,0
IRS.M.IT.L.L40.CI.0000.EUR.N.Z,M,IT,L,L40,CI,0000,EUR,N,Z,1992-03,12.575,A,F,,,P1M,,A,,,,,,,,,2,,,Long-term interest rate for convergence purposes - Euro,"Italy, Long-term interest rate for convergence purposes - Unspecified rate type, Debt security issued, 10 years maturity, New business coverage, denominated in Euro - Unspecified counterpart sector",PC,0
IRS.M.IT.L.L40.CI.0000.EUR.N.Z,M,IT,L,L40,CI,0000,EUR,N,Z,1992-04,12.69,A,F,,,P1M,,A,,,,,,,,,2,,,Long-term interest rate for convergence purposes - Euro,"Italy, Long-term interest rate for convergence purposes - Unspecified rate type, Debt security issued, 10 years maturity, New business coverage, denominated in Euro - Unspecified counterpart sector",PC,0
IRS.M.IT.L.L40.CI.0000.EUR.N.Z,M,IT,L,L40,CI,0000,EUR,N,Z,1992-05,12.579,A,F,,,P1M,,A,,,,,,,,,2,,,Long-term interest rate for convergence purposes - Euro,"Italy, Long-term interest rate for convergence purposes - Unspecified rate type, Debt security issued, 10 years maturity, New business coverage, denominated in Euro - Unspecified counterpart sector",PC,0
IRS.M.IT.L.L40.CI.0000.EUR.N.Z,M,IT,L,L40,CI,0000,EUR,N,Z,1992-06,13.102,A,F,,,P1M,,A,,,,,,,,,2,,,Long-term interest rate for convergence purposes - Euro,"Italy, Long-term interest rate for convergence purposes - Unspecified rate type, Debt security issued, 10 years maturity, New business coverage, denominated in Euro - Unspecified counterpart sector",PC,0
IRS.M.IT.L.L40.CI.0000.EUR.N.Z,M,IT,L,L40,CI,0000,EUR,N,Z,1992-07,13.63,A,F,,,P1M,,A,,,,,,,,,2,,,Long-term interest rate for convergence purposes - Euro,"Italy, Long-term interest rate for convergence purposes - Unspecified rate type, Debt security issued, 10 years maturity, New business coverage, denominated in Euro - Unspecified counterpart sector",PC,0
IRS.M.IT.L.L40.CI.0000.EUR.N.Z,M,IT,L,L40,CI,0000,EUR,N,Z,1992-08,13.679,A,F,,,P1M,,A,,,,,,,,,2,,,Long-term interest rate for convergence purposes - Euro,"Italy, Long-term interest rate for convergence purposes - Unspecified rate type, Debt security issued, 10 years maturity, New business coverage, denominated in Euro - Unspecified counterpart sector",PC,0
IRS.M.IT.L.L40.CI.0000.EUR.N.Z,M,IT,L,L40,CI,0000,EUR,N,Z,1992-09,14.113,A,F,,,P1M,,A,,,,,,,,,2,,,Long-term interest rate for convergence purposes - Euro,"Italy, Long-term interest rate for convergence purposes - Unspecified rate type, Debt security issued, 10 years maturity, New business coverage, denominated in Euro - Unspecified counterpart sector",PC,0
IRS.M.IT.L.L40.CI.0000.EUR.N.Z,M,IT,L,L40,CI,0000,EUR,N,Z,1992-10,14.419,A,F,,,P1M,,A,,,,,,,,,2,,,Long-term interest rate for convergence purposes - Euro,"Italy, Long-term interest rate for convergence purposes - Unspecified rate type, Debt security issued, 10 years maturity, New business coverage, denominated in Euro - Unspecified counterpart sector",PC,0
IRS.M.IT.L.L40.CI.0000.EUR.N.Z,M,IT,L,L40,CI,0000,EUR,N,Z,1992-11,13.466,A,F,,,P1M,,A,,,,,,,,,2,,,Long-term interest rate for convergence purposes - Euro,"Italy, Long-term interest rate for convergence purposes - Unspecified rate type, Debt security issued, 10 years maturity, New business coverage, denominated in Euro - Unspecified counterpart sector",PC,0
IRS.M.IT.L.L40.CI.0000.EUR.N.Z,M,IT,L,L40,CI,0000,EUR,N,Z,1992-12,13.659,A,F,,,P1M,,A,,,,,,,,,2,,,Long-term interest rate for convergence purposes - Euro,"Italy, Long-term interest rate for convergence purposes - Unspecified rate type, Debt security issued, 10 years maturity, New business coverage, denominated in Euro - Unspecified counterpart sector",PC,0
IRS.M.IT.L.L40.CI.0000.EUR.N.Z,M,IT,L,L40,CI,0000,EUR,N,Z,1993-01,13.43,A,F,,,P1M,,A,,,,,,,,,2,,,Long-term interest rate for convergence purposes - Euro,"Italy, Long-term interest rate for convergence purposes - Unspecified rate type, Debt security issued, 10 years maturity, New business coverage, denominated in Euro - Unspecified counterpart sector",PC,0
IRS.M.IT.L.L40.CI.0000.EUR.N.Z,M,IT,L,L40,CI,0000,EUR,N,Z,1993-02,13.062,A,F,,,P1M,,A,,,,,,,,,2,,,Long-term interest rate for convergence purposes - Euro,"Italy, Long-term interest rate for convergence purposes - Unspecified rate type, Debt security issued, 10 years maturity, New business coverage, denominated in Euro - Unspecified counterpart sector",PC,0
IRS.M.IT.L.L40.CI.0000.EUR.N.Z,M,IT,L,L40,CI,0000,EUR,N,Z,1993-03,12.902,A,F,,,P1M,,A,,,,,,,,,2,,,Long-term interest rate for convergence purposes - Euro,"Italy, Long-term interest rate for convergence purposes - Unspecified rate type, Debt security issued, 10 years maturity, New business coverage, denominated in Euro - Unspecified counterpart sector",PC,0
IRS.M.IT.L.L40.CI.0000.EUR.N.Z,M,IT,L,L40,CI,0000,EUR,N,Z,1993-04,13.107,A,F,,,P1M,,A,,,,,,,,,2,,,Long-term interest rate for convergence purposes - Euro,"Italy, Long-term interest rate for convergence purposes - Unspecified rate type, Debt security issued, 10 years maturity, New business coverage, denominated in Euro - Unspecified counterpart sector",PC,0
IRS.M.IT.L.L40.CI.0000.EUR.N.Z,M,IT,L,L40,CI,0000,EUR,N,Z,1993-05,12.463,A,F,,,P1M,,A,,,,,,,,,2,,,Long-term interest rate for convergence purposes - Euro,"Italy, Long-term interest rate for convergence purposes - Unspecified rate type, Debt security issued, 10 years maturity, New business coverage, denominated in Euro - Unspecified counterpart sector",PC,0
IRS.M.IT.L.L40.CI.0000.EUR.N.Z,M,IT,L,L40,CI,0000,EUR,N,Z,1993-06,11.673,A,F,,,P1M,,A,,,,,,,,,2,,,Long-term interest rate for convergence purposes - Euro,"Italy, Long-term interest rate for convergence purposes - Unspecified rate type, Debt security issued, 10 years maturity, New business coverage, denominated in Euro - Unspecified counterpart sector",PC,0
IRS.M.IT.L.L40.CI.0000.EUR.N.Z,M,IT,L,L40,CI,0000,EUR,N,Z,1993-07,11.097,A,F,,,P1M,,A,,,,,,,,,2,,,Long-term interest rate for convergence purposes - Euro,"Italy, Long-term interest rate for convergence purposes - Unspecified rate type, Debt security issued, 10 years maturity, New business coverage, denominated in Euro - Unspecified counterpart sector",PC,0
IRS.M.IT.L.L40.CI.0000.EUR.N.Z,M,IT,L,L40,CI,0000,EUR,N,Z,1993-08,9.764,A,F,,,P1M,,A,,,,,,,,,2,,,Long-term interest rate for convergence purposes - Euro,"Italy, Long-term interest rate for convergence purposes - Unspecified rate type, Debt security issued, 10 years maturity, New business coverage, denominated in Euro - Unspecified counterpart sector",PC,0
IRS.M.IT.L.L40.CI.0000.EUR.N.Z,M,IT,L,L40,CI,0000,EUR,N,Z,1993-09,9.469,A,F,,,P1M,,A,,,,,,,,,2,,,Long-term interest rate for convergence purposes - Euro,"Italy, Long-term interest rate for convergence purposes - Unspecified rate type, Debt security issued, 10 years maturity, New business coverage, denominated in Euro - Unspecified counterpart sector",PC,0
IRS.M.IT.L.L40.CI.0000.EUR.N.Z,M,IT,L,L40,CI,0000,EUR,N,Z,1993-10,9.015,A,F,,,P1M,,A,,,,,,,,,2,,,Long-term interest rate for convergence purposes - Euro,"Italy, Long-term interest rate for convergence purposes - Unspecified rate type, Debt security issued, 10 years maturity, New business coverage, denominated in Euro - Unspecified counterpart sector",PC,0
IRS.M.IT.L.L40.CI.0000.EUR.N.Z,M,IT,L,L40,CI,0000,EUR,N,Z,1993-11,9.333,A,F,,,P1M,,A,,,,,,,,,2,,,Long-term interest rate for convergence purposes - Euro,"Italy, Long-term interest rate for convergence purposes - Unspecified rate type, Debt security issued, 10 years maturity, New business coverage, denominated in Euro - Unspecified counterpart sector",PC,0
IRS.M.IT.L.L40.CI.0000.EUR.N.Z,M,IT,L,L40,CI,0000,EUR,N,Z,1993-12,8.933,A,F,,,P1M,,A,,,,,,,,,2,,,Long-term interest rate for convergence purposes - Euro,"Italy, Long-term interest rate for convergence purposes - Unspecified rate type, Debt security issued, 10 years maturity, New business coverage, denominated in Euro - Unspecified counterpart sector",PC,0
IRS.M.IT.L.L40.CI.0000.EUR.N.Z,M,IT,L,L40,CI,0000,EUR,N,Z,1994-01,8.671,A,F,,,P1M,,A,,,,,,,,,2,,,Long-term interest rate for convergence purposes - Euro,"Italy, Long-term interest rate for convergence purposes - Unspecified rate type, Debt security issued, 10 years maturity, New business coverage, denominated in Euro - Unspecified counterpart sector",PC,0
IRS.M.IT.L.L40.CI.0000.EUR.N.Z,M,IT,L,L40,CI,0000,EUR,N,Z,1994-02,8.767,A,F,,,P1M,,A,,,,,,,,,2,,,Long-term interest rate for convergence purposes - Euro,"Italy, Long-term interest rate for convergence purposes - Unspecified rate type, Debt security issued, 10 years maturity, New business coverage, denominated in Euro - Unspecified counterpart sector",PC,0
IRS.M.IT.L.L40.CI.0000.EUR.N.Z,M,IT,L,L40,CI,0000,EUR,N,Z,1994-03,9.445,A,F,,,P1M,,A,,,,,,,,,2,,,Long-term interest rate for convergence purposes - Euro,"Italy, Long-term interest rate for convergence purposes - Unspecified rate type, Debt security issued, 10 years maturity, New business coverage, denominated in Euro - Unspecified counterpart sector",PC,0
IRS.M.IT.L.L40.CI.0000.EUR.N.Z,M,IT,L,L40,CI,0000,EUR,N,Z,1994-04,9.047,A,F,,,P1M,,A,,,,,,,,,2,,,Long-term interest rate for convergence purposes - Euro,"Italy, Long-term interest rate for convergence purposes - Unspecified rate type, Debt security issued, 10 years maturity, New business coverage, denominated in Euro - Unspecified counterpart sector",PC,0
IRS.M.IT.L.L40.CI.0000.EUR.N.Z,M,IT,L,L40,CI,0000,EUR,N,Z,1994-05,9.371,A,F,,,P1M,,A,,,,,,,,,2,,,Long-term interest rate for convergence purposes - Euro,"Italy, Long-term interest rate for convergence purposes - Unspecified rate type, Debt security issued, 10 years maturity, New business coverage, denominated in Euro - Unspecified counterpart sector",PC,0
IRS.M.IT.L.L40.CI.0000.EUR.N.Z,M,IT,L,L40,CI,0000,EUR,N,Z,1994-06,10.477,A,F,,,P1M,,A,,,,,,,,,2,,,Long-term interest rate for convergence purposes - Euro,"Italy, Long-term interest rate for convergence purposes - Unspecified rate type, Debt security issued, 10 years maturity, New business coverage, denominated in Euro - Unspecified counterpart sector",PC,0
IRS.M.IT.L.L40.CI.0000.EUR.N.Z,M,IT,L,L40,CI,0000,EUR,N,Z,1994-07,10.768,A,F,,,P1M,,A,,,,,,,,,2,,,Long-term interest rate for convergence purposes - Euro,"Italy, Long-term interest rate for convergence purposes - Unspecified rate type, Debt security issued, 10 years maturity, New business coverage, denominated in Euro - Unspecified counterpart sector",PC,0
IRS.M.IT.L.L40.CI.0000.EUR.N.Z,M,IT,L,L40,CI,0000,EUR,N,Z,1994-08,11.458,A,F,,,P1M,,A,,,,,,,,,2,,,Long-term interest rate for convergence purposes - Euro,"Italy, Long-term interest rate for convergence purposes - Unspecified rate type, Debt security issued, 10 years maturity, New business coverage, denominated in Euro - Unspecified counterpart sector",PC,0
IRS.M.IT.L.L40.CI.0000.EUR.N.Z,M,IT,L,L40,CI,0000,EUR,N,Z,1994-09,11.937,A,F,,,P1M,,A,,,,,,,,,2,,,Long-term interest rate for convergence purposes - Euro,"Italy, Long-term interest rate for convergence purposes - Unspecified rate type, Debt security issued, 10 years maturity, New business coverage, denominated in Euro - Unspecified counterpart sector",PC,0
IRS.M.IT.L.L40.CI.0000.EUR.N.Z,M,IT,L,L40,CI,0000,EUR,N,Z,1994-10,12.071,A,F,,,P1M,,A,,,,,,,,,2,,,Long-term interest rate for convergence purposes - Euro,"Italy, Long-term interest rate for convergence purposes - Unspecified rate type, Debt security issued, 10 years maturity, New business coverage, denominated in Euro - Unspecified counterpart sector",PC,0
IRS.M.IT.L.L40.CI.0000.EUR.N.Z,M,IT,L,L40,CI,0000,EUR,N,Z,1994-11,12.023,A,F,,,P1M,,A,,,,,,,,,2,,,Long-term interest rate for convergence purposes - Euro,"Italy, Long-term interest rate for convergence purposes - Unspecified rate type, Debt security issued, 10 years maturity, New business coverage, denominated in Euro - Unspecified counterpart sector",PC,0
IRS.M.IT.L.L40.CI.0000.EUR.N.Z,M,IT,L,L40,CI,0000,EUR,N,Z,1994-12,12.196,A,F,,,P1M,,A,,,,,,,,,2,,,Long-term interest rate for convergence purposes - Euro,"Italy, Long-term interest rate for convergence purposes - Unspecified rate type, Debt security issued, 10 years maturity, New business coverage, denominated in Euro - Unspecified counterpart sector",PC,0
IRS.M.IT.L.L40.CI.0000.EUR.N.Z,M,IT,L,L40,CI,0000,EUR,N,Z,1995-01,12.371,A,F,,,P1M,,A,,,,,,,,,2,,,Long-term interest rate for convergence purposes - Euro,"Italy, Long-term interest rate for convergence purposes - Unspecified rate type, Debt security issued, 10 years maturity, New business coverage, denominated in Euro - Unspecified counterpart sector",PC,0
IRS.M.IT.L.L40.CI.0000.EUR.N.Z,M,IT,L,L40,CI,0000,EUR,N,Z,1995-02,12.392,A,F,,,P1M,,A,,,,,,,,,2,,,Long-term interest rate for convergence purposes - Euro,"Italy, Long-term interest rate for convergence purposes - Unspecified rate type, Debt security issued, 10 years maturity, New business coverage, denominated in Euro - Unspecified counterpart sector",PC,0
IRS.M.IT.L.L40.CI.0000.EUR.N.Z,M,IT,L,L40,CI,0000,EUR,N,Z,1995-03,13.453,A,F,,,P1M,,A,,,,,,,,,2,,,Long-term interest rate for convergence purposes - Euro,"Italy, Long-term interest rate for convergence purposes - Unspecified rate type, Debt security issued, 10 years maturity, New business coverage, denominated in Euro - Unspecified counterpart sector",PC,0
IRS.M.IT.L.L40.CI.0000.EUR.N.Z,M,IT,L,L40,CI,0000,EUR,N,Z,1995-04,13.405,A,F,,,P1M,,A,,,,,,,,,2,,,Long-term interest rate for convergence purposes - Euro,"Italy, Long-term interest rate for convergence purposes - Unspecified rate type, Debt security issued, 10 years maturity, New business coverage, denominated in Euro - Unspecified counterpart sector",PC,0
IRS.M.IT.L.L40.CI.0000.EUR.N.Z,M,IT,L,L40,CI,0000,EUR,N,Z,1995-05,12.299,A,F,,,P1M,,A,,,,,,,,,2,,,Long-term interest rate for convergence purposes - Euro,"Italy, Long-term interest rate for convergence purposes - Unspecified rate type, Debt security issued, 10 years maturity, New business coverage, denominated in Euro - Unspecified counterpart sector",PC,0
IRS.M.IT.L.L40.CI.0000.EUR.N.Z,M,IT,L,L40,CI,0000,EUR,N,Z,1995-06,12.383,A,F,,,P1M,,A,,,,,,,,,2,,,Long-term interest rate for convergence purposes - Euro,"Italy, Long-term interest rate for convergence purposes - Unspecified rate type, Debt security issued, 10 years maturity, New business coverage, denominated in Euro - Unspecified counterpart sector",PC,0
IRS.M.IT.L.L40.CI.0000.EUR.N.Z,M,IT,L,L40,CI,0000,EUR,N,Z,1995-07,12.212,A,F,,,P1M,,A,,,,,,,,,2,,,Long-term interest rate for convergence purposes - Euro,"Italy, Long-term interest rate for convergence purposes - Unspecified rate type, Debt security issued, 10 years maturity, New business coverage, denominated in Euro - Unspecified counterpart sector",PC,0
IRS.M.IT.L.L40.CI.0000.EUR.N.Z,M,IT,L,L40,CI,0000,EUR,N,Z,1995-08,11.656,A,F,,,P1M,,A,,,,,,,,,2,,,Long-term interest rate for convergence purposes - Euro,"Italy, Long-term interest rate for convergence purposes - Unspecified rate type, Debt security issued, 10 years maturity, New business coverage, denominated in Euro - Unspecified counterpart sector",PC,0
IRS.M.IT.L.L40.CI.0000.EUR.N.Z,M,IT,L,L40,CI,0000,EUR,N,Z,1995-09,11.544,A,F,,,P1M,,A,,,,,,,,,2,,,Long-term interest rate for convergence purposes - Euro,"Italy, Long-term interest rate for convergence purposes - Unspecified rate type, Debt security issued, 10 years maturity, New business coverage, denominated in Euro - Unspecified counterpart sector",PC,0
IRS.M.IT.L.L40.CI.0000.EUR.N.Z,M,IT,L,L40,CI,0000,EUR,N,Z,1995-10,11.962,A,F,,,P1M,,A,,,,,,,,,2,,,Long-term interest rate for convergence purposes - Euro,"Italy, Long-term interest rate for convergence purposes - Unspecified rate type, Debt security issued, 10 years maturity, New business coverage, denominated in Euro - Unspecified counterpart sector",PC,0
IRS.M.IT.L.L40.CI.0000.EUR.N.Z,M,IT,L,L40,CI,0000,EUR,N,Z,1995-11,11.628,A,F,,,P1M,,A,,,,,,,,,2,,,Long-term interest rate for convergence purposes - Euro,"Italy, Long-term interest rate for convergence purposes - Unspecified rate type, Debt security issued, 10 years maturity, New business coverage, denominated in Euro - Unspecified counterpart sector",PC,0
IRS.M.IT.L.L40.CI.0000.EUR.N.Z,M,IT,L,L40,CI,0000,EUR,N,Z,1995-12,11.171,A,F,,,P1M,,A,,,,,,,,,2,,,Long-term interest rate for convergence purposes - Euro,"Italy, Long-term interest rate for convergence purposes - Unspecified rate type, Debt security issued, 10 years maturity, New business coverage, denominated in Euro - Unspecified counterpart sector",PC,0
IRS.M.IT.L.L40.CI.0000.EUR.N.Z,M,IT,L,L40,CI,0000,EUR,N,Z,1996-01,10.432,A,F,,,P1M,,A,,,,,,,,,2,,,Long-term interest rate for convergence purposes - Euro,"Italy, Long-term interest rate for convergence purposes - Unspecified rate type, Debt security issued, 10 years maturity, New business coverage, denominated in Euro - Unspecified counterpart sector",PC,0
IRS.M.IT.L.L40.CI.0000.EUR.N.Z,M,IT,L,L40,CI,0000,EUR,N,Z,1996-02,10.519,A,F,,,P1M,,A,,,,,,,,,2,,,Long-term interest rate for convergence purposes - Euro,"Italy, Long-term interest rate for convergence purposes - Unspecified rate type, Debt security issued, 10 years maturity, New business coverage, denominated in Euro - Unspecified counterpart sector",PC,0
IRS.M.IT.L.L40.CI.0000.EUR.N.Z,M,IT,L,L40,CI,0000,EUR,N,Z,1996-03,10.688,A,F,,,P1M,,A,,,,,,,,,2,,,Long-term interest rate for convergence purposes - Euro,"Italy, Long-term interest rate for convergence purposes - Unspecified rate type, Debt security issued, 10 years maturity, New business coverage, denominated in Euro - Unspecified counterpart sector",PC,0
IRS.M.IT.L.L40.CI.0000.EUR.N.Z,M,IT,L,L40,CI,0000,EUR,N,Z,1996-04,10.339,A,F,,,P1M,,A,,,,,,,,,2,,,Long-term interest rate for convergence purposes - Euro,"Italy, Long-term interest rate for convergence purposes - Unspecified rate type, Debt security issued, 10 years maturity, New business coverage, denominated in Euro - Unspecified counterpart sector",PC,0
IRS.M.IT.L.L40.CI.0000.EUR.N.Z,M,IT,L,L40,CI,0000,EUR,N,Z,1996-05,9.696,A,F,,,P1M,,A,,,,,,,,,2,,,Long-term interest rate for convergence purposes - Euro,"Italy, Long-term interest rate for convergence purposes - Unspecified rate type, Debt security issued, 10 years maturity, New business coverage, denominated in Euro - Unspecified counterpart sector",PC,0
IRS.M.IT.L.L40.CI.0000.EUR.N.Z,M,IT,L,L40,CI,0000,EUR,N,Z,1996-06,9.57,A,F,,,P1M,,A,,,,,,,,,2,,,Long-term interest rate for convergence purposes - Euro,"Italy, Long-term interest rate for convergence purposes - Unspecified rate type, Debt security issued, 10 years maturity, New business coverage, denominated in Euro - Unspecified counterpart sector",PC,0
IRS.M.IT.L.L40.CI.0000.EUR.N.Z,M,IT,L,L40,CI,0000,EUR,N,Z,1996-07,9.428,A,F,,,P1M,,A,,,,,,,,,2,,,Long-term interest rate for convergence purposes - Euro,"Italy, Long-term interest rate for convergence purposes - Unspecified rate type, Debt security issued, 10 years maturity, New business coverage, denominated in Euro - Unspecified counterpart sector",PC,0
IRS.M.IT.L.L40.CI.0000.EUR.N.Z,M,IT,L,L40,CI,0000,EUR,N,Z,1996-08,9.484,A,F,,,P1M,,A,,,,,,,,,2,,,Long-term interest rate for convergence purposes - Euro,"Italy, Long-term interest rate for convergence purposes - Unspecified rate type, Debt security issued, 10 years maturity, New business coverage, denominated in Euro - Unspecified counterpart sector",PC,0
IRS.M.IT.L.L40.CI.0000.EUR.N.Z,M,IT,L,L40,CI,0000,EUR,N,Z,1996-09,9.168,A,F,,,P1M,,A,,,,,,,,,2,,,Long-term interest rate for convergence purposes - Euro,"Italy, Long-term interest rate for convergence purposes - Unspecified rate type, Debt security issued, 10 years maturity, New business coverage, denominated in Euro - Unspecified counterpart sector",PC,0
IRS.M.IT.L.L40.CI.0000.EUR.N.Z,M,IT,L,L40,CI,0000,EUR,N,Z,1996-10,8.233,A,F,,,P1M,,A,,,,,,,,,2,,,Long-term interest rate for convergence purposes - Euro,"Italy, Long-term interest rate for convergence purposes - Unspecified rate type, Debt security issued, 10 years maturity, New business coverage, denominated in Euro - Unspecified counterpart sector",PC,0
IRS.M.IT.L.L40.CI.0000.EUR.N.Z,M,IT,L,L40,CI,0000,EUR,N,Z,1996-11,7.693,A,F,,,P1M,,A,,,,,,,,,2,,,Long-term interest rate for convergence purposes - Euro,"Italy, Long-term interest rate for convergence purposes - Unspecified rate type, Debt security issued, 10 years maturity, New business coverage, denominated in Euro - Unspecified counterpart sector",PC,0
IRS.M.IT.L.L40.CI.0000.EUR.N.Z,M,IT,L,L40,CI,0000,EUR,N,Z,1996-12,7.565,A,F,,,P1M,,A,,,,,,,,,2,,,Long-term interest rate for convergence purposes - Euro,"Italy, Long-term interest rate for convergence purposes - Unspecified rate type, Debt security issued, 10 years maturity, New business coverage, denominated in Euro - Unspecified counterpart sector",PC,0
IRS.M.IT.L.L40.CI.0000.EUR.N.Z,M,IT,L,L40,CI,0000,EUR,N,Z,1997-01,7.375,A,F,,,P1M,,A,,,,,,,,,2,,,Long-term interest rate for convergence purposes - Euro,"Italy, Long-term interest rate for convergence purposes - Unspecified rate type, Debt security issued, 10 years maturity, New business coverage, denominated in Euro - Unspecified counterpart sector",PC,0
IRS.M.IT.L.L40.CI.0000.EUR.N.Z,M,IT,L,L40,CI,0000,EUR,N,Z,1997-02,7.363,A,F,,,P1M,,A,,,,,,,,,2,,,Long-term interest rate for convergence purposes - Euro,"Italy, Long-term interest rate for convergence purposes - Unspecified rate type, Debt security issued, 10 years maturity, New business coverage, denominated in Euro - Unspecified counterpart sector",PC,0
IRS.M.IT.L.L40.CI.0000.EUR.N.Z,M,IT,L,L40,CI,0000,EUR,N,Z,1997-03,7.869,A,F,,,P1M,,A,,,,,,,,,2,,,Long-term interest rate for convergence purposes - Euro,"Italy, Long-term interest rate for convergence purposes - Unspecified rate type, Debt security issued, 10 years maturity, New business coverage, denominated in Euro - Unspecified counterpart sector",PC,0
IRS.M.IT.L.L40.CI.0000.EUR.N.Z,M,IT,L,L40,CI,0000,EUR,N,Z,1997-04,7.737,A,F,,,P1M,,A,,,,,,,,,2,,,Long-term interest rate for convergence purposes - Euro,"Italy, Long-term interest rate for convergence purposes - Unspecified rate type, Debt security issued, 10 years maturity, New business coverage, denominated in Euro - Unspecified counterpart sector",PC,0
IRS.M.IT.L.L40.CI.0000.EUR.N.Z,M,IT,L,L40,CI,0000,EUR,N,Z,1997-05,7.32,A,F,,,P1M,,A,,,,,,,,,2,,,Long-term interest rate for convergence purposes - Euro,"Italy, Long-term interest rate for convergence purposes - Unspecified rate type, Debt security issued, 10 years maturity, New business coverage, denominated in Euro - Unspecified counterpart sector",PC,0
IRS.M.IT.L.L40.CI.0000.EUR.N.Z,M,IT,L,L40,CI,0000,EUR,N,Z,1997-06,7.066,A,F,,,P1M,,A,,,,,,,,,2,,,Long-term interest rate for convergence purposes - Euro,"Italy, Long-term interest rate for convergence purposes - Unspecified rate type, Debt security issued, 10 years maturity, New business coverage, denominated in Euro - Unspecified counterpart sector",PC,0
IRS.M.IT.L.L40.CI.0000.EUR.N.Z,M,IT,L,L40,CI,0000,EUR,N,Z,1997-07,6.518,A,F,,,P1M,,A,,,,,,,,,2,,,Long-term interest rate for convergence purposes - Euro,"Italy, Long-term interest rate for convergence purposes - Unspecified rate type, Debt security issued, 10 years maturity, New business coverage, denominated in Euro - Unspecified counterpart sector",PC,0
IRS.M.IT.L.L40.CI.0000.EUR.N.Z,M,IT,L,L40,CI,0000,EUR,N,Z,1997-08,6.658,A,F,,,P1M,,A,,,,,,,,,2,,,Long-term interest rate for convergence purposes - Euro,"Italy, Long-term interest rate for convergence purposes - Unspecified rate type, Debt security issued, 10 years maturity, New business coverage, denominated in Euro - Unspecified counterpart sector",PC,0
IRS.M.IT.L.L40.CI.0000.EUR.N.Z,M,IT,L,L40,CI,0000,EUR,N,Z,1997-09,6.356,A,F,,,P1M,,A,,,,,,,,,2,,,Long-term interest rate for convergence purposes - Euro,"Italy, Long-term interest rate for convergence purposes - Unspecified rate type, Debt security issued, 10 years maturity, New business coverage, denominated in Euro - Unspecified counterpart sector",PC,0
IRS.M.IT.L.L40.CI.0000.EUR.N.Z,M,IT,L,L40,CI,0000,EUR,N,Z,1997-10,6.197,A,F,,,P1M,,A,,,,,,,,,2,,,Long-term interest rate for convergence purposes - Euro,"Italy, Long-term interest rate for convergence purposes - Unspecified rate type, Debt security issued, 10 years maturity, New business coverage, denominated in Euro - Unspecified counterpart sector",PC,0
IRS.M.IT.L.L40.CI.0000.EUR.N.Z,M,IT,L,L40,CI,0000,EUR,N,Z,1997-11,6.133,A,F,,,P1M,,A,,,,,,,,,2,,,Long-term interest rate for convergence purposes - Euro,"Italy, Long-term interest rate for convergence purposes - Unspecified rate type, Debt security issued, 10 years maturity, New business coverage, denominated in Euro - Unspecified counterpart sector",PC,0
IRS.M.IT.L.L40.CI.0000.EUR.N.Z,M,IT,L,L40,CI,0000,EUR,N,Z,1997-12,5.738,A,F,,,P1M,,A,,,,,,,,,2,,,Long-term interest rate for convergence purposes - Euro,"Italy, Long-term interest rate for convergence purposes - Unspecified rate type, Debt security issued, 10 years maturity, New business coverage, denominated in Euro - Unspecified counterpart sector",PC,0
IRS.M.IT.L.L40.CI.0000.EUR.N.Z,M,IT,L,L40,CI,0000,EUR,N,Z,1998-01,5.434,A,F,,,P1M,,A,,,,,,,,,2,,,Long-term interest rate for convergence purposes - Euro,"Italy, Long-term interest rate for convergence purposes - Unspecified rate type, Debt security issued, 10 years maturity, New business coverage, denominated in Euro - Unspecified counterpart sector",PC,0
IRS.M.IT.L.L40.CI.0000.EUR.N.Z,M,IT,L,L40,CI,0000,EUR,N,Z,1998-02,5.375,A,F,,,P1M,,A,,,,,,,,,2,,,Long-term interest rate for convergence purposes - Euro,"Italy, Long-term interest rate for convergence purposes - Unspecified rate type, Debt security issued, 10 years maturity, New business coverage, denominated in Euro - Unspecified counterpart sector",PC,0
IRS.M.IT.L.L40.CI.0000.EUR.N.Z,M,IT,L,L40,CI,0000,EUR,N,Z,1998-03,5.198,A,F,,,P1M,,A,,,,,,,,,2,,,Long-term interest rate for convergence purposes - Euro,"Italy, Long-term interest rate for convergence purposes - Unspecified rate type, Debt security issued, 10 years maturity, New business coverage, denominated in Euro - Unspecified counterpart sector",PC,0
IRS.M.IT.L.L40.CI.0000.EUR.N.Z,M,IT,L,L40,CI,0000,EUR,N,Z,1998-04,5.146,A,F,,,P1M,,A,,,,,,,,,2,,,Long-term interest rate for convergence purposes - Euro,"Italy, Long-term interest rate for convergence purposes - Unspecified rate type, Debt security issued, 10 years maturity, New business coverage, denominated in Euro - Unspecified counterpart sector",PC,0
IRS.M.IT.L.L40.CI.0000.EUR.N.Z,M,IT,L,L40,CI,0000,EUR,N,Z,1998-05,5.208,A,F,,,P1M,,A,,,,,,,,,2,,,Long-term interest rate for convergence purposes - Euro,"Italy, Long-term interest rate for convergence purposes - Unspecified rate type, Debt security issued, 10 years maturity, New business coverage, denominated in Euro - Unspecified counterpart sector",PC,0
IRS.M.IT.L.L40.CI.0000.EUR.N.Z,M,IT,L,L40,CI,0000,EUR,N,Z,1998-06,5.079,A,F,,,P1M,,A,,,,,,,,,2,,,Long-term interest rate for convergence purposes - Euro,"Italy, Long-term interest rate for convergence purposes - Unspecified rate type, Debt security issued, 10 years maturity, New business coverage, denominated in Euro - Unspecified counterpart sector",PC,0
IRS.M.IT.L.L40.CI.0000.EUR.N.Z,M,IT,L,L40,CI,0000,EUR,N,Z,1998-07,4.97,A,F,,,P1M,,A,,,,,,,,,2,,,Long-term interest rate for convergence purposes - Euro,"Italy, Long-term interest rate for convergence purposes - Unspecified rate type, Debt security issued, 10 years maturity, New business coverage, denominated in Euro - Unspecified counterpart sector",PC,0
IRS.M.IT.L.L40.CI.0000.EUR.N.Z,M,IT,L,L40,CI,0000,EUR,N,Z,1998-08,4.787,A,F,,,P1M,,A,,,,,,,,,2,,,Long-term interest rate for convergence purposes - Euro,"Italy, Long-term interest rate for convergence purposes - Unspecified rate type, Debt security issued, 10 years maturity, New business coverage, denominated in Euro - Unspecified counterpart sector",PC,0
IRS.M.IT.L.L40.CI.0000.EUR.N.Z,M,IT,L,L40,CI,0000,EUR,N,Z,1998-09,4.526,A,F,,,P1M,,A,,,,,,,,,2,,,Long-term interest rate for convergence purposes - Euro,"Italy, Long-term interest rate for convergence purposes - Unspecified rate type, Debt security issued, 10 years maturity, New business coverage, denominated in Euro - Unspecified counterpart sector",PC,0
IRS.M.IT.L.L40.CI.0000.EUR.N.Z,M,IT,L,L40,CI,0000,EUR,N,Z,1998-10,4.486,A,F,,,P1M,,A,,,,,,,,,2,,,Long-term interest rate for convergence purposes - Euro,"Italy, Long-term interest rate for convergence purposes - Unspecified rate type, Debt security issued, 10 years maturity, New business coverage, denominated in Euro - Unspecified counterpart sector",PC,0
IRS.M.IT.L.L40.CI.0000.EUR.N.Z,M,IT,L,L40,CI,0000,EUR,N,Z,1998-11,4.384,A,F,,,P1M,,A,,,,,,,,,2,,,Long-term interest rate for convergence purposes - Euro,"Italy, Long-term interest rate for convergence purposes - Unspecified rate type, Debt security issued, 10 years maturity, New business coverage, denominated in Euro - Unspecified counterpart sector",PC,0
IRS.M.IT.L.L40.CI.0000.EUR.N.Z,M,IT,L,L40,CI,0000,EUR,N,Z,1998-12,3.995,A,F,,,P1M,,A,,,,,,,,,2,,,Long-term interest rate for convergence purposes - Euro,"Italy, Long-term interest rate for convergence purposes - Unspecified rate type, Debt security issued, 10 years maturity, New business coverage, denominated in Euro - Unspecified counterpart sector",PC,0
IRS.M.IT.L.L40.CI.0000.EUR.N.Z,M,IT,L,L40,CI,0000,EUR,N,Z,1999-01,3.922,A,F,,,P1M,,A,,,,,,,,,2,,,Long-term interest rate for convergence purposes - Euro,"Italy, Long-term interest rate for convergence purposes - Unspecified rate type, Debt security issued, 10 years maturity, New business coverage, denominated in Euro - Unspecified counterpart sector",PC,0
IRS.M.IT.L.L40.CI.0000.EUR.N.Z,M,IT,L,L40,CI,0000,EUR,N,Z,1999-02,4.054,A,F,,,P1M,,A,,,,,,,,,2,,,Long-term interest rate for convergence purposes - Euro,"Italy, Long-term interest rate for convergence purposes - Unspecified rate type, Debt security issued, 10 years maturity, New business coverage, denominated in Euro - Unspecified counterpart sector",PC,0
IRS.M.IT.L.L40.CI.0000.EUR.N.Z,M,IT,L,L40,CI,0000,EUR,N,Z,1999-03,4.271,A,F,,,P1M,,A,,,,,,,,,2,,,Long-term interest rate for convergence purposes - Euro,"Italy, Long-term interest rate for convergence purposes - Unspecified rate type, Debt security issued, 10 years maturity, New business coverage, denominated in Euro - Unspecified counterpart sector",PC,0
IRS.M.IT.L.L40.CI.0000.EUR.N.Z,M,IT,L,L40,CI,0000,EUR,N,Z,1999-04,4.11,A,F,,,P1M,,A,,,,,,,,,2,,,Long-term interest rate for convergence purposes - Euro,"Italy, Long-term interest rate for convergence purposes - Unspecified rate type, Debt security issued, 10 years maturity, New business coverage, denominated in Euro - Unspecified counterpart sector",PC,0
IRS.M.IT.L.L40.CI.0000.EUR.N.Z,M,IT,L,L40,CI,0000,EUR,N,Z,1999-05,4.279,A,F,,,P1M,,A,,,,,,,,,2,,,Long-term interest rate for convergence purposes - Euro,"Italy, Long-term interest rate for convergence purposes - Unspecified rate type, Debt security issued, 10 years maturity, New business coverage, denominated in Euro - Unspecified counterpart sector",PC,0
IRS.M.IT.L.L40.CI.0000.EUR.N.Z,M,IT,L,L40,CI,0000,EUR,N,Z,1999-06,4.615,A,F,,,P1M,,A,,,,,,,,,2,,,Long-term interest rate for convergence purposes - Euro,"Italy, Long-term interest rate for convergence purposes - Unspecified rate type, Debt security issued, 10 years maturity, New business coverage, denominated in Euro - Unspecified counterpart sector",PC,0
IRS.M.IT.L.L40.CI.0000.EUR.N.Z,M,IT,L,L40,CI,0000,EUR,N,Z,1999-07,4.938,A,F,,,P1M,,A,,,,,,,,,2,,,Long-term interest rate for convergence purposes - Euro,"Italy, Long-term interest rate for convergence purposes - Unspecified rate type, Debt security issued, 10 years maturity, New business coverage, denominated in Euro - Unspecified counterpart sector",PC,0
IRS.M.IT.L.L40.CI.0000.EUR.N.Z,M,IT,L,L40,CI,0000,EUR,N,Z,1999-08,5.134,A,F,,,P1M,,A,,,,,,,,,2,,,Long-term interest rate for convergence purposes - Euro,"Italy, Long-term interest rate for convergence purposes - Unspecified rate type, Debt security issued, 10 years maturity, New business coverage, denominated in Euro - Unspecified counterpart sector",PC,0
IRS.M.IT.L.L40.CI.0000.EUR.N.Z,M,IT,L,L40,CI,0000,EUR,N,Z,1999-09,5.282,A,F,,,P1M,,A,,,,,,,,,2,,,Long-term interest rate for convergence purposes - Euro,"Italy, Long-term interest rate for convergence purposes - Unspecified rate type, Debt security issued, 10 years maturity, New business coverage, denominated in Euro - Unspecified counterpart sector",PC,0
IRS.M.IT.L.L40.CI.0000.EUR.N.Z,M,IT,L,L40,CI,0000,EUR,N,Z,1999-10,5.521,A,F,,,P1M,,A,,,,,,,,,2,,,Long-term interest rate for convergence purposes - Euro,"Italy, Long-term interest rate for convergence purposes - Unspecified rate type, Debt security issued, 10 years maturity, New business coverage, denominated in Euro - Unspecified counterpart sector",PC,0
IRS.M.IT.L.L40.CI.0000.EUR.N.Z,M,IT,L,L40,CI,0000,EUR,N,Z,1999-11,5.246,A,F,,,P1M,,A,,,,,,,,,2,,,Long-term interest rate for convergence purposes - Euro,"Italy, Long-term interest rate for convergence purposes - Unspecified rate type, Debt security issued, 10 years maturity, New business coverage, denominated in Euro - Unspecified counterpart sector",PC,0
IRS.M.IT.L.L40.CI.0000.EUR.N.Z,M,IT,L,L40,CI,0000,EUR,N,Z,1999-12,5.36,A,F,,,P1M,,A,,,,,,,,,2,,,Long-term interest rate for convergence purposes - Euro,"Italy, Long-term interest rate for convergence purposes - Unspecified rate type, Debt security issued, 10 years maturity, New business coverage, denominated in Euro - Unspecified counterpart sector",PC,0
IRS.M.IT.L.L40.CI.0000.EUR.N.Z,M,IT,L,L40,CI,0000,EUR,N,Z,2000-01,5.748,A,F,,,P1M,,A,,,,,,,,,2,,,Long-term interest rate for convergence purposes - Euro,"Italy, Long-term interest rate for convergence purposes - Unspecified rate type, Debt security issued, 10 years maturity, New business coverage, denominated in Euro - Unspecified counterpart sector",PC,0
IRS.M.IT.L.L40.CI.0000.EUR.N.Z,M,IT,L,L40,CI,0000,EUR,N,Z,2000-02,5.726,A,F,,,P1M,,A,,,,,,,,,2,,,Long-term interest rate for convergence purposes - Euro,"Italy, Long-term interest rate for convergence purposes - Unspecified rate type, Debt security issued, 10 years maturity, New business coverage, denominated in Euro - Unspecified counterpart sector",PC,0
IRS.M.IT.L.L40.CI.0000.EUR.N.Z,M,IT,L,L40,CI,0000,EUR,N,Z,2000-03,5.577,A,F,,,P1M,,A,,,,,,,,,2,,,Long-term interest rate for convergence purposes - Euro,"Italy, Long-term interest rate for convergence purposes - Unspecified rate type, Debt security issued, 10 years maturity, New business coverage, denominated in Euro - Unspecified counterpart sector",PC,0
IRS.M.IT.L.L40.CI.0000.EUR.N.Z,M,IT,L,L40,CI,0000,EUR,N,Z,2000-04,5.466,A,F,,,P1M,,A,,,,,,,,,2,,,Long-term interest rate for convergence purposes - Euro,"Italy, Long-term interest rate for convergence purposes - Unspecified rate type, Debt security issued, 10 years maturity, New business coverage, denominated in Euro - Unspecified counterpart sector",PC,0
IRS.M.IT.L.L40.CI.0000.EUR.N.Z,M,IT,L,L40,CI,0000,EUR,N,Z,2000-05,5.665,A,F,,,P1M,,A,,,,,,,,,2,,,Long-term interest rate for convergence purposes - Euro,"Italy, Long-term interest rate for convergence purposes - Unspecified rate type, Debt security issued, 10 years maturity, New business coverage, denominated in Euro - Unspecified counterpart sector",PC,0
IRS.M.IT.L.L40.CI.0000.EUR.N.Z,M,IT,L,L40,CI,0000,EUR,N,Z,2000-06,5.51,A,F,,,P1M,,A,,,,,,,,,2,,,Long-term interest rate for convergence purposes - Euro,"Italy, Long-term interest rate for convergence purposes - Unspecified rate type, Debt security issued, 10 years maturity, New business coverage, denominated in Euro - Unspecified counterpart sector",PC,0
IRS.M.IT.L.L40.CI.0000.EUR.N.Z,M,IT,L,L40,CI,0000,EUR,N,Z,2000-07,5.591,A,F,,,P1M,,A,,,,,,,,,2,,,Long-term interest rate for convergence purposes - Euro,"Italy, Long-term interest rate for convergence purposes - Unspecified rate type, Debt security issued, 10 years maturity, New business coverage, denominated in Euro - Unspecified counterpart sector",PC,0
IRS.M.IT.L.L40.CI.0000.EUR.N.Z,M,IT,L,L40,CI,0000,EUR,N,Z,2000-08,5.563,A,F,,,P1M,,A,,,,,,,,,2,,,Long-term interest rate for convergence purposes - Euro,"Italy, Long-term interest rate for convergence purposes - Unspecified rate type, Debt security issued, 10 years maturity, New business coverage, denominated in Euro - Unspecified counterpart sector",PC,0
IRS.M.IT.L.L40.CI.0000.EUR.N.Z,M,IT,L,L40,CI,0000,EUR,N,Z,2000-09,5.632,A,F,,,P1M,,A,,,,,,,,,2,,,Long-term interest rate for convergence purposes - Euro,"Italy, Long-term interest rate for convergence purposes - Unspecified rate type, Debt security issued, 10 years maturity, New business coverage, denominated in Euro - Unspecified counterpart sector",PC,0
IRS.M.IT.L.L40.CI.0000.EUR.N.Z,M,IT,L,L40,CI,0000,EUR,N,Z,2000-10,5.578,A,F,,,P1M,,A,,,,,,,,,2,,,Long-term interest rate for convergence purposes - Euro,"Italy, Long-term interest rate for convergence purposes - Unspecified rate type, Debt security issued, 10 years maturity, New business coverage, denominated in Euro - Unspecified counterpart sector",PC,0
IRS.M.IT.L.L40.CI.0000.EUR.N.Z,M,IT,L,L40,CI,0000,EUR,N,Z,2000-11,5.548,A,F,,,P1M,,A,,,,,,,,,2,,,Long-term interest rate for convergence purposes - Euro,"Italy, Long-term interest rate for convergence purposes - Unspecified rate type, Debt security issued, 10 years maturity, New business coverage, denominated in Euro - Unspecified counterpart sector",PC,0
IRS.M.IT.L.L40.CI.0000.EUR.N.Z,M,IT,L,L40,CI,0000,EUR,N,Z,2000-12,5.298,A,F,,,P1M,,A,,,,,,,,,2,,,Long-term interest rate for convergence purposes - Euro,"Italy, Long-term interest rate for convergence purposes - Unspecified rate type, Debt security issued, 10 years maturity, New business coverage, denominated in Euro - Unspecified counterpart sector",PC,0
IRS.M.IT.L.L40.CI.0000.EUR.N.Z,M,IT,L,L40,CI,0000,EUR,N,Z,2001-01,5.183,A,F,,,P1M,,A,,,,,,,,,2,,,Long-term interest rate for convergence purposes - Euro,"Italy, Long-term interest rate for convergence purposes - Unspecified rate type, Debt security issued, 10 years maturity, New business coverage, denominated in Euro - Unspecified counterpart sector",PC,0
IRS.M.IT.L.L40.CI.0000.EUR.N.Z,M,IT,L,L40,CI,0000,EUR,N,Z,2001-02,5.184,A,F,,,P1M,,A,,,,,,,,,2,,,Long-term interest rate for convergence purposes - Euro,"Italy, Long-term interest rate for convergence purposes - Unspecified rate type, Debt security issued, 10 years maturity, New business coverage, denominated in Euro - Unspecified counterpart sector",PC,0
IRS.M.IT.L.L40.CI.0000.EUR.N.Z,M,IT,L,L40,CI,0000,EUR,N,Z,2001-03,5.13,A,F,,,P1M,,A,,,,,,,,,2,,,Long-term interest rate for convergence purposes - Euro,"Italy, Long-term interest rate for convergence purposes - Unspecified rate type, Debt security issued, 10 years maturity, New business coverage, denominated in Euro - Unspecified counterpart sector",PC,0
IRS.M.IT.L.L40.CI.0000.EUR.N.Z,M,IT,L,L40,CI,0000,EUR,N,Z,2001-04,5.282,A,F,,,P1M,,A,,,,,,,,,2,,,Long-term interest rate for convergence purposes - Euro,"Italy, Long-term interest rate for convergence purposes - Unspecified rate type, Debt security issued, 10 years maturity, New business coverage, denominated in Euro - Unspecified counterpart sector",PC,0
IRS.M.IT.L.L40.CI.0000.EUR.N.Z,M,IT,L,L40,CI,0000,EUR,N,Z,2001-05,5.449,A,F,,,P1M,,A,,,,,,,,,2,,,Long-term interest rate for convergence purposes - Euro,"Italy, Long-term interest rate for convergence purposes - Unspecified rate type, Debt security issued, 10 years maturity, New business coverage, denominated in Euro - Unspecified counterpart sector",PC,0
IRS.M.IT.L.L40.CI.0000.EUR.N.Z,M,IT,L,L40,CI,0000,EUR,N,Z,2001-06,5.399,A,F,,,P1M,,A,,,,,,,,,2,,,Long-term interest rate for convergence purposes - Euro,"Italy, Long-term interest rate for convergence purposes - Unspecified rate type, Debt security issued, 10 years maturity, New business coverage, denominated in Euro - Unspecified counterpart sector",PC,0
IRS.M.IT.L.L40.CI.0000.EUR.N.Z,M,IT,L,L40,CI,0000,EUR,N,Z,2001-07,5.416,A,F,,,P1M,,A,,,,,,,,,2,,,Long-term interest rate for convergence purposes - Euro,"Italy, Long-term interest rate for convergence purposes - Unspecified rate type, Debt security issued, 10 years maturity, New business coverage, denominated in Euro - Unspecified counterpart sector",PC,0
IRS.M.IT.L.L40.CI.0000.EUR.N.Z,M,IT,L,L40,CI,0000,EUR,N,Z,2001-08,5.215,A,F,,,P1M,,A,,,,,,,,,2,,,Long-term interest rate for convergence purposes - Euro,"Italy, Long-term interest rate for convergence purposes - Unspecified rate type, Debt security issued, 10 years maturity, New business coverage, denominated in Euro - Unspecified counterpart sector",PC,0
IRS.M.IT.L.L40.CI.0000.EUR.N.Z,M,IT,L,L40,CI,0000,EUR,N,Z,2001-09,5.196,A,F,,,P1M,,A,,,,,,,,,2,,,Long-term interest rate for convergence purposes - Euro,"Italy, Long-term interest rate for convergence purposes - Unspecified rate type, Debt security issued, 10 years maturity, New business coverage, denominated in Euro - Unspecified counterpart sector",PC,0
IRS.M.IT.L.L40.CI.0000.EUR.N.Z,M,IT,L,L40,CI,0000,EUR,N,Z,2001-10,4.964,A,F,,,P1M,,A,,,,,,,,,2,,,Long-term interest rate for convergence purposes - Euro,"Italy, Long-term interest rate for convergence purposes - Unspecified rate type, Debt security issued, 10 years maturity, New business coverage, denominated in Euro - Unspecified counterpart sector",PC,0
IRS.M.IT.L.L40.CI.0000.EUR.N.Z,M,IT,L,L40,CI,0000,EUR,N,Z,2001-11,4.8,A,F,,,P1M,,A,,,,,,,,,2,,,Long-term interest rate for convergence purposes - Euro,"Italy, Long-term interest rate for convergence purposes - Unspecified rate type, Debt security issued, 10 years maturity, New business coverage, denominated in Euro - Unspecified counterpart sector",PC,0
IRS.M.IT.L.L40.CI.0000.EUR.N.Z,M,IT,L,L40,CI,0000,EUR,N,Z,2001-12,5.047,A,F,,,P1M,,A,,,,,,,,,2,,,Long-term interest rate for convergence purposes - Euro,"Italy, Long-term interest rate for convergence purposes - Unspecified rate type, Debt security issued, 10 years maturity, New business coverage, denominated in Euro - Unspecified counterpart sector",PC,0
IRS.M.IT.L.L40.CI.0000.EUR.N.Z,M,IT,L,L40,CI,0000,EUR,N,Z,2002-01,5.142,A,F,,,P1M,,A,,,,,,,,,2,,,Long-term interest rate for convergence purposes - Euro,"Italy, Long-term interest rate for convergence purposes - Unspecified rate type, Debt security issued, 10 years maturity, New business coverage, denominated in Euro - Unspecified counterpart sector",PC,0
IRS.M.IT.L.L40.CI.0000.EUR.N.Z,M,IT,L,L40,CI,0000,EUR,N,Z,2002-02,5.199,A,F,,,P1M,,A,,,,,,,,,2,,,Long-term interest rate for convergence purposes - Euro,"Italy, Long-term interest rate for convergence purposes - Unspecified rate type, Debt security issued, 10 years maturity, New business coverage, denominated in Euro - Unspecified counterpart sector",PC,0
IRS.M.IT.L.L40.CI.0000.EUR.N.Z,M,IT,L,L40,CI,0000,EUR,N,Z,2002-03,5.411,A,F,,,P1M,,A,,,,,,,,,2,,,Long-term interest rate for convergence purposes - Euro,"Italy, Long-term interest rate for convergence purposes - Unspecified rate type, Debt security issued, 10 years maturity, New business coverage, denominated in Euro - Unspecified counterpart sector",PC,0
IRS.M.IT.L.L40.CI.0000.EUR.N.Z,M,IT,L,L40,CI,0000,EUR,N,Z,2002-04,5.404,A,F,,,P1M,,A,,,,,,,,,2,,,Long-term interest rate for convergence purposes - Euro,"Italy, Long-term interest rate for convergence purposes - Unspecified rate type, Debt security issued, 10 years maturity, New business coverage, denominated in Euro - Unspecified counterpart sector",PC,0
IRS.M.IT.L.L40.CI.0000.EUR.N.Z,M,IT,L,L40,CI,0000,EUR,N,Z,2002-05,5.406,A,F,,,P1M,,A,,,,,,,,,2,,,Long-term interest rate for convergence purposes - Euro,"Italy, Long-term interest rate for convergence purposes - Unspecified rate type, Debt security issued, 10 years maturity, New business coverage, denominated in Euro - Unspecified counterpart sector",PC,0
IRS.M.IT.L.L40.CI.0000.EUR.N.Z,M,IT,L,L40,CI,0000,EUR,N,Z,2002-06,5.255,A,F,,,P1M,,A,,,,,,,,,2,,,Long-term interest rate for convergence purposes - Euro,"Italy, Long-term interest rate for convergence purposes - Unspecified rate type, Debt security issued, 10 years maturity, New business coverage, denominated in Euro - Unspecified counterpart sector",PC,0
IRS.M.IT.L.L40.CI.0000.EUR.N.Z,M,IT,L,L40,CI,0000,EUR,N,Z,2002-07,5.109,A,F,,,P1M,,A,,,,,,,,,2,,,Long-term interest rate for convergence purposes - Euro,"Italy, Long-term interest rate for convergence purposes - Unspecified rate type, Debt security issued, 10 years maturity, New business coverage, denominated in Euro - Unspecified counterpart sector",PC,0
IRS.M.IT.L.L40.CI.0000.EUR.N.Z,M,IT,L,L40,CI,0000,EUR,N,Z,2002-08,4.828,A,F,,,P1M,,A,,,,,,,,,2,,,Long-term interest rate for convergence purposes - Euro,"Italy, Long-term interest rate for convergence purposes - Unspecified rate type, Debt security issued, 10 years maturity, New business coverage, denominated in Euro - Unspecified counterpart sector",PC,0
IRS.M.IT.L.L40.CI.0000.EUR.N.Z,M,IT,L,L40,CI,0000,EUR,N,Z,2002-09,4.618,A,F,,,P1M,,A,,,,,,,,,2,,,Long-term interest rate for convergence purposes - Euro,"Italy, Long-term interest rate for convergence purposes - Unspecified rate type, Debt security issued, 10 years maturity, New business coverage, denominated in Euro - Unspecified counterpart sector",PC,0
IRS.M.IT.L.L40.CI.0000.EUR.N.Z,M,IT,L,L40,CI,0000,EUR,N,Z,2002-10,4.757,A,F,,,P1M,,A,,,,,,,,,2,,,Long-term interest rate for convergence purposes - Euro,"Italy, Long-term interest rate for convergence purposes - Unspecified rate type, Debt security issued, 10 years maturity, New business coverage, denominated in Euro - Unspecified counterpart sector",PC,0
IRS.M.IT.L.L40.CI.0000.EUR.N.Z,M,IT,L,L40,CI,0000,EUR,N,Z,2002-11,4.735,A,F,,,P1M,,A,,,,,,,,,2,,,Long-term interest rate for convergence purposes - Euro,"Italy, Long-term interest rate for convergence purposes - Unspecified rate type, Debt security issued, 10 years maturity, New business coverage, denominated in Euro - Unspecified counterpart sector",PC,0
IRS.M.IT.L.L40.CI.0000.EUR.N.Z,M,IT,L,L40,CI,0000,EUR,N,Z,2002-12,4.548,A,F,,,P1M,,A,,,,,,,,,2,,,Long-term interest rate for convergence purposes - Euro,"Italy, Long-term interest rate for convergence purposes - Unspecified rate type, Debt security issued, 10 years maturity, New business coverage, denominated in Euro - Unspecified counterpart sector",PC,0
IRS.M.IT.L.L40.CI.0000.EUR.N.Z,M,IT,L,L40,CI,0000,EUR,N,Z,2003-01,4.375,A,F,,,P1M,,A,,,,,,,,,2,,,Long-term interest rate for convergence purposes - Euro,"Italy, Long-term interest rate for convergence purposes - Unspecified rate type, Debt security issued, 10 years maturity, New business coverage, denominated in Euro - Unspecified counterpart sector",PC,0
IRS.M.IT.L.L40.CI.0000.EUR.N.Z,M,IT,L,L40,CI,0000,EUR,N,Z,2003-02,4.157,A,F,,,P1M,,A,,,,,,,,,2,,,Long-term interest rate for convergence purposes - Euro,"Italy, Long-term interest rate for convergence purposes - Unspecified rate type, Debt security issued, 10 years maturity, New business coverage, denominated in Euro - Unspecified counterpart sector",PC,0
IRS.M.IT.L.L40.CI.0000.EUR.N.Z,M,IT,L,L40,CI,0000,EUR,N,Z,2003-03,4.185,A,F,,,P1M,,A,,,,,,,,,2,,,Long-term interest rate for convergence purposes - Euro,"Italy, Long-term interest rate for convergence purposes - Unspecified rate type, Debt security issued, 10 years maturity, New business coverage, denominated in Euro - Unspecified counterpart sector",PC,0
IRS.M.IT.L.L40.CI.0000.EUR.N.Z,M,IT,L,L40,CI,0000,EUR,N,Z,2003-04,4.312,A,F,,,P1M,,A,,,,,,,,,2,,,Long-term interest rate for convergence purposes - Euro,"Italy, Long-term interest rate for convergence purposes - Unspecified rate type, Debt security issued, 10 years maturity, New business coverage, denominated in Euro - Unspecified counterpart sector",PC,0
IRS.M.IT.L.L40.CI.0000.EUR.N.Z,M,IT,L,L40,CI,0000,EUR,N,Z,2003-05,4.035,A,F,,,P1M,,A,,,,,,,,,2,,,Long-term interest rate for convergence purposes - Euro,"Italy, Long-term interest rate for convergence purposes - Unspecified rate type, Debt security issued, 10 years maturity, New business coverage, denominated in Euro - Unspecified counterpart sector",PC,0
IRS.M.IT.L.L40.CI.0000.EUR.N.Z,M,IT,L,L40,CI,0000,EUR,N,Z,2003-06,3.822,A,F,,,P1M,,A,,,,,,,,,2,,,Long-term interest rate for convergence purposes - Euro,"Italy, Long-term interest rate for convergence purposes - Unspecified rate type, Debt security issued, 10 years maturity, New business coverage, denominated in Euro - Unspecified counterpart sector",PC,0
IRS.M.IT.L.L40.CI.0000.EUR.N.Z,M,IT,L,L40,CI,0000,EUR,N,Z,2003-07,4.132,A,F,,,P1M,,A,,,,,,,,,2,,,Long-term interest rate for convergence purposes - Euro,"Italy, Long-term interest rate for convergence purposes - Unspecified rate type, Debt security issued, 10 years maturity, New business coverage, denominated in Euro - Unspecified counterpart sector",PC,0
IRS.M.IT.L.L40.CI.0000.EUR.N.Z,M,IT,L,L40,CI,0000,EUR,N,Z,2003-08,4.293,A,F,,,P1M,,A,,,,,,,,,2,,,Long-term interest rate for convergence purposes - Euro,"Italy, Long-term interest rate for convergence purposes - Unspecified rate type, Debt security issued, 10 years maturity, New business coverage, denominated in Euro - Unspecified counterpart sector",PC,0
IRS.M.IT.L.L40.CI.0000.EUR.N.Z,M,IT,L,L40,CI,0000,EUR,N,Z,2003-09,4.314,A,F,,,P1M,,A,,,,,,,,,2,,,Long-term interest rate for convergence purposes - Euro,"Italy, Long-term interest rate for convergence purposes - Unspecified rate type, Debt security issued, 10 years maturity, New business coverage, denominated in Euro - Unspecified counterpart sector",PC,0
IRS.M.IT.L.L40.CI.0000.EUR.N.Z,M,IT,L,L40,CI,0000,EUR,N,Z,2003-10,4.382,A,F,,,P1M,,A,,,,,,,,,2,,,Long-term interest rate for convergence purposes - Euro,"Italy, Long-term interest rate for convergence purposes - Unspecified rate type, Debt security issued, 10 years maturity, New business coverage, denominated in Euro - Unspecified counterpart sector",PC,0
IRS.M.IT.L.L40.CI.0000.EUR.N.Z,M,IT,L,L40,CI,0000,EUR,N,Z,2003-11,4.511,A,F,,,P1M,,A,,,,,,,,,2,,,Long-term interest rate for convergence purposes - Euro,"Italy, Long-term interest rate for convergence purposes - Unspecified rate type, Debt security issued, 10 years maturity, New business coverage, denominated in Euro - Unspecified counterpart sector",PC,0
IRS.M.IT.L.L40.CI.0000.EUR.N.Z,M,IT,L,L40,CI,0000,EUR,N,Z,2003-12,4.459,A,F,,,P1M,,A,,,,,,,,,2,,,Long-term interest rate for convergence purposes - Euro,"Italy, Long-term interest rate for convergence purposes - Unspecified rate type, Debt security issued, 10 years maturity, New business coverage, denominated in Euro - Unspecified counterpart sector",PC,0
IRS.M.IT.L.L40.CI.0000.EUR.N.Z,M,IT,L,L40,CI,0000,EUR,N,Z,2004-01,4.317,A,F,,,P1M,,A,,,,,,,,,2,,,Long-term interest rate for convergence purposes - Euro,"Italy, Long-term interest rate for convergence purposes - Unspecified rate type, Debt security issued, 10 years maturity, New business coverage, denominated in Euro - Unspecified counterpart sector",PC,0
IRS.M.IT.L.L40.CI.0000.EUR.N.Z,M,IT,L,L40,CI,0000,EUR,N,Z,2004-02,4.343,A,F,,,P1M,,A,,,,,,,,,2,,,Long-term interest rate for convergence purposes - Euro,"Italy, Long-term interest rate for convergence purposes - Unspecified rate type, Debt security issued, 10 years maturity, New business coverage, denominated in Euro - Unspecified counterpart sector",PC,0
IRS.M.IT.L.L40.CI.0000.EUR.N.Z,M,IT,L,L40,CI,0000,EUR,N,Z,2004-03,4.169,A,F,,,P1M,,A,,,,,,,,,2,,,Long-term interest rate for convergence purposes - Euro,"Italy, Long-term interest rate for convergence purposes - Unspecified rate type, Debt security issued, 10 years maturity, New business coverage, denominated in Euro - Unspecified counterpart sector",PC,0
IRS.M.IT.L.L40.CI.0000.EUR.N.Z,M,IT,L,L40,CI,0000,EUR,N,Z,2004-04,4.351,A,F,,,P1M,,A,,,,,,,,,2,,,Long-term interest rate for convergence purposes - Euro,"Italy, Long-term interest rate for convergence purposes - Unspecified rate type, Debt security issued, 10 years maturity, New business coverage, denominated in Euro - Unspecified counterpart sector",PC,0
IRS.M.IT.L.L40.CI.0000.EUR.N.Z,M,IT,L,L40,CI,0000,EUR,N,Z,2004-05,4.493,A,F,,,P1M,,A,,,,,,,,,2,,,Long-term interest rate for convergence purposes - Euro,"Italy, Long-term interest rate for convergence purposes - Unspecified rate type, Debt security issued, 10 years maturity, New business coverage, denominated in Euro - Unspecified counterpart sector",PC,0
IRS.M.IT.L.L40.CI.0000.EUR.N.Z,M,IT,L,L40,CI,0000,EUR,N,Z,2004-06,4.544,A,F,,,P1M,,A,,,,,,,,,2,,,Long-term interest rate for convergence purposes - Euro,"Italy, Long-term interest rate for convergence purposes - Unspecified rate type, Debt security issued, 10 years maturity, New business coverage, denominated in Euro - Unspecified counterpart sector",PC,0
IRS.M.IT.L.L40.CI.0000.EUR.N.Z,M,IT,L,L40,CI,0000,EUR,N,Z,2004-07,4.44,A,F,,,P1M,,A,,,,,,,,,2,,,Long-term interest rate for convergence purposes - Euro,"Italy, Long-term interest rate for convergence purposes - Unspecified rate type, Debt security issued, 10 years maturity, New business coverage, denominated in Euro - Unspecified counterpart sector",PC,0
IRS.M.IT.L.L40.CI.0000.EUR.N.Z,M,IT,L,L40,CI,0000,EUR,N,Z,2004-08,4.277,A,F,,,P1M,,A,,,,,,,,,2,,,Long-term interest rate for convergence purposes - Euro,"Italy, Long-term interest rate for convergence purposes - Unspecified rate type, Debt security issued, 10 years maturity, New business coverage, denominated in Euro - Unspecified counterpart sector",PC,0
IRS.M.IT.L.L40.CI.0000.EUR.N.Z,M,IT,L,L40,CI,0000,EUR,N,Z,2004-09,4.251,A,F,,,P1M,,A,,,,,,,,,2,,,Long-term interest rate for convergence purposes - Euro,"Italy, Long-term interest rate for convergence purposes - Unspecified rate type, Debt security issued, 10 years maturity, New business coverage, denominated in Euro - Unspecified counterpart sector",PC,0
IRS.M.IT.L.L40.CI.0000.EUR.N.Z,M,IT,L,L40,CI,0000,EUR,N,Z,2004-10,4.129,A,F,,,P1M,,A,,,,,,,,,2,,,Long-term interest rate for convergence purposes - Euro,"Italy, Long-term interest rate for convergence purposes - Unspecified rate type, Debt security issued, 10 years maturity, New business coverage, denominated in Euro - Unspecified counterpart sector",PC,0
IRS.M.IT.L.L40.CI.0000.EUR.N.Z,M,IT,L,L40,CI,0000,EUR,N,Z,2004-11,4,A,F,,,P1M,,A,,,,,,,,,2,,,Long-term interest rate for convergence purposes - Euro,"Italy, Long-term interest rate for convergence purposes - Unspecified rate type, Debt security issued, 10 years maturity, New business coverage, denominated in Euro - Unspecified counterpart sector",PC,0
IRS.M.IT.L.L40.CI.0000.EUR.N.Z,M,IT,L,L40,CI,0000,EUR,N,Z,2004-12,3.792,A,F,,,P1M,,A,,,,,,,,,2,,,Long-term interest rate for convergence purposes - Euro,"Italy, Long-term interest rate for convergence purposes - Unspecified rate type, Debt security issued, 10 years maturity, New business coverage, denominated in Euro - Unspecified counterpart sector",PC,0
IRS.M.IT.L.L40.CI.0000.EUR.N.Z,M,IT,L,L40,CI,0000,EUR,N,Z,2005-01,3.711,A,F,,,P1M,,A,,,,,,,,,2,,,Long-term interest rate for convergence purposes - Euro,"Italy, Long-term interest rate for convergence purposes - Unspecified rate type, Debt security issued, 10 years maturity, New business coverage, denominated in Euro - Unspecified counterpart sector",PC,0
IRS.M.IT.L.L40.CI.0000.EUR.N.Z,M,IT,L,L40,CI,0000,EUR,N,Z,2005-02,3.678,A,F,,,P1M,,A,,,,,,,,,2,,,Long-term interest rate for convergence purposes - Euro,"Italy, Long-term interest rate for convergence purposes - Unspecified rate type, Debt security issued, 10 years maturity, New business coverage, denominated in Euro - Unspecified counterpart sector",PC,0
IRS.M.IT.L.L40.CI.0000.EUR.N.Z,M,IT,L,L40,CI,0000,EUR,N,Z,2005-03,3.837,A,F,,,P1M,,A,,,,,,,,,2,,,Long-term interest rate for convergence purposes - Euro,"Italy, Long-term interest rate for convergence purposes - Unspecified rate type, Debt security issued, 10 years maturity, New business coverage, denominated in Euro - Unspecified counterpart sector",PC,0
IRS.M.IT.L.L40.CI.0000.EUR.N.Z,M,IT,L,L40,CI,0000,EUR,N,Z,2005-04,3.653,A,F,,,P1M,,A,,,,,,,,,2,,,Long-term interest rate for convergence purposes - Euro,"Italy, Long-term interest rate for convergence purposes - Unspecified rate type, Debt security issued, 10 years maturity, New business coverage, denominated in Euro - Unspecified counterpart sector",PC,0
IRS.M.IT.L.L40.CI.0000.EUR.N.Z,M,IT,L,L40,CI,0000,EUR,N,Z,2005-05,3.553,A,F,,,P1M,,A,,,,,,,,,2,,,Long-term interest rate for convergence purposes - Euro,"Italy, Long-term interest rate for convergence purposes - Unspecified rate type, Debt security issued, 10 years maturity, New business coverage, denominated in Euro - Unspecified counterpart sector",PC,0
IRS.M.IT.L.L40.CI.0000.EUR.N.Z,M,IT,L,L40,CI,0000,EUR,N,Z,2005-06,3.405,A,F,,,P1M,,A,,,,,,,,,2,,,Long-term interest rate for convergence purposes - Euro,"Italy, Long-term interest rate for convergence purposes - Unspecified rate type, Debt security issued, 10 years maturity, New business coverage, denominated in Euro - Unspecified counterpart sector",PC,0
IRS.M.IT.L.L40.CI.0000.EUR.N.Z,M,IT,L,L40,CI,0000,EUR,N,Z,2005-07,3.438,A,F,,,P1M,,A,,,,,,,,,2,,,Long-term interest rate for convergence purposes - Euro,"Italy, Long-term interest rate for convergence purposes - Unspecified rate type, Debt security issued, 10 years maturity, New business coverage, denominated in Euro - Unspecified counterpart sector",PC,0
IRS.M.IT.L.L40.CI.0000.EUR.N.Z,M,IT,L,L40,CI,0000,EUR,N,Z,2005-08,3.449,A,F,,,P1M,,A,,,,,,,,,2,,,Long-term interest rate for convergence purposes - Euro,"Italy, Long-term interest rate for convergence purposes - Unspecified rate type, Debt security issued, 10 years maturity, New business coverage, denominated in Euro - Unspecified counterpart sector",PC,0
IRS.M.IT.L.L40.CI.0000.EUR.N.Z,M,IT,L,L40,CI,0000,EUR,N,Z,2005-09,3.287,A,F,,,P1M,,A,,,,,,,,,2,,,Long-term interest rate for convergence purposes - Euro,"Italy, Long-term interest rate for convergence purposes - Unspecified rate type, Debt security issued, 10 years maturity, New business coverage, denominated in Euro - Unspecified counterpart sector",PC,0
IRS.M.IT.L.L40.CI.0000.EUR.N.Z,M,IT,L,L40,CI,0000,EUR,N,Z,2005-10,3.444,A,F,,,P1M,,A,,,,,,,,,2,,,Long-term interest rate for convergence purposes - Euro,"Italy, Long-term interest rate for convergence purposes - Unspecified rate type, Debt security issued, 10 years maturity, New business coverage, denominated in Euro - Unspecified counterpart sector",PC,0
IRS.M.IT.L.L40.CI.0000.EUR.N.Z,M,IT,L,L40,CI,0000,EUR,N,Z,2005-11,3.655,A,F,,,P1M,,A,,,,,,,,,2,,,Long-term interest rate for convergence purposes - Euro,"Italy, Long-term interest rate for convergence purposes - Unspecified rate type, Debt security issued, 10 years maturity, New business coverage, denominated in Euro - Unspecified counterpart sector",PC,0
IRS.M.IT.L.L40.CI.0000.EUR.N.Z,M,IT,L,L40,CI,0000,EUR,N,Z,2005-12,3.553,A,F,,,P1M,,A,,,,,,,,,2,,,Long-term interest rate for convergence purposes - Euro,"Italy, Long-term interest rate for convergence purposes - Unspecified rate type, Debt security issued, 10 years maturity, New business coverage, denominated in Euro - Unspecified counterpart sector",PC,0
IRS.M.IT.L.L40.CI.0000.EUR.N.Z,M,IT,L,L40,CI,0000,EUR,N,Z,2006-01,3.544,A,F,,,P1M,,A,,,,,,,,,2,,,Long-term interest rate for convergence purposes - Euro,"Italy, Long-term interest rate for convergence purposes - Unspecified rate type, Debt security issued, 10 years maturity, New business coverage, denominated in Euro - Unspecified counterpart sector",PC,0
IRS.M.IT.L.L40.CI.0000.EUR.N.Z,M,IT,L,L40,CI,0000,EUR,N,Z,2006-02,3.697,A,F,,,P1M,,A,,,,,,,,,2,,,Long-term interest rate for convergence purposes - Euro,"Italy, Long-term interest rate for convergence purposes - Unspecified rate type, Debt security issued, 10 years maturity, New business coverage, denominated in Euro - Unspecified counterpart sector",PC,0
IRS.M.IT.L.L40.CI.0000.EUR.N.Z,M,IT,L,L40,CI,0000,EUR,N,Z,2006-03,3.923,A,F,,,P1M,,A,,,,,,,,,2,,,Long-term interest rate for convergence purposes - Euro,"Italy, Long-term interest rate for convergence purposes - Unspecified rate type, Debt security issued, 10 years maturity, New business coverage, denominated in Euro - Unspecified counterpart sector",PC,0
IRS.M.IT.L.L40.CI.0000.EUR.N.Z,M,IT,L,L40,CI,0000,EUR,N,Z,2006-04,4.222,A,F,,,P1M,,A,,,,,,,,,2,,,Long-term interest rate for convergence purposes - Euro,"Italy, Long-term interest rate for convergence purposes - Unspecified rate type, Debt security issued, 10 years maturity, New business coverage, denominated in Euro - Unspecified counterpart sector",PC,0
IRS.M.IT.L.L40.CI.0000.EUR.N.Z,M,IT,L,L40,CI,0000,EUR,N,Z,2006-05,4.285,A,F,,,P1M,,A,,,,,,,,,2,,,Long-term interest rate for convergence purposes - Euro,"Italy, Long-term interest rate for convergence purposes - Unspecified rate type, Debt security issued, 10 years maturity, New business coverage, denominated in Euro - Unspecified counterpart sector",PC,0
IRS.M.IT.L.L40.CI.0000.EUR.N.Z,M,IT,L,L40,CI,0000,EUR,N,Z,2006-06,4.295,A,F,,,P1M,,A,,,,,,,,,2,,,Long-term interest rate for convergence purposes - Euro,"Italy, Long-term interest rate for convergence purposes - Unspecified rate type, Debt security issued, 10 years maturity, New business coverage, denominated in Euro - Unspecified counterpart sector",PC,0
IRS.M.IT.L.L40.CI.0000.EUR.N.Z,M,IT,L,L40,CI,0000,EUR,N,Z,2006-07,4.306,A,F,,,P1M,,A,,,,,,,,,2,,,Long-term interest rate for convergence purposes - Euro,"Italy, Long-term interest rate for convergence purposes - Unspecified rate type, Debt security issued, 10 years maturity, New business coverage, denominated in Euro - Unspecified counterpart sector",PC,0
IRS.M.IT.L.L40.CI.0000.EUR.N.Z,M,IT,L,L40,CI,0000,EUR,N,Z,2006-08,4.171,A,F,,,P1M,,A,,,,,,,,,2,,,Long-term interest rate for convergence purposes - Euro,"Italy, Long-term interest rate for convergence purposes - Unspecified rate type, Debt security issued, 10 years maturity, New business coverage, denominated in Euro - Unspecified counterpart sector",PC,0
IRS.M.IT.L.L40.CI.0000.EUR.N.Z,M,IT,L,L40,CI,0000,EUR,N,Z,2006-09,4.036,A,F,,,P1M,,A,,,,,,,,,2,,,Long-term interest rate for convergence purposes - Euro,"Italy, Long-term interest rate for convergence purposes - Unspecified rate type, Debt security issued, 10 years maturity, New business coverage, denominated in Euro - Unspecified counterpart sector",PC,0
IRS.M.IT.L.L40.CI.0000.EUR.N.Z,M,IT,L,L40,CI,0000,EUR,N,Z,2006-10,4.07,A,F,,,P1M,,A,,,,,,,,,2,,,Long-term interest rate for convergence purposes - Euro,"Italy, Long-term interest rate for convergence purposes - Unspecified rate type, Debt security issued, 10 years maturity, New business coverage, denominated in Euro - Unspecified counterpart sector",PC,0
IRS.M.IT.L.L40.CI.0000.EUR.N.Z,M,IT,L,L40,CI,0000,EUR,N,Z,2006-11,3.97,A,F,,,P1M,,A,,,,,,,,,2,,,Long-term interest rate for convergence purposes - Euro,"Italy, Long-term interest rate for convergence purposes - Unspecified rate type, Debt security issued, 10 years maturity, New business coverage, denominated in Euro - Unspecified counterpart sector",PC,0
IRS.M.IT.L.L40.CI.0000.EUR.N.Z,M,IT,L,L40,CI,0000,EUR,N,Z,2006-12,4.038,A,F,,,P1M,,A,,,,,,,,,2,,,Long-term interest rate for convergence purposes - Euro,"Italy, Long-term interest rate for convergence purposes - Unspecified rate type, Debt security issued, 10 years maturity, New business coverage, denominated in Euro - Unspecified counterpart sector",PC,0
IRS.M.IT.L.L40.CI.0000.EUR.N.Z,M,IT,L,L40,CI,0000,EUR,N,Z,2007-01,4.263,A,F,,,P1M,,A,,,,,,,,,2,,,Long-term interest rate for convergence purposes - Euro,"Italy, Long-term interest rate for convergence purposes - Unspecified rate type, Debt security issued, 10 years maturity, New business coverage, denominated in Euro - Unspecified counterpart sector",PC,0
IRS.M.IT.L.L40.CI.0000.EUR.N.Z,M,IT,L,L40,CI,0000,EUR,N,Z,2007-02,4.28,A,F,,,P1M,,A,,,,,,,,,2,,,Long-term interest rate for convergence purposes - Euro,"Italy, Long-term interest rate for convergence purposes - Unspecified rate type, Debt security issued, 10 years maturity, New business coverage, denominated in Euro - Unspecified counterpart sector",PC,0
IRS.M.IT.L.L40.CI.0000.EUR.N.Z,M,IT,L,L40,CI,0000,EUR,N,Z,2007-03,4.176,A,F,,,P1M,,A,,,,,,,,,2,,,Long-term interest rate for convergence purposes - Euro,"Italy, Long-term interest rate for convergence purposes - Unspecified rate type, Debt security issued, 10 years maturity, New business coverage, denominated in Euro - Unspecified counterpart sector",PC,0
IRS.M.IT.L.L40.CI.0000.EUR.N.Z,M,IT,L,L40,CI,0000,EUR,N,Z,2007-04,4.37,A,F,,,P1M,,A,,,,,,,,,2,,,Long-term interest rate for convergence purposes - Euro,"Italy, Long-term interest rate for convergence purposes - Unspecified rate type, Debt security issued, 10 years maturity, New business coverage, denominated in Euro - Unspecified counterpart sector",PC,0
IRS.M.IT.L.L40.CI.0000.EUR.N.Z,M,IT,L,L40,CI,0000,EUR,N,Z,2007-05,4.49,A,F,,,P1M,,A,,,,,,,,,2,,,Long-term interest rate for convergence purposes - Euro,"Italy, Long-term interest rate for convergence purposes - Unspecified rate type, Debt security issued, 10 years maturity, New business coverage, denominated in Euro - Unspecified counterpart sector",PC,0
IRS.M.IT.L.L40.CI.0000.EUR.N.Z,M,IT,L,L40,CI,0000,EUR,N,Z,2007-06,4.772,A,F,,,P1M,,A,,,,,,,,,2,,,Long-term interest rate for convergence purposes - Euro,"Italy, Long-term interest rate for convergence purposes - Unspecified rate type, Debt security issued, 10 years maturity, New business coverage, denominated in Euro - Unspecified counterpart sector",PC,0
IRS.M.IT.L.L40.CI.0000.EUR.N.Z,M,IT,L,L40,CI,0000,EUR,N,Z,2007-07,4.76,A,F,,,P1M,,A,,,,,,,,,2,,,Long-term interest rate for convergence purposes - Euro,"Italy, Long-term interest rate for convergence purposes - Unspecified rate type, Debt security issued, 10 years maturity, New business coverage, denominated in Euro - Unspecified counterpart sector",PC,0
IRS.M.IT.L.L40.CI.0000.EUR.N.Z,M,IT,L,L40,CI,0000,EUR,N,Z,2007-08,4.584,A,F,,,P1M,,A,,,,,,,,,2,,,Long-term interest rate for convergence purposes - Euro,"Italy, Long-term interest rate for convergence purposes - Unspecified rate type, Debt security issued, 10 years maturity, New business coverage, denominated in Euro - Unspecified counterpart sector",PC,0
IRS.M.IT.L.L40.CI.0000.EUR.N.Z,M,IT,L,L40,CI,0000,EUR,N,Z,2007-09,4.574,A,F,,,P1M,,A,,,,,,,,,2,,,Long-term interest rate for convergence purposes - Euro,"Italy, Long-term interest rate for convergence purposes - Unspecified rate type, Debt security issued, 10 years maturity, New business coverage, denominated in Euro - Unspecified counterpart sector",PC,0
IRS.M.IT.L.L40.CI.0000.EUR.N.Z,M,IT,L,L40,CI,0000,EUR,N,Z,2007-10,4.591,A,F,,,P1M,,A,,,,,,,,,2,,,Long-term interest rate for convergence purposes - Euro,"Italy, Long-term interest rate for convergence purposes - Unspecified rate type, Debt security issued, 10 years maturity, New business coverage, denominated in Euro - Unspecified counterpart sector",PC,0
IRS.M.IT.L.L40.CI.0000.EUR.N.Z,M,IT,L,L40,CI,0000,EUR,N,Z,2007-11,4.449,A,F,,,P1M,,A,,,,,,,,,2,,,Long-term interest rate for convergence purposes - Euro,"Italy, Long-term interest rate for convergence purposes - Unspecified rate type, Debt security issued, 10 years maturity, New business coverage, denominated in Euro - Unspecified counterpart sector",PC,0
IRS.M.IT.L.L40.CI.0000.EUR.N.Z,M,IT,L,L40,CI,0000,EUR,N,Z,2007-12,4.538,A,F,,,P1M,,A,,,,,,,,,2,,,Long-term interest rate for convergence purposes - Euro,"Italy, Long-term interest rate for convergence purposes - Unspecified rate type, Debt security issued, 10 years maturity, New business coverage, denominated in Euro - Unspecified counterpart sector",PC,0
IRS.M.IT.L.L40.CI.0000.EUR.N.Z,M,IT,L,L40,CI,0000,EUR,N,Z,2008-01,4.399,A,F,,,P1M,,A,,,,,,,,,2,,,Long-term interest rate for convergence purposes - Euro,"Italy, Long-term interest rate for convergence purposes - Unspecified rate type, Debt security issued, 10 years maturity, New business coverage, denominated in Euro - Unspecified counterpart sector",PC,0
IRS.M.IT.L.L40.CI.0000.EUR.N.Z,M,IT,L,L40,CI,0000,EUR,N,Z,2008-02,4.354,A,F,,,P1M,,A,,,,,,,,,2,,,Long-term interest rate for convergence purposes - Euro,"Italy, Long-term interest rate for convergence purposes - Unspecified rate type, Debt security issued, 10 years maturity, New business coverage, denominated in Euro - Unspecified counterpart sector",PC,0
IRS.M.IT.L.L40.CI.0000.EUR.N.Z,M,IT,L,L40,CI,0000,EUR,N,Z,2008-03,4.377,A,F,,,P1M,,A,,,,,,,,,2,,,Long-term interest rate for convergence purposes - Euro,"Italy, Long-term interest rate for convergence purposes - Unspecified rate type, Debt security issued, 10 years maturity, New business coverage, denominated in Euro - Unspecified counterpart sector",PC,0
IRS.M.IT.L.L40.CI.0000.EUR.N.Z,M,IT,L,L40,CI,0000,EUR,N,Z,2008-04,4.532,A,F,,,P1M,,A,,,,,,,,,2,,,Long-term interest rate for convergence purposes - Euro,"Italy, Long-term interest rate for convergence purposes - Unspecified rate type, Debt security issued, 10 years maturity, New business coverage, denominated in Euro - Unspecified counterpart sector",PC,0
IRS.M.IT.L.L40.CI.0000.EUR.N.Z,M,IT,L,L40,CI,0000,EUR,N,Z,2008-05,4.703,A,F,,,P1M,,A,,,,,,,,,2,,,Long-term interest rate for convergence purposes - Euro,"Italy, Long-term interest rate for convergence purposes - Unspecified rate type, Debt security issued, 10 years maturity, New business coverage, denominated in Euro - Unspecified counterpart sector",PC,0
IRS.M.IT.L.L40.CI.0000.EUR.N.Z,M,IT,L,L40,CI,0000,EUR,N,Z,2008-06,5.106,A,F,,,P1M,,A,,,,,,,,,2,,,Long-term interest rate for convergence purposes - Euro,"Italy, Long-term interest rate for convergence purposes - Unspecified rate type, Debt security issued, 10 years maturity, New business coverage, denominated in Euro - Unspecified counterpart sector",PC,0
IRS.M.IT.L.L40.CI.0000.EUR.N.Z,M,IT,L,L40,CI,0000,EUR,N,Z,2008-07,5.095,A,F,,,P1M,,A,,,,,,,,,2,,,Long-term interest rate for convergence purposes - Euro,"Italy, Long-term interest rate for convergence purposes - Unspecified rate type, Debt security issued, 10 years maturity, New business coverage, denominated in Euro - Unspecified counterpart sector",PC,0
IRS.M.IT.L.L40.CI.0000.EUR.N.Z,M,IT,L,L40,CI,0000,EUR,N,Z,2008-08,4.814,A,F,,,P1M,,A,,,,,,,,,2,,,Long-term interest rate for convergence purposes - Euro,"Italy, Long-term interest rate for convergence purposes - Unspecified rate type, Debt security issued, 10 years maturity, New business coverage, denominated in Euro - Unspecified counterpart sector",PC,0
IRS.M.IT.L.L40.CI.0000.EUR.N.Z,M,IT,L,L40,CI,0000,EUR,N,Z,2008-09,4.804,A,F,,,P1M,,A,,,,,,,,,2,,,Long-term interest rate for convergence purposes - Euro,"Italy, Long-term interest rate for convergence purposes - Unspecified rate type, Debt security issued, 10 years maturity, New business coverage, denominated in Euro - Unspecified counterpart sector",PC,0
IRS.M.IT.L.L40.CI.0000.EUR.N.Z,M,IT,L,L40,CI,0000,EUR,N,Z,2008-10,4.78,A,F,,,P1M,,A,,,,,,,,,2,,,Long-term interest rate for convergence purposes - Euro,"Italy, Long-term interest rate for convergence purposes - Unspecified rate type, Debt security issued, 10 years maturity, New business coverage, denominated in Euro - Unspecified counterpart sector",PC,0
IRS.M.IT.L.L40.CI.0000.EUR.N.Z,M,IT,L,L40,CI,0000,EUR,N,Z,2008-11,4.743,A,F,,,P1M,,A,,,,,,,,,2,,,Long-term interest rate for convergence purposes - Euro,"Italy, Long-term interest rate for convergence purposes - Unspecified rate type, Debt security issued, 10 years maturity, New business coverage, denominated in Euro - Unspecified counterpart sector",PC,0
IRS.M.IT.L.L40.CI.0000.EUR.N.Z,M,IT,L,L40,CI,0000,EUR,N,Z,2008-12,4.469,A,F,,,P1M,,A,,,,,,,,,2,,,Long-term interest rate for convergence purposes - Euro,"Italy, Long-term interest rate for convergence purposes - Unspecified rate type, Debt security issued, 10 years maturity, New business coverage, denominated in Euro - Unspecified counterpart sector",PC,0
IRS.M.IT.L.L40.CI.0000.EUR.N.Z,M,IT,L,L40,CI,0000,EUR,N,Z,2009-01,4.621,A,F,,,P1M,,A,,,,,,,,,2,,,Long-term interest rate for convergence purposes - Euro,"Italy, Long-term interest rate for convergence purposes - Unspecified rate type, Debt security issued, 10 years maturity, New business coverage, denominated in Euro - Unspecified counterpart sector",PC,0
IRS.M.IT.L.L40.CI.0000.EUR.N.Z,M,IT,L,L40,CI,0000,EUR,N,Z,2009-02,4.536,A,F,,,P1M,,A,,,,,,,,,2,,,Long-term interest rate for convergence purposes - Euro,"Italy, Long-term interest rate for convergence purposes - Unspecified rate type, Debt security issued, 10 years maturity, New business coverage, denominated in Euro - Unspecified counterpart sector",PC,0
IRS.M.IT.L.L40.CI.0000.EUR.N.Z,M,IT,L,L40,CI,0000,EUR,N,Z,2009-03,4.458,A,F,,,P1M,,A,,,,,,,,,2,,,Long-term interest rate for convergence purposes - Euro,"Italy, Long-term interest rate for convergence purposes - Unspecified rate type, Debt security issued, 10 years maturity, New business coverage, denominated in Euro - Unspecified counterpart sector",PC,0
IRS.M.IT.L.L40.CI.0000.EUR.N.Z,M,IT,L,L40,CI,0000,EUR,N,Z,2009-04,4.356,A,F,,,P1M,,A,,,,,,,,,2,,,Long-term interest rate for convergence purposes - Euro,"Italy, Long-term interest rate for convergence purposes - Unspecified rate type, Debt security issued, 10 years maturity, New business coverage, denominated in Euro - Unspecified counterpart sector",PC,0
IRS.M.IT.L.L40.CI.0000.EUR.N.Z,M,IT,L,L40,CI,0000,EUR,N,Z,2009-05,4.415,A,F,,,P1M,,A,,,,,,,,,2,,,Long-term interest rate for convergence purposes - Euro,"Italy, Long-term interest rate for convergence purposes - Unspecified rate type, Debt security issued, 10 years maturity, New business coverage, denominated in Euro - Unspecified counterpart sector",PC,0
IRS.M.IT.L.L40.CI.0000.EUR.N.Z,M,IT,L,L40,CI,0000,EUR,N,Z,2009-06,4.606,A,F,,,P1M,,A,,,,,,,,,2,,,Long-term interest rate for convergence purposes - Euro,"Italy, Long-term interest rate for convergence purposes - Unspecified rate type, Debt security issued, 10 years maturity, New business coverage, denominated in Euro - Unspecified counterpart sector",PC,0
IRS.M.IT.L.L40.CI.0000.EUR.N.Z,M,IT,L,L40,CI,0000,EUR,N,Z,2009-07,4.373,A,F,,,P1M,,A,,,,,,,,,2,,,Long-term interest rate for convergence purposes - Euro,"Italy, Long-term interest rate for convergence purposes - Unspecified rate type, Debt security issued, 10 years maturity, New business coverage, denominated in Euro - Unspecified counterpart sector",PC,0
IRS.M.IT.L.L40.CI.0000.EUR.N.Z,M,IT,L,L40,CI,0000,EUR,N,Z,2009-08,4.116,A,F,,,P1M,,A,,,,,,,,,2,,,Long-term interest rate for convergence purposes - Euro,"Italy, Long-term interest rate for convergence purposes - Unspecified rate type, Debt security issued, 10 years maturity, New business coverage, denominated in Euro - Unspecified counterpart sector",PC,0
IRS.M.IT.L.L40.CI.0000.EUR.N.Z,M,IT,L,L40,CI,0000,EUR,N,Z,2009-09,4.088,A,F,,,P1M,,A,,,,,,,,,2,,,Long-term interest rate for convergence purposes - Euro,"Italy, Long-term interest rate for convergence purposes - Unspecified rate type, Debt security issued, 10 years maturity, New business coverage, denominated in Euro - Unspecified counterpart sector",PC,0
IRS.M.IT.L.L40.CI.0000.EUR.N.Z,M,IT,L,L40,CI,0000,EUR,N,Z,2009-10,4.101,A,F,,,P1M,,A,,,,,,,,,2,,,Long-term interest rate for convergence purposes - Euro,"Italy, Long-term interest rate for convergence purposes - Unspecified rate type, Debt security issued, 10 years maturity, New business coverage, denominated in Euro - Unspecified counterpart sector",PC,0
IRS.M.IT.L.L40.CI.0000.EUR.N.Z,M,IT,L,L40,CI,0000,EUR,N,Z,2009-11,4.057,A,F,,,P1M,,A,,,,,,,,,2,,,Long-term interest rate for convergence purposes - Euro,"Italy, Long-term interest rate for convergence purposes - Unspecified rate type, Debt security issued, 10 years maturity, New business coverage, denominated in Euro - Unspecified counterpart sector",PC,0
IRS.M.IT.L.L40.CI.0000.EUR.N.Z,M,IT,L,L40,CI,0000,EUR,N,Z,2009-12,4.007,A,F,,,P1M,,A,,,,,,,,,2,,,Long-term interest rate for convergence purposes - Euro,"Italy, Long-term interest rate for convergence purposes - Unspecified rate type, Debt security issued, 10 years maturity, New business coverage, denominated in Euro - Unspecified counterpart sector",PC,0
IRS.M.IT.L.L40.CI.0000.EUR.N.Z,M,IT,L,L40,CI,0000,EUR,N,Z,2010-01,4.078,A,F,,,P1M,,A,,,,,,,,,2,,,Long-term interest rate for convergence purposes - Euro,"Italy, Long-term interest rate for convergence purposes - Unspecified rate type, Debt security issued, 10 years maturity, New business coverage, denominated in Euro - Unspecified counterpart sector",PC,0
IRS.M.IT.L.L40.CI.0000.EUR.N.Z,M,IT,L,L40,CI,0000,EUR,N,Z,2010-02,4.047,A,F,,,P1M,,A,,,,,,,,,2,,,Long-term interest rate for convergence purposes - Euro,"Italy, Long-term interest rate for convergence purposes - Unspecified rate type, Debt security issued, 10 years maturity, New business coverage, denominated in Euro - Unspecified counterpart sector",PC,0
IRS.M.IT.L.L40.CI.0000.EUR.N.Z,M,IT,L,L40,CI,0000,EUR,N,Z,2010-03,3.945,A,F,,,P1M,,A,,,,,,,,,2,,,Long-term interest rate for convergence purposes - Euro,"Italy, Long-term interest rate for convergence purposes - Unspecified rate type, Debt security issued, 10 years maturity, New business coverage, denominated in Euro - Unspecified counterpart sector",PC,0
IRS.M.IT.L.L40.CI.0000.EUR.N.Z,M,IT,L,L40,CI,0000,EUR,N,Z,2010-04,3.996,A,F,,,P1M,,A,,,,,,,,,2,,,Long-term interest rate for convergence purposes - Euro,"Italy, Long-term interest rate for convergence purposes - Unspecified rate type, Debt security issued, 10 years maturity, New business coverage, denominated in Euro - Unspecified counterpart sector",PC,0
IRS.M.IT.L.L40.CI.0000.EUR.N.Z,M,IT,L,L40,CI,0000,EUR,N,Z,2010-05,3.985,A,F,,,P1M,,A,,,,,,,,,2,,,Long-term interest rate for convergence purposes - Euro,"Italy, Long-term interest rate for convergence purposes - Unspecified rate type, Debt security issued, 10 years maturity, New business coverage, denominated in Euro - Unspecified counterpart sector",PC,0
IRS.M.IT.L.L40.CI.0000.EUR.N.Z,M,IT,L,L40,CI,0000,EUR,N,Z,2010-06,4.102,A,F,,,P1M,,A,,,,,,,,,2,,,Long-term interest rate for convergence purposes - Euro,"Italy, Long-term interest rate for convergence purposes - Unspecified rate type, Debt security issued, 10 years maturity, New business coverage, denominated in Euro - Unspecified counterpart sector",PC,0
IRS.M.IT.L.L40.CI.0000.EUR.N.Z,M,IT,L,L40,CI,0000,EUR,N,Z,2010-07,4.026,A,F,,,P1M,,A,,,,,,,,,2,,,Long-term interest rate for convergence purposes - Euro,"Italy, Long-term interest rate for convergence purposes - Unspecified rate type, Debt security issued, 10 years maturity, New business coverage, denominated in Euro - Unspecified counterpart sector",PC,0
IRS.M.IT.L.L40.CI.0000.EUR.N.Z,M,IT,L,L40,CI,0000,EUR,N,Z,2010-08,3.802,A,F,,,P1M,,A,,,,,,,,,2,,,Long-term interest rate for convergence purposes - Euro,"Italy, Long-term interest rate for convergence purposes - Unspecified rate type, Debt security issued, 10 years maturity, New business coverage, denominated in Euro - Unspecified counterpart sector",PC,0
IRS.M.IT.L.L40.CI.0000.EUR.N.Z,M,IT,L,L40,CI,0000,EUR,N,Z,2010-09,3.862,A,F,,,P1M,,A,,,,,,,,,2,,,Long-term interest rate for convergence purposes - Euro,"Italy, Long-term interest rate for convergence purposes - Unspecified rate type, Debt security issued, 10 years maturity, New business coverage, denominated in Euro - Unspecified counterpart sector",PC,0
IRS.M.IT.L.L40.CI.0000.EUR.N.Z,M,IT,L,L40,CI,0000,EUR,N,Z,2010-10,3.8,A,F,,,P1M,,A,,,,,,,,,2,,,Long-term interest rate for convergence purposes - Euro,"Italy, Long-term interest rate for convergence purposes - Unspecified rate type, Debt security issued, 10 years maturity, New business coverage, denominated in Euro - Unspecified counterpart sector",PC,0
IRS.M.IT.L.L40.CI.0000.EUR.N.Z,M,IT,L,L40,CI,0000,EUR,N,Z,2010-11,4.184,A,F,,,P1M,,A,,,,,,,,,2,,,Long-term interest rate for convergence purposes - Euro,"Italy, Long-term interest rate for convergence purposes - Unspecified rate type, Debt security issued, 10 years maturity, New business coverage, denominated in Euro - Unspecified counterpart sector",PC,0
IRS.M.IT.L.L40.CI.0000.EUR.N.Z,M,IT,L,L40,CI,0000,EUR,N,Z,2010-12,4.603,A,F,,,P1M,,A,,,,,,,,,2,,,Long-term interest rate for convergence purposes - Euro,"Italy, Long-term interest rate for convergence purposes - Unspecified rate type, Debt security issued, 10 years maturity, New business coverage, denominated in Euro - Unspecified counterpart sector",PC,0
IRS.M.IT.L.L40.CI.0000.EUR.N.Z,M,IT,L,L40,CI,0000,EUR,N,Z,2011-01,4.729,A,F,,,P1M,,A,,,,,,,,,2,,,Long-term interest rate for convergence purposes - Euro,"Italy, Long-term interest rate for convergence purposes - Unspecified rate type, Debt security issued, 10 years maturity, New business coverage, denominated in Euro - Unspecified counterpart sector",PC,0
IRS.M.IT.L.L40.CI.0000.EUR.N.Z,M,IT,L,L40,CI,0000,EUR,N,Z,2011-02,4.736,A,F,,,P1M,,A,,,,,,,,,2,,,Long-term interest rate for convergence purposes - Euro,"Italy, Long-term interest rate for convergence purposes - Unspecified rate type, Debt security issued, 10 years maturity, New business coverage, denominated in Euro - Unspecified counterpart sector",PC,0
IRS.M.IT.L.L40.CI.0000.EUR.N.Z,M,IT,L,L40,CI,0000,EUR,N,Z,2011-03,4.875,A,F,,,P1M,,A,,,,,,,,,2,,,Long-term interest rate for convergence purposes - Euro,"Italy, Long-term interest rate for convergence purposes - Unspecified rate type, Debt security issued, 10 years maturity, New business coverage, denominated in Euro - Unspecified counterpart sector",PC,0
IRS.M.IT.L.L40.CI.0000.EUR.N.Z,M,IT,L,L40,CI,0000,EUR,N,Z,2011-04,4.841,A,F,,,P1M,,A,,,,,,,,,2,,,Long-term interest rate for convergence purposes - Euro,"Italy, Long-term interest rate for convergence purposes - Unspecified rate type, Debt security issued, 10 years maturity, New business coverage, denominated in Euro - Unspecified counterpart sector",PC,0
IRS.M.IT.L.L40.CI.0000.EUR.N.Z,M,IT,L,L40,CI,0000,EUR,N,Z,2011-05,4.756,A,F,,,P1M,,A,,,,,,,,,2,,,Long-term interest rate for convergence purposes - Euro,"Italy, Long-term interest rate for convergence purposes - Unspecified rate type, Debt security issued, 10 years maturity, New business coverage, denominated in Euro - Unspecified counterpart sector",PC,0
IRS.M.IT.L.L40.CI.0000.EUR.N.Z,M,IT,L,L40,CI,0000,EUR,N,Z,2011-06,4.816,A,F,,,P1M,,A,,,,,,,,,2,,,Long-term interest rate for convergence purposes - Euro,"Italy, Long-term interest rate for convergence purposes - Unspecified rate type, Debt security issued, 10 years maturity, New business coverage, denominated in Euro - Unspecified counterpart sector",PC,0
IRS.M.IT.L.L40.CI.0000.EUR.N.Z,M,IT,L,L40,CI,0000,EUR,N,Z,2011-07,5.463,A,F,,,P1M,,A,,,,,,,,,2,,,Long-term interest rate for convergence purposes - Euro,"Italy, Long-term interest rate for convergence purposes - Unspecified rate type, Debt security issued, 10 years maturity, New business coverage, denominated in Euro - Unspecified counterpart sector",PC,0
IRS.M.IT.L.L40.CI.0000.EUR.N.Z,M,IT,L,L40,CI,0000,EUR,N,Z,2011-08,5.271,A,F,,,P1M,,A,,,,,,,,,2,,,Long-term interest rate for convergence purposes - Euro,"Italy, Long-term interest rate for convergence purposes - Unspecified rate type, Debt security issued, 10 years maturity, New business coverage, denominated in Euro - Unspecified counterpart sector",PC,0
IRS.M.IT.L.L40.CI.0000.EUR.N.Z,M,IT,L,L40,CI,0000,EUR,N,Z,2011-09,5.746,A,F,,,P1M,,A,,,,,,,,,2,,,Long-term interest rate for convergence purposes - Euro,"Italy, Long-term interest rate for convergence purposes - Unspecified rate type, Debt security issued, 10 years maturity, New business coverage, denominated in Euro - Unspecified counterpart sector",PC,0
IRS.M.IT.L.L40.CI.0000.EUR.N.Z,M,IT,L,L40,CI,0000,EUR,N,Z,2011-10,5.972,A,F,,,P1M,,A,,,,,,,,,2,,,Long-term interest rate for convergence purposes - Euro,"Italy, Long-term interest rate for convergence purposes - Unspecified rate type, Debt security issued, 10 years maturity, New business coverage, denominated in Euro - Unspecified counterpart sector",PC,0
IRS.M.IT.L.L40.CI.0000.EUR.N.Z,M,IT,L,L40,CI,0000,EUR,N,Z,2011-11,7.057,A,F,,,P1M,,A,,,,,,,,,2,,,Long-term interest rate for convergence purposes - Euro,"Italy, Long-term interest rate for convergence purposes - Unspecified rate type, Debt security issued, 10 years maturity, New business coverage, denominated in Euro - Unspecified counterpart sector",PC,0
IRS.M.IT.L.L40.CI.0000.EUR.N.Z,M,IT,L,L40,CI,0000,EUR,N,Z,2011-12,6.812,A,F,,,P1M,,A,,,,,,,,,2,,,Long-term interest rate for convergence purposes - Euro,"Italy, Long-term interest rate for convergence purposes - Unspecified rate type, Debt security issued, 10 years maturity, New business coverage, denominated in Euro - Unspecified counterpart sector",PC,0
IRS.M.IT.L.L40.CI.0000.EUR.N.Z,M,IT,L,L40,CI,0000,EUR,N,Z,2012-01,6.537,A,F,,,P1M,,A,,,,,,,,,2,,,Long-term interest rate for convergence purposes - Euro,"Italy, Long-term interest rate for convergence purposes - Unspecified rate type, Debt security issued, 10 years maturity, New business coverage, denominated in Euro - Unspecified counterpart sector",PC,0
IRS.M.IT.L.L40.CI.0000.EUR.N.Z,M,IT,L,L40,CI,0000,EUR,N,Z,2012-02,5.546,A,F,,,P1M,,A,,,,,,,,,2,,,Long-term interest rate for convergence purposes - Euro,"Italy, Long-term interest rate for convergence purposes - Unspecified rate type, Debt security issued, 10 years maturity, New business coverage, denominated in Euro - Unspecified counterpart sector",PC,0
IRS.M.IT.L.L40.CI.0000.EUR.N.Z,M,IT,L,L40,CI,0000,EUR,N,Z,2012-03,5.049,A,F,,,P1M,,A,,,,,,,,,2,,,Long-term interest rate for convergence purposes - Euro,"Italy, Long-term interest rate for convergence purposes - Unspecified rate type, Debt security issued, 10 years maturity, New business coverage, denominated in Euro - Unspecified counterpart sector",PC,0
IRS.M.IT.L.L40.CI.0000.EUR.N.Z,M,IT,L,L40,CI,0000,EUR,N,Z,2012-04,5.676,A,F,,,P1M,,A,,,,,,,,,2,,,Long-term interest rate for convergence purposes - Euro,"Italy, Long-term interest rate for convergence purposes - Unspecified rate type, Debt security issued, 10 years maturity, New business coverage, denominated in Euro - Unspecified counterpart sector",PC,0
IRS.M.IT.L.L40.CI.0000.EUR.N.Z,M,IT,L,L40,CI,0000,EUR,N,Z,2012-05,5.783,A,F,,,P1M,,A,,,,,,,,,2,,,Long-term interest rate for convergence purposes - Euro,"Italy, Long-term interest rate for convergence purposes - Unspecified rate type, Debt security issued, 10 years maturity, New business coverage, denominated in Euro - Unspecified counterpart sector",PC,0
IRS.M.IT.L.L40.CI.0000.EUR.N.Z,M,IT,L,L40,CI,0000,EUR,N,Z,2012-06,5.904,A,F,,,P1M,,A,,,,,,,,,2,,,Long-term interest rate for convergence purposes - Euro,"Italy, Long-term interest rate for convergence purposes - Unspecified rate type, Debt security issued, 10 years maturity, New business coverage, denominated in Euro - Unspecified counterpart sector",PC,0
IRS.M.IT.L.L40.CI.0000.EUR.N.Z,M,IT,L,L40,CI,0000,EUR,N,Z,2012-07,5.996,A,F,,,P1M,,A,,,,,,,,,2,,,Long-term interest rate for convergence purposes - Euro,"Italy, Long-term interest rate for convergence purposes - Unspecified rate type, Debt security issued, 10 years maturity, New business coverage, denominated in Euro - Unspecified counterpart sector",PC,0
IRS.M.IT.L.L40.CI.0000.EUR.N.Z,M,IT,L,L40,CI,0000,EUR,N,Z,2012-08,5.822,A,F,,,P1M,,A,,,,,,,,,2,,,Long-term interest rate for convergence purposes - Euro,"Italy, Long-term interest rate for convergence purposes - Unspecified rate type, Debt security issued, 10 years maturity, New business coverage, denominated in Euro - Unspecified counterpart sector",PC,0
IRS.M.IT.L.L40.CI.0000.EUR.N.Z,M,IT,L,L40,CI,0000,EUR,N,Z,2012-09,5.254,A,F,,,P1M,,A,,,,,,,,,2,,,Long-term interest rate for convergence purposes - Euro,"Italy, Long-term interest rate for convergence purposes - Unspecified rate type, Debt security issued, 10 years maturity, New business coverage, denominated in Euro - Unspecified counterpart sector",PC,0
IRS.M.IT.L.L40.CI.0000.EUR.N.Z,M,IT,L,L40,CI,0000,EUR,N,Z,2012-10,4.953,A,F,,,P1M,,A,,,,,,,,,2,,,Long-term interest rate for convergence purposes - Euro,"Italy, Long-term interest rate for convergence purposes - Unspecified rate type, Debt security issued, 10 years maturity, New business coverage, denominated in Euro - Unspecified counterpart sector",PC,0
IRS.M.IT.L.L40.CI.0000.EUR.N.Z,M,IT,L,L40,CI,0000,EUR,N,Z,2012-11,4.851,A,F,,,P1M,,A,,,,,,,,,2,,,Long-term interest rate for convergence purposes - Euro,"Italy, Long-term interest rate for convergence purposes - Unspecified rate type, Debt security issued, 10 years maturity, New business coverage, denominated in Euro - Unspecified counterpart sector",PC,0
IRS.M.IT.L.L40.CI.0000.EUR.N.Z,M,IT,L,L40,CI,0000,EUR,N,Z,2012-12,4.542,A,F,,,P1M,,A,,,,,,,,,2,,,Long-term interest rate for convergence purposes - Euro,"Italy, Long-term interest rate for convergence purposes - Unspecified rate type, Debt security issued, 10 years maturity, New business coverage, denominated in Euro - Unspecified counterpart sector",PC,0
IRS.M.IT.L.L40.CI.0000.EUR.N.Z,M,IT,L,L40,CI,0000,EUR,N,Z,2013-01,4.208,A,F,,,P1M,,A,,,,,,,,,2,,,Long-term interest rate for convergence purposes - Euro,"Italy, Long-term interest rate for convergence purposes - Unspecified rate type, Debt security issued, 10 years maturity, New business coverage, denominated in Euro - Unspecified counterpart sector",PC,0
IRS.M.IT.L.L40.CI.0000.EUR.N.Z,M,IT,L,L40,CI,0000,EUR,N,Z,2013-02,4.493,A,F,,,P1M,,A,,,,,,,,,2,,,Long-term interest rate for convergence purposes - Euro,"Italy, Long-term interest rate for convergence purposes - Unspecified rate type, Debt security issued, 10 years maturity, New business coverage, denominated in Euro - Unspecified counterpart sector",PC,0
IRS.M.IT.L.L40.CI.0000.EUR.N.Z,M,IT,L,L40,CI,0000,EUR,N,Z,2013-03,4.64,A,F,,,P1M,,A,,,,,,,,,2,,,Long-term interest rate for convergence purposes - Euro,"Italy, Long-term interest rate for convergence purposes - Unspecified rate type, Debt security issued, 10 years maturity, New business coverage, denominated in Euro - Unspecified counterpart sector",PC,0
IRS.M.IT.L.L40.CI.0000.EUR.N.Z,M,IT,L,L40,CI,0000,EUR,N,Z,2013-04,4.278,A,F,,,P1M,,A,,,,,,,,,2,,,Long-term interest rate for convergence purposes - Euro,"Italy, Long-term interest rate for convergence purposes - Unspecified rate type, Debt security issued, 10 years maturity, New business coverage, denominated in Euro - Unspecified counterpart sector",PC,0
IRS.M.IT.L.L40.CI.0000.EUR.N.Z,M,IT,L,L40,CI,0000,EUR,N,Z,2013-05,3.964,A,F,,,P1M,,A,,,,,,,,,2,,,Long-term interest rate for convergence purposes - Euro,"Italy, Long-term interest rate for convergence purposes - Unspecified rate type, Debt security issued, 10 years maturity, New business coverage, denominated in Euro - Unspecified counterpart sector",PC,0
IRS.M.IT.L.L40.CI.0000.EUR.N.Z,M,IT,L,L40,CI,0000,EUR,N,Z,2013-06,4.379,A,F,,,P1M,,A,,,,,,,,,2,,,Long-term interest rate for convergence purposes - Euro,"Italy, Long-term interest rate for convergence purposes - Unspecified rate type, Debt security issued, 10 years maturity, New business coverage, denominated in Euro - Unspecified counterpart sector",PC,0
IRS.M.IT.L.L40.CI.0000.EUR.N.Z,M,IT,L,L40,CI,0000,EUR,N,Z,2013-07,4.418,A,F,,,P1M,,A,,,,,,,,,2,,,Long-term interest rate for convergence purposes - Euro,"Italy, Long-term interest rate for convergence purposes - Unspecified rate type, Debt security issued, 10 years maturity, New business coverage, denominated in Euro - Unspecified counterpart sector",PC,0
IRS.M.IT.L.L40.CI.0000.EUR.N.Z,M,IT,L,L40,CI,0000,EUR,N,Z,2013-08,4.419,A,F,,,P1M,,A,,,,,,,,,2,,,Long-term interest rate for convergence purposes - Euro,"Italy, Long-term interest rate for convergence purposes - Unspecified rate type, Debt security issued, 10 years maturity, New business coverage, denominated in Euro - Unspecified counterpart sector",PC,0
IRS.M.IT.L.L40.CI.0000.EUR.N.Z,M,IT,L,L40,CI,0000,EUR,N,Z,2013-09,4.541,A,F,,,P1M,,A,,,,,,,,,2,,,Long-term interest rate for convergence purposes - Euro,"Italy, Long-term interest rate for convergence purposes - Unspecified rate type, Debt security issued, 10 years maturity, New business coverage, denominated in Euro - Unspecified counterpart sector",PC,0
IRS.M.IT.L.L40.CI.0000.EUR.N.Z,M,IT,L,L40,CI,0000,EUR,N,Z,2013-10,4.248,A,F,,,P1M,,A,,,,,,,,,2,,,Long-term interest rate for convergence purposes - Euro,"Italy, Long-term interest rate for convergence purposes - Unspecified rate type, Debt security issued, 10 years maturity, New business coverage, denominated in Euro - Unspecified counterpart sector",PC,0
IRS.M.IT.L.L40.CI.0000.EUR.N.Z,M,IT,L,L40,CI,0000,EUR,N,Z,2013-11,4.095,A,F,,,P1M,,A,,,,,,,,,2,,,Long-term interest rate for convergence purposes - Euro,"Italy, Long-term interest rate for convergence purposes - Unspecified rate type, Debt security issued, 10 years maturity, New business coverage, denominated in Euro - Unspecified counterpart sector",PC,0
IRS.M.IT.L.L40.CI.0000.EUR.N.Z,M,IT,L,L40,CI,0000,EUR,N,Z,2013-12,4.114,A,F,,,P1M,,A,,,,,,,,,2,,,Long-term interest rate for convergence purposes - Euro,"Italy, Long-term interest rate for convergence purposes - Unspecified rate type, Debt security issued, 10 years maturity, New business coverage, denominated in Euro - Unspecified counterpart sector",PC,0
IRS.M.IT.L.L40.CI.0000.EUR.N.Z,M,IT,L,L40,CI,0000,EUR,N,Z,2014-01,3.866,A,F,,,P1M,,A,,,,,,,,,2,,,Long-term interest rate for convergence purposes - Euro,"Italy, Long-term interest rate for convergence purposes - Unspecified rate type, Debt security issued, 10 years maturity, New business coverage, denominated in Euro - Unspecified counterpart sector",PC,0
IRS.M.IT.L.L40.CI.0000.EUR.N.Z,M,IT,L,L40,CI,0000,EUR,N,Z,2014-02,3.651,A,F,,,P1M,,A,,,,,,,,,2,,,Long-term interest rate for convergence purposes - Euro,"Italy, Long-term interest rate for convergence purposes - Unspecified rate type, Debt security issued, 10 years maturity, New business coverage, denominated in Euro - Unspecified counterpart sector",PC,0
IRS.M.IT.L.L40.CI.0000.EUR.N.Z,M,IT,L,L40,CI,0000,EUR,N,Z,2014-03,3.399,A,F,,,P1M,,A,,,,,,,,,2,,,Long-term interest rate for convergence purposes - Euro,"Italy, Long-term interest rate for convergence purposes - Unspecified rate type, Debt security issued, 10 years maturity, New business coverage, denominated in Euro - Unspecified counterpart sector",PC,0
IRS.M.IT.L.L40.CI.0000.EUR.N.Z,M,IT,L,L40,CI,0000,EUR,N,Z,2014-04,3.228,A,F,,,P1M,,A,,,,,,,,,2,,,Long-term interest rate for convergence purposes - Euro,"Italy, Long-term interest rate for convergence purposes - Unspecified rate type, Debt security issued, 10 years maturity, New business coverage, denominated in Euro - Unspecified counterpart sector",PC,0
IRS.M.IT.L.L40.CI.0000.EUR.N.Z,M,IT,L,L40,CI,0000,EUR,N,Z,2014-05,3.123,A,F,,,P1M,,A,,,,,,,,,2,,,Long-term interest rate for convergence purposes - Euro,"Italy, Long-term interest rate for convergence purposes - Unspecified rate type, Debt security issued, 10 years maturity, New business coverage, denominated in Euro - Unspecified counterpart sector",PC,0
IRS.M.IT.L.L40.CI.0000.EUR.N.Z,M,IT,L,L40,CI,0000,EUR,N,Z,2014-06,2.92,A,F,,,P1M,,A,,,,,,,,,2,,,Long-term interest rate for convergence purposes - Euro,"Italy, Long-term interest rate for convergence purposes - Unspecified rate type, Debt security issued, 10 years maturity, New business coverage, denominated in Euro - Unspecified counterpart sector",PC,0
IRS.M.IT.L.L40.CI.0000.EUR.N.Z,M,IT,L,L40,CI,0000,EUR,N,Z,2014-07,2.794,A,F,,,P1M,,A,,,,,,,,,2,,,Long-term interest rate for convergence purposes - Euro,"Italy, Long-term interest rate for convergence purposes - Unspecified rate type, Debt security issued, 10 years maturity, New business coverage, denominated in Euro - Unspecified counterpart sector",PC,0
IRS.M.IT.L.L40.CI.0000.EUR.N.Z,M,IT,L,L40,CI,0000,EUR,N,Z,2014-08,2.633,A,F,,,P1M,,A,,,,,,,,,2,,,Long-term interest rate for convergence purposes - Euro,"Italy, Long-term interest rate for convergence purposes - Unspecified rate type, Debt security issued, 10 years maturity, New business coverage, denominated in Euro - Unspecified counterpart sector",PC,0
IRS.M.IT.L.L40.CI.0000.EUR.N.Z,M,IT,L,L40,CI,0000,EUR,N,Z,2014-09,2.4,A,F,,,P1M,,A,,,,,,,,,2,,,Long-term interest rate for convergence purposes - Euro,"Italy, Long-term interest rate for convergence purposes - Unspecified rate type, Debt security issued, 10 years maturity, New business coverage, denominated in Euro - Unspecified counterpart sector",PC,0
IRS.M.IT.L.L40.CI.0000.EUR.N.Z,M,IT,L,L40,CI,0000,EUR,N,Z,2014-10,2.424,A,F,,,P1M,,A,,,,,,,,,2,,,Long-term interest rate for convergence purposes - Euro,"Italy, Long-term interest rate for convergence purposes - Unspecified rate type, Debt security issued, 10 years maturity, New business coverage, denominated in Euro - Unspecified counterpart sector",PC,0
IRS.M.IT.L.L40.CI.0000.EUR.N.Z,M,IT,L,L40,CI,0000,EUR,N,Z,2014-11,2.29,A,F,,,P1M,,A,,,,,,,,,2,,,Long-term interest rate for convergence purposes - Euro,"Italy, Long-term interest rate for convergence purposes - Unspecified rate type, Debt security issued, 10 years maturity, New business coverage, denominated in Euro - Unspecified counterpart sector",PC,0
IRS.M.IT.L.L40.CI.0000.EUR.N.Z,M,IT,L,L40,CI,0000,EUR,N,Z,2014-12,1.99,A,F,,,P1M,,A,,,,,,,,,2,,,Long-term interest rate for convergence purposes - Euro,"Italy, Long-term interest rate for convergence purposes - Unspecified rate type, Debt security issued, 10 years maturity, New business coverage, denominated in Euro - Unspecified counterpart sector",PC,0
IRS.M.IT.L.L40.CI.0000.EUR.N.Z,M,IT,L,L40,CI,0000,EUR,N,Z,2015-01,1.702,A,F,,,P1M,,A,,,,,,,,,2,,,Long-term interest rate for convergence purposes - Euro,"Italy, Long-term interest rate for convergence purposes - Unspecified rate type, Debt security issued, 10 years maturity, New business coverage, denominated in Euro - Unspecified counterpart sector",PC,0
IRS.M.IT.L.L40.CI.0000.EUR.N.Z,M,IT,L,L40,CI,0000,EUR,N,Z,2015-02,1.557,A,F,,,P1M,,A,,,,,,,,,2,,,Long-term interest rate for convergence purposes - Euro,"Italy, Long-term interest rate for convergence purposes - Unspecified rate type, Debt security issued, 10 years maturity, New business coverage, denominated in Euro - Unspecified counterpart sector",PC,0
IRS.M.IT.L.L40.CI.0000.EUR.N.Z,M,IT,L,L40,CI,0000,EUR,N,Z,2015-03,1.294,A,F,,,P1M,,A,,,,,,,,,2,,,Long-term interest rate for convergence purposes - Euro,"Italy, Long-term interest rate for convergence purposes - Unspecified rate type, Debt security issued, 10 years maturity, New business coverage, denominated in Euro - Unspecified counterpart sector",PC,0
IRS.M.IT.L.L40.CI.0000.EUR.N.Z,M,IT,L,L40,CI,0000,EUR,N,Z,2015-04,1.357,A,F,,,P1M,,A,,,,,,,,,2,,,Long-term interest rate for convergence purposes - Euro,"Italy, Long-term interest rate for convergence purposes - Unspecified rate type, Debt security issued, 10 years maturity, New business coverage, denominated in Euro - Unspecified counterpart sector",PC,0
IRS.M.IT.L.L40.CI.0000.EUR.N.Z,M,IT,L,L40,CI,0000,EUR,N,Z,2015-05,1.812,A,F,,,P1M,,A,,,,,,,,,2,,,Long-term interest rate for convergence purposes - Euro,"Italy, Long-term interest rate for convergence purposes - Unspecified rate type, Debt security issued, 10 years maturity, New business coverage, denominated in Euro - Unspecified counterpart sector",PC,0
IRS.M.IT.L.L40.CI.0000.EUR.N.Z,M,IT,L,L40,CI,0000,EUR,N,Z,2015-06,2.199,A,F,,,P1M,,A,,,,,,,,,2,,,Long-term interest rate for convergence purposes - Euro,"Italy, Long-term interest rate for convergence purposes - Unspecified rate type, Debt security issued, 10 years maturity, New business coverage, denominated in Euro - Unspecified counterpart sector",PC,0
IRS.M.IT.L.L40.CI.0000.EUR.N.Z,M,IT,L,L40,CI,0000,EUR,N,Z,2015-07,2.042,A,F,,,P1M,,A,,,,,,,,,2,,,Long-term interest rate for convergence purposes - Euro,"Italy, Long-term interest rate for convergence purposes - Unspecified rate type, Debt security issued, 10 years maturity, New business coverage, denominated in Euro - Unspecified counterpart sector",PC,0
IRS.M.IT.L.L40.CI.0000.EUR.N.Z,M,IT,L,L40,CI,0000,EUR,N,Z,2015-08,1.839,A,F,,,P1M,,A,,,,,,,,,2,,,Long-term interest rate for convergence purposes - Euro,"Italy, Long-term interest rate for convergence purposes - Unspecified rate type, Debt security issued, 10 years maturity, New business coverage, denominated in Euro - Unspecified counterpart sector",PC,0
IRS.M.IT.L.L40.CI.0000.EUR.N.Z,M,IT,L,L40,CI,0000,EUR,N,Z,2015-09,1.92,A,F,,,P1M,,A,,,,,,,,,2,,,Long-term interest rate for convergence purposes - Euro,"Italy, Long-term interest rate for convergence purposes - Unspecified rate type, Debt security issued, 10 years maturity, New business coverage, denominated in Euro - Unspecified counterpart sector",PC,0
IRS.M.IT.L.L40.CI.0000.EUR.N.Z,M,IT,L,L40,CI,0000,EUR,N,Z,2015-10,1.696,A,F,,,P1M,,A,,,,,,,,,2,,,Long-term interest rate for convergence purposes - Euro,"Italy, Long-term interest rate for convergence purposes - Unspecified rate type, Debt security issued, 10 years maturity, New business coverage, denominated in Euro - Unspecified counterpart sector",PC,0
IRS.M.IT.L.L40.CI.0000.EUR.N.Z,M,IT,L,L40,CI,0000,EUR,N,Z,2015-11,1.57,A,F,,,P1M,,A,,,,,,,,,2,,,Long-term interest rate for convergence purposes - Euro,"Italy, Long-term interest rate for convergence purposes - Unspecified rate type, Debt security issued, 10 years maturity, New business coverage, denominated in Euro - Unspecified counterpart sector",PC,0
IRS.M.IT.L.L40.CI.0000.EUR.N.Z,M,IT,L,L40,CI,0000,EUR,N,Z,2015-12,1.579,A,F,,,P1M,,A,,,,,,,,,2,,,Long-term interest rate for convergence purposes - Euro,"Italy, Long-term interest rate for convergence purposes - Unspecified rate type, Debt security issued, 10 years maturity, New business coverage, denominated in Euro - Unspecified counterpart sector",PC,0
IRS.M.IT.L.L40.CI.0000.EUR.N.Z,M,IT,L,L40,CI,0000,EUR,N,Z,2016-01,1.534,A,F,,,P1M,,A,,,,,,,,,2,,,Long-term interest rate for convergence purposes - Euro,"Italy, Long-term interest rate for convergence purposes - Unspecified rate type, Debt security issued, 10 years maturity, New business coverage, denominated in Euro - Unspecified counterpart sector",PC,0
IRS.M.IT.L.L40.CI.0000.EUR.N.Z,M,IT,L,L40,CI,0000,EUR,N,Z,2016-02,1.558,A,F,,,P1M,,A,,,,,,,,,2,,,Long-term interest rate for convergence purposes - Euro,"Italy, Long-term interest rate for convergence purposes - Unspecified rate type, Debt security issued, 10 years maturity, New business coverage, denominated in Euro - Unspecified counterpart sector",PC,0
IRS.M.IT.L.L40.CI.0000.EUR.N.Z,M,IT,L,L40,CI,0000,EUR,N,Z,2016-03,1.375,A,F,,,P1M,,A,,,,,,,,,2,,,Long-term interest rate for convergence purposes - Euro,"Italy, Long-term interest rate for convergence purposes - Unspecified rate type, Debt security issued, 10 years maturity, New business coverage, denominated in Euro - Unspecified counterpart sector",PC,0
IRS.M.IT.L.L40.CI.0000.EUR.N.Z,M,IT,L,L40,CI,0000,EUR,N,Z,2016-04,1.442,A,F,,,P1M,,A,,,,,,,,,2,,,Long-term interest rate for convergence purposes - Euro,"Italy, Long-term interest rate for convergence purposes - Unspecified rate type, Debt security issued, 10 years maturity, New business coverage, denominated in Euro - Unspecified counterpart sector",PC,0
IRS.M.IT.L.L40.CI.0000.EUR.N.Z,M,IT,L,L40,CI,0000,EUR,N,Z,2016-05,1.526,A,F,,,P1M,,A,,,,,,,,,2,,,Long-term interest rate for convergence purposes - Euro,"Italy, Long-term interest rate for convergence purposes - Unspecified rate type, Debt security issued, 10 years maturity, New business coverage, denominated in Euro - Unspecified counterpart sector",PC,0
IRS.M.IT.L.L40.CI.0000.EUR.N.Z,M,IT,L,L40,CI,0000,EUR,N,Z,2016-06,1.453,A,F,,,P1M,,A,,,,,,,,,2,,,Long-term interest rate for convergence purposes - Euro,"Italy, Long-term interest rate for convergence purposes - Unspecified rate type, Debt security issued, 10 years maturity, New business coverage, denominated in Euro - Unspecified counterpart sector",PC,0
IRS.M.IT.L.L40.CI.0000.EUR.N.Z,M,IT,L,L40,CI,0000,EUR,N,Z,2016-07,1.227,A,F,,,P1M,,A,,,,,,,,,2,,,Long-term interest rate for convergence purposes - Euro,"Italy, Long-term interest rate for convergence purposes - Unspecified rate type, Debt security issued, 10 years maturity, New business coverage, denominated in Euro - Unspecified counterpart sector",PC,0
IRS.M.IT.L.L40.CI.0000.EUR.N.Z,M,IT,L,L40,CI,0000,EUR,N,Z,2016-08,1.176,A,F,,,P1M,,A,,,,,,,,,2,,,Long-term interest rate for convergence purposes - Euro,"Italy, Long-term interest rate for convergence purposes - Unspecified rate type, Debt security issued, 10 years maturity, New business coverage, denominated in Euro - Unspecified counterpart sector",PC,0
IRS.M.IT.L.L40.CI.0000.EUR.N.Z,M,IT,L,L40,CI,0000,EUR,N,Z,2016-09,1.266,A,F,,,P1M,,A,,,,,,,,,2,,,Long-term interest rate for convergence purposes - Euro,"Italy, Long-term interest rate for convergence purposes - Unspecified rate type, Debt security issued, 10 years maturity, New business coverage, denominated in Euro - Unspecified counterpart sector",PC,0
IRS.M.IT.L.L40.CI.0000.EUR.N.Z,M,IT,L,L40,CI,0000,EUR,N,Z,2016-10,1.45,A,F,,,P1M,,A,,,,,,,,,2,,,Long-term interest rate for convergence purposes - Euro,"Italy, Long-term interest rate for convergence purposes - Unspecified rate type, Debt security issued, 10 years maturity, New business coverage, denominated in Euro - Unspecified counterpart sector",PC,0
IRS.M.IT.L.L40.CI.0000.EUR.N.Z,M,IT,L,L40,CI,0000,EUR,N,Z,2016-11,1.943,A,F,,,P1M,,A,,,,,,,,,2,,,Long-term interest rate for convergence purposes - Euro,"Italy, Long-term interest rate for convergence purposes - Unspecified rate type, Debt security issued, 10 years maturity, New business coverage, denominated in Euro - Unspecified counterpart sector",PC,0
IRS.M.IT.L.L40.CI.0000.EUR.N.Z,M,IT,L,L40,CI,0000,EUR,N,Z,2016-12,1.886,A,F,,,P1M,,A,,,,,,,,,2,,,Long-term interest rate for convergence purposes - Euro,"Italy, Long-term interest rate for convergence purposes - Unspecified rate type, Debt security issued, 10 years maturity, New business coverage, denominated in Euro - Unspecified counterpart sector",PC,0
IRS.M.IT.L.L40.CI.0000.EUR.N.Z,M,IT,L,L40,CI,0000,EUR,N,Z,2017-01,1.991,A,F,,,P1M,,A,,,,,,,,,2,,,Long-term interest rate for convergence purposes - Euro,"Italy, Long-term interest rate for convergence purposes - Unspecified rate type, Debt security issued, 10 years maturity, New business coverage, denominated in Euro - Unspecified counterpart sector",PC,0
IRS.M.IT.L.L40.CI.0000.EUR.N.Z,M,IT,L,L40,CI,0000,EUR,N,Z,2017-02,2.352,A,F,,,P1M,,A,,,,,,,,,2,,,Long-term interest rate for convergence purposes - Euro,"Italy, Long-term interest rate for convergence purposes - Unspecified rate type, Debt security issued, 10 years maturity, New business coverage, denominated in Euro - Unspecified counterpart sector",PC,0
IRS.M.IT.L.L40.CI.0000.EUR.N.Z,M,IT,L,L40,CI,0000,EUR,N,Z,2017-03,2.401,A,F,,,P1M,,A,,,,,,,,,2,,,Long-term interest rate for convergence purposes - Euro,"Italy, Long-term interest rate for convergence purposes - Unspecified rate type, Debt security issued, 10 years maturity, New business coverage, denominated in Euro - Unspecified counterpart sector",PC,0
IRS.M.IT.L.L40.CI.0000.EUR.N.Z,M,IT,L,L40,CI,0000,EUR,N,Z,2017-04,2.257,A,F,,,P1M,,A,,,,,,,,,2,,,Long-term interest rate for convergence purposes - Euro,"Italy, Long-term interest rate for convergence purposes - Unspecified rate type, Debt security issued, 10 years maturity, New business coverage, denominated in Euro - Unspecified counterpart sector",PC,0
IRS.M.IT.L.L40.CI.0000.EUR.N.Z,M,IT,L,L40,CI,0000,EUR,N,Z,2017-05,2.194,A,F,,,P1M,,A,,,,,,,,,2,,,Long-term interest rate for convergence purposes - Euro,"Italy, Long-term interest rate for convergence purposes - Unspecified rate type, Debt security issued, 10 years maturity, New business coverage, denominated in Euro - Unspecified counterpart sector",PC,0
IRS.M.IT.L.L40.CI.0000.EUR.N.Z,M,IT,L,L40,CI,0000,EUR,N,Z,2017-06,2.053,A,F,,,P1M,,A,,,,,,,,,2,,,Long-term interest rate for convergence purposes - Euro,"Italy, Long-term interest rate for convergence purposes - Unspecified rate type, Debt security issued, 10 years maturity, New business coverage, denominated in Euro - Unspecified counterpart sector",PC,0
IRS.M.IT.L.L40.CI.0000.EUR.N.Z,M,IT,L,L40,CI,0000,EUR,N,Z,2017-07,2.231,A,F,,,P1M,,A,,,,,,,,,2,,,Long-term interest rate for convergence purposes - Euro,"Italy, Long-term interest rate for convergence purposes - Unspecified rate type, Debt security issued, 10 years maturity, New business coverage, denominated in Euro - Unspecified counterpart sector",PC,0
IRS.M.IT.L.L40.CI.0000.EUR.N.Z,M,IT,L,L40,CI,0000,EUR,N,Z,2017-08,2.11,A,F,,,P1M,,A,,,,,,,,,2,,,Long-term interest rate for convergence purposes - Euro,"Italy, Long-term interest rate for convergence purposes - Unspecified rate type, Debt security issued, 10 years maturity, New business coverage, denominated in Euro - Unspecified counterpart sector",PC,0
IRS.M.IT.L.L40.CI.0000.EUR.N.Z,M,IT,L,L40,CI,0000,EUR,N,Z,2017-09,2.109,A,F,,,P1M,,A,,,,,,,,,2,,,Long-term interest rate for convergence purposes - Euro,"Italy, Long-term interest rate for convergence purposes - Unspecified rate type, Debt security issued, 10 years maturity, New business coverage, denominated in Euro - Unspecified counterpart sector",PC,0
IRS.M.IT.L.L40.CI.0000.EUR.N.Z,M,IT,L,L40,CI,0000,EUR,N,Z,2017-10,2.074,A,F,,,P1M,,A,,,,,,,,,2,,,Long-term interest rate for convergence purposes - Euro,"Italy, Long-term interest rate for convergence purposes - Unspecified rate type, Debt security issued, 10 years maturity, New business coverage, denominated in Euro - Unspecified counterpart sector",PC,0
IRS.M.IT.L.L40.CI.0000.EUR.N.Z,M,IT,L,L40,CI,0000,EUR,N,Z,2017-11,1.789,A,F,,,P1M,,A,,,,,,,,,2,,,Long-term interest rate for convergence purposes - Euro,"Italy, Long-term interest rate for convergence purposes - Unspecified rate type, Debt security issued, 10 years maturity, New business coverage, denominated in Euro - Unspecified counterpart sector",PC,0
IRS.M.IT.L.L40.CI.0000.EUR.N.Z,M,IT,L,L40,CI,0000,EUR,N,Z,2017-12,1.795,A,F,,,P1M,,A,,,,,,,,,2,,,Long-term interest rate for convergence purposes - Euro,"Italy, Long-term interest rate for convergence purposes - Unspecified rate type, Debt security issued, 10 years maturity, New business coverage, denominated in Euro - Unspecified counterpart sector",PC,0
IRS.M.IT.L.L40.CI.0000.EUR.N.Z,M,IT,L,L40,CI,0000,EUR,N,Z,2018-01,1.984,A,F,,,P1M,,A,,,,,,,,,2,,,Long-term interest rate for convergence purposes - Euro,"Italy, Long-term interest rate for convergence purposes - Unspecified rate type, Debt security issued, 10 years maturity, New business coverage, denominated in Euro - Unspecified counterpart sector",PC,0
IRS.M.IT.L.L40.CI.0000.EUR.N.Z,M,IT,L,L40,CI,0000,EUR,N,Z,2018-02,2.081,A,F,,,P1M,,A,,,,,,,,,2,,,Long-term interest rate for convergence purposes - Euro,"Italy, Long-term interest rate for convergence purposes - Unspecified rate type, Debt security issued, 10 years maturity, New business coverage, denominated in Euro - Unspecified counterpart sector",PC,0
IRS.M.IT.L.L40.CI.0000.EUR.N.Z,M,IT,L,L40,CI,0000,EUR,N,Z,2018-03,1.965,A,F,,,P1M,,A,,,,,,,,,2,,,Long-term interest rate for convergence purposes - Euro,"Italy, Long-term interest rate for convergence purposes - Unspecified rate type, Debt security issued, 10 years maturity, New business coverage, denominated in Euro - Unspecified counterpart sector",PC,0
IRS.M.IT.L.L40.CI.0000.EUR.N.Z,M,IT,L,L40,CI,0000,EUR,N,Z,2018-04,1.773,A,F,,,P1M,,A,,,,,,,,,2,,,Long-term interest rate for convergence purposes - Euro,"Italy, Long-term interest rate for convergence purposes - Unspecified rate type, Debt security issued, 10 years maturity, New business coverage, denominated in Euro - Unspecified counterpart sector",PC,0
IRS.M.IT.L.L40.CI.0000.EUR.N.Z,M,IT,L,L40,CI,0000,EUR,N,Z,2018-05,2.18,A,F,,,P1M,,A,,,,,,,,,2,,,Long-term interest rate for convergence purposes - Euro,"Italy, Long-term interest rate for convergence purposes - Unspecified rate type, Debt security issued, 10 years maturity, New business coverage, denominated in Euro - Unspecified counterpart sector",PC,0
IRS.M.IT.L.L40.CI.0000.EUR.N.Z,M,IT,L,L40,CI,0000,EUR,N,Z,2018-06,2.744,A,F,,,P1M,,A,,,,,,,,,2,,,Long-term interest rate for convergence purposes - Euro,"Italy, Long-term interest rate for convergence purposes - Unspecified rate type, Debt security issued, 10 years maturity, New business coverage, denominated in Euro - Unspecified counterpart sector",PC,0
IRS.M.IT.L.L40.CI.0000.EUR.N.Z,M,IT,L,L40,CI,0000,EUR,N,Z,2018-07,2.643,A,F,,,P1M,,A,,,,,,,,,2,,,Long-term interest rate for convergence purposes - Euro,"Italy, Long-term interest rate for convergence purposes - Unspecified rate type, Debt security issued, 10 years maturity, New business coverage, denominated in Euro - Unspecified counterpart sector",PC,0
IRS.M.IT.L.L40.CI.0000.EUR.N.Z,M,IT,L,L40,CI,0000,EUR,N,Z,2018-08,3.161,A,F,,,P1M,,A,,,,,,,,,2,,,Long-term interest rate for convergence purposes - Euro,"Italy, Long-term interest rate for convergence purposes - Unspecified rate type, Debt security issued, 10 years maturity, New business coverage, denominated in Euro - Unspecified counterpart sector",PC,0
IRS.M.IT.L.L40.CI.0000.EUR.N.Z,M,IT,L,L40,CI,0000,EUR,N,Z,2018-09,2.959,A,F,,,P1M,,A,,,,,,,,,2,,,Long-term interest rate for convergence purposes - Euro,"Italy, Long-term interest rate for convergence purposes - Unspecified rate type, Debt security issued, 10 years maturity, New business coverage, denominated in Euro - Unspecified counterpart sector",PC,0
IRS.M.IT.L.L40.CI.0000.EUR.N.Z,M,IT,L,L40,CI,0000,EUR,N,Z,2018-10,3.469,A,F,,,P1M,,A,,,,,,,,,2,,,Long-term interest rate for convergence purposes - Euro,"Italy, Long-term interest rate for convergence purposes - Unspecified rate type, Debt security issued, 10 years maturity, New business coverage, denominated in Euro - Unspecified counterpart sector",PC,0
IRS.M.IT.L.L40.CI.0000.EUR.N.Z,M,IT,L,L40,CI,0000,EUR,N,Z,2018-11,3.39,A,F,,,P1M,,A,,,,,,,,,2,,,Long-term interest rate for convergence purposes - Euro,"Italy, Long-term interest rate for convergence purposes - Unspecified rate type, Debt security issued, 10 years maturity, New business coverage, denominated in Euro - Unspecified counterpart sector",PC,0
IRS.M.IT.L.L40.CI.0000.EUR.N.Z,M,IT,L,L40,CI,0000,EUR,N,Z,2018-12,2.975,A,F,,,P1M,,A,,,,,,,,,2,,,Long-term interest rate for convergence purposes - Euro,"Italy, Long-term interest rate for convergence purposes - Unspecified rate type, Debt security issued, 10 years maturity, New business coverage, denominated in Euro - Unspecified counterpart sector",PC,0
IRS.M.IT.L.L40.CI.0000.EUR.N.Z,M,IT,L,L40,CI,0000,EUR,N,Z,2019-01,2.77,A,F,,,P1M,,A,,,,,,,,,2,,,Long-term interest rate for convergence purposes - Euro,"Italy, Long-term interest rate for convergence purposes - Unspecified rate type, Debt security issued, 10 years maturity, New business coverage, denominated in Euro - Unspecified counterpart sector",PC,0
IRS.M.IT.L.L40.CI.0000.EUR.N.Z,M,IT,L,L40,CI,0000,EUR,N,Z,2019-02,2.812,A,F,,,P1M,,A,,,,,,,,,2,,,Long-term interest rate for convergence purposes - Euro,"Italy, Long-term interest rate for convergence purposes - Unspecified rate type, Debt security issued, 10 years maturity, New business coverage, denominated in Euro - Unspecified counterpart sector",PC,0
IRS.M.IT.L.L40.CI.0000.EUR.N.Z,M,IT,L,L40,CI,0000,EUR,N,Z,2019-03,2.69,A,F,,,P1M,,A,,,,,,,,,2,,,Long-term interest rate for convergence purposes - Euro,"Italy, Long-term interest rate for convergence purposes - Unspecified rate type, Debt security issued, 10 years maturity, New business coverage, denominated in Euro - Unspecified counterpart sector",PC,0
IRS.M.IT.L.L40.CI.0000.EUR.N.Z,M,IT,L,L40,CI,0000,EUR,N,Z,2019-04,2.618,A,F,,,P1M,,A,,,,,,,,,2,,,Long-term interest rate for convergence purposes - Euro,"Italy, Long-term interest rate for convergence purposes - Unspecified rate type, Debt security issued, 10 years maturity, New business coverage, denominated in Euro - Unspecified counterpart sector",PC,0
IRS.M.IT.L.L40.CI.0000.EUR.N.Z,M,IT,L,L40,CI,0000,EUR,N,Z,2019-05,2.644,A,F,,,P1M,,A,,,,,,,,,2,,,Long-term interest rate for convergence purposes - Euro,"Italy, Long-term interest rate for convergence purposes - Unspecified rate type, Debt security issued, 10 years maturity, New business coverage, denominated in Euro - Unspecified counterpart sector",PC,0
IRS.M.IT.L.L40.CI.0000.EUR.N.Z,M,IT,L,L40,CI,0000,EUR,N,Z,2019-06,2.284,A,F,,,P1M,,A,,,,,,,,,2,,,Long-term interest rate for convergence purposes - Euro,"Italy, Long-term interest rate for convergence purposes - Unspecified rate type, Debt security issued, 10 years maturity, New business coverage, denominated in Euro - Unspecified counterpart sector",PC,0
IRS.M.IT.L.L40.CI.0000.EUR.N.Z,M,IT,L,L40,CI,0000,EUR,N,Z,2019-07,1.654,A,F,,,P1M,,A,,,,,,,,,2,,,Long-term interest rate for convergence purposes - Euro,"Italy, Long-term interest rate for convergence purposes - Unspecified rate type, Debt security issued, 10 years maturity, New business coverage, denominated in Euro - Unspecified counterpart sector",PC,0
IRS.M.IT.L.L40.CI.0000.EUR.N.Z,M,IT,L,L40,CI,0000,EUR,N,Z,2019-08,1.404,A,F,,,P1M,,A,,,,,,,,,2,,,Long-term interest rate for convergence purposes - Euro,"Italy, Long-term interest rate for convergence purposes - Unspecified rate type, Debt security issued, 10 years maturity, New business coverage, denominated in Euro - Unspecified counterpart sector",PC,0
IRS.M.IT.L.L40.CI.0000.EUR.N.Z,M,IT,L,L40,CI,0000,EUR,N,Z,2019-09,0.902,A,F,,,P1M,,A,,,,,,,,,2,,,Long-term interest rate for convergence purposes - Euro,"Italy, Long-term interest rate for convergence purposes - Unspecified rate type, Debt security issued, 10 years maturity, New business coverage, denominated in Euro - Unspecified counterpart sector",PC,0
IRS.M.IT.L.L40.CI.0000.EUR.N.Z,M,IT,L,L40,CI,0000,EUR,N,Z,2019-10,1.004,A,F,,,P1M,,A,,,,,,,,,2,,,Long-term interest rate for convergence purposes - Euro,"Italy, Long-term interest rate for convergence purposes - Unspecified rate type, Debt security issued, 10 years maturity, New business coverage, denominated in Euro - Unspecified counterpart sector",PC,0
IRS.M.IT.L.L40.CI.0000.EUR.N.Z,M,IT,L,L40,CI,0000,EUR,N,Z,2019-11,1.266,A,F,,,P1M,,A,,,,,,,,,2,,,Long-term interest rate for convergence purposes - Euro,"Italy, Long-term interest rate for convergence purposes - Unspecified rate type, Debt security issued, 10 years maturity, New business coverage, denominated in Euro - Unspecified counterpart sector",PC,0
IRS.M.IT.L.L40.CI.0000.EUR.N.Z,M,IT,L,L40,CI,0000,EUR,N,Z,2019-12,1.37,A,F,,,P1M,,A,,,,,,,,,2,,,Long-term interest rate for convergence purposes - Euro,"Italy, Long-term interest rate for convergence purposes - Unspecified rate type, Debt security issued, 10 years maturity, New business coverage, denominated in Euro - Unspecified counterpart sector",PC,0
IRS.M.IT.L.L40.CI.0000.EUR.N.Z,M,IT,L,L40,CI,0000,EUR,N,Z,2020-01,1.275,A,F,,,P1M,,A,,,,,,,,,2,,,Long-term interest rate for convergence purposes - Euro,"Italy, Long-term interest rate for convergence purposes - Unspecified rate type, Debt security issued, 10 years maturity, New business coverage, denominated in Euro - Unspecified counterpart sector",PC,0
IRS.M.IT.L.L40.CI.0000.EUR.N.Z,M,IT,L,L40,CI,0000,EUR,N,Z,2020-02,0.955,A,F,,,P1M,,A,,,,,,,,,2,,,Long-term interest rate for convergence purposes - Euro,"Italy, Long-term interest rate for convergence purposes - Unspecified rate type, Debt security issued, 10 years maturity, New business coverage, denominated in Euro - Unspecified counterpart sector",PC,0
IRS.M.IT.L.L40.CI.0000.EUR.N.Z,M,IT,L,L40,CI,0000,EUR,N,Z,2020-03,1.551,A,F,,,P1M,,A,,,,,,,,,2,,,Long-term interest rate for convergence purposes - Euro,"Italy, Long-term interest rate for convergence purposes - Unspecified rate type, Debt security issued, 10 years maturity, New business coverage, denominated in Euro - Unspecified counterpart sector",PC,0
IRS.M.IT.L.L40.CI.0000.EUR.N.Z,M,IT,L,L40,CI,0000,EUR,N,Z,2020-04,1.799,A,F,,,P1M,,A,,,,,,,,,2,,,Long-term interest rate for convergence purposes - Euro,"Italy, Long-term interest rate for convergence purposes - Unspecified rate type, Debt security issued, 10 years maturity, New business coverage, denominated in Euro - Unspecified counterpart sector",PC,0
IRS.M.IT.L.L40.CI.0000.EUR.N.Z,M,IT,L,L40,CI,0000,EUR,N,Z,2020-05,1.762,A,F,,,P1M,,A,,,,,,,,,2,,,Long-term interest rate for convergence purposes - Euro,"Italy, Long-term interest rate for convergence purposes - Unspecified rate type, Debt security issued, 10 years maturity, New business coverage, denominated in Euro - Unspecified counterpart sector",PC,0
IRS.M.IT.L.L40.CI.0000.EUR.N.Z,M,IT,L,L40,CI,0000,EUR,N,Z,2020-06,1.455,A,F,,,P1M,,A,,,,,,,,,2,,,Long-term interest rate for convergence purposes - Euro,"Italy, Long-term interest rate for convergence purposes - Unspecified rate type, Debt security issued, 10 years maturity, New business coverage, denominated in Euro - Unspecified counterpart sector",PC,0
IRS.M.IT.L.L40.CI.0000.EUR.N.Z,M,IT,L,L40,CI,0000,EUR,N,Z,2020-07,1.196,A,F,,,P1M,,A,,,,,,,,,2,,,Long-term interest rate for convergence purposes - Euro,"Italy, Long-term interest rate for convergence purposes - Unspecified rate type, Debt security issued, 10 years maturity, New business coverage, denominated in Euro - Unspecified counterpart sector",PC,0
IRS.M.IT.L.L40.CI.0000.EUR.N.Z,M,IT,L,L40,CI,0000,EUR,N,Z,2020-08,1.032,A,F,,,P1M,,A,,,,,,,,,2,,,Long-term interest rate for convergence purposes - Euro,"Italy, Long-term interest rate for convergence purposes - Unspecified rate type, Debt security issued, 10 years maturity, New business coverage, denominated in Euro - Unspecified counterpart sector",PC,0
IRS.M.IT.L.L40.CI.0000.EUR.N.Z,M,IT,L,L40,CI,0000,EUR,N,Z,2020-09,0.981,A,F,,,P1M,,A,,,,,,,,,2,,,Long-term interest rate for convergence purposes - Euro,"Italy, Long-term interest rate for convergence purposes - Unspecified rate type, Debt security issued, 10 years maturity, New business coverage, denominated in Euro - Unspecified counterpart sector",PC,0
IRS.M.IT.L.L40.CI.0000.EUR.N.Z,M,IT,L,L40,CI,0000,EUR,N,Z,2020-10,0.77,A,F,,,P1M,,A,,,,,,,,,2,,,Long-term interest rate for convergence purposes - Euro,"Italy, Long-term interest rate for convergence purposes - Unspecified rate type, Debt security issued, 10 years maturity, New business coverage, denominated in Euro - Unspecified counterpart sector",PC,0
IRS.M.IT.L.L40.CI.0000.EUR.N.Z,M,IT,L,L40,CI,0000,EUR,N,Z,2020-11,0.664,A,F,,,P1M,,A,,,,,,,,,2,,,Long-term interest rate for convergence purposes - Euro,"Italy, Long-term interest rate for convergence purposes - Unspecified rate type, Debt security issued, 10 years maturity, New business coverage, denominated in Euro - Unspecified counterpart sector",PC,0
IRS.M.IT.L.L40.CI.0000.EUR.N.Z,M,IT,L,L40,CI,0000,EUR,N,Z,2020-12,0.578,A,F,,,P1M,,A,,,,,,,,,2,,,Long-term interest rate for convergence purposes - Euro,"Italy, Long-term interest rate for convergence purposes - Unspecified rate type, Debt security issued, 10 years maturity, New business coverage, denominated in Euro - Unspecified counterpart sector",PC,0
IRS.M.IT.L.L40.CI.0000.EUR.N.Z,M,IT,L,L40,CI,0000,EUR,N,Z,2021-01,0.616,A,F,,,P1M,,A,,,,,,,,,2,,,Long-term interest rate for convergence purposes - Euro,"Italy, Long-term interest rate for convergence purposes - Unspecified rate type, Debt security issued, 10 years maturity, New business coverage, denominated in Euro - Unspecified counterpart sector",PC,0
IRS.M.IT.L.L40.CI.0000.EUR.N.Z,M,IT,L,L40,CI,0000,EUR,N,Z,2021-02,0.59,A,F,,,P1M,,A,,,,,,,,,2,,,Long-term interest rate for convergence purposes - Euro,"Italy, Long-term interest rate for convergence purposes - Unspecified rate type, Debt security issued, 10 years maturity, New business coverage, denominated in Euro - Unspecified counterpart sector",PC,0
IRS.M.IT.L.L40.CI.0000.EUR.N.Z,M,IT,L,L40,CI,0000,EUR,N,Z,2021-03,0.704,A,F,,,P1M,,A,,,,,,,,,2,,,Long-term interest rate for convergence purposes - Euro,"Italy, Long-term interest rate for convergence purposes - Unspecified rate type, Debt security issued, 10 years maturity, New business coverage, denominated in Euro - Unspecified counterpart sector",PC,0
IRS.M.IT.L.L40.CI.0000.EUR.N.Z,M,IT,L,L40,CI,0000,EUR,N,Z,2021-04,0.797,A,F,,,P1M,,A,,,,,,,,,2,,,Long-term interest rate for convergence purposes - Euro,"Italy, Long-term interest rate for convergence purposes - Unspecified rate type, Debt security issued, 10 years maturity, New business coverage, denominated in Euro - Unspecified counterpart sector",PC,0
IRS.M.IT.L.L40.CI.0000.EUR.N.Z,M,IT,L,L40,CI,0000,EUR,N,Z,2021-05,0.984,A,F,,,P1M,,A,,,,,,,,,2,,,Long-term interest rate for convergence purposes - Euro,"Italy, Long-term interest rate for convergence purposes - Unspecified rate type, Debt security issued, 10 years maturity, New business coverage, denominated in Euro - Unspecified counterpart sector",PC,0
IRS.M.IT.L.L40.CI.0000.EUR.N.Z,M,IT,L,L40,CI,0000,EUR,N,Z,2021-06,0.875,A,F,,,P1M,,A,,,,,,,,,2,,,Long-term interest rate for convergence purposes - Euro,"Italy, Long-term interest rate for convergence purposes - Unspecified rate type, Debt security issued, 10 years maturity, New business coverage, denominated in Euro - Unspecified counterpart sector",PC,0
IRS.M.IT.L.L40.CI.0000.EUR.N.Z,M,IT,L,L40,CI,0000,EUR,N,Z,2021-07,0.748,A,F,,,P1M,,A,,,,,,,,,2,,,Long-term interest rate for convergence purposes - Euro,"Italy, Long-term interest rate for convergence purposes - Unspecified rate type, Debt security issued, 10 years maturity, New business coverage, denominated in Euro - Unspecified counterpart sector",PC,0
IRS.M.IT.L.L40.CI.0000.EUR.N.Z,M,IT,L,L40,CI,0000,EUR,N,Z,2021-08,0.628,A,F,,,P1M,,A,,,,,,,,,2,,,Long-term interest rate for convergence purposes - Euro,"Italy, Long-term interest rate for convergence purposes - Unspecified rate type, Debt security issued, 10 years maturity, New business coverage, denominated in Euro - Unspecified counterpart sector",PC,0
IRS.M.IT.L.L40.CI.0000.EUR.N.Z,M,IT,L,L40,CI,0000,EUR,N,Z,2021-09,0.777,A,F,,,P1M,,A,,,,,,,,,2,,,Long-term interest rate for convergence purposes - Euro,"Italy, Long-term interest rate for convergence purposes - Unspecified rate type, Debt security issued, 10 years maturity, New business coverage, denominated in Euro - Unspecified counterpart sector",PC,0
IRS.M.IT.L.L40.CI.0000.EUR.N.Z,M,IT,L,L40,CI,0000,EUR,N,Z,2021-10,0.955,A,F,,,P1M,,A,,,,,,,,,2,,,Long-term interest rate for convergence purposes - Euro,"Italy, Long-term interest rate for convergence purposes - Unspecified rate type, Debt security issued, 10 years maturity, New business coverage, denominated in Euro - Unspecified counterpart sector",PC,0
IRS.M.IT.L.L40.CI.0000.EUR.N.Z,M,IT,L,L40,CI,0000,EUR,N,Z,2021-11,1.01,A,F,,,P1M,,A,,,,,,,,,2,,,Long-term interest rate for convergence purposes - Euro,"Italy, Long-term interest rate for convergence purposes - Unspecified rate type, Debt security issued, 10 years maturity, New business coverage, denominated in Euro - Unspecified counterpart sector",PC,0
IRS.M.IT.L.L40.CI.0000.EUR.N.Z,M,IT,L,L40,CI,0000,EUR,N,Z,2021-12,1.047,A,F,,,P1M,,A,,,,,,,,,2,,,Long-term interest rate for convergence purposes - Euro,"Italy, Long-term interest rate for convergence purposes - Unspecified rate type, Debt security issued, 10 years maturity, New business coverage, denominated in Euro - Unspecified counterpart sector",PC,0
IRS.M.IT.L.L40.CI.0000.EUR.N.Z,M,IT,L,L40,CI,0000,EUR,N,Z,2022-01,1.346,A,F,,,P1M,,A,,,,,,,,,2,,,Long-term interest rate for convergence purposes - Euro,"Italy, Long-term interest rate for convergence purposes - Unspecified rate type, Debt security issued, 10 years maturity, New business coverage, denominated in Euro - Unspecified counterpart sector",PC,0
IRS.M.IT.L.L40.CI.0000.EUR.N.Z,M,IT,L,L40,CI,0000,EUR,N,Z,2022-02,1.794,A,F,,,P1M,,A,,,,,,,,,2,,,Long-term interest rate for convergence purposes - Euro,"Italy, Long-term interest rate for convergence purposes - Unspecified rate type, Debt security issued, 10 years maturity, New business coverage, denominated in Euro - Unspecified counterpart sector",PC,0
IRS.M.IT.L.L40.CI.0000.EUR.N.Z,M,IT,L,L40,CI,0000,EUR,N,Z,2022-03,1.854,A,F,,,P1M,,A,,,,,,,,,2,,,Long-term interest rate for convergence purposes - Euro,"Italy, Long-term interest rate for convergence purposes - Unspecified rate type, Debt security issued, 10 years maturity, New business coverage, denominated in Euro - Unspecified counterpart sector",PC,0
IRS.M.IT.L.L40.CI.0000.EUR.N.Z,M,IT,L,L40,CI,0000,EUR,N,Z,2022-04,2.436,A,F,,,P1M,,A,,,,,,,,,2,,,Long-term interest rate for convergence purposes - Euro,"Italy, Long-term interest rate for convergence purposes - Unspecified rate type, Debt security issued, 10 years maturity, New business coverage, denominated in Euro - Unspecified counterpart sector",PC,0
IRS.M.IT.L.L40.CI.0000.EUR.N.Z,M,IT,L,L40,CI,0000,EUR,N,Z,2022-05,2.99,A,F,,,P1M,,A,,,,,,,,,2,,,Long-term interest rate for convergence purposes - Euro,"Italy, Long-term interest rate for convergence purposes - Unspecified rate type, Debt security issued, 10 years maturity, New business coverage, denominated in Euro - Unspecified counterpart sector",PC,0
IRS.M.IT.L.L40.CI.0000.EUR.N.Z,M,IT,L,L40,CI,0000,EUR,N,Z,2022-06,3.635,A,F,,,P1M,,A,,,,,,,,,2,,,Long-term interest rate for convergence purposes - Euro,"Italy, Long-term interest rate for convergence purposes - Unspecified rate type, Debt security issued, 10 years maturity, New business coverage, denominated in Euro - Unspecified counterpart sector",PC,0
IRS.M.IT.L.L40.CI.0000.EUR.N.Z,M,IT,L,L40,CI,0000,EUR,N,Z,2022-07,3.359,A,F,,,P1M,,A,,,,,,,,,2,,,Long-term interest rate for convergence purposes - Euro,"Italy, Long-term interest rate for convergence purposes - Unspecified rate type, Debt security issued, 10 years maturity, New business coverage, denominated in Euro - Unspecified counterpart sector",PC,0
IRS.M.IT.L.L40.CI.0000.EUR.N.Z,M,IT,L,L40,CI,0000,EUR,N,Z,2022-08,3.297,A,F,,,P1M,,A,,,,,,,,,2,,,Long-term interest rate for convergence purposes - Euro,"Italy, Long-term interest rate for convergence purposes - Unspecified rate type, Debt security issued, 10 years maturity, New business coverage, denominated in Euro - Unspecified counterpart sector",PC,0
IRS.M.IT.L.L40.CI.0000.EUR.N.Z,M,IT,L,L40,CI,0000,EUR,N,Z,2022-09,4.138,A,F,,,P1M,,A,,,,,,,,,2,,,Long-term interest rate for convergence purposes - Euro,"Italy, Long-term interest rate for convergence purposes - Unspecified rate type, Debt security issued, 10 years maturity, New business coverage, denominated in Euro - Unspecified counterpart sector",PC,0
IRS.M.IT.L.L40.CI.0000.EUR.N.Z,M,IT,L,L40,CI,0000,EUR,N,Z,2022-10,4.532,A,F,,,P1M,,A,,,,,,,,,2,,,Long-term interest rate for convergence purposes - Euro,"Italy, Long-term interest rate for convergence purposes - Unspecified rate type, Debt security issued, 10 years maturity, New business coverage, denominated in Euro - Unspecified counterpart sector",PC,0
IRS.M.IT.L.L40.CI.0000.EUR.N.Z,M,IT,L,L40,CI,0000,EUR,N,Z,2022-11,4.243,A,F,,,P1M,,A,,,,,,,,,2,,,Long-term interest rate for convergence purposes - Euro,"Italy, Long-term interest rate for convergence purposes - Unspecified rate type, Debt security issued, 10 years maturity, New business coverage, denominated in Euro - Unspecified counterpart sector",PC,0
IRS.M.IT.L.L40.CI.0000.EUR.N.Z,M,IT,L,L40,CI,0000,EUR,N,Z,2022-12,4.257,A,F,,,P1M,,A,,,,,,,,,2,,,Long-term interest rate for convergence purposes - Euro,"Italy, Long-term interest rate for convergence purposes - Unspecified rate type, Debt security issued, 10 years maturity, New business coverage, denominated in Euro - Unspecified counterpart sector",PC,0
IRS.M.IT.L.L40.CI.0000.EUR.N.Z,M,IT,L,L40,CI,0000,EUR,N,Z,2023-01,4.243,A,F,,,P1M,,A,,,,,,,,,2,,,Long-term interest rate for convergence purposes - Euro,"Italy, Long-term interest rate for convergence purposes - Unspecified rate type, Debt security issued, 10 years maturity, New business coverage, denominated in Euro - Unspecified counterpart sector",PC,0
IRS.M.IT.L.L40.CI.0000.EUR.N.Z,M,IT,L,L40,CI,0000,EUR,N,Z,2023-02,4.27,A,F,,,P1M,,A,,,,,,,,,2,,,Long-term interest rate for convergence purposes - Euro,"Italy, Long-term interest rate for convergence purposes - Unspecified rate type, Debt security issued, 10 years maturity, New business coverage, denominated in Euro - Unspecified counterpart sector",PC,0
IRS.M.IT.L.L40.CI.0000.EUR.N.Z,M,IT,L,L40,CI,0000,EUR,N,Z,2023-03,4.24,A,F,,,P1M,,A,,,,,,,,,2,,,Long-term interest rate for convergence purposes - Euro,"Italy, Long-term interest rate for convergence purposes - Unspecified rate type, Debt security issued, 10 years maturity, New business coverage, denominated in Euro - Unspecified counterpart sector",PC,0
IRS.M.IT.L.L40.CI.0000.EUR.N.Z,M,IT,L,L40,CI,0000,EUR,N,Z,2023-04,4.234,A,F,,,P1M,,A,,,,,,,,,2,,,Long-term interest rate for convergence purposes - Euro,"Italy, Long-term interest rate for convergence purposes - Unspecified rate type, Debt security issued, 10 years maturity, New business coverage, denominated in Euro - Unspecified counterpart sector",PC,0
IRS.M.IT.L.L40.CI.0000.EUR.N.Z,M,IT,L,L40,CI,0000,EUR,N,Z,2023-05,4.313,A,F,,,P1M,,A,,,,,,,,,2,,,Long-term interest rate for convergence purposes - Euro,"Italy, Long-term interest rate for convergence purposes - Unspecified rate type, Debt security issued, 10 years maturity, New business coverage, denominated in Euro - Unspecified counterpart sector",PC,0
IRS.M.IT.L.L40.CI.0000.EUR.N.Z,M,IT,L,L40,CI,0000,EUR,N,Z,2023-06,4.074,A,F,,,P1M,,A,,,,,,,,,2,,,Long-term interest rate for convergence purposes - Euro,"Italy, Long-term interest rate for convergence purposes - Unspecified rate type, Debt security issued, 10 years maturity, New business coverage, denominated in Euro - Unspecified counterpart sector",PC,0
IRS.M.IT.L.L40.CI.0000.EUR.N.Z,M,IT,L,L40,CI,0000,EUR,N,Z,2023-07,4.157,A,F,,,P1M,,A,,,,,,,,,2,,,Long-term interest rate for convergence purposes - Euro,"Italy, Long-term interest rate for convergence purposes - Unspecified rate type, Debt security issued, 10 years maturity, New business coverage, denominated in Euro - Unspecified counterpart sector",PC,0
IRS.M.IT.L.L40.CI.0000.EUR.N.Z,M,IT,L,L40,CI,0000,EUR,N,Z,2023-08,4.221,A,F,,,P1M,,A,,,,,,,,,2,,,Long-term interest rate for convergence purposes - Euro,"Italy, Long-term interest rate for convergence purposes - Unspecified rate type, Debt security issued, 10 years maturity, New business coverage, denominated in Euro - Unspecified counterpart sector",PC,0
IRS.M.IT.L.L40.CI.0000.EUR.N.Z,M,IT,L,L40,CI,0000,EUR,N,Z,2023-09,4.513,A,F,,,P1M,,A,,,,,,,,,2,,,Long-term interest rate for convergence purposes - Euro,"Italy, Long-term interest rate for convergence purposes - Unspecified rate type, Debt security issued, 10 years maturity, New business coverage, denominated in Euro - Unspecified counterpart sector",PC,0
IRS.M.IT.L.L40.CI.0000.EUR.N.Z,M,IT,L,L40,CI,0000,EUR,N,Z,2023-10,4.885,A,F,,,P1M,,A,,,,,,,,,2,,,Long-term interest rate for convergence purposes - Euro,"Italy, Long-term interest rate for convergence purposes - Unspecified rate type, Debt security issued, 10 years maturity, New business coverage, denominated in Euro - Unspecified counterpart sector",PC,0
IRS.M.IT.L.L40.CI.0000.EUR.N.Z,M,IT,L,L40,CI,0000,EUR,N,Z,2023-11,4.428,A,F,,,P1M,,A,,,,,,,,,2,,,Long-term interest rate for convergence purposes - Euro,"Italy, Long-term interest rate for convergence purposes - Unspecified rate type, Debt security issued, 10 years maturity, New business coverage, denominated in Euro - Unspecified counterpart sector",PC,0
IRS.M.IT.L.L40.CI.0000.EUR.N.Z,M,IT,L,L40,CI,0000,EUR,N,Z,2023-12,3.821,A,F,,,P1M,,A,,,,,,,,,2,,,Long-term interest rate for convergence purposes - Euro,"Italy, Long-term interest rate for convergence purposes - Unspecified rate type, Debt security issued, 10 years maturity, New business coverage, denominated in Euro - Unspecified counterpart sector",PC,0
IRS.M.IT.L.L40.CI.0000.EUR.N.Z,M,IT,L,L40,CI,0000,EUR,N,Z,2024-01,3.811,A,F,,,P1M,,A,,,,,,,,,2,,,Long-term interest rate for convergence purposes - Euro,"Italy, Long-term interest rate for convergence purposes - Unspecified rate type, Debt security issued, 10 years maturity, New business coverage, denominated in Euro - Unspecified counterpart sector",PC,0
IRS.M.IT.L.L40.CI.0000.EUR.N.Z,M,IT,L,L40,CI,0000,EUR,N,Z,2024-02,3.872,A,F,,,P1M,,A,,,,,,,,,2,,,Long-term interest rate for convergence purposes - Euro,"Italy, Long-term interest rate for convergence purposes - Unspecified rate type, Debt security issued, 10 years maturity, New business coverage, denominated in Euro - Unspecified counterpart sector",PC,0
IRS.M.IT.L.L40.CI.0000.EUR.N.Z,M,IT,L,L40,CI,0000,EUR,N,Z,2024-03,3.696,A,F,,,P1M,,A,,,,,,,,,2,,,Long-term interest rate for convergence purposes - Euro,"Italy, Long-term interest rate for convergence purposes - Unspecified rate type, Debt security issued, 10 years maturity, New business coverage, denominated in Euro - Unspecified counterpart sector",PC,0
IRS.M.IT.L.L40.CI.0000.EUR.N.Z,M,IT,L,L40,CI,0000,EUR,N,Z,2024-04,3.856,A,F,,,P1M,,A,,,,,,,,,2,,,Long-term interest rate for convergence purposes - Euro,"Italy, Long-term interest rate for convergence purposes - Unspecified rate type, Debt security issued, 10 years maturity, New business coverage, denominated in Euro - Unspecified counterpart sector",PC,0
IRS.M.IT.L.L40.CI.0000.EUR.N.Z,M,IT,L,L40,CI,0000,EUR,N,Z,2024-05,3.844,A,F,,,P1M,,A,,,,,,,,,2,,,Long-term interest rate for convergence purposes - Euro,"Italy, Long-term interest rate for convergence purposes - Unspecified rate type, Debt security issued, 10 years maturity, New business coverage, denominated in Euro - Unspecified counterpart sector",PC,0
IRS.M.IT.L.L40.CI.0000.EUR.N.Z,M,IT,L,L40,CI,0000,EUR,N,Z,2024-06,3.942,A,F,,,P1M,,A,,,,,,,,,2,,,Long-term interest rate for convergence purposes - Euro,"Italy, Long-term interest rate for convergence purposes - Unspecified rate type, Debt security issued, 10 years maturity, New business coverage, denominated in Euro - Unspecified counterpart sector",PC,0
IRS.M.IT.L.L40.CI.0000.EUR.N.Z,M,IT,L,L40,CI,0000,EUR,N,Z,2024-07,3.83,A,F,,,P1M,,A,,,,,,,,,2,,,Long-term interest rate for convergence purposes - Euro,"Italy, Long-term interest rate for convergence purposes - Unspecified rate type, Debt security issued, 10 years maturity, New business coverage, denominated in Euro - Unspecified counterpart sector",PC,0
IRS.M.IT.L.L40.CI.0000.EUR.N.Z,M,IT,L,L40,CI,0000,EUR,N,Z,2024-08,3.682,A,F,,,P1M,,A,,,,,,,,,2,,,Long-term interest rate for convergence purposes - Euro,"Italy, Long-term interest rate for convergence purposes - Unspecified rate type, Debt security issued, 10 years maturity, New business coverage, denominated in Euro - Unspecified counterpart sector",PC,0
IRS.M.IT.L.L40.CI.0000.EUR.N.Z,M,IT,L,L40,CI,0000,EUR,N,Z,2024-09,3.565,A,F,,,P1M,,A,,,,,,,,,2,,,Long-term interest rate for convergence purposes - Euro,"Italy, Long-term interest rate for convergence purposes - Unspecified rate type, Debt security issued, 10 years maturity, New business coverage, denominated in Euro - Unspecified counterpart sector",PC,0
IRS.M.IT.L.L40.CI.0000.EUR.N.Z,M,IT,L,L40,CI,0000,EUR,N,Z,2024-10,3.501,A,F,,,P1M,,A,,,,,,,,,2,,,Long-term interest rate for convergence purposes - Euro,"Italy, Long-term interest rate for convergence purposes - Unspecified rate type, Debt security issued, 10 years maturity, New business coverage, denominated in Euro - Unspecified counterpart sector",PC,0
IRS.M.IT.L.L40.CI.0000.EUR.N.Z,M,IT,L,L40,CI,0000,EUR,N,Z,2024-11,3.569,A,F,,,P1M,,A,,,,,,,,,2,,,Long-term interest rate for convergence purposes - Euro,"Italy, Long-term interest rate for convergence purposes - Unspecified rate type, Debt security issued, 10 years maturity, New business coverage, denominated in Euro - Unspecified counterpart sector",PC,0
IRS.M.IT.L.L40.CI.0000.EUR.N.Z,M,IT,L,L40,CI,0000,EUR,N,Z,2024-12,3.321,A,F,,,P1M,,A,,,,,,,,,2,,,Long-term interest rate for convergence purposes - Euro,"Italy, Long-term interest rate for convergence purposes - Unspecified rate type, Debt security issued, 10 years maturity, New business coverage, denominated in Euro - Unspecified counterpart sector",PC,0
IRS.M.IT.L.L40.CI.0000.EUR.N.Z,M,IT,L,L40,CI,0000,EUR,N,Z,2025-01,3.676,A,F,,,P1M,,A,,,,,,,,,2,,,Long-term interest rate for convergence purposes - Euro,"Italy, Long-term interest rate for convergence purposes - Unspecified rate type, Debt security issued, 10 years maturity, New business coverage, denominated in Euro - Unspecified counterpart sector",PC,0
IRS.M.IT.L.L40.CI.0000.EUR.N.Z,M,IT,L,L40,CI,0000,EUR,N,Z,2025-02,3.575,A,F,,,P1M,,A,,,,,,,,,2,,,Long-term interest rate for convergence purposes - Euro,"Italy, Long-term interest rate for convergence purposes - Unspecified rate type, Debt security issued, 10 years maturity, New business coverage, denominated in Euro - Unspecified counterpart sector",PC,0
IRS.M.IT.L.L40.CI.0000.EUR.N.Z,M,IT,L,L40,CI,0000,EUR,N,Z,2025-03,3.887,A,F,,,P1M,,A,,,,,,,,,2,,,Long-term interest rate for convergence purposes - Euro,"Italy, Long-term interest rate for convergence purposes - Unspecified rate type, Debt security issued, 10 years maturity, New business coverage, denominated in Euro - Unspecified counterpart sector",PC,0
IRS.M.IT.L.L40.CI.0000.EUR.N.Z,M,IT,L,L40,CI,0000,EUR,N,Z,2025-04,3.712,A,F,,,P1M,,A,,,,,,,,,2,,,Long-term interest rate for convergence purposes - Euro,"Italy, Long-term interest rate for convergence purposes - Unspecified rate type, Debt security issued, 10 years maturity, New business coverage, denominated in Euro - Unspecified counterpart sector",PC,0
IRS.M.IT.L.L40.CI.0000.EUR.N.Z,M,IT,L,L40,CI,0000,EUR,N,Z,2025-05,3.629,A,F,,,P1M,,A,,,,,,,,,2,,,Long-term interest rate for convergence purposes - Euro,"Italy, Long-term interest rate for convergence purposes - Unspecified rate type, Debt security issued, 10 years maturity, New business coverage, denominated in Euro - Unspecified counterpart sector",PC,0
IRS.M.IT.L.L40.CI.0000.EUR.N.Z,M,IT,L,L40,CI,0000,EUR,N,Z,2025-06,3.501,A,F,,,P1M,,A,,,,,,,,,2,,,Long-term interest rate for convergence purposes - Euro,"Italy, Long-term interest rate for convergence purposes - Unspecified rate type, Debt security issued, 10 years maturity, New business coverage, denominated in Euro - Unspecified counterpart sector",PC,0
IRS.M.IT.L.L40.CI.0000.EUR.N.Z,M,IT,L,L40,CI,0000,EUR,N,Z,2025-07,3.537,A,F,,,P1M,,A,,,,,,,,,2,,,Long-term interest rate for convergence purposes - Euro,"Italy, Long-term interest rate for convergence purposes - Unspecified rate type, Debt security issued, 10 years maturity, New business coverage, denominated in Euro - Unspecified counterpart sector",PC,0
IRS.M.IT.L.L40.CI.0000.EUR.N.Z,M,IT,L,L40,CI,0000,EUR,N,Z,2025-08,3.538,A,F,,,P1M,,A,,,,,,,,,2,,,Long-term interest rate for convergence purposes - Euro,"Italy, Long-term interest rate for convergence purposes - Unspecified rate type, Debt security issued, 10 years maturity, New business coverage, denominated in Euro - Unspecified counterpart sector",PC,0
IRS.M.IT.L.L40.CI.0000.EUR.N.Z,M,IT,L,L40,CI,0000,EUR,N,Z,2025-09,3.559,A,F,,,P1M,,A,,,,,,,,,2,,,Long-term interest rate for convergence purposes - Euro,"Italy, Long-term interest rate for convergence purposes - Unspecified rate type, Debt security issued, 10 years maturity, New business coverage, denominated in Euro - Unspecified counterpart sector",PC,0
IRS.M.IT.L.L40.CI.0000.EUR.N.Z,M,IT,L,L40,CI,0000,EUR,N,Z,2025-10,3.442,A,F,,,P1M,,A,,,,,,,,,2,,,Long-term interest rate for convergence purposes - Euro,"Italy, Long-term interest rate for convergence purposes - Unspecified rate type, Debt security issued, 10 years maturity, New business coverage, denominated in Euro - Unspecified counterpart sector",PC,0
IRS.M.IT.L.L40.CI.0000.EUR.N.Z,M,IT,L,L40,CI,0000,EUR,N,Z,2025-11,3.459,A,F,,,P1M,,A,,,,,,,,,2,,,Long-term interest rate for convergence purposes - Euro,"Italy, Long-term interest rate for convergence purposes - Unspecified rate type, Debt security issued, 10 years maturity, New business coverage, denominated in Euro - Unspecified counterpart sector",PC,0
IRS.M.IT.L.L40.CI.0000.EUR.N.Z,M,IT,L,L40,CI,0000,EUR,N,Z,2025-12,3.552,A,F,,,P1M,,A,,,,,,,,,2,,,Long-term interest rate for convergence purposes - Euro,"Italy, Long-term interest rate for convergence purposes - Unspecified rate type, Debt security issued, 10 years maturity, New business coverage, denominated in Euro - Unspecified counterpart sector",PC,0
IRS.M.IT.L.L40.CI.0000.EUR.N.Z,M,IT,L,L40,CI,0000,EUR,N,Z,2026-01,3.492,A,F,,,P1M,,A,,,,,,,,,2,,,Long-term interest rate for convergence purposes - Euro,"Italy, Long-term interest rate for convergence purposes - Unspecified rate type, Debt security issued, 10 years maturity, New business coverage, denominated in Euro - Unspecified counterpart sector",PC,0
IRS.M.IT.L.L40.CI.0000.EUR.N.Z,M,IT,L,L40,CI,0000,EUR,N,Z,2026-02,3.388,A,F,,,P1M,,A,,,,,,,,,2,,,Long-term interest rate for convergence purposes - Euro,"Italy, Long-term interest rate for convergence purposes - Unspecified rate type, Debt security issued, 10 years maturity, New business coverage, denominated in Euro - Unspecified counterpart sector",PC,0
IRS.M.IT.L.L40.CI.0000.EUR.N.Z,M,IT,L,L40,CI,0000,EUR,N,Z,2026-03,3.733,A,F,,,P1M,,A,,,,,,,,,2,,,Long-term interest rate for convergence purposes - Euro,"Italy, Long-term interest rate for convergence purposes - Unspecified rate type, Debt security issued, 10 years maturity, New business coverage, denominated in Euro - Unspecified counterpart sector",PC,0
IRS.M.IT.L.L40.CI.0000.EUR.N.Z,M,IT,L,L40,CI,0000,EUR,N,Z,2026-04,3.818,A,F,,,P1M,,A,,,,,,,,,2,,,Long-term interest rate for convergence purposes - Euro,"Italy, Long-term interest rate for convergence purposes - Unspecified rate type, Debt security issued, 10 years maturity, New business coverage, denominated in Euro - Unspecified counterpart sector",PC,0
IRS.M.IT.L.L40.CI.0000.EUR.N.Z,M,IT,L,L40,CI,0000,EUR,N,Z,2026-05,3.839,A,F,,,P1M,,A,,,,,,,,,2,,,Long-term interest rate for convergence purposes - Euro,"Italy, Long-term interest rate for convergence purposes - Unspecified rate type, Debt security issued, 10 years maturity, New business coverage, denominated in Euro - Unspecified counterpart sector",PC,0
IRS.M.IT.L.L40.CI.0000.EUR.N.Z,M,IT,L,L40,CI,0000,EUR,N,Z,2026-06,3.734,A,F,,,P1M,,A,,,,,,,,,2,,,Long-term interest rate for convergence purposes - Euro,"Italy, Long-term interest rate for convergence purposes - Unspecified rate type, Debt security issued, 10 years maturity, New business coverage, denominated in Euro - Unspecified counterpart sector",PC,0
IRS.M.IT.L.L40.CI.0000.EUR.N.Z,M,IT,L,L40,CI,0000,EUR,N,Z,2026-07,3.881,A,F,,,P1M,,A,,,,,,,,,2,,,Long-term interest rate for convergence purposes - Euro,"Italy, Long-term interest rate for convergence purposes - Unspecified rate type, Debt security issued, 10 years maturity, New business coverage, denominated in Euro - Unspecified counterpart sector",PC,0
IRS.M.IT.L.L40.CI.0000.EUR.N.Z,M,IT,L,L40,CI,0000,EUR,N,Z,2026-08,3.986,A,F,,,P1M,,A,,,,,,,,,2,,,Long-term interest rate for convergence purposes - Euro,"Italy, Long-term interest rate for convergence purposes - Unspecified rate type, Debt security issued, 10 years maturity, New business coverage, denominated in Euro - Unspecified counterpart sector",PC,0
