KEY,FREQ,REF_AREA,IR_TYPE,TR_TYPE,MATURITY_CAT,BS_COUNT_SECTOR,CURRENCY_TRANS,IR_BUS_COV,IR_FV_TYPE,TIME_PERIOD,OBS_VALUE,OBS_STATUS,OBS_CONF,OBS_PRE_BREAK,OBS_COM,TIME_FORMAT,BREAKS,COLLECTION,COMPILING_ORG,DISS_ORG,DOM_SER_IDS,PUBL_ECB,PUBL_MU,PUBL_PUBLIC,COMPILATION,COVERAGE,DECIMALS,NAT_TITLE,SOURCE_AGENCY,TITLE,TITLE_COMPL,UNIT,UNIT_MULT
IRS.M.DE.L.L40.CI.0000.EUR.N.Z,M,DE,L,L40,CI,0000,EUR,N,Z,1990-01,7.63,A,F,,,P1M,,A,,,,,,,,,2,,,Long-term interest rate for convergence purposes - Euro,"Germany, Long-term interest rate for convergence purposes - Unspecified rate type, Debt security issued, 10 years maturity, New business coverage, denominated in Euro - Unspecified counterpart sector",PC,0
IRS.M.DE.L.L40.CI.0000.EUR.N.Z,M,DE,L,L40,CI,0000,EUR,N,Z,1990-02,8.43,A,F,,,P1M,,A,,,,,,,,,2,,,Long-term interest rate for convergence purposes - Euro,"Germany, Long-term interest rate for convergence purposes - Unspecified rate type, Debt security issued, 10 years maturity, New business coverage, denominated in Euro - Unspecified counterpart sector",PC,0
IRS.M.DE.L.L40.CI.0000.EUR.N.Z,M,DE,L,L40,CI,0000,EUR,N,Z,1990-03,8.67,A,F,,,P1M,,A,,,,,,,,,2,,,Long-term interest rate for convergence purposes - Euro,"Germany, Long-term interest rate for convergence purposes - Unspecified rate type, Debt security issued, 10 years maturity, New business coverage, denominated in Euro - Unspecified counterpart sector",PC,0
IRS.M.DE.L.L40.CI.0000.EUR.N.Z,M,DE,L,L40,CI,0000,EUR,N,Z,1990-04,8.7,A,F,,,P1M,,A,,,,,,,,,2,,,Long-term interest rate for convergence purposes - Euro,"Germany, Long-term interest rate for convergence purposes - Unspecified rate type, Debt security issued, 10 years maturity, New business coverage, denominated in Euro - Unspecified counterpart sector",PC,0
IRS.M.DE.L.L40.CI.0000.EUR.N.Z,M,DE,L,L40,CI,0000,EUR,N,Z,1990-05,8.74,A,F,,,P1M,,A,,,,,,,,,2,,,Long-term interest rate for convergence purposes - Euro,"Germany, Long-term interest rate for convergence purposes - Unspecified rate type, Debt security issued, 10 years maturity, New business coverage, denominated in Euro - Unspecified counterpart sector",PC,0
IRS.M.DE.L.L40.CI.0000.EUR.N.Z,M,DE,L,L40,CI,0000,EUR,N,Z,1990-06,8.82,A,F,,,P1M,,A,,,,,,,,,2,,,Long-term interest rate for convergence purposes - Euro,"Germany, Long-term interest rate for convergence purposes - Unspecified rate type, Debt security issued, 10 years maturity, New business coverage, denominated in Euro - Unspecified counterpart sector",PC,0
IRS.M.DE.L.L40.CI.0000.EUR.N.Z,M,DE,L,L40,CI,0000,EUR,N,Z,1990-07,8.58,A,F,,,P1M,,A,,,,,,,,,2,,,Long-term interest rate for convergence purposes - Euro,"Germany, Long-term interest rate for convergence purposes - Unspecified rate type, Debt security issued, 10 years maturity, New business coverage, denominated in Euro - Unspecified counterpart sector",PC,0
IRS.M.DE.L.L40.CI.0000.EUR.N.Z,M,DE,L,L40,CI,0000,EUR,N,Z,1990-08,8.9,A,F,,,P1M,,A,,,,,,,,,2,,,Long-term interest rate for convergence purposes - Euro,"Germany, Long-term interest rate for convergence purposes - Unspecified rate type, Debt security issued, 10 years maturity, New business coverage, denominated in Euro - Unspecified counterpart sector",PC,0
IRS.M.DE.L.L40.CI.0000.EUR.N.Z,M,DE,L,L40,CI,0000,EUR,N,Z,1990-09,9.09,A,F,,,P1M,,A,,,,,,,,,2,,,Long-term interest rate for convergence purposes - Euro,"Germany, Long-term interest rate for convergence purposes - Unspecified rate type, Debt security issued, 10 years maturity, New business coverage, denominated in Euro - Unspecified counterpart sector",PC,0
IRS.M.DE.L.L40.CI.0000.EUR.N.Z,M,DE,L,L40,CI,0000,EUR,N,Z,1990-10,9.09,A,F,,,P1M,,A,,,,,,,,,2,,,Long-term interest rate for convergence purposes - Euro,"Germany, Long-term interest rate for convergence purposes - Unspecified rate type, Debt security issued, 10 years maturity, New business coverage, denominated in Euro - Unspecified counterpart sector",PC,0
IRS.M.DE.L.L40.CI.0000.EUR.N.Z,M,DE,L,L40,CI,0000,EUR,N,Z,1990-11,8.95,A,F,,,P1M,,A,,,,,,,,,2,,,Long-term interest rate for convergence purposes - Euro,"Germany, Long-term interest rate for convergence purposes - Unspecified rate type, Debt security issued, 10 years maturity, New business coverage, denominated in Euro - Unspecified counterpart sector",PC,0
IRS.M.DE.L.L40.CI.0000.EUR.N.Z,M,DE,L,L40,CI,0000,EUR,N,Z,1990-12,8.85,A,F,,,P1M,,A,,,,,,,,,2,,,Long-term interest rate for convergence purposes - Euro,"Germany, Long-term interest rate for convergence purposes - Unspecified rate type, Debt security issued, 10 years maturity, New business coverage, denominated in Euro - Unspecified counterpart sector",PC,0
IRS.M.DE.L.L40.CI.0000.EUR.N.Z,M,DE,L,L40,CI,0000,EUR,N,Z,1991-01,8.94,A,F,,,P1M,,A,,,,,,,,,2,,,Long-term interest rate for convergence purposes - Euro,"Germany, Long-term interest rate for convergence purposes - Unspecified rate type, Debt security issued, 10 years maturity, New business coverage, denominated in Euro - Unspecified counterpart sector",PC,0
IRS.M.DE.L.L40.CI.0000.EUR.N.Z,M,DE,L,L40,CI,0000,EUR,N,Z,1991-02,8.42,A,F,,,P1M,,A,,,,,,,,,2,,,Long-term interest rate for convergence purposes - Euro,"Germany, Long-term interest rate for convergence purposes - Unspecified rate type, Debt security issued, 10 years maturity, New business coverage, denominated in Euro - Unspecified counterpart sector",PC,0
IRS.M.DE.L.L40.CI.0000.EUR.N.Z,M,DE,L,L40,CI,0000,EUR,N,Z,1991-03,8.41,A,F,,,P1M,,A,,,,,,,,,2,,,Long-term interest rate for convergence purposes - Euro,"Germany, Long-term interest rate for convergence purposes - Unspecified rate type, Debt security issued, 10 years maturity, New business coverage, denominated in Euro - Unspecified counterpart sector",PC,0
IRS.M.DE.L.L40.CI.0000.EUR.N.Z,M,DE,L,L40,CI,0000,EUR,N,Z,1991-04,8.39,A,F,,,P1M,,A,,,,,,,,,2,,,Long-term interest rate for convergence purposes - Euro,"Germany, Long-term interest rate for convergence purposes - Unspecified rate type, Debt security issued, 10 years maturity, New business coverage, denominated in Euro - Unspecified counterpart sector",PC,0
IRS.M.DE.L.L40.CI.0000.EUR.N.Z,M,DE,L,L40,CI,0000,EUR,N,Z,1991-05,8.39,A,F,,,P1M,,A,,,,,,,,,2,,,Long-term interest rate for convergence purposes - Euro,"Germany, Long-term interest rate for convergence purposes - Unspecified rate type, Debt security issued, 10 years maturity, New business coverage, denominated in Euro - Unspecified counterpart sector",PC,0
IRS.M.DE.L.L40.CI.0000.EUR.N.Z,M,DE,L,L40,CI,0000,EUR,N,Z,1991-06,8.39,A,F,,,P1M,,A,,,,,,,,,2,,,Long-term interest rate for convergence purposes - Euro,"Germany, Long-term interest rate for convergence purposes - Unspecified rate type, Debt security issued, 10 years maturity, New business coverage, denominated in Euro - Unspecified counterpart sector",PC,0
IRS.M.DE.L.L40.CI.0000.EUR.N.Z,M,DE,L,L40,CI,0000,EUR,N,Z,1991-07,8.61,A,F,,,P1M,,A,,,,,,,,,2,,,Long-term interest rate for convergence purposes - Euro,"Germany, Long-term interest rate for convergence purposes - Unspecified rate type, Debt security issued, 10 years maturity, New business coverage, denominated in Euro - Unspecified counterpart sector",PC,0
IRS.M.DE.L.L40.CI.0000.EUR.N.Z,M,DE,L,L40,CI,0000,EUR,N,Z,1991-08,8.56,A,F,,,P1M,,A,,,,,,,,,2,,,Long-term interest rate for convergence purposes - Euro,"Germany, Long-term interest rate for convergence purposes - Unspecified rate type, Debt security issued, 10 years maturity, New business coverage, denominated in Euro - Unspecified counterpart sector",PC,0
IRS.M.DE.L.L40.CI.0000.EUR.N.Z,M,DE,L,L40,CI,0000,EUR,N,Z,1991-09,8.45,A,F,,,P1M,,A,,,,,,,,,2,,,Long-term interest rate for convergence purposes - Euro,"Germany, Long-term interest rate for convergence purposes - Unspecified rate type, Debt security issued, 10 years maturity, New business coverage, denominated in Euro - Unspecified counterpart sector",PC,0
IRS.M.DE.L.L40.CI.0000.EUR.N.Z,M,DE,L,L40,CI,0000,EUR,N,Z,1991-10,8.36,A,F,,,P1M,,A,,,,,,,,,2,,,Long-term interest rate for convergence purposes - Euro,"Germany, Long-term interest rate for convergence purposes - Unspecified rate type, Debt security issued, 10 years maturity, New business coverage, denominated in Euro - Unspecified counterpart sector",PC,0
IRS.M.DE.L.L40.CI.0000.EUR.N.Z,M,DE,L,L40,CI,0000,EUR,N,Z,1991-11,8.34,A,F,,,P1M,,A,,,,,,,,,2,,,Long-term interest rate for convergence purposes - Euro,"Germany, Long-term interest rate for convergence purposes - Unspecified rate type, Debt security issued, 10 years maturity, New business coverage, denominated in Euro - Unspecified counterpart sector",PC,0
IRS.M.DE.L.L40.CI.0000.EUR.N.Z,M,DE,L,L40,CI,0000,EUR,N,Z,1991-12,8.24,A,F,,,P1M,,A,,,,,,,,,2,,,Long-term interest rate for convergence purposes - Euro,"Germany, Long-term interest rate for convergence purposes - Unspecified rate type, Debt security issued, 10 years maturity, New business coverage, denominated in Euro - Unspecified counterpart sector",PC,0
IRS.M.DE.L.L40.CI.0000.EUR.N.Z,M,DE,L,L40,CI,0000,EUR,N,Z,1992-01,7.98,A,F,,,P1M,,A,,,,,,,,,2,,,Long-term interest rate for convergence purposes - Euro,"Germany, Long-term interest rate for convergence purposes - Unspecified rate type, Debt security issued, 10 years maturity, New business coverage, denominated in Euro - Unspecified counterpart sector",PC,0
IRS.M.DE.L.L40.CI.0000.EUR.N.Z,M,DE,L,L40,CI,0000,EUR,N,Z,1992-02,7.92,A,F,,,P1M,,A,,,,,,,,,2,,,Long-term interest rate for convergence purposes - Euro,"Germany, Long-term interest rate for convergence purposes - Unspecified rate type, Debt security issued, 10 years maturity, New business coverage, denominated in Euro - Unspecified counterpart sector",PC,0
IRS.M.DE.L.L40.CI.0000.EUR.N.Z,M,DE,L,L40,CI,0000,EUR,N,Z,1992-03,8,A,F,,,P1M,,A,,,,,,,,,2,,,Long-term interest rate for convergence purposes - Euro,"Germany, Long-term interest rate for convergence purposes - Unspecified rate type, Debt security issued, 10 years maturity, New business coverage, denominated in Euro - Unspecified counterpart sector",PC,0
IRS.M.DE.L.L40.CI.0000.EUR.N.Z,M,DE,L,L40,CI,0000,EUR,N,Z,1992-04,8.04,A,F,,,P1M,,A,,,,,,,,,2,,,Long-term interest rate for convergence purposes - Euro,"Germany, Long-term interest rate for convergence purposes - Unspecified rate type, Debt security issued, 10 years maturity, New business coverage, denominated in Euro - Unspecified counterpart sector",PC,0
IRS.M.DE.L.L40.CI.0000.EUR.N.Z,M,DE,L,L40,CI,0000,EUR,N,Z,1992-05,8.08,A,F,,,P1M,,A,,,,,,,,,2,,,Long-term interest rate for convergence purposes - Euro,"Germany, Long-term interest rate for convergence purposes - Unspecified rate type, Debt security issued, 10 years maturity, New business coverage, denominated in Euro - Unspecified counterpart sector",PC,0
IRS.M.DE.L.L40.CI.0000.EUR.N.Z,M,DE,L,L40,CI,0000,EUR,N,Z,1992-06,8.06,A,F,,,P1M,,A,,,,,,,,,2,,,Long-term interest rate for convergence purposes - Euro,"Germany, Long-term interest rate for convergence purposes - Unspecified rate type, Debt security issued, 10 years maturity, New business coverage, denominated in Euro - Unspecified counterpart sector",PC,0
IRS.M.DE.L.L40.CI.0000.EUR.N.Z,M,DE,L,L40,CI,0000,EUR,N,Z,1992-07,8.12,A,F,,,P1M,,A,,,,,,,,,2,,,Long-term interest rate for convergence purposes - Euro,"Germany, Long-term interest rate for convergence purposes - Unspecified rate type, Debt security issued, 10 years maturity, New business coverage, denominated in Euro - Unspecified counterpart sector",PC,0
IRS.M.DE.L.L40.CI.0000.EUR.N.Z,M,DE,L,L40,CI,0000,EUR,N,Z,1992-08,8.08,A,F,,,P1M,,A,,,,,,,,,2,,,Long-term interest rate for convergence purposes - Euro,"Germany, Long-term interest rate for convergence purposes - Unspecified rate type, Debt security issued, 10 years maturity, New business coverage, denominated in Euro - Unspecified counterpart sector",PC,0
IRS.M.DE.L.L40.CI.0000.EUR.N.Z,M,DE,L,L40,CI,0000,EUR,N,Z,1992-09,7.71,A,F,,,P1M,,A,,,,,,,,,2,,,Long-term interest rate for convergence purposes - Euro,"Germany, Long-term interest rate for convergence purposes - Unspecified rate type, Debt security issued, 10 years maturity, New business coverage, denominated in Euro - Unspecified counterpart sector",PC,0
IRS.M.DE.L.L40.CI.0000.EUR.N.Z,M,DE,L,L40,CI,0000,EUR,N,Z,1992-10,7.47,A,F,,,P1M,,A,,,,,,,,,2,,,Long-term interest rate for convergence purposes - Euro,"Germany, Long-term interest rate for convergence purposes - Unspecified rate type, Debt security issued, 10 years maturity, New business coverage, denominated in Euro - Unspecified counterpart sector",PC,0
IRS.M.DE.L.L40.CI.0000.EUR.N.Z,M,DE,L,L40,CI,0000,EUR,N,Z,1992-11,7.38,A,F,,,P1M,,A,,,,,,,,,2,,,Long-term interest rate for convergence purposes - Euro,"Germany, Long-term interest rate for convergence purposes - Unspecified rate type, Debt security issued, 10 years maturity, New business coverage, denominated in Euro - Unspecified counterpart sector",PC,0
IRS.M.DE.L.L40.CI.0000.EUR.N.Z,M,DE,L,L40,CI,0000,EUR,N,Z,1992-12,7.33,A,F,,,P1M,,A,,,,,,,,,2,,,Long-term interest rate for convergence purposes - Euro,"Germany, Long-term interest rate for convergence purposes - Unspecified rate type, Debt security issued, 10 years maturity, New business coverage, denominated in Euro - Unspecified counterpart sector",PC,0
IRS.M.DE.L.L40.CI.0000.EUR.N.Z,M,DE,L,L40,CI,0000,EUR,N,Z,1993-01,7.15,A,F,,,P1M,,A,,,,,,,,,2,,,Long-term interest rate for convergence purposes - Euro,"Germany, Long-term interest rate for convergence purposes - Unspecified rate type, Debt security issued, 10 years maturity, New business coverage, denominated in Euro - Unspecified counterpart sector",PC,0
IRS.M.DE.L.L40.CI.0000.EUR.N.Z,M,DE,L,L40,CI,0000,EUR,N,Z,1993-02,6.94,A,F,,,P1M,,A,,,,,,,,,2,,,Long-term interest rate for convergence purposes - Euro,"Germany, Long-term interest rate for convergence purposes - Unspecified rate type, Debt security issued, 10 years maturity, New business coverage, denominated in Euro - Unspecified counterpart sector",PC,0
IRS.M.DE.L.L40.CI.0000.EUR.N.Z,M,DE,L,L40,CI,0000,EUR,N,Z,1993-03,6.66,A,F,,,P1M,,A,,,,,,,,,2,,,Long-term interest rate for convergence purposes - Euro,"Germany, Long-term interest rate for convergence purposes - Unspecified rate type, Debt security issued, 10 years maturity, New business coverage, denominated in Euro - Unspecified counterpart sector",PC,0
IRS.M.DE.L.L40.CI.0000.EUR.N.Z,M,DE,L,L40,CI,0000,EUR,N,Z,1993-04,6.68,A,F,,,P1M,,A,,,,,,,,,2,,,Long-term interest rate for convergence purposes - Euro,"Germany, Long-term interest rate for convergence purposes - Unspecified rate type, Debt security issued, 10 years maturity, New business coverage, denominated in Euro - Unspecified counterpart sector",PC,0
IRS.M.DE.L.L40.CI.0000.EUR.N.Z,M,DE,L,L40,CI,0000,EUR,N,Z,1993-05,6.83,A,F,,,P1M,,A,,,,,,,,,2,,,Long-term interest rate for convergence purposes - Euro,"Germany, Long-term interest rate for convergence purposes - Unspecified rate type, Debt security issued, 10 years maturity, New business coverage, denominated in Euro - Unspecified counterpart sector",PC,0
IRS.M.DE.L.L40.CI.0000.EUR.N.Z,M,DE,L,L40,CI,0000,EUR,N,Z,1993-06,6.81,A,F,,,P1M,,A,,,,,,,,,2,,,Long-term interest rate for convergence purposes - Euro,"Germany, Long-term interest rate for convergence purposes - Unspecified rate type, Debt security issued, 10 years maturity, New business coverage, denominated in Euro - Unspecified counterpart sector",PC,0
IRS.M.DE.L.L40.CI.0000.EUR.N.Z,M,DE,L,L40,CI,0000,EUR,N,Z,1993-07,6.62,A,F,,,P1M,,A,,,,,,,,,2,,,Long-term interest rate for convergence purposes - Euro,"Germany, Long-term interest rate for convergence purposes - Unspecified rate type, Debt security issued, 10 years maturity, New business coverage, denominated in Euro - Unspecified counterpart sector",PC,0
IRS.M.DE.L.L40.CI.0000.EUR.N.Z,M,DE,L,L40,CI,0000,EUR,N,Z,1993-08,6.41,A,F,,,P1M,,A,,,,,,,,,2,,,Long-term interest rate for convergence purposes - Euro,"Germany, Long-term interest rate for convergence purposes - Unspecified rate type, Debt security issued, 10 years maturity, New business coverage, denominated in Euro - Unspecified counterpart sector",PC,0
IRS.M.DE.L.L40.CI.0000.EUR.N.Z,M,DE,L,L40,CI,0000,EUR,N,Z,1993-09,6.2,A,F,,,P1M,,A,,,,,,,,,2,,,Long-term interest rate for convergence purposes - Euro,"Germany, Long-term interest rate for convergence purposes - Unspecified rate type, Debt security issued, 10 years maturity, New business coverage, denominated in Euro - Unspecified counterpart sector",PC,0
IRS.M.DE.L.L40.CI.0000.EUR.N.Z,M,DE,L,L40,CI,0000,EUR,N,Z,1993-10,6,A,F,,,P1M,,A,,,,,,,,,2,,,Long-term interest rate for convergence purposes - Euro,"Germany, Long-term interest rate for convergence purposes - Unspecified rate type, Debt security issued, 10 years maturity, New business coverage, denominated in Euro - Unspecified counterpart sector",PC,0
IRS.M.DE.L.L40.CI.0000.EUR.N.Z,M,DE,L,L40,CI,0000,EUR,N,Z,1993-11,5.98,A,F,,,P1M,,A,,,,,,,,,2,,,Long-term interest rate for convergence purposes - Euro,"Germany, Long-term interest rate for convergence purposes - Unspecified rate type, Debt security issued, 10 years maturity, New business coverage, denominated in Euro - Unspecified counterpart sector",PC,0
IRS.M.DE.L.L40.CI.0000.EUR.N.Z,M,DE,L,L40,CI,0000,EUR,N,Z,1993-12,5.85,A,F,,,P1M,,A,,,,,,,,,2,,,Long-term interest rate for convergence purposes - Euro,"Germany, Long-term interest rate for convergence purposes - Unspecified rate type, Debt security issued, 10 years maturity, New business coverage, denominated in Euro - Unspecified counterpart sector",PC,0
IRS.M.DE.L.L40.CI.0000.EUR.N.Z,M,DE,L,L40,CI,0000,EUR,N,Z,1994-01,5.8,A,F,,,P1M,,A,,,,,,,,,2,,,Long-term interest rate for convergence purposes - Euro,"Germany, Long-term interest rate for convergence purposes - Unspecified rate type, Debt security issued, 10 years maturity, New business coverage, denominated in Euro - Unspecified counterpart sector",PC,0
IRS.M.DE.L.L40.CI.0000.EUR.N.Z,M,DE,L,L40,CI,0000,EUR,N,Z,1994-02,6.07,A,F,,,P1M,,A,,,,,,,,,2,,,Long-term interest rate for convergence purposes - Euro,"Germany, Long-term interest rate for convergence purposes - Unspecified rate type, Debt security issued, 10 years maturity, New business coverage, denominated in Euro - Unspecified counterpart sector",PC,0
IRS.M.DE.L.L40.CI.0000.EUR.N.Z,M,DE,L,L40,CI,0000,EUR,N,Z,1994-03,6.34,A,F,,,P1M,,A,,,,,,,,,2,,,Long-term interest rate for convergence purposes - Euro,"Germany, Long-term interest rate for convergence purposes - Unspecified rate type, Debt security issued, 10 years maturity, New business coverage, denominated in Euro - Unspecified counterpart sector",PC,0
IRS.M.DE.L.L40.CI.0000.EUR.N.Z,M,DE,L,L40,CI,0000,EUR,N,Z,1994-04,6.48,A,F,,,P1M,,A,,,,,,,,,2,,,Long-term interest rate for convergence purposes - Euro,"Germany, Long-term interest rate for convergence purposes - Unspecified rate type, Debt security issued, 10 years maturity, New business coverage, denominated in Euro - Unspecified counterpart sector",PC,0
IRS.M.DE.L.L40.CI.0000.EUR.N.Z,M,DE,L,L40,CI,0000,EUR,N,Z,1994-05,6.66,A,F,,,P1M,,A,,,,,,,,,2,,,Long-term interest rate for convergence purposes - Euro,"Germany, Long-term interest rate for convergence purposes - Unspecified rate type, Debt security issued, 10 years maturity, New business coverage, denominated in Euro - Unspecified counterpart sector",PC,0
IRS.M.DE.L.L40.CI.0000.EUR.N.Z,M,DE,L,L40,CI,0000,EUR,N,Z,1994-06,7.05,A,F,,,P1M,,A,,,,,,,,,2,,,Long-term interest rate for convergence purposes - Euro,"Germany, Long-term interest rate for convergence purposes - Unspecified rate type, Debt security issued, 10 years maturity, New business coverage, denominated in Euro - Unspecified counterpart sector",PC,0
IRS.M.DE.L.L40.CI.0000.EUR.N.Z,M,DE,L,L40,CI,0000,EUR,N,Z,1994-07,6.9,A,F,,,P1M,,A,,,,,,,,,2,,,Long-term interest rate for convergence purposes - Euro,"Germany, Long-term interest rate for convergence purposes - Unspecified rate type, Debt security issued, 10 years maturity, New business coverage, denominated in Euro - Unspecified counterpart sector",PC,0
IRS.M.DE.L.L40.CI.0000.EUR.N.Z,M,DE,L,L40,CI,0000,EUR,N,Z,1994-08,7.09,A,F,,,P1M,,A,,,,,,,,,2,,,Long-term interest rate for convergence purposes - Euro,"Germany, Long-term interest rate for convergence purposes - Unspecified rate type, Debt security issued, 10 years maturity, New business coverage, denominated in Euro - Unspecified counterpart sector",PC,0
IRS.M.DE.L.L40.CI.0000.EUR.N.Z,M,DE,L,L40,CI,0000,EUR,N,Z,1994-09,7.52,A,F,,,P1M,,A,,,,,,,,,2,,,Long-term interest rate for convergence purposes - Euro,"Germany, Long-term interest rate for convergence purposes - Unspecified rate type, Debt security issued, 10 years maturity, New business coverage, denominated in Euro - Unspecified counterpart sector",PC,0
IRS.M.DE.L.L40.CI.0000.EUR.N.Z,M,DE,L,L40,CI,0000,EUR,N,Z,1994-10,7.54,A,F,,,P1M,,A,,,,,,,,,2,,,Long-term interest rate for convergence purposes - Euro,"Germany, Long-term interest rate for convergence purposes - Unspecified rate type, Debt security issued, 10 years maturity, New business coverage, denominated in Euro - Unspecified counterpart sector",PC,0
IRS.M.DE.L.L40.CI.0000.EUR.N.Z,M,DE,L,L40,CI,0000,EUR,N,Z,1994-11,7.49,A,F,,,P1M,,A,,,,,,,,,2,,,Long-term interest rate for convergence purposes - Euro,"Germany, Long-term interest rate for convergence purposes - Unspecified rate type, Debt security issued, 10 years maturity, New business coverage, denominated in Euro - Unspecified counterpart sector",PC,0
IRS.M.DE.L.L40.CI.0000.EUR.N.Z,M,DE,L,L40,CI,0000,EUR,N,Z,1994-12,7.46,A,F,,,P1M,,A,,,,,,,,,2,,,Long-term interest rate for convergence purposes - Euro,"Germany, Long-term interest rate for convergence purposes - Unspecified rate type, Debt security issued, 10 years maturity, New business coverage, denominated in Euro - Unspecified counterpart sector",PC,0
IRS.M.DE.L.L40.CI.0000.EUR.N.Z,M,DE,L,L40,CI,0000,EUR,N,Z,1995-01,7.6,A,F,,,P1M,,A,,,,,,,,,2,,,Long-term interest rate for convergence purposes - Euro,"Germany, Long-term interest rate for convergence purposes - Unspecified rate type, Debt security issued, 10 years maturity, New business coverage, denominated in Euro - Unspecified counterpart sector",PC,0
IRS.M.DE.L.L40.CI.0000.EUR.N.Z,M,DE,L,L40,CI,0000,EUR,N,Z,1995-02,7.42,A,F,,,P1M,,A,,,,,,,,,2,,,Long-term interest rate for convergence purposes - Euro,"Germany, Long-term interest rate for convergence purposes - Unspecified rate type, Debt security issued, 10 years maturity, New business coverage, denominated in Euro - Unspecified counterpart sector",PC,0
IRS.M.DE.L.L40.CI.0000.EUR.N.Z,M,DE,L,L40,CI,0000,EUR,N,Z,1995-03,7.28,A,F,,,P1M,,A,,,,,,,,,2,,,Long-term interest rate for convergence purposes - Euro,"Germany, Long-term interest rate for convergence purposes - Unspecified rate type, Debt security issued, 10 years maturity, New business coverage, denominated in Euro - Unspecified counterpart sector",PC,0
IRS.M.DE.L.L40.CI.0000.EUR.N.Z,M,DE,L,L40,CI,0000,EUR,N,Z,1995-04,7.09,A,F,,,P1M,,A,,,,,,,,,2,,,Long-term interest rate for convergence purposes - Euro,"Germany, Long-term interest rate for convergence purposes - Unspecified rate type, Debt security issued, 10 years maturity, New business coverage, denominated in Euro - Unspecified counterpart sector",PC,0
IRS.M.DE.L.L40.CI.0000.EUR.N.Z,M,DE,L,L40,CI,0000,EUR,N,Z,1995-05,6.86,A,F,,,P1M,,A,,,,,,,,,2,,,Long-term interest rate for convergence purposes - Euro,"Germany, Long-term interest rate for convergence purposes - Unspecified rate type, Debt security issued, 10 years maturity, New business coverage, denominated in Euro - Unspecified counterpart sector",PC,0
IRS.M.DE.L.L40.CI.0000.EUR.N.Z,M,DE,L,L40,CI,0000,EUR,N,Z,1995-06,6.78,A,F,,,P1M,,A,,,,,,,,,2,,,Long-term interest rate for convergence purposes - Euro,"Germany, Long-term interest rate for convergence purposes - Unspecified rate type, Debt security issued, 10 years maturity, New business coverage, denominated in Euro - Unspecified counterpart sector",PC,0
IRS.M.DE.L.L40.CI.0000.EUR.N.Z,M,DE,L,L40,CI,0000,EUR,N,Z,1995-07,6.86,A,F,,,P1M,,A,,,,,,,,,2,,,Long-term interest rate for convergence purposes - Euro,"Germany, Long-term interest rate for convergence purposes - Unspecified rate type, Debt security issued, 10 years maturity, New business coverage, denominated in Euro - Unspecified counterpart sector",PC,0
IRS.M.DE.L.L40.CI.0000.EUR.N.Z,M,DE,L,L40,CI,0000,EUR,N,Z,1995-08,6.74,A,F,,,P1M,,A,,,,,,,,,2,,,Long-term interest rate for convergence purposes - Euro,"Germany, Long-term interest rate for convergence purposes - Unspecified rate type, Debt security issued, 10 years maturity, New business coverage, denominated in Euro - Unspecified counterpart sector",PC,0
IRS.M.DE.L.L40.CI.0000.EUR.N.Z,M,DE,L,L40,CI,0000,EUR,N,Z,1995-09,6.59,A,F,,,P1M,,A,,,,,,,,,2,,,Long-term interest rate for convergence purposes - Euro,"Germany, Long-term interest rate for convergence purposes - Unspecified rate type, Debt security issued, 10 years maturity, New business coverage, denominated in Euro - Unspecified counterpart sector",PC,0
IRS.M.DE.L.L40.CI.0000.EUR.N.Z,M,DE,L,L40,CI,0000,EUR,N,Z,1995-10,6.57,A,F,,,P1M,,A,,,,,,,,,2,,,Long-term interest rate for convergence purposes - Euro,"Germany, Long-term interest rate for convergence purposes - Unspecified rate type, Debt security issued, 10 years maturity, New business coverage, denominated in Euro - Unspecified counterpart sector",PC,0
IRS.M.DE.L.L40.CI.0000.EUR.N.Z,M,DE,L,L40,CI,0000,EUR,N,Z,1995-11,6.34,A,F,,,P1M,,A,,,,,,,,,2,,,Long-term interest rate for convergence purposes - Euro,"Germany, Long-term interest rate for convergence purposes - Unspecified rate type, Debt security issued, 10 years maturity, New business coverage, denominated in Euro - Unspecified counterpart sector",PC,0
IRS.M.DE.L.L40.CI.0000.EUR.N.Z,M,DE,L,L40,CI,0000,EUR,N,Z,1995-12,6.07,A,F,,,P1M,,A,,,,,,,,,2,,,Long-term interest rate for convergence purposes - Euro,"Germany, Long-term interest rate for convergence purposes - Unspecified rate type, Debt security issued, 10 years maturity, New business coverage, denominated in Euro - Unspecified counterpart sector",PC,0
IRS.M.DE.L.L40.CI.0000.EUR.N.Z,M,DE,L,L40,CI,0000,EUR,N,Z,1996-01,5.89,A,F,,,P1M,,A,,,,,,,,,2,,,Long-term interest rate for convergence purposes - Euro,"Germany, Long-term interest rate for convergence purposes - Unspecified rate type, Debt security issued, 10 years maturity, New business coverage, denominated in Euro - Unspecified counterpart sector",PC,0
IRS.M.DE.L.L40.CI.0000.EUR.N.Z,M,DE,L,L40,CI,0000,EUR,N,Z,1996-02,6.2,A,F,,,P1M,,A,,,,,,,,,2,,,Long-term interest rate for convergence purposes - Euro,"Germany, Long-term interest rate for convergence purposes - Unspecified rate type, Debt security issued, 10 years maturity, New business coverage, denominated in Euro - Unspecified counterpart sector",PC,0
IRS.M.DE.L.L40.CI.0000.EUR.N.Z,M,DE,L,L40,CI,0000,EUR,N,Z,1996-03,6.44,A,F,,,P1M,,A,,,,,,,,,2,,,Long-term interest rate for convergence purposes - Euro,"Germany, Long-term interest rate for convergence purposes - Unspecified rate type, Debt security issued, 10 years maturity, New business coverage, denominated in Euro - Unspecified counterpart sector",PC,0
IRS.M.DE.L.L40.CI.0000.EUR.N.Z,M,DE,L,L40,CI,0000,EUR,N,Z,1996-04,6.38,A,F,,,P1M,,A,,,,,,,,,2,,,Long-term interest rate for convergence purposes - Euro,"Germany, Long-term interest rate for convergence purposes - Unspecified rate type, Debt security issued, 10 years maturity, New business coverage, denominated in Euro - Unspecified counterpart sector",PC,0
IRS.M.DE.L.L40.CI.0000.EUR.N.Z,M,DE,L,L40,CI,0000,EUR,N,Z,1996-05,6.45,A,F,,,P1M,,A,,,,,,,,,2,,,Long-term interest rate for convergence purposes - Euro,"Germany, Long-term interest rate for convergence purposes - Unspecified rate type, Debt security issued, 10 years maturity, New business coverage, denominated in Euro - Unspecified counterpart sector",PC,0
IRS.M.DE.L.L40.CI.0000.EUR.N.Z,M,DE,L,L40,CI,0000,EUR,N,Z,1996-06,6.56,A,F,,,P1M,,A,,,,,,,,,2,,,Long-term interest rate for convergence purposes - Euro,"Germany, Long-term interest rate for convergence purposes - Unspecified rate type, Debt security issued, 10 years maturity, New business coverage, denominated in Euro - Unspecified counterpart sector",PC,0
IRS.M.DE.L.L40.CI.0000.EUR.N.Z,M,DE,L,L40,CI,0000,EUR,N,Z,1996-07,6.48,A,F,,,P1M,,A,,,,,,,,,2,,,Long-term interest rate for convergence purposes - Euro,"Germany, Long-term interest rate for convergence purposes - Unspecified rate type, Debt security issued, 10 years maturity, New business coverage, denominated in Euro - Unspecified counterpart sector",PC,0
IRS.M.DE.L.L40.CI.0000.EUR.N.Z,M,DE,L,L40,CI,0000,EUR,N,Z,1996-08,6.3,A,F,,,P1M,,A,,,,,,,,,2,,,Long-term interest rate for convergence purposes - Euro,"Germany, Long-term interest rate for convergence purposes - Unspecified rate type, Debt security issued, 10 years maturity, New business coverage, denominated in Euro - Unspecified counterpart sector",PC,0
IRS.M.DE.L.L40.CI.0000.EUR.N.Z,M,DE,L,L40,CI,0000,EUR,N,Z,1996-09,6.23,A,F,,,P1M,,A,,,,,,,,,2,,,Long-term interest rate for convergence purposes - Euro,"Germany, Long-term interest rate for convergence purposes - Unspecified rate type, Debt security issued, 10 years maturity, New business coverage, denominated in Euro - Unspecified counterpart sector",PC,0
IRS.M.DE.L.L40.CI.0000.EUR.N.Z,M,DE,L,L40,CI,0000,EUR,N,Z,1996-10,6.01,A,F,,,P1M,,A,,,,,,,,,2,,,Long-term interest rate for convergence purposes - Euro,"Germany, Long-term interest rate for convergence purposes - Unspecified rate type, Debt security issued, 10 years maturity, New business coverage, denominated in Euro - Unspecified counterpart sector",PC,0
IRS.M.DE.L.L40.CI.0000.EUR.N.Z,M,DE,L,L40,CI,0000,EUR,N,Z,1996-11,5.86,A,F,,,P1M,,A,,,,,,,,,2,,,Long-term interest rate for convergence purposes - Euro,"Germany, Long-term interest rate for convergence purposes - Unspecified rate type, Debt security issued, 10 years maturity, New business coverage, denominated in Euro - Unspecified counterpart sector",PC,0
IRS.M.DE.L.L40.CI.0000.EUR.N.Z,M,DE,L,L40,CI,0000,EUR,N,Z,1996-12,5.79,A,F,,,P1M,,A,,,,,,,,,2,,,Long-term interest rate for convergence purposes - Euro,"Germany, Long-term interest rate for convergence purposes - Unspecified rate type, Debt security issued, 10 years maturity, New business coverage, denominated in Euro - Unspecified counterpart sector",PC,0
IRS.M.DE.L.L40.CI.0000.EUR.N.Z,M,DE,L,L40,CI,0000,EUR,N,Z,1997-01,5.8,A,F,,,P1M,,A,,,,,,,,,2,,,Long-term interest rate for convergence purposes - Euro,"Germany, Long-term interest rate for convergence purposes - Unspecified rate type, Debt security issued, 10 years maturity, New business coverage, denominated in Euro - Unspecified counterpart sector",PC,0
IRS.M.DE.L.L40.CI.0000.EUR.N.Z,M,DE,L,L40,CI,0000,EUR,N,Z,1997-02,5.55,A,F,,,P1M,,A,,,,,,,,,2,,,Long-term interest rate for convergence purposes - Euro,"Germany, Long-term interest rate for convergence purposes - Unspecified rate type, Debt security issued, 10 years maturity, New business coverage, denominated in Euro - Unspecified counterpart sector",PC,0
IRS.M.DE.L.L40.CI.0000.EUR.N.Z,M,DE,L,L40,CI,0000,EUR,N,Z,1997-03,5.71,A,F,,,P1M,,A,,,,,,,,,2,,,Long-term interest rate for convergence purposes - Euro,"Germany, Long-term interest rate for convergence purposes - Unspecified rate type, Debt security issued, 10 years maturity, New business coverage, denominated in Euro - Unspecified counterpart sector",PC,0
IRS.M.DE.L.L40.CI.0000.EUR.N.Z,M,DE,L,L40,CI,0000,EUR,N,Z,1997-04,5.87,A,F,,,P1M,,A,,,,,,,,,2,,,Long-term interest rate for convergence purposes - Euro,"Germany, Long-term interest rate for convergence purposes - Unspecified rate type, Debt security issued, 10 years maturity, New business coverage, denominated in Euro - Unspecified counterpart sector",PC,0
IRS.M.DE.L.L40.CI.0000.EUR.N.Z,M,DE,L,L40,CI,0000,EUR,N,Z,1997-05,5.76,A,F,,,P1M,,A,,,,,,,,,2,,,Long-term interest rate for convergence purposes - Euro,"Germany, Long-term interest rate for convergence purposes - Unspecified rate type, Debt security issued, 10 years maturity, New business coverage, denominated in Euro - Unspecified counterpart sector",PC,0
IRS.M.DE.L.L40.CI.0000.EUR.N.Z,M,DE,L,L40,CI,0000,EUR,N,Z,1997-06,5.72,A,F,,,P1M,,A,,,,,,,,,2,,,Long-term interest rate for convergence purposes - Euro,"Germany, Long-term interest rate for convergence purposes - Unspecified rate type, Debt security issued, 10 years maturity, New business coverage, denominated in Euro - Unspecified counterpart sector",PC,0
IRS.M.DE.L.L40.CI.0000.EUR.N.Z,M,DE,L,L40,CI,0000,EUR,N,Z,1997-07,5.56,A,F,,,P1M,,A,,,,,,,,,2,,,Long-term interest rate for convergence purposes - Euro,"Germany, Long-term interest rate for convergence purposes - Unspecified rate type, Debt security issued, 10 years maturity, New business coverage, denominated in Euro - Unspecified counterpart sector",PC,0
IRS.M.DE.L.L40.CI.0000.EUR.N.Z,M,DE,L,L40,CI,0000,EUR,N,Z,1997-08,5.66,A,F,,,P1M,,A,,,,,,,,,2,,,Long-term interest rate for convergence purposes - Euro,"Germany, Long-term interest rate for convergence purposes - Unspecified rate type, Debt security issued, 10 years maturity, New business coverage, denominated in Euro - Unspecified counterpart sector",PC,0
IRS.M.DE.L.L40.CI.0000.EUR.N.Z,M,DE,L,L40,CI,0000,EUR,N,Z,1997-09,5.59,A,F,,,P1M,,A,,,,,,,,,2,,,Long-term interest rate for convergence purposes - Euro,"Germany, Long-term interest rate for convergence purposes - Unspecified rate type, Debt security issued, 10 years maturity, New business coverage, denominated in Euro - Unspecified counterpart sector",PC,0
IRS.M.DE.L.L40.CI.0000.EUR.N.Z,M,DE,L,L40,CI,0000,EUR,N,Z,1997-10,5.58,A,F,,,P1M,,A,,,,,,,,,2,,,Long-term interest rate for convergence purposes - Euro,"Germany, Long-term interest rate for convergence purposes - Unspecified rate type, Debt security issued, 10 years maturity, New business coverage, denominated in Euro - Unspecified counterpart sector",PC,0
IRS.M.DE.L.L40.CI.0000.EUR.N.Z,M,DE,L,L40,CI,0000,EUR,N,Z,1997-11,5.56,A,F,,,P1M,,A,,,,,,,,,2,,,Long-term interest rate for convergence purposes - Euro,"Germany, Long-term interest rate for convergence purposes - Unspecified rate type, Debt security issued, 10 years maturity, New business coverage, denominated in Euro - Unspecified counterpart sector",PC,0
IRS.M.DE.L.L40.CI.0000.EUR.N.Z,M,DE,L,L40,CI,0000,EUR,N,Z,1997-12,5.33,A,F,,,P1M,,A,,,,,,,,,2,,,Long-term interest rate for convergence purposes - Euro,"Germany, Long-term interest rate for convergence purposes - Unspecified rate type, Debt security issued, 10 years maturity, New business coverage, denominated in Euro - Unspecified counterpart sector",PC,0
IRS.M.DE.L.L40.CI.0000.EUR.N.Z,M,DE,L,L40,CI,0000,EUR,N,Z,1998-01,5.11,A,F,,,P1M,,A,,,,,,,,,2,,,Long-term interest rate for convergence purposes - Euro,"Germany, Long-term interest rate for convergence purposes - Unspecified rate type, Debt security issued, 10 years maturity, New business coverage, denominated in Euro - Unspecified counterpart sector",PC,0
IRS.M.DE.L.L40.CI.0000.EUR.N.Z,M,DE,L,L40,CI,0000,EUR,N,Z,1998-02,4.99,A,F,,,P1M,,A,,,,,,,,,2,,,Long-term interest rate for convergence purposes - Euro,"Germany, Long-term interest rate for convergence purposes - Unspecified rate type, Debt security issued, 10 years maturity, New business coverage, denominated in Euro - Unspecified counterpart sector",PC,0
IRS.M.DE.L.L40.CI.0000.EUR.N.Z,M,DE,L,L40,CI,0000,EUR,N,Z,1998-03,4.9,A,F,,,P1M,,A,,,,,,,,,2,,,Long-term interest rate for convergence purposes - Euro,"Germany, Long-term interest rate for convergence purposes - Unspecified rate type, Debt security issued, 10 years maturity, New business coverage, denominated in Euro - Unspecified counterpart sector",PC,0
IRS.M.DE.L.L40.CI.0000.EUR.N.Z,M,DE,L,L40,CI,0000,EUR,N,Z,1998-04,4.9,A,F,,,P1M,,A,,,,,,,,,2,,,Long-term interest rate for convergence purposes - Euro,"Germany, Long-term interest rate for convergence purposes - Unspecified rate type, Debt security issued, 10 years maturity, New business coverage, denominated in Euro - Unspecified counterpart sector",PC,0
IRS.M.DE.L.L40.CI.0000.EUR.N.Z,M,DE,L,L40,CI,0000,EUR,N,Z,1998-05,4.96,A,F,,,P1M,,A,,,,,,,,,2,,,Long-term interest rate for convergence purposes - Euro,"Germany, Long-term interest rate for convergence purposes - Unspecified rate type, Debt security issued, 10 years maturity, New business coverage, denominated in Euro - Unspecified counterpart sector",PC,0
IRS.M.DE.L.L40.CI.0000.EUR.N.Z,M,DE,L,L40,CI,0000,EUR,N,Z,1998-06,4.8,A,F,,,P1M,,A,,,,,,,,,2,,,Long-term interest rate for convergence purposes - Euro,"Germany, Long-term interest rate for convergence purposes - Unspecified rate type, Debt security issued, 10 years maturity, New business coverage, denominated in Euro - Unspecified counterpart sector",PC,0
IRS.M.DE.L.L40.CI.0000.EUR.N.Z,M,DE,L,L40,CI,0000,EUR,N,Z,1998-07,4.68,A,F,,,P1M,,A,,,,,,,,,2,,,Long-term interest rate for convergence purposes - Euro,"Germany, Long-term interest rate for convergence purposes - Unspecified rate type, Debt security issued, 10 years maturity, New business coverage, denominated in Euro - Unspecified counterpart sector",PC,0
IRS.M.DE.L.L40.CI.0000.EUR.N.Z,M,DE,L,L40,CI,0000,EUR,N,Z,1998-08,4.42,A,F,,,P1M,,A,,,,,,,,,2,,,Long-term interest rate for convergence purposes - Euro,"Germany, Long-term interest rate for convergence purposes - Unspecified rate type, Debt security issued, 10 years maturity, New business coverage, denominated in Euro - Unspecified counterpart sector",PC,0
IRS.M.DE.L.L40.CI.0000.EUR.N.Z,M,DE,L,L40,CI,0000,EUR,N,Z,1998-09,4.06,A,F,,,P1M,,A,,,,,,,,,2,,,Long-term interest rate for convergence purposes - Euro,"Germany, Long-term interest rate for convergence purposes - Unspecified rate type, Debt security issued, 10 years maturity, New business coverage, denominated in Euro - Unspecified counterpart sector",PC,0
IRS.M.DE.L.L40.CI.0000.EUR.N.Z,M,DE,L,L40,CI,0000,EUR,N,Z,1998-10,4.06,A,F,,,P1M,,A,,,,,,,,,2,,,Long-term interest rate for convergence purposes - Euro,"Germany, Long-term interest rate for convergence purposes - Unspecified rate type, Debt security issued, 10 years maturity, New business coverage, denominated in Euro - Unspecified counterpart sector",PC,0
IRS.M.DE.L.L40.CI.0000.EUR.N.Z,M,DE,L,L40,CI,0000,EUR,N,Z,1998-11,4.12,A,F,,,P1M,,A,,,,,,,,,2,,,Long-term interest rate for convergence purposes - Euro,"Germany, Long-term interest rate for convergence purposes - Unspecified rate type, Debt security issued, 10 years maturity, New business coverage, denominated in Euro - Unspecified counterpart sector",PC,0
IRS.M.DE.L.L40.CI.0000.EUR.N.Z,M,DE,L,L40,CI,0000,EUR,N,Z,1998-12,3.86,A,F,,,P1M,,A,,,,,,,,,2,,,Long-term interest rate for convergence purposes - Euro,"Germany, Long-term interest rate for convergence purposes - Unspecified rate type, Debt security issued, 10 years maturity, New business coverage, denominated in Euro - Unspecified counterpart sector",PC,0
IRS.M.DE.L.L40.CI.0000.EUR.N.Z,M,DE,L,L40,CI,0000,EUR,N,Z,1999-01,3.7,A,F,,,P1M,,A,,,,,,,,,2,,,Long-term interest rate for convergence purposes - Euro,"Germany, Long-term interest rate for convergence purposes - Unspecified rate type, Debt security issued, 10 years maturity, New business coverage, denominated in Euro - Unspecified counterpart sector",PC,0
IRS.M.DE.L.L40.CI.0000.EUR.N.Z,M,DE,L,L40,CI,0000,EUR,N,Z,1999-02,3.85,A,F,,,P1M,,A,,,,,,,,,2,,,Long-term interest rate for convergence purposes - Euro,"Germany, Long-term interest rate for convergence purposes - Unspecified rate type, Debt security issued, 10 years maturity, New business coverage, denominated in Euro - Unspecified counterpart sector",PC,0
IRS.M.DE.L.L40.CI.0000.EUR.N.Z,M,DE,L,L40,CI,0000,EUR,N,Z,1999-03,4.04,A,F,,,P1M,,A,,,,,,,,,2,,,Long-term interest rate for convergence purposes - Euro,"Germany, Long-term interest rate for convergence purposes - Unspecified rate type, Debt security issued, 10 years maturity, New business coverage, denominated in Euro - Unspecified counterpart sector",PC,0
IRS.M.DE.L.L40.CI.0000.EUR.N.Z,M,DE,L,L40,CI,0000,EUR,N,Z,1999-04,3.85,A,F,,,P1M,,A,,,,,,,,,2,,,Long-term interest rate for convergence purposes - Euro,"Germany, Long-term interest rate for convergence purposes - Unspecified rate type, Debt security issued, 10 years maturity, New business coverage, denominated in Euro - Unspecified counterpart sector",PC,0
IRS.M.DE.L.L40.CI.0000.EUR.N.Z,M,DE,L,L40,CI,0000,EUR,N,Z,1999-05,4.01,A,F,,,P1M,,A,,,,,,,,,2,,,Long-term interest rate for convergence purposes - Euro,"Germany, Long-term interest rate for convergence purposes - Unspecified rate type, Debt security issued, 10 years maturity, New business coverage, denominated in Euro - Unspecified counterpart sector",PC,0
IRS.M.DE.L.L40.CI.0000.EUR.N.Z,M,DE,L,L40,CI,0000,EUR,N,Z,1999-06,4.36,A,F,,,P1M,,A,,,,,,,,,2,,,Long-term interest rate for convergence purposes - Euro,"Germany, Long-term interest rate for convergence purposes - Unspecified rate type, Debt security issued, 10 years maturity, New business coverage, denominated in Euro - Unspecified counterpart sector",PC,0
IRS.M.DE.L.L40.CI.0000.EUR.N.Z,M,DE,L,L40,CI,0000,EUR,N,Z,1999-07,4.68,A,F,,,P1M,,A,,,,,,,,,2,,,Long-term interest rate for convergence purposes - Euro,"Germany, Long-term interest rate for convergence purposes - Unspecified rate type, Debt security issued, 10 years maturity, New business coverage, denominated in Euro - Unspecified counterpart sector",PC,0
IRS.M.DE.L.L40.CI.0000.EUR.N.Z,M,DE,L,L40,CI,0000,EUR,N,Z,1999-08,4.88,A,F,,,P1M,,A,,,,,,,,,2,,,Long-term interest rate for convergence purposes - Euro,"Germany, Long-term interest rate for convergence purposes - Unspecified rate type, Debt security issued, 10 years maturity, New business coverage, denominated in Euro - Unspecified counterpart sector",PC,0
IRS.M.DE.L.L40.CI.0000.EUR.N.Z,M,DE,L,L40,CI,0000,EUR,N,Z,1999-09,5.04,A,F,,,P1M,,A,,,,,,,,,2,,,Long-term interest rate for convergence purposes - Euro,"Germany, Long-term interest rate for convergence purposes - Unspecified rate type, Debt security issued, 10 years maturity, New business coverage, denominated in Euro - Unspecified counterpart sector",PC,0
IRS.M.DE.L.L40.CI.0000.EUR.N.Z,M,DE,L,L40,CI,0000,EUR,N,Z,1999-10,5.29,A,F,,,P1M,,A,,,,,,,,,2,,,Long-term interest rate for convergence purposes - Euro,"Germany, Long-term interest rate for convergence purposes - Unspecified rate type, Debt security issued, 10 years maturity, New business coverage, denominated in Euro - Unspecified counterpart sector",PC,0
IRS.M.DE.L.L40.CI.0000.EUR.N.Z,M,DE,L,L40,CI,0000,EUR,N,Z,1999-11,5.04,A,F,,,P1M,,A,,,,,,,,,2,,,Long-term interest rate for convergence purposes - Euro,"Germany, Long-term interest rate for convergence purposes - Unspecified rate type, Debt security issued, 10 years maturity, New business coverage, denominated in Euro - Unspecified counterpart sector",PC,0
IRS.M.DE.L.L40.CI.0000.EUR.N.Z,M,DE,L,L40,CI,0000,EUR,N,Z,1999-12,5.15,A,F,,,P1M,,A,,,,,,,,,2,,,Long-term interest rate for convergence purposes - Euro,"Germany, Long-term interest rate for convergence purposes - Unspecified rate type, Debt security issued, 10 years maturity, New business coverage, denominated in Euro - Unspecified counterpart sector",PC,0
IRS.M.DE.L.L40.CI.0000.EUR.N.Z,M,DE,L,L40,CI,0000,EUR,N,Z,2000-01,5.54,A,F,,,P1M,,A,,,,,,,,,2,,,Long-term interest rate for convergence purposes - Euro,"Germany, Long-term interest rate for convergence purposes - Unspecified rate type, Debt security issued, 10 years maturity, New business coverage, denominated in Euro - Unspecified counterpart sector",PC,0
IRS.M.DE.L.L40.CI.0000.EUR.N.Z,M,DE,L,L40,CI,0000,EUR,N,Z,2000-02,5.51,A,F,,,P1M,,A,,,,,,,,,2,,,Long-term interest rate for convergence purposes - Euro,"Germany, Long-term interest rate for convergence purposes - Unspecified rate type, Debt security issued, 10 years maturity, New business coverage, denominated in Euro - Unspecified counterpart sector",PC,0
IRS.M.DE.L.L40.CI.0000.EUR.N.Z,M,DE,L,L40,CI,0000,EUR,N,Z,2000-03,5.33,A,F,,,P1M,,A,,,,,,,,,2,,,Long-term interest rate for convergence purposes - Euro,"Germany, Long-term interest rate for convergence purposes - Unspecified rate type, Debt security issued, 10 years maturity, New business coverage, denominated in Euro - Unspecified counterpart sector",PC,0
IRS.M.DE.L.L40.CI.0000.EUR.N.Z,M,DE,L,L40,CI,0000,EUR,N,Z,2000-04,5.22,A,F,,,P1M,,A,,,,,,,,,2,,,Long-term interest rate for convergence purposes - Euro,"Germany, Long-term interest rate for convergence purposes - Unspecified rate type, Debt security issued, 10 years maturity, New business coverage, denominated in Euro - Unspecified counterpart sector",PC,0
IRS.M.DE.L.L40.CI.0000.EUR.N.Z,M,DE,L,L40,CI,0000,EUR,N,Z,2000-05,5.38,A,F,,,P1M,,A,,,,,,,,,2,,,Long-term interest rate for convergence purposes - Euro,"Germany, Long-term interest rate for convergence purposes - Unspecified rate type, Debt security issued, 10 years maturity, New business coverage, denominated in Euro - Unspecified counterpart sector",PC,0
IRS.M.DE.L.L40.CI.0000.EUR.N.Z,M,DE,L,L40,CI,0000,EUR,N,Z,2000-06,5.19,A,F,,,P1M,,A,,,,,,,,,2,,,Long-term interest rate for convergence purposes - Euro,"Germany, Long-term interest rate for convergence purposes - Unspecified rate type, Debt security issued, 10 years maturity, New business coverage, denominated in Euro - Unspecified counterpart sector",PC,0
IRS.M.DE.L.L40.CI.0000.EUR.N.Z,M,DE,L,L40,CI,0000,EUR,N,Z,2000-07,5.27,A,F,,,P1M,,A,,,,,,,,,2,,,Long-term interest rate for convergence purposes - Euro,"Germany, Long-term interest rate for convergence purposes - Unspecified rate type, Debt security issued, 10 years maturity, New business coverage, denominated in Euro - Unspecified counterpart sector",PC,0
IRS.M.DE.L.L40.CI.0000.EUR.N.Z,M,DE,L,L40,CI,0000,EUR,N,Z,2000-08,5.21,A,F,,,P1M,,A,,,,,,,,,2,,,Long-term interest rate for convergence purposes - Euro,"Germany, Long-term interest rate for convergence purposes - Unspecified rate type, Debt security issued, 10 years maturity, New business coverage, denominated in Euro - Unspecified counterpart sector",PC,0
IRS.M.DE.L.L40.CI.0000.EUR.N.Z,M,DE,L,L40,CI,0000,EUR,N,Z,2000-09,5.26,A,F,,,P1M,,A,,,,,,,,,2,,,Long-term interest rate for convergence purposes - Euro,"Germany, Long-term interest rate for convergence purposes - Unspecified rate type, Debt security issued, 10 years maturity, New business coverage, denominated in Euro - Unspecified counterpart sector",PC,0
IRS.M.DE.L.L40.CI.0000.EUR.N.Z,M,DE,L,L40,CI,0000,EUR,N,Z,2000-10,5.21,A,F,,,P1M,,A,,,,,,,,,2,,,Long-term interest rate for convergence purposes - Euro,"Germany, Long-term interest rate for convergence purposes - Unspecified rate type, Debt security issued, 10 years maturity, New business coverage, denominated in Euro - Unspecified counterpart sector",PC,0
IRS.M.DE.L.L40.CI.0000.EUR.N.Z,M,DE,L,L40,CI,0000,EUR,N,Z,2000-11,5.15,A,F,,,P1M,,A,,,,,,,,,2,,,Long-term interest rate for convergence purposes - Euro,"Germany, Long-term interest rate for convergence purposes - Unspecified rate type, Debt security issued, 10 years maturity, New business coverage, denominated in Euro - Unspecified counterpart sector",PC,0
IRS.M.DE.L.L40.CI.0000.EUR.N.Z,M,DE,L,L40,CI,0000,EUR,N,Z,2000-12,4.89,A,F,,,P1M,,A,,,,,,,,,2,,,Long-term interest rate for convergence purposes - Euro,"Germany, Long-term interest rate for convergence purposes - Unspecified rate type, Debt security issued, 10 years maturity, New business coverage, denominated in Euro - Unspecified counterpart sector",PC,0
IRS.M.DE.L.L40.CI.0000.EUR.N.Z,M,DE,L,L40,CI,0000,EUR,N,Z,2001-01,4.8,A,F,,,P1M,,A,,,,,,,,,2,,,Long-term interest rate for convergence purposes - Euro,"Germany, Long-term interest rate for convergence purposes - Unspecified rate type, Debt security issued, 10 years maturity, New business coverage, denominated in Euro - Unspecified counterpart sector",PC,0
IRS.M.DE.L.L40.CI.0000.EUR.N.Z,M,DE,L,L40,CI,0000,EUR,N,Z,2001-02,4.78,A,F,,,P1M,,A,,,,,,,,,2,,,Long-term interest rate for convergence purposes - Euro,"Germany, Long-term interest rate for convergence purposes - Unspecified rate type, Debt security issued, 10 years maturity, New business coverage, denominated in Euro - Unspecified counterpart sector",PC,0
IRS.M.DE.L.L40.CI.0000.EUR.N.Z,M,DE,L,L40,CI,0000,EUR,N,Z,2001-03,4.67,A,F,,,P1M,,A,,,,,,,,,2,,,Long-term interest rate for convergence purposes - Euro,"Germany, Long-term interest rate for convergence purposes - Unspecified rate type, Debt security issued, 10 years maturity, New business coverage, denominated in Euro - Unspecified counterpart sector",PC,0
IRS.M.DE.L.L40.CI.0000.EUR.N.Z,M,DE,L,L40,CI,0000,EUR,N,Z,2001-04,4.83,A,F,,,P1M,,A,,,,,,,,,2,,,Long-term interest rate for convergence purposes - Euro,"Germany, Long-term interest rate for convergence purposes - Unspecified rate type, Debt security issued, 10 years maturity, New business coverage, denominated in Euro - Unspecified counterpart sector",PC,0
IRS.M.DE.L.L40.CI.0000.EUR.N.Z,M,DE,L,L40,CI,0000,EUR,N,Z,2001-05,5.05,A,F,,,P1M,,A,,,,,,,,,2,,,Long-term interest rate for convergence purposes - Euro,"Germany, Long-term interest rate for convergence purposes - Unspecified rate type, Debt security issued, 10 years maturity, New business coverage, denominated in Euro - Unspecified counterpart sector",PC,0
IRS.M.DE.L.L40.CI.0000.EUR.N.Z,M,DE,L,L40,CI,0000,EUR,N,Z,2001-06,5,A,F,,,P1M,,A,,,,,,,,,2,,,Long-term interest rate for convergence purposes - Euro,"Germany, Long-term interest rate for convergence purposes - Unspecified rate type, Debt security issued, 10 years maturity, New business coverage, denominated in Euro - Unspecified counterpart sector",PC,0
IRS.M.DE.L.L40.CI.0000.EUR.N.Z,M,DE,L,L40,CI,0000,EUR,N,Z,2001-07,5.02,A,F,,,P1M,,A,,,,,,,,,2,,,Long-term interest rate for convergence purposes - Euro,"Germany, Long-term interest rate for convergence purposes - Unspecified rate type, Debt security issued, 10 years maturity, New business coverage, denominated in Euro - Unspecified counterpart sector",PC,0
IRS.M.DE.L.L40.CI.0000.EUR.N.Z,M,DE,L,L40,CI,0000,EUR,N,Z,2001-08,4.82,A,F,,,P1M,,A,,,,,,,,,2,,,Long-term interest rate for convergence purposes - Euro,"Germany, Long-term interest rate for convergence purposes - Unspecified rate type, Debt security issued, 10 years maturity, New business coverage, denominated in Euro - Unspecified counterpart sector",PC,0
IRS.M.DE.L.L40.CI.0000.EUR.N.Z,M,DE,L,L40,CI,0000,EUR,N,Z,2001-09,4.81,A,F,,,P1M,,A,,,,,,,,,2,,,Long-term interest rate for convergence purposes - Euro,"Germany, Long-term interest rate for convergence purposes - Unspecified rate type, Debt security issued, 10 years maturity, New business coverage, denominated in Euro - Unspecified counterpart sector",PC,0
IRS.M.DE.L.L40.CI.0000.EUR.N.Z,M,DE,L,L40,CI,0000,EUR,N,Z,2001-10,4.6,A,F,,,P1M,,A,,,,,,,,,2,,,Long-term interest rate for convergence purposes - Euro,"Germany, Long-term interest rate for convergence purposes - Unspecified rate type, Debt security issued, 10 years maturity, New business coverage, denominated in Euro - Unspecified counterpart sector",PC,0
IRS.M.DE.L.L40.CI.0000.EUR.N.Z,M,DE,L,L40,CI,0000,EUR,N,Z,2001-11,4.45,A,F,,,P1M,,A,,,,,,,,,2,,,Long-term interest rate for convergence purposes - Euro,"Germany, Long-term interest rate for convergence purposes - Unspecified rate type, Debt security issued, 10 years maturity, New business coverage, denominated in Euro - Unspecified counterpart sector",PC,0
IRS.M.DE.L.L40.CI.0000.EUR.N.Z,M,DE,L,L40,CI,0000,EUR,N,Z,2001-12,4.74,A,F,,,P1M,,A,,,,,,,,,2,,,Long-term interest rate for convergence purposes - Euro,"Germany, Long-term interest rate for convergence purposes - Unspecified rate type, Debt security issued, 10 years maturity, New business coverage, denominated in Euro - Unspecified counterpart sector",PC,0
IRS.M.DE.L.L40.CI.0000.EUR.N.Z,M,DE,L,L40,CI,0000,EUR,N,Z,2002-01,4.86,A,F,,,P1M,,A,,,,,,,,,2,,,Long-term interest rate for convergence purposes - Euro,"Germany, Long-term interest rate for convergence purposes - Unspecified rate type, Debt security issued, 10 years maturity, New business coverage, denominated in Euro - Unspecified counterpart sector",PC,0
IRS.M.DE.L.L40.CI.0000.EUR.N.Z,M,DE,L,L40,CI,0000,EUR,N,Z,2002-02,4.92,A,F,,,P1M,,A,,,,,,,,,2,,,Long-term interest rate for convergence purposes - Euro,"Germany, Long-term interest rate for convergence purposes - Unspecified rate type, Debt security issued, 10 years maturity, New business coverage, denominated in Euro - Unspecified counterpart sector",PC,0
IRS.M.DE.L.L40.CI.0000.EUR.N.Z,M,DE,L,L40,CI,0000,EUR,N,Z,2002-03,5.16,A,F,,,P1M,,A,,,,,,,,,2,,,Long-term interest rate for convergence purposes - Euro,"Germany, Long-term interest rate for convergence purposes - Unspecified rate type, Debt security issued, 10 years maturity, New business coverage, denominated in Euro - Unspecified counterpart sector",PC,0
IRS.M.DE.L.L40.CI.0000.EUR.N.Z,M,DE,L,L40,CI,0000,EUR,N,Z,2002-04,5.15,A,F,,,P1M,,A,,,,,,,,,2,,,Long-term interest rate for convergence purposes - Euro,"Germany, Long-term interest rate for convergence purposes - Unspecified rate type, Debt security issued, 10 years maturity, New business coverage, denominated in Euro - Unspecified counterpart sector",PC,0
IRS.M.DE.L.L40.CI.0000.EUR.N.Z,M,DE,L,L40,CI,0000,EUR,N,Z,2002-05,5.17,A,F,,,P1M,,A,,,,,,,,,2,,,Long-term interest rate for convergence purposes - Euro,"Germany, Long-term interest rate for convergence purposes - Unspecified rate type, Debt security issued, 10 years maturity, New business coverage, denominated in Euro - Unspecified counterpart sector",PC,0
IRS.M.DE.L.L40.CI.0000.EUR.N.Z,M,DE,L,L40,CI,0000,EUR,N,Z,2002-06,5.02,A,F,,,P1M,,A,,,,,,,,,2,,,Long-term interest rate for convergence purposes - Euro,"Germany, Long-term interest rate for convergence purposes - Unspecified rate type, Debt security issued, 10 years maturity, New business coverage, denominated in Euro - Unspecified counterpart sector",PC,0
IRS.M.DE.L.L40.CI.0000.EUR.N.Z,M,DE,L,L40,CI,0000,EUR,N,Z,2002-07,4.87,A,F,,,P1M,,A,,,,,,,,,2,,,Long-term interest rate for convergence purposes - Euro,"Germany, Long-term interest rate for convergence purposes - Unspecified rate type, Debt security issued, 10 years maturity, New business coverage, denominated in Euro - Unspecified counterpart sector",PC,0
IRS.M.DE.L.L40.CI.0000.EUR.N.Z,M,DE,L,L40,CI,0000,EUR,N,Z,2002-08,4.59,A,F,,,P1M,,A,,,,,,,,,2,,,Long-term interest rate for convergence purposes - Euro,"Germany, Long-term interest rate for convergence purposes - Unspecified rate type, Debt security issued, 10 years maturity, New business coverage, denominated in Euro - Unspecified counterpart sector",PC,0
IRS.M.DE.L.L40.CI.0000.EUR.N.Z,M,DE,L,L40,CI,0000,EUR,N,Z,2002-09,4.38,A,F,,,P1M,,A,,,,,,,,,2,,,Long-term interest rate for convergence purposes - Euro,"Germany, Long-term interest rate for convergence purposes - Unspecified rate type, Debt security issued, 10 years maturity, New business coverage, denominated in Euro - Unspecified counterpart sector",PC,0
IRS.M.DE.L.L40.CI.0000.EUR.N.Z,M,DE,L,L40,CI,0000,EUR,N,Z,2002-10,4.46,A,F,,,P1M,,A,,,,,,,,,2,,,Long-term interest rate for convergence purposes - Euro,"Germany, Long-term interest rate for convergence purposes - Unspecified rate type, Debt security issued, 10 years maturity, New business coverage, denominated in Euro - Unspecified counterpart sector",PC,0
IRS.M.DE.L.L40.CI.0000.EUR.N.Z,M,DE,L,L40,CI,0000,EUR,N,Z,2002-11,4.48,A,F,,,P1M,,A,,,,,,,,,2,,,Long-term interest rate for convergence purposes - Euro,"Germany, Long-term interest rate for convergence purposes - Unspecified rate type, Debt security issued, 10 years maturity, New business coverage, denominated in Euro - Unspecified counterpart sector",PC,0
IRS.M.DE.L.L40.CI.0000.EUR.N.Z,M,DE,L,L40,CI,0000,EUR,N,Z,2002-12,4.33,A,F,,,P1M,,A,,,,,,,,,2,,,Long-term interest rate for convergence purposes - Euro,"Germany, Long-term interest rate for convergence purposes - Unspecified rate type, Debt security issued, 10 years maturity, New business coverage, denominated in Euro - Unspecified counterpart sector",PC,0
IRS.M.DE.L.L40.CI.0000.EUR.N.Z,M,DE,L,L40,CI,0000,EUR,N,Z,2003-01,4.18,A,F,,,P1M,,A,,,,,,,,,2,,,Long-term interest rate for convergence purposes - Euro,"Germany, Long-term interest rate for convergence purposes - Unspecified rate type, Debt security issued, 10 years maturity, New business coverage, denominated in Euro - Unspecified counterpart sector",PC,0
IRS.M.DE.L.L40.CI.0000.EUR.N.Z,M,DE,L,L40,CI,0000,EUR,N,Z,2003-02,3.95,A,F,,,P1M,,A,,,,,,,,,2,,,Long-term interest rate for convergence purposes - Euro,"Germany, Long-term interest rate for convergence purposes - Unspecified rate type, Debt security issued, 10 years maturity, New business coverage, denominated in Euro - Unspecified counterpart sector",PC,0
IRS.M.DE.L.L40.CI.0000.EUR.N.Z,M,DE,L,L40,CI,0000,EUR,N,Z,2003-03,4,A,F,,,P1M,,A,,,,,,,,,2,,,Long-term interest rate for convergence purposes - Euro,"Germany, Long-term interest rate for convergence purposes - Unspecified rate type, Debt security issued, 10 years maturity, New business coverage, denominated in Euro - Unspecified counterpart sector",PC,0
IRS.M.DE.L.L40.CI.0000.EUR.N.Z,M,DE,L,L40,CI,0000,EUR,N,Z,2003-04,4.15,A,F,,,P1M,,A,,,,,,,,,2,,,Long-term interest rate for convergence purposes - Euro,"Germany, Long-term interest rate for convergence purposes - Unspecified rate type, Debt security issued, 10 years maturity, New business coverage, denominated in Euro - Unspecified counterpart sector",PC,0
IRS.M.DE.L.L40.CI.0000.EUR.N.Z,M,DE,L,L40,CI,0000,EUR,N,Z,2003-05,3.82,A,F,,,P1M,,A,,,,,,,,,2,,,Long-term interest rate for convergence purposes - Euro,"Germany, Long-term interest rate for convergence purposes - Unspecified rate type, Debt security issued, 10 years maturity, New business coverage, denominated in Euro - Unspecified counterpart sector",PC,0
IRS.M.DE.L.L40.CI.0000.EUR.N.Z,M,DE,L,L40,CI,0000,EUR,N,Z,2003-06,3.62,A,F,,,P1M,,A,,,,,,,,,2,,,Long-term interest rate for convergence purposes - Euro,"Germany, Long-term interest rate for convergence purposes - Unspecified rate type, Debt security issued, 10 years maturity, New business coverage, denominated in Euro - Unspecified counterpart sector",PC,0
IRS.M.DE.L.L40.CI.0000.EUR.N.Z,M,DE,L,L40,CI,0000,EUR,N,Z,2003-07,3.97,A,F,,,P1M,,A,,,,,,,,,2,,,Long-term interest rate for convergence purposes - Euro,"Germany, Long-term interest rate for convergence purposes - Unspecified rate type, Debt security issued, 10 years maturity, New business coverage, denominated in Euro - Unspecified counterpart sector",PC,0
IRS.M.DE.L.L40.CI.0000.EUR.N.Z,M,DE,L,L40,CI,0000,EUR,N,Z,2003-08,4.13,A,F,,,P1M,,A,,,,,,,,,2,,,Long-term interest rate for convergence purposes - Euro,"Germany, Long-term interest rate for convergence purposes - Unspecified rate type, Debt security issued, 10 years maturity, New business coverage, denominated in Euro - Unspecified counterpart sector",PC,0
IRS.M.DE.L.L40.CI.0000.EUR.N.Z,M,DE,L,L40,CI,0000,EUR,N,Z,2003-09,4.17,A,F,,,P1M,,A,,,,,,,,,2,,,Long-term interest rate for convergence purposes - Euro,"Germany, Long-term interest rate for convergence purposes - Unspecified rate type, Debt security issued, 10 years maturity, New business coverage, denominated in Euro - Unspecified counterpart sector",PC,0
IRS.M.DE.L.L40.CI.0000.EUR.N.Z,M,DE,L,L40,CI,0000,EUR,N,Z,2003-10,4.22,A,F,,,P1M,,A,,,,,,,,,2,,,Long-term interest rate for convergence purposes - Euro,"Germany, Long-term interest rate for convergence purposes - Unspecified rate type, Debt security issued, 10 years maturity, New business coverage, denominated in Euro - Unspecified counterpart sector",PC,0
IRS.M.DE.L.L40.CI.0000.EUR.N.Z,M,DE,L,L40,CI,0000,EUR,N,Z,2003-11,4.35,A,F,,,P1M,,A,,,,,,,,,2,,,Long-term interest rate for convergence purposes - Euro,"Germany, Long-term interest rate for convergence purposes - Unspecified rate type, Debt security issued, 10 years maturity, New business coverage, denominated in Euro - Unspecified counterpart sector",PC,0
IRS.M.DE.L.L40.CI.0000.EUR.N.Z,M,DE,L,L40,CI,0000,EUR,N,Z,2003-12,4.29,A,F,,,P1M,,A,,,,,,,,,2,,,Long-term interest rate for convergence purposes - Euro,"Germany, Long-term interest rate for convergence purposes - Unspecified rate type, Debt security issued, 10 years maturity, New business coverage, denominated in Euro - Unspecified counterpart sector",PC,0
IRS.M.DE.L.L40.CI.0000.EUR.N.Z,M,DE,L,L40,CI,0000,EUR,N,Z,2004-01,4.17,A,F,,,P1M,,A,,,,,,,,,2,,,Long-term interest rate for convergence purposes - Euro,"Germany, Long-term interest rate for convergence purposes - Unspecified rate type, Debt security issued, 10 years maturity, New business coverage, denominated in Euro - Unspecified counterpart sector",PC,0
IRS.M.DE.L.L40.CI.0000.EUR.N.Z,M,DE,L,L40,CI,0000,EUR,N,Z,2004-02,4.11,A,F,,,P1M,,A,,,,,,,,,2,,,Long-term interest rate for convergence purposes - Euro,"Germany, Long-term interest rate for convergence purposes - Unspecified rate type, Debt security issued, 10 years maturity, New business coverage, denominated in Euro - Unspecified counterpart sector",PC,0
IRS.M.DE.L.L40.CI.0000.EUR.N.Z,M,DE,L,L40,CI,0000,EUR,N,Z,2004-03,3.91,A,F,,,P1M,,A,,,,,,,,,2,,,Long-term interest rate for convergence purposes - Euro,"Germany, Long-term interest rate for convergence purposes - Unspecified rate type, Debt security issued, 10 years maturity, New business coverage, denominated in Euro - Unspecified counterpart sector",PC,0
IRS.M.DE.L.L40.CI.0000.EUR.N.Z,M,DE,L,L40,CI,0000,EUR,N,Z,2004-04,4.1,A,F,,,P1M,,A,,,,,,,,,2,,,Long-term interest rate for convergence purposes - Euro,"Germany, Long-term interest rate for convergence purposes - Unspecified rate type, Debt security issued, 10 years maturity, New business coverage, denominated in Euro - Unspecified counterpart sector",PC,0
IRS.M.DE.L.L40.CI.0000.EUR.N.Z,M,DE,L,L40,CI,0000,EUR,N,Z,2004-05,4.25,A,F,,,P1M,,A,,,,,,,,,2,,,Long-term interest rate for convergence purposes - Euro,"Germany, Long-term interest rate for convergence purposes - Unspecified rate type, Debt security issued, 10 years maturity, New business coverage, denominated in Euro - Unspecified counterpart sector",PC,0
IRS.M.DE.L.L40.CI.0000.EUR.N.Z,M,DE,L,L40,CI,0000,EUR,N,Z,2004-06,4.31,A,F,,,P1M,,A,,,,,,,,,2,,,Long-term interest rate for convergence purposes - Euro,"Germany, Long-term interest rate for convergence purposes - Unspecified rate type, Debt security issued, 10 years maturity, New business coverage, denominated in Euro - Unspecified counterpart sector",PC,0
IRS.M.DE.L.L40.CI.0000.EUR.N.Z,M,DE,L,L40,CI,0000,EUR,N,Z,2004-07,4.24,A,F,,,P1M,,A,,,,,,,,,2,,,Long-term interest rate for convergence purposes - Euro,"Germany, Long-term interest rate for convergence purposes - Unspecified rate type, Debt security issued, 10 years maturity, New business coverage, denominated in Euro - Unspecified counterpart sector",PC,0
IRS.M.DE.L.L40.CI.0000.EUR.N.Z,M,DE,L,L40,CI,0000,EUR,N,Z,2004-08,4.08,A,F,,,P1M,,A,,,,,,,,,2,,,Long-term interest rate for convergence purposes - Euro,"Germany, Long-term interest rate for convergence purposes - Unspecified rate type, Debt security issued, 10 years maturity, New business coverage, denominated in Euro - Unspecified counterpart sector",PC,0
IRS.M.DE.L.L40.CI.0000.EUR.N.Z,M,DE,L,L40,CI,0000,EUR,N,Z,2004-09,4.02,A,F,,,P1M,,A,,,,,,,,,2,,,Long-term interest rate for convergence purposes - Euro,"Germany, Long-term interest rate for convergence purposes - Unspecified rate type, Debt security issued, 10 years maturity, New business coverage, denominated in Euro - Unspecified counterpart sector",PC,0
IRS.M.DE.L.L40.CI.0000.EUR.N.Z,M,DE,L,L40,CI,0000,EUR,N,Z,2004-10,3.89,A,F,,,P1M,,A,,,,,,,,,2,,,Long-term interest rate for convergence purposes - Euro,"Germany, Long-term interest rate for convergence purposes - Unspecified rate type, Debt security issued, 10 years maturity, New business coverage, denominated in Euro - Unspecified counterpart sector",PC,0
IRS.M.DE.L.L40.CI.0000.EUR.N.Z,M,DE,L,L40,CI,0000,EUR,N,Z,2004-11,3.78,A,F,,,P1M,,A,,,,,,,,,2,,,Long-term interest rate for convergence purposes - Euro,"Germany, Long-term interest rate for convergence purposes - Unspecified rate type, Debt security issued, 10 years maturity, New business coverage, denominated in Euro - Unspecified counterpart sector",PC,0
IRS.M.DE.L.L40.CI.0000.EUR.N.Z,M,DE,L,L40,CI,0000,EUR,N,Z,2004-12,3.58,A,F,,,P1M,,A,,,,,,,,,2,,,Long-term interest rate for convergence purposes - Euro,"Germany, Long-term interest rate for convergence purposes - Unspecified rate type, Debt security issued, 10 years maturity, New business coverage, denominated in Euro - Unspecified counterpart sector",PC,0
IRS.M.DE.L.L40.CI.0000.EUR.N.Z,M,DE,L,L40,CI,0000,EUR,N,Z,2005-01,3.56,A,F,,,P1M,,A,,,,,,,,,2,,,Long-term interest rate for convergence purposes - Euro,"Germany, Long-term interest rate for convergence purposes - Unspecified rate type, Debt security issued, 10 years maturity, New business coverage, denominated in Euro - Unspecified counterpart sector",PC,0
IRS.M.DE.L.L40.CI.0000.EUR.N.Z,M,DE,L,L40,CI,0000,EUR,N,Z,2005-02,3.54,A,F,,,P1M,,A,,,,,,,,,2,,,Long-term interest rate for convergence purposes - Euro,"Germany, Long-term interest rate for convergence purposes - Unspecified rate type, Debt security issued, 10 years maturity, New business coverage, denominated in Euro - Unspecified counterpart sector",PC,0
IRS.M.DE.L.L40.CI.0000.EUR.N.Z,M,DE,L,L40,CI,0000,EUR,N,Z,2005-03,3.7,A,F,,,P1M,,A,,,,,,,,,2,,,Long-term interest rate for convergence purposes - Euro,"Germany, Long-term interest rate for convergence purposes - Unspecified rate type, Debt security issued, 10 years maturity, New business coverage, denominated in Euro - Unspecified counterpart sector",PC,0
IRS.M.DE.L.L40.CI.0000.EUR.N.Z,M,DE,L,L40,CI,0000,EUR,N,Z,2005-04,3.48,A,F,,,P1M,,A,,,,,,,,,2,,,Long-term interest rate for convergence purposes - Euro,"Germany, Long-term interest rate for convergence purposes - Unspecified rate type, Debt security issued, 10 years maturity, New business coverage, denominated in Euro - Unspecified counterpart sector",PC,0
IRS.M.DE.L.L40.CI.0000.EUR.N.Z,M,DE,L,L40,CI,0000,EUR,N,Z,2005-05,3.3,A,F,,,P1M,,A,,,,,,,,,2,,,Long-term interest rate for convergence purposes - Euro,"Germany, Long-term interest rate for convergence purposes - Unspecified rate type, Debt security issued, 10 years maturity, New business coverage, denominated in Euro - Unspecified counterpart sector",PC,0
IRS.M.DE.L.L40.CI.0000.EUR.N.Z,M,DE,L,L40,CI,0000,EUR,N,Z,2005-06,3.13,A,F,,,P1M,,A,,,,,,,,,2,,,Long-term interest rate for convergence purposes - Euro,"Germany, Long-term interest rate for convergence purposes - Unspecified rate type, Debt security issued, 10 years maturity, New business coverage, denominated in Euro - Unspecified counterpart sector",PC,0
IRS.M.DE.L.L40.CI.0000.EUR.N.Z,M,DE,L,L40,CI,0000,EUR,N,Z,2005-07,3.2,A,F,,,P1M,,A,,,,,,,,,2,,,Long-term interest rate for convergence purposes - Euro,"Germany, Long-term interest rate for convergence purposes - Unspecified rate type, Debt security issued, 10 years maturity, New business coverage, denominated in Euro - Unspecified counterpart sector",PC,0
IRS.M.DE.L.L40.CI.0000.EUR.N.Z,M,DE,L,L40,CI,0000,EUR,N,Z,2005-08,3.23,A,F,,,P1M,,A,,,,,,,,,2,,,Long-term interest rate for convergence purposes - Euro,"Germany, Long-term interest rate for convergence purposes - Unspecified rate type, Debt security issued, 10 years maturity, New business coverage, denominated in Euro - Unspecified counterpart sector",PC,0
IRS.M.DE.L.L40.CI.0000.EUR.N.Z,M,DE,L,L40,CI,0000,EUR,N,Z,2005-09,3.07,A,F,,,P1M,,A,,,,,,,,,2,,,Long-term interest rate for convergence purposes - Euro,"Germany, Long-term interest rate for convergence purposes - Unspecified rate type, Debt security issued, 10 years maturity, New business coverage, denominated in Euro - Unspecified counterpart sector",PC,0
IRS.M.DE.L.L40.CI.0000.EUR.N.Z,M,DE,L,L40,CI,0000,EUR,N,Z,2005-10,3.24,A,F,,,P1M,,A,,,,,,,,,2,,,Long-term interest rate for convergence purposes - Euro,"Germany, Long-term interest rate for convergence purposes - Unspecified rate type, Debt security issued, 10 years maturity, New business coverage, denominated in Euro - Unspecified counterpart sector",PC,0
IRS.M.DE.L.L40.CI.0000.EUR.N.Z,M,DE,L,L40,CI,0000,EUR,N,Z,2005-11,3.45,A,F,,,P1M,,A,,,,,,,,,2,,,Long-term interest rate for convergence purposes - Euro,"Germany, Long-term interest rate for convergence purposes - Unspecified rate type, Debt security issued, 10 years maturity, New business coverage, denominated in Euro - Unspecified counterpart sector",PC,0
IRS.M.DE.L.L40.CI.0000.EUR.N.Z,M,DE,L,L40,CI,0000,EUR,N,Z,2005-12,3.34,A,F,,,P1M,,A,,,,,,,,,2,,,Long-term interest rate for convergence purposes - Euro,"Germany, Long-term interest rate for convergence purposes - Unspecified rate type, Debt security issued, 10 years maturity, New business coverage, denominated in Euro - Unspecified counterpart sector",PC,0
IRS.M.DE.L.L40.CI.0000.EUR.N.Z,M,DE,L,L40,CI,0000,EUR,N,Z,2006-01,3.32,A,F,,,P1M,,A,,,,,,,,,2,,,Long-term interest rate for convergence purposes - Euro,"Germany, Long-term interest rate for convergence purposes - Unspecified rate type, Debt security issued, 10 years maturity, New business coverage, denominated in Euro - Unspecified counterpart sector",PC,0
IRS.M.DE.L.L40.CI.0000.EUR.N.Z,M,DE,L,L40,CI,0000,EUR,N,Z,2006-02,3.47,A,F,,,P1M,,A,,,,,,,,,2,,,Long-term interest rate for convergence purposes - Euro,"Germany, Long-term interest rate for convergence purposes - Unspecified rate type, Debt security issued, 10 years maturity, New business coverage, denominated in Euro - Unspecified counterpart sector",PC,0
IRS.M.DE.L.L40.CI.0000.EUR.N.Z,M,DE,L,L40,CI,0000,EUR,N,Z,2006-03,3.64,A,F,,,P1M,,A,,,,,,,,,2,,,Long-term interest rate for convergence purposes - Euro,"Germany, Long-term interest rate for convergence purposes - Unspecified rate type, Debt security issued, 10 years maturity, New business coverage, denominated in Euro - Unspecified counterpart sector",PC,0
IRS.M.DE.L.L40.CI.0000.EUR.N.Z,M,DE,L,L40,CI,0000,EUR,N,Z,2006-04,3.89,A,F,,,P1M,,A,,,,,,,,,2,,,Long-term interest rate for convergence purposes - Euro,"Germany, Long-term interest rate for convergence purposes - Unspecified rate type, Debt security issued, 10 years maturity, New business coverage, denominated in Euro - Unspecified counterpart sector",PC,0
IRS.M.DE.L.L40.CI.0000.EUR.N.Z,M,DE,L,L40,CI,0000,EUR,N,Z,2006-05,3.96,A,F,,,P1M,,A,,,,,,,,,2,,,Long-term interest rate for convergence purposes - Euro,"Germany, Long-term interest rate for convergence purposes - Unspecified rate type, Debt security issued, 10 years maturity, New business coverage, denominated in Euro - Unspecified counterpart sector",PC,0
IRS.M.DE.L.L40.CI.0000.EUR.N.Z,M,DE,L,L40,CI,0000,EUR,N,Z,2006-06,3.96,A,F,,,P1M,,A,,,,,,,,,2,,,Long-term interest rate for convergence purposes - Euro,"Germany, Long-term interest rate for convergence purposes - Unspecified rate type, Debt security issued, 10 years maturity, New business coverage, denominated in Euro - Unspecified counterpart sector",PC,0
IRS.M.DE.L.L40.CI.0000.EUR.N.Z,M,DE,L,L40,CI,0000,EUR,N,Z,2006-07,4.01,A,F,,,P1M,,A,,,,,,,,,2,,,Long-term interest rate for convergence purposes - Euro,"Germany, Long-term interest rate for convergence purposes - Unspecified rate type, Debt security issued, 10 years maturity, New business coverage, denominated in Euro - Unspecified counterpart sector",PC,0
IRS.M.DE.L.L40.CI.0000.EUR.N.Z,M,DE,L,L40,CI,0000,EUR,N,Z,2006-08,3.88,A,F,,,P1M,,A,,,,,,,,,2,,,Long-term interest rate for convergence purposes - Euro,"Germany, Long-term interest rate for convergence purposes - Unspecified rate type, Debt security issued, 10 years maturity, New business coverage, denominated in Euro - Unspecified counterpart sector",PC,0
IRS.M.DE.L.L40.CI.0000.EUR.N.Z,M,DE,L,L40,CI,0000,EUR,N,Z,2006-09,3.75,A,F,,,P1M,,A,,,,,,,,,2,,,Long-term interest rate for convergence purposes - Euro,"Germany, Long-term interest rate for convergence purposes - Unspecified rate type, Debt security issued, 10 years maturity, New business coverage, denominated in Euro - Unspecified counterpart sector",PC,0
IRS.M.DE.L.L40.CI.0000.EUR.N.Z,M,DE,L,L40,CI,0000,EUR,N,Z,2006-10,3.79,A,F,,,P1M,,A,,,,,,,,,2,,,Long-term interest rate for convergence purposes - Euro,"Germany, Long-term interest rate for convergence purposes - Unspecified rate type, Debt security issued, 10 years maturity, New business coverage, denominated in Euro - Unspecified counterpart sector",PC,0
IRS.M.DE.L.L40.CI.0000.EUR.N.Z,M,DE,L,L40,CI,0000,EUR,N,Z,2006-11,3.71,A,F,,,P1M,,A,,,,,,,,,2,,,Long-term interest rate for convergence purposes - Euro,"Germany, Long-term interest rate for convergence purposes - Unspecified rate type, Debt security issued, 10 years maturity, New business coverage, denominated in Euro - Unspecified counterpart sector",PC,0
IRS.M.DE.L.L40.CI.0000.EUR.N.Z,M,DE,L,L40,CI,0000,EUR,N,Z,2006-12,3.77,A,F,,,P1M,,A,,,,,,,,,2,,,Long-term interest rate for convergence purposes - Euro,"Germany, Long-term interest rate for convergence purposes - Unspecified rate type, Debt security issued, 10 years maturity, New business coverage, denominated in Euro - Unspecified counterpart sector",PC,0
IRS.M.DE.L.L40.CI.0000.EUR.N.Z,M,DE,L,L40,CI,0000,EUR,N,Z,2007-01,4.02,A,F,,,P1M,,A,,,,,,,,,2,,,Long-term interest rate for convergence purposes - Euro,"Germany, Long-term interest rate for convergence purposes - Unspecified rate type, Debt security issued, 10 years maturity, New business coverage, denominated in Euro - Unspecified counterpart sector",PC,0
IRS.M.DE.L.L40.CI.0000.EUR.N.Z,M,DE,L,L40,CI,0000,EUR,N,Z,2007-02,4.05,A,F,,,P1M,,A,,,,,,,,,2,,,Long-term interest rate for convergence purposes - Euro,"Germany, Long-term interest rate for convergence purposes - Unspecified rate type, Debt security issued, 10 years maturity, New business coverage, denominated in Euro - Unspecified counterpart sector",PC,0
IRS.M.DE.L.L40.CI.0000.EUR.N.Z,M,DE,L,L40,CI,0000,EUR,N,Z,2007-03,3.94,A,F,,,P1M,,A,,,,,,,,,2,,,Long-term interest rate for convergence purposes - Euro,"Germany, Long-term interest rate for convergence purposes - Unspecified rate type, Debt security issued, 10 years maturity, New business coverage, denominated in Euro - Unspecified counterpart sector",PC,0
IRS.M.DE.L.L40.CI.0000.EUR.N.Z,M,DE,L,L40,CI,0000,EUR,N,Z,2007-04,4.15,A,F,,,P1M,,A,,,,,,,,,2,,,Long-term interest rate for convergence purposes - Euro,"Germany, Long-term interest rate for convergence purposes - Unspecified rate type, Debt security issued, 10 years maturity, New business coverage, denominated in Euro - Unspecified counterpart sector",PC,0
IRS.M.DE.L.L40.CI.0000.EUR.N.Z,M,DE,L,L40,CI,0000,EUR,N,Z,2007-05,4.28,A,F,,,P1M,,A,,,,,,,,,2,,,Long-term interest rate for convergence purposes - Euro,"Germany, Long-term interest rate for convergence purposes - Unspecified rate type, Debt security issued, 10 years maturity, New business coverage, denominated in Euro - Unspecified counterpart sector",PC,0
IRS.M.DE.L.L40.CI.0000.EUR.N.Z,M,DE,L,L40,CI,0000,EUR,N,Z,2007-06,4.56,A,F,,,P1M,,A,,,,,,,,,2,,,Long-term interest rate for convergence purposes - Euro,"Germany, Long-term interest rate for convergence purposes - Unspecified rate type, Debt security issued, 10 years maturity, New business coverage, denominated in Euro - Unspecified counterpart sector",PC,0
IRS.M.DE.L.L40.CI.0000.EUR.N.Z,M,DE,L,L40,CI,0000,EUR,N,Z,2007-07,4.5,A,F,,,P1M,,A,,,,,,,,,2,,,Long-term interest rate for convergence purposes - Euro,"Germany, Long-term interest rate for convergence purposes - Unspecified rate type, Debt security issued, 10 years maturity, New business coverage, denominated in Euro - Unspecified counterpart sector",PC,0
IRS.M.DE.L.L40.CI.0000.EUR.N.Z,M,DE,L,L40,CI,0000,EUR,N,Z,2007-08,4.3,A,F,,,P1M,,A,,,,,,,,,2,,,Long-term interest rate for convergence purposes - Euro,"Germany, Long-term interest rate for convergence purposes - Unspecified rate type, Debt security issued, 10 years maturity, New business coverage, denominated in Euro - Unspecified counterpart sector",PC,0
IRS.M.DE.L.L40.CI.0000.EUR.N.Z,M,DE,L,L40,CI,0000,EUR,N,Z,2007-09,4.22,A,F,,,P1M,,A,,,,,,,,,2,,,Long-term interest rate for convergence purposes - Euro,"Germany, Long-term interest rate for convergence purposes - Unspecified rate type, Debt security issued, 10 years maturity, New business coverage, denominated in Euro - Unspecified counterpart sector",PC,0
IRS.M.DE.L.L40.CI.0000.EUR.N.Z,M,DE,L,L40,CI,0000,EUR,N,Z,2007-10,4.28,A,F,,,P1M,,A,,,,,,,,,2,,,Long-term interest rate for convergence purposes - Euro,"Germany, Long-term interest rate for convergence purposes - Unspecified rate type, Debt security issued, 10 years maturity, New business coverage, denominated in Euro - Unspecified counterpart sector",PC,0
IRS.M.DE.L.L40.CI.0000.EUR.N.Z,M,DE,L,L40,CI,0000,EUR,N,Z,2007-11,4.09,A,F,,,P1M,,A,,,,,,,,,2,,,Long-term interest rate for convergence purposes - Euro,"Germany, Long-term interest rate for convergence purposes - Unspecified rate type, Debt security issued, 10 years maturity, New business coverage, denominated in Euro - Unspecified counterpart sector",PC,0
IRS.M.DE.L.L40.CI.0000.EUR.N.Z,M,DE,L,L40,CI,0000,EUR,N,Z,2007-12,4.21,A,F,,,P1M,,A,,,,,,,,,2,,,Long-term interest rate for convergence purposes - Euro,"Germany, Long-term interest rate for convergence purposes - Unspecified rate type, Debt security issued, 10 years maturity, New business coverage, denominated in Euro - Unspecified counterpart sector",PC,0
IRS.M.DE.L.L40.CI.0000.EUR.N.Z,M,DE,L,L40,CI,0000,EUR,N,Z,2008-01,4.03,A,F,,,P1M,,A,,,,,,,,,2,,,Long-term interest rate for convergence purposes - Euro,"Germany, Long-term interest rate for convergence purposes - Unspecified rate type, Debt security issued, 10 years maturity, New business coverage, denominated in Euro - Unspecified counterpart sector",PC,0
IRS.M.DE.L.L40.CI.0000.EUR.N.Z,M,DE,L,L40,CI,0000,EUR,N,Z,2008-02,3.95,A,F,,,P1M,,A,,,,,,,,,2,,,Long-term interest rate for convergence purposes - Euro,"Germany, Long-term interest rate for convergence purposes - Unspecified rate type, Debt security issued, 10 years maturity, New business coverage, denominated in Euro - Unspecified counterpart sector",PC,0
IRS.M.DE.L.L40.CI.0000.EUR.N.Z,M,DE,L,L40,CI,0000,EUR,N,Z,2008-03,3.8,A,F,,,P1M,,A,,,,,,,,,2,,,Long-term interest rate for convergence purposes - Euro,"Germany, Long-term interest rate for convergence purposes - Unspecified rate type, Debt security issued, 10 years maturity, New business coverage, denominated in Euro - Unspecified counterpart sector",PC,0
IRS.M.DE.L.L40.CI.0000.EUR.N.Z,M,DE,L,L40,CI,0000,EUR,N,Z,2008-04,4.04,A,F,,,P1M,,A,,,,,,,,,2,,,Long-term interest rate for convergence purposes - Euro,"Germany, Long-term interest rate for convergence purposes - Unspecified rate type, Debt security issued, 10 years maturity, New business coverage, denominated in Euro - Unspecified counterpart sector",PC,0
IRS.M.DE.L.L40.CI.0000.EUR.N.Z,M,DE,L,L40,CI,0000,EUR,N,Z,2008-05,4.2,A,F,,,P1M,,A,,,,,,,,,2,,,Long-term interest rate for convergence purposes - Euro,"Germany, Long-term interest rate for convergence purposes - Unspecified rate type, Debt security issued, 10 years maturity, New business coverage, denominated in Euro - Unspecified counterpart sector",PC,0
IRS.M.DE.L.L40.CI.0000.EUR.N.Z,M,DE,L,L40,CI,0000,EUR,N,Z,2008-06,4.52,A,F,,,P1M,,A,,,,,,,,,2,,,Long-term interest rate for convergence purposes - Euro,"Germany, Long-term interest rate for convergence purposes - Unspecified rate type, Debt security issued, 10 years maturity, New business coverage, denominated in Euro - Unspecified counterpart sector",PC,0
IRS.M.DE.L.L40.CI.0000.EUR.N.Z,M,DE,L,L40,CI,0000,EUR,N,Z,2008-07,4.49,A,F,,,P1M,,A,,,,,,,,,2,,,Long-term interest rate for convergence purposes - Euro,"Germany, Long-term interest rate for convergence purposes - Unspecified rate type, Debt security issued, 10 years maturity, New business coverage, denominated in Euro - Unspecified counterpart sector",PC,0
IRS.M.DE.L.L40.CI.0000.EUR.N.Z,M,DE,L,L40,CI,0000,EUR,N,Z,2008-08,4.2,A,F,,,P1M,,A,,,,,,,,,2,,,Long-term interest rate for convergence purposes - Euro,"Germany, Long-term interest rate for convergence purposes - Unspecified rate type, Debt security issued, 10 years maturity, New business coverage, denominated in Euro - Unspecified counterpart sector",PC,0
IRS.M.DE.L.L40.CI.0000.EUR.N.Z,M,DE,L,L40,CI,0000,EUR,N,Z,2008-09,4.09,A,F,,,P1M,,A,,,,,,,,,2,,,Long-term interest rate for convergence purposes - Euro,"Germany, Long-term interest rate for convergence purposes - Unspecified rate type, Debt security issued, 10 years maturity, New business coverage, denominated in Euro - Unspecified counterpart sector",PC,0
IRS.M.DE.L.L40.CI.0000.EUR.N.Z,M,DE,L,L40,CI,0000,EUR,N,Z,2008-10,3.88,A,F,,,P1M,,A,,,,,,,,,2,,,Long-term interest rate for convergence purposes - Euro,"Germany, Long-term interest rate for convergence purposes - Unspecified rate type, Debt security issued, 10 years maturity, New business coverage, denominated in Euro - Unspecified counterpart sector",PC,0
IRS.M.DE.L.L40.CI.0000.EUR.N.Z,M,DE,L,L40,CI,0000,EUR,N,Z,2008-11,3.56,A,F,,,P1M,,A,,,,,,,,,2,,,Long-term interest rate for convergence purposes - Euro,"Germany, Long-term interest rate for convergence purposes - Unspecified rate type, Debt security issued, 10 years maturity, New business coverage, denominated in Euro - Unspecified counterpart sector",PC,0
IRS.M.DE.L.L40.CI.0000.EUR.N.Z,M,DE,L,L40,CI,0000,EUR,N,Z,2008-12,3.05,A,F,,,P1M,,A,,,,,,,,,2,,,Long-term interest rate for convergence purposes - Euro,"Germany, Long-term interest rate for convergence purposes - Unspecified rate type, Debt security issued, 10 years maturity, New business coverage, denominated in Euro - Unspecified counterpart sector",PC,0
IRS.M.DE.L.L40.CI.0000.EUR.N.Z,M,DE,L,L40,CI,0000,EUR,N,Z,2009-01,3.07,A,F,,,P1M,,A,,,,,,,,,2,,,Long-term interest rate for convergence purposes - Euro,"Germany, Long-term interest rate for convergence purposes - Unspecified rate type, Debt security issued, 10 years maturity, New business coverage, denominated in Euro - Unspecified counterpart sector",PC,0
IRS.M.DE.L.L40.CI.0000.EUR.N.Z,M,DE,L,L40,CI,0000,EUR,N,Z,2009-02,3.13,A,F,,,P1M,,A,,,,,,,,,2,,,Long-term interest rate for convergence purposes - Euro,"Germany, Long-term interest rate for convergence purposes - Unspecified rate type, Debt security issued, 10 years maturity, New business coverage, denominated in Euro - Unspecified counterpart sector",PC,0
IRS.M.DE.L.L40.CI.0000.EUR.N.Z,M,DE,L,L40,CI,0000,EUR,N,Z,2009-03,3.02,A,F,,,P1M,,A,,,,,,,,,2,,,Long-term interest rate for convergence purposes - Euro,"Germany, Long-term interest rate for convergence purposes - Unspecified rate type, Debt security issued, 10 years maturity, New business coverage, denominated in Euro - Unspecified counterpart sector",PC,0
IRS.M.DE.L.L40.CI.0000.EUR.N.Z,M,DE,L,L40,CI,0000,EUR,N,Z,2009-04,3.13,A,F,,,P1M,,A,,,,,,,,,2,,,Long-term interest rate for convergence purposes - Euro,"Germany, Long-term interest rate for convergence purposes - Unspecified rate type, Debt security issued, 10 years maturity, New business coverage, denominated in Euro - Unspecified counterpart sector",PC,0
IRS.M.DE.L.L40.CI.0000.EUR.N.Z,M,DE,L,L40,CI,0000,EUR,N,Z,2009-05,3.37,A,F,,,P1M,,A,,,,,,,,,2,,,Long-term interest rate for convergence purposes - Euro,"Germany, Long-term interest rate for convergence purposes - Unspecified rate type, Debt security issued, 10 years maturity, New business coverage, denominated in Euro - Unspecified counterpart sector",PC,0
IRS.M.DE.L.L40.CI.0000.EUR.N.Z,M,DE,L,L40,CI,0000,EUR,N,Z,2009-06,3.47,A,F,,,P1M,,A,,,,,,,,,2,,,Long-term interest rate for convergence purposes - Euro,"Germany, Long-term interest rate for convergence purposes - Unspecified rate type, Debt security issued, 10 years maturity, New business coverage, denominated in Euro - Unspecified counterpart sector",PC,0
IRS.M.DE.L.L40.CI.0000.EUR.N.Z,M,DE,L,L40,CI,0000,EUR,N,Z,2009-07,3.34,A,F,,,P1M,,A,,,,,,,,,2,,,Long-term interest rate for convergence purposes - Euro,"Germany, Long-term interest rate for convergence purposes - Unspecified rate type, Debt security issued, 10 years maturity, New business coverage, denominated in Euro - Unspecified counterpart sector",PC,0
IRS.M.DE.L.L40.CI.0000.EUR.N.Z,M,DE,L,L40,CI,0000,EUR,N,Z,2009-08,3.31,A,F,,,P1M,,A,,,,,,,,,2,,,Long-term interest rate for convergence purposes - Euro,"Germany, Long-term interest rate for convergence purposes - Unspecified rate type, Debt security issued, 10 years maturity, New business coverage, denominated in Euro - Unspecified counterpart sector",PC,0
IRS.M.DE.L.L40.CI.0000.EUR.N.Z,M,DE,L,L40,CI,0000,EUR,N,Z,2009-09,3.26,A,F,,,P1M,,A,,,,,,,,,2,,,Long-term interest rate for convergence purposes - Euro,"Germany, Long-term interest rate for convergence purposes - Unspecified rate type, Debt security issued, 10 years maturity, New business coverage, denominated in Euro - Unspecified counterpart sector",PC,0
IRS.M.DE.L.L40.CI.0000.EUR.N.Z,M,DE,L,L40,CI,0000,EUR,N,Z,2009-10,3.21,A,F,,,P1M,,A,,,,,,,,,2,,,Long-term interest rate for convergence purposes - Euro,"Germany, Long-term interest rate for convergence purposes - Unspecified rate type, Debt security issued, 10 years maturity, New business coverage, denominated in Euro - Unspecified counterpart sector",PC,0
IRS.M.DE.L.L40.CI.0000.EUR.N.Z,M,DE,L,L40,CI,0000,EUR,N,Z,2009-11,3.22,A,F,,,P1M,,A,,,,,,,,,2,,,Long-term interest rate for convergence purposes - Euro,"Germany, Long-term interest rate for convergence purposes - Unspecified rate type, Debt security issued, 10 years maturity, New business coverage, denominated in Euro - Unspecified counterpart sector",PC,0
IRS.M.DE.L.L40.CI.0000.EUR.N.Z,M,DE,L,L40,CI,0000,EUR,N,Z,2009-12,3.14,A,F,,,P1M,,A,,,,,,,,,2,,,Long-term interest rate for convergence purposes - Euro,"Germany, Long-term interest rate for convergence purposes - Unspecified rate type, Debt security issued, 10 years maturity, New business coverage, denominated in Euro - Unspecified counterpart sector",PC,0
IRS.M.DE.L.L40.CI.0000.EUR.N.Z,M,DE,L,L40,CI,0000,EUR,N,Z,2010-01,3.26,A,F,,,P1M,,A,,,,,,,,,2,,,Long-term interest rate for convergence purposes - Euro,"Germany, Long-term interest rate for convergence purposes - Unspecified rate type, Debt security issued, 10 years maturity, New business coverage, denominated in Euro - Unspecified counterpart sector",PC,0
IRS.M.DE.L.L40.CI.0000.EUR.N.Z,M,DE,L,L40,CI,0000,EUR,N,Z,2010-02,3.17,A,F,,,P1M,,A,,,,,,,,,2,,,Long-term interest rate for convergence purposes - Euro,"Germany, Long-term interest rate for convergence purposes - Unspecified rate type, Debt security issued, 10 years maturity, New business coverage, denominated in Euro - Unspecified counterpart sector",PC,0
IRS.M.DE.L.L40.CI.0000.EUR.N.Z,M,DE,L,L40,CI,0000,EUR,N,Z,2010-03,3.1,A,F,,,P1M,,A,,,,,,,,,2,,,Long-term interest rate for convergence purposes - Euro,"Germany, Long-term interest rate for convergence purposes - Unspecified rate type, Debt security issued, 10 years maturity, New business coverage, denominated in Euro - Unspecified counterpart sector",PC,0
IRS.M.DE.L.L40.CI.0000.EUR.N.Z,M,DE,L,L40,CI,0000,EUR,N,Z,2010-04,3.06,A,F,,,P1M,,A,,,,,,,,,2,,,Long-term interest rate for convergence purposes - Euro,"Germany, Long-term interest rate for convergence purposes - Unspecified rate type, Debt security issued, 10 years maturity, New business coverage, denominated in Euro - Unspecified counterpart sector",PC,0
IRS.M.DE.L.L40.CI.0000.EUR.N.Z,M,DE,L,L40,CI,0000,EUR,N,Z,2010-05,2.73,A,F,,,P1M,,A,,,,,,,,,2,,,Long-term interest rate for convergence purposes - Euro,"Germany, Long-term interest rate for convergence purposes - Unspecified rate type, Debt security issued, 10 years maturity, New business coverage, denominated in Euro - Unspecified counterpart sector",PC,0
IRS.M.DE.L.L40.CI.0000.EUR.N.Z,M,DE,L,L40,CI,0000,EUR,N,Z,2010-06,2.54,A,F,,,P1M,,A,,,,,,,,,2,,,Long-term interest rate for convergence purposes - Euro,"Germany, Long-term interest rate for convergence purposes - Unspecified rate type, Debt security issued, 10 years maturity, New business coverage, denominated in Euro - Unspecified counterpart sector",PC,0
IRS.M.DE.L.L40.CI.0000.EUR.N.Z,M,DE,L,L40,CI,0000,EUR,N,Z,2010-07,2.62,A,F,,,P1M,,A,,,,,,,,,2,,,Long-term interest rate for convergence purposes - Euro,"Germany, Long-term interest rate for convergence purposes - Unspecified rate type, Debt security issued, 10 years maturity, New business coverage, denominated in Euro - Unspecified counterpart sector",PC,0
IRS.M.DE.L.L40.CI.0000.EUR.N.Z,M,DE,L,L40,CI,0000,EUR,N,Z,2010-08,2.35,A,F,,,P1M,,A,,,,,,,,,2,,,Long-term interest rate for convergence purposes - Euro,"Germany, Long-term interest rate for convergence purposes - Unspecified rate type, Debt security issued, 10 years maturity, New business coverage, denominated in Euro - Unspecified counterpart sector",PC,0
IRS.M.DE.L.L40.CI.0000.EUR.N.Z,M,DE,L,L40,CI,0000,EUR,N,Z,2010-09,2.3,A,F,,,P1M,,A,,,,,,,,,2,,,Long-term interest rate for convergence purposes - Euro,"Germany, Long-term interest rate for convergence purposes - Unspecified rate type, Debt security issued, 10 years maturity, New business coverage, denominated in Euro - Unspecified counterpart sector",PC,0
IRS.M.DE.L.L40.CI.0000.EUR.N.Z,M,DE,L,L40,CI,0000,EUR,N,Z,2010-10,2.35,A,F,,,P1M,,A,,,,,,,,,2,,,Long-term interest rate for convergence purposes - Euro,"Germany, Long-term interest rate for convergence purposes - Unspecified rate type, Debt security issued, 10 years maturity, New business coverage, denominated in Euro - Unspecified counterpart sector",PC,0
IRS.M.DE.L.L40.CI.0000.EUR.N.Z,M,DE,L,L40,CI,0000,EUR,N,Z,2010-11,2.53,A,F,,,P1M,,A,,,,,,,,,2,,,Long-term interest rate for convergence purposes - Euro,"Germany, Long-term interest rate for convergence purposes - Unspecified rate type, Debt security issued, 10 years maturity, New business coverage, denominated in Euro - Unspecified counterpart sector",PC,0
IRS.M.DE.L.L40.CI.0000.EUR.N.Z,M,DE,L,L40,CI,0000,EUR,N,Z,2010-12,2.91,A,F,,,P1M,,A,,,,,,,,,2,,,Long-term interest rate for convergence purposes - Euro,"Germany, Long-term interest rate for convergence purposes - Unspecified rate type, Debt security issued, 10 years maturity, New business coverage, denominated in Euro - Unspecified counterpart sector",PC,0
IRS.M.DE.L.L40.CI.0000.EUR.N.Z,M,DE,L,L40,CI,0000,EUR,N,Z,2011-01,3.02,A,F,,,P1M,,A,,,,,,,,,2,,,Long-term interest rate for convergence purposes - Euro,"Germany, Long-term interest rate for convergence purposes - Unspecified rate type, Debt security issued, 10 years maturity, New business coverage, denominated in Euro - Unspecified counterpart sector",PC,0
IRS.M.DE.L.L40.CI.0000.EUR.N.Z,M,DE,L,L40,CI,0000,EUR,N,Z,2011-02,3.2,A,F,,,P1M,,A,,,,,,,,,2,,,Long-term interest rate for convergence purposes - Euro,"Germany, Long-term interest rate for convergence purposes - Unspecified rate type, Debt security issued, 10 years maturity, New business coverage, denominated in Euro - Unspecified counterpart sector",PC,0
IRS.M.DE.L.L40.CI.0000.EUR.N.Z,M,DE,L,L40,CI,0000,EUR,N,Z,2011-03,3.21,A,F,,,P1M,,A,,,,,,,,,2,,,Long-term interest rate for convergence purposes - Euro,"Germany, Long-term interest rate for convergence purposes - Unspecified rate type, Debt security issued, 10 years maturity, New business coverage, denominated in Euro - Unspecified counterpart sector",PC,0
IRS.M.DE.L.L40.CI.0000.EUR.N.Z,M,DE,L,L40,CI,0000,EUR,N,Z,2011-04,3.34,A,F,,,P1M,,A,,,,,,,,,2,,,Long-term interest rate for convergence purposes - Euro,"Germany, Long-term interest rate for convergence purposes - Unspecified rate type, Debt security issued, 10 years maturity, New business coverage, denominated in Euro - Unspecified counterpart sector",PC,0
IRS.M.DE.L.L40.CI.0000.EUR.N.Z,M,DE,L,L40,CI,0000,EUR,N,Z,2011-05,3.06,A,F,,,P1M,,A,,,,,,,,,2,,,Long-term interest rate for convergence purposes - Euro,"Germany, Long-term interest rate for convergence purposes - Unspecified rate type, Debt security issued, 10 years maturity, New business coverage, denominated in Euro - Unspecified counterpart sector",PC,0
IRS.M.DE.L.L40.CI.0000.EUR.N.Z,M,DE,L,L40,CI,0000,EUR,N,Z,2011-06,2.89,A,F,,,P1M,,A,,,,,,,,,2,,,Long-term interest rate for convergence purposes - Euro,"Germany, Long-term interest rate for convergence purposes - Unspecified rate type, Debt security issued, 10 years maturity, New business coverage, denominated in Euro - Unspecified counterpart sector",PC,0
IRS.M.DE.L.L40.CI.0000.EUR.N.Z,M,DE,L,L40,CI,0000,EUR,N,Z,2011-07,2.74,A,F,,,P1M,,A,,,,,,,,,2,,,Long-term interest rate for convergence purposes - Euro,"Germany, Long-term interest rate for convergence purposes - Unspecified rate type, Debt security issued, 10 years maturity, New business coverage, denominated in Euro - Unspecified counterpart sector",PC,0
IRS.M.DE.L.L40.CI.0000.EUR.N.Z,M,DE,L,L40,CI,0000,EUR,N,Z,2011-08,2.21,A,F,,,P1M,,A,,,,,,,,,2,,,Long-term interest rate for convergence purposes - Euro,"Germany, Long-term interest rate for convergence purposes - Unspecified rate type, Debt security issued, 10 years maturity, New business coverage, denominated in Euro - Unspecified counterpart sector",PC,0
IRS.M.DE.L.L40.CI.0000.EUR.N.Z,M,DE,L,L40,CI,0000,EUR,N,Z,2011-09,1.83,A,F,,,P1M,,A,,,,,,,,,2,,,Long-term interest rate for convergence purposes - Euro,"Germany, Long-term interest rate for convergence purposes - Unspecified rate type, Debt security issued, 10 years maturity, New business coverage, denominated in Euro - Unspecified counterpart sector",PC,0
IRS.M.DE.L.L40.CI.0000.EUR.N.Z,M,DE,L,L40,CI,0000,EUR,N,Z,2011-10,2,A,F,,,P1M,,A,,,,,,,,,2,,,Long-term interest rate for convergence purposes - Euro,"Germany, Long-term interest rate for convergence purposes - Unspecified rate type, Debt security issued, 10 years maturity, New business coverage, denominated in Euro - Unspecified counterpart sector",PC,0
IRS.M.DE.L.L40.CI.0000.EUR.N.Z,M,DE,L,L40,CI,0000,EUR,N,Z,2011-11,1.87,A,F,,,P1M,,A,,,,,,,,,2,,,Long-term interest rate for convergence purposes - Euro,"Germany, Long-term interest rate for convergence purposes - Unspecified rate type, Debt security issued, 10 years maturity, New business coverage, denominated in Euro - Unspecified counterpart sector",PC,0
IRS.M.DE.L.L40.CI.0000.EUR.N.Z,M,DE,L,L40,CI,0000,EUR,N,Z,2011-12,1.93,A,F,,,P1M,,A,,,,,,,,,2,,,Long-term interest rate for convergence purposes - Euro,"Germany, Long-term interest rate for convergence purposes - Unspecified rate type, Debt security issued, 10 years maturity, New business coverage, denominated in Euro - Unspecified counterpart sector",PC,0
IRS.M.DE.L.L40.CI.0000.EUR.N.Z,M,DE,L,L40,CI,0000,EUR,N,Z,2012-01,1.82,A,F,,,P1M,,A,,,,,,,,,2,,,Long-term interest rate for convergence purposes - Euro,"Germany, Long-term interest rate for convergence purposes - Unspecified rate type, Debt security issued, 10 years maturity, New business coverage, denominated in Euro - Unspecified counterpart sector",PC,0
IRS.M.DE.L.L40.CI.0000.EUR.N.Z,M,DE,L,L40,CI,0000,EUR,N,Z,2012-02,1.85,A,F,,,P1M,,A,,,,,,,,,2,,,Long-term interest rate for convergence purposes - Euro,"Germany, Long-term interest rate for convergence purposes - Unspecified rate type, Debt security issued, 10 years maturity, New business coverage, denominated in Euro - Unspecified counterpart sector",PC,0
IRS.M.DE.L.L40.CI.0000.EUR.N.Z,M,DE,L,L40,CI,0000,EUR,N,Z,2012-03,1.83,A,F,,,P1M,,A,,,,,,,,,2,,,Long-term interest rate for convergence purposes - Euro,"Germany, Long-term interest rate for convergence purposes - Unspecified rate type, Debt security issued, 10 years maturity, New business coverage, denominated in Euro - Unspecified counterpart sector",PC,0
IRS.M.DE.L.L40.CI.0000.EUR.N.Z,M,DE,L,L40,CI,0000,EUR,N,Z,2012-04,1.62,A,F,,,P1M,,A,,,,,,,,,2,,,Long-term interest rate for convergence purposes - Euro,"Germany, Long-term interest rate for convergence purposes - Unspecified rate type, Debt security issued, 10 years maturity, New business coverage, denominated in Euro - Unspecified counterpart sector",PC,0
IRS.M.DE.L.L40.CI.0000.EUR.N.Z,M,DE,L,L40,CI,0000,EUR,N,Z,2012-05,1.34,A,F,,,P1M,,A,,,,,,,,,2,,,Long-term interest rate for convergence purposes - Euro,"Germany, Long-term interest rate for convergence purposes - Unspecified rate type, Debt security issued, 10 years maturity, New business coverage, denominated in Euro - Unspecified counterpart sector",PC,0
IRS.M.DE.L.L40.CI.0000.EUR.N.Z,M,DE,L,L40,CI,0000,EUR,N,Z,2012-06,1.3,A,F,,,P1M,,A,,,,,,,,,2,,,Long-term interest rate for convergence purposes - Euro,"Germany, Long-term interest rate for convergence purposes - Unspecified rate type, Debt security issued, 10 years maturity, New business coverage, denominated in Euro - Unspecified counterpart sector",PC,0
IRS.M.DE.L.L40.CI.0000.EUR.N.Z,M,DE,L,L40,CI,0000,EUR,N,Z,2012-07,1.24,A,F,,,P1M,,A,,,,,,,,,2,,,Long-term interest rate for convergence purposes - Euro,"Germany, Long-term interest rate for convergence purposes - Unspecified rate type, Debt security issued, 10 years maturity, New business coverage, denominated in Euro - Unspecified counterpart sector",PC,0
IRS.M.DE.L.L40.CI.0000.EUR.N.Z,M,DE,L,L40,CI,0000,EUR,N,Z,2012-08,1.34,A,F,,,P1M,,A,,,,,,,,,2,,,Long-term interest rate for convergence purposes - Euro,"Germany, Long-term interest rate for convergence purposes - Unspecified rate type, Debt security issued, 10 years maturity, New business coverage, denominated in Euro - Unspecified counterpart sector",PC,0
IRS.M.DE.L.L40.CI.0000.EUR.N.Z,M,DE,L,L40,CI,0000,EUR,N,Z,2012-09,1.49,A,F,,,P1M,,A,,,,,,,,,2,,,Long-term interest rate for convergence purposes - Euro,"Germany, Long-term interest rate for convergence purposes - Unspecified rate type, Debt security issued, 10 years maturity, New business coverage, denominated in Euro - Unspecified counterpart sector",PC,0
IRS.M.DE.L.L40.CI.0000.EUR.N.Z,M,DE,L,L40,CI,0000,EUR,N,Z,2012-10,1.47,A,F,,,P1M,,A,,,,,,,,,2,,,Long-term interest rate for convergence purposes - Euro,"Germany, Long-term interest rate for convergence purposes - Unspecified rate type, Debt security issued, 10 years maturity, New business coverage, denominated in Euro - Unspecified counterpart sector",PC,0
IRS.M.DE.L.L40.CI.0000.EUR.N.Z,M,DE,L,L40,CI,0000,EUR,N,Z,2012-11,1.34,A,F,,,P1M,,A,,,,,,,,,2,,,Long-term interest rate for convergence purposes - Euro,"Germany, Long-term interest rate for convergence purposes - Unspecified rate type, Debt security issued, 10 years maturity, New business coverage, denominated in Euro - Unspecified counterpart sector",PC,0
IRS.M.DE.L.L40.CI.0000.EUR.N.Z,M,DE,L,L40,CI,0000,EUR,N,Z,2012-12,1.3,A,F,,,P1M,,A,,,,,,,,,2,,,Long-term interest rate for convergence purposes - Euro,"Germany, Long-term interest rate for convergence purposes - Unspecified rate type, Debt security issued, 10 years maturity, New business coverage, denominated in Euro - Unspecified counterpart sector",PC,0
IRS.M.DE.L.L40.CI.0000.EUR.N.Z,M,DE,L,L40,CI,0000,EUR,N,Z,2013-01,1.51,A,F,,,P1M,,A,,,,,,,,,2,,,Long-term interest rate for convergence purposes - Euro,"Germany, Long-term interest rate for convergence purposes - Unspecified rate type, Debt security issued, 10 years maturity, New business coverage, denominated in Euro - Unspecified counterpart sector",PC,0
IRS.M.DE.L.L40.CI.0000.EUR.N.Z,M,DE,L,L40,CI,0000,EUR,N,Z,2013-02,1.54,A,F,,,P1M,,A,,,,,,,,,2,,,Long-term interest rate for convergence purposes - Euro,"Germany, Long-term interest rate for convergence purposes - Unspecified rate type, Debt security issued, 10 years maturity, New business coverage, denominated in Euro - Unspecified counterpart sector",PC,0
IRS.M.DE.L.L40.CI.0000.EUR.N.Z,M,DE,L,L40,CI,0000,EUR,N,Z,2013-03,1.35,A,F,,,P1M,,A,,,,,,,,,2,,,Long-term interest rate for convergence purposes - Euro,"Germany, Long-term interest rate for convergence purposes - Unspecified rate type, Debt security issued, 10 years maturity, New business coverage, denominated in Euro - Unspecified counterpart sector",PC,0
IRS.M.DE.L.L40.CI.0000.EUR.N.Z,M,DE,L,L40,CI,0000,EUR,N,Z,2013-04,1.2,A,F,,,P1M,,A,,,,,,,,,2,,,Long-term interest rate for convergence purposes - Euro,"Germany, Long-term interest rate for convergence purposes - Unspecified rate type, Debt security issued, 10 years maturity, New business coverage, denominated in Euro - Unspecified counterpart sector",PC,0
IRS.M.DE.L.L40.CI.0000.EUR.N.Z,M,DE,L,L40,CI,0000,EUR,N,Z,2013-05,1.29,A,F,,,P1M,,A,,,,,,,,,2,,,Long-term interest rate for convergence purposes - Euro,"Germany, Long-term interest rate for convergence purposes - Unspecified rate type, Debt security issued, 10 years maturity, New business coverage, denominated in Euro - Unspecified counterpart sector",PC,0
IRS.M.DE.L.L40.CI.0000.EUR.N.Z,M,DE,L,L40,CI,0000,EUR,N,Z,2013-06,1.53,A,F,,,P1M,,A,,,,,,,,,2,,,Long-term interest rate for convergence purposes - Euro,"Germany, Long-term interest rate for convergence purposes - Unspecified rate type, Debt security issued, 10 years maturity, New business coverage, denominated in Euro - Unspecified counterpart sector",PC,0
IRS.M.DE.L.L40.CI.0000.EUR.N.Z,M,DE,L,L40,CI,0000,EUR,N,Z,2013-07,1.56,A,F,,,P1M,,A,,,,,,,,,2,,,Long-term interest rate for convergence purposes - Euro,"Germany, Long-term interest rate for convergence purposes - Unspecified rate type, Debt security issued, 10 years maturity, New business coverage, denominated in Euro - Unspecified counterpart sector",PC,0
IRS.M.DE.L.L40.CI.0000.EUR.N.Z,M,DE,L,L40,CI,0000,EUR,N,Z,2013-08,1.73,A,F,,,P1M,,A,,,,,,,,,2,,,Long-term interest rate for convergence purposes - Euro,"Germany, Long-term interest rate for convergence purposes - Unspecified rate type, Debt security issued, 10 years maturity, New business coverage, denominated in Euro - Unspecified counterpart sector",PC,0
IRS.M.DE.L.L40.CI.0000.EUR.N.Z,M,DE,L,L40,CI,0000,EUR,N,Z,2013-09,1.89,A,F,,,P1M,,A,,,,,,,,,2,,,Long-term interest rate for convergence purposes - Euro,"Germany, Long-term interest rate for convergence purposes - Unspecified rate type, Debt security issued, 10 years maturity, New business coverage, denominated in Euro - Unspecified counterpart sector",PC,0
IRS.M.DE.L.L40.CI.0000.EUR.N.Z,M,DE,L,L40,CI,0000,EUR,N,Z,2013-10,1.76,A,F,,,P1M,,A,,,,,,,,,2,,,Long-term interest rate for convergence purposes - Euro,"Germany, Long-term interest rate for convergence purposes - Unspecified rate type, Debt security issued, 10 years maturity, New business coverage, denominated in Euro - Unspecified counterpart sector",PC,0
IRS.M.DE.L.L40.CI.0000.EUR.N.Z,M,DE,L,L40,CI,0000,EUR,N,Z,2013-11,1.68,A,F,,,P1M,,A,,,,,,,,,2,,,Long-term interest rate for convergence purposes - Euro,"Germany, Long-term interest rate for convergence purposes - Unspecified rate type, Debt security issued, 10 years maturity, New business coverage, denominated in Euro - Unspecified counterpart sector",PC,0
IRS.M.DE.L.L40.CI.0000.EUR.N.Z,M,DE,L,L40,CI,0000,EUR,N,Z,2013-12,1.8,A,F,,,P1M,,A,,,,,,,,,2,,,Long-term interest rate for convergence purposes - Euro,"Germany, Long-term interest rate for convergence purposes - Unspecified rate type, Debt security issued, 10 years maturity, New business coverage, denominated in Euro - Unspecified counterpart sector",PC,0
IRS.M.DE.L.L40.CI.0000.EUR.N.Z,M,DE,L,L40,CI,0000,EUR,N,Z,2014-01,1.76,A,F,,,P1M,,A,,,,,,,,,2,,,Long-term interest rate for convergence purposes - Euro,"Germany, Long-term interest rate for convergence purposes - Unspecified rate type, Debt security issued, 10 years maturity, New business coverage, denominated in Euro - Unspecified counterpart sector",PC,0
IRS.M.DE.L.L40.CI.0000.EUR.N.Z,M,DE,L,L40,CI,0000,EUR,N,Z,2014-02,1.56,A,F,,,P1M,,A,,,,,,,,,2,,,Long-term interest rate for convergence purposes - Euro,"Germany, Long-term interest rate for convergence purposes - Unspecified rate type, Debt security issued, 10 years maturity, New business coverage, denominated in Euro - Unspecified counterpart sector",PC,0
IRS.M.DE.L.L40.CI.0000.EUR.N.Z,M,DE,L,L40,CI,0000,EUR,N,Z,2014-03,1.51,A,F,,,P1M,,A,,,,,,,,,2,,,Long-term interest rate for convergence purposes - Euro,"Germany, Long-term interest rate for convergence purposes - Unspecified rate type, Debt security issued, 10 years maturity, New business coverage, denominated in Euro - Unspecified counterpart sector",PC,0
IRS.M.DE.L.L40.CI.0000.EUR.N.Z,M,DE,L,L40,CI,0000,EUR,N,Z,2014-04,1.46,A,F,,,P1M,,A,,,,,,,,,2,,,Long-term interest rate for convergence purposes - Euro,"Germany, Long-term interest rate for convergence purposes - Unspecified rate type, Debt security issued, 10 years maturity, New business coverage, denominated in Euro - Unspecified counterpart sector",PC,0
IRS.M.DE.L.L40.CI.0000.EUR.N.Z,M,DE,L,L40,CI,0000,EUR,N,Z,2014-05,1.33,A,F,,,P1M,,A,,,,,,,,,2,,,Long-term interest rate for convergence purposes - Euro,"Germany, Long-term interest rate for convergence purposes - Unspecified rate type, Debt security issued, 10 years maturity, New business coverage, denominated in Euro - Unspecified counterpart sector",PC,0
IRS.M.DE.L.L40.CI.0000.EUR.N.Z,M,DE,L,L40,CI,0000,EUR,N,Z,2014-06,1.26,A,F,,,P1M,,A,,,,,,,,,2,,,Long-term interest rate for convergence purposes - Euro,"Germany, Long-term interest rate for convergence purposes - Unspecified rate type, Debt security issued, 10 years maturity, New business coverage, denominated in Euro - Unspecified counterpart sector",PC,0
IRS.M.DE.L.L40.CI.0000.EUR.N.Z,M,DE,L,L40,CI,0000,EUR,N,Z,2014-07,1.11,A,F,,,P1M,,A,,,,,,,,,2,,,Long-term interest rate for convergence purposes - Euro,"Germany, Long-term interest rate for convergence purposes - Unspecified rate type, Debt security issued, 10 years maturity, New business coverage, denominated in Euro - Unspecified counterpart sector",PC,0
IRS.M.DE.L.L40.CI.0000.EUR.N.Z,M,DE,L,L40,CI,0000,EUR,N,Z,2014-08,0.95,A,F,,,P1M,,A,,,,,,,,,2,,,Long-term interest rate for convergence purposes - Euro,"Germany, Long-term interest rate for convergence purposes - Unspecified rate type, Debt security issued, 10 years maturity, New business coverage, denominated in Euro - Unspecified counterpart sector",PC,0
IRS.M.DE.L.L40.CI.0000.EUR.N.Z,M,DE,L,L40,CI,0000,EUR,N,Z,2014-09,0.92,A,F,,,P1M,,A,,,,,,,,,2,,,Long-term interest rate for convergence purposes - Euro,"Germany, Long-term interest rate for convergence purposes - Unspecified rate type, Debt security issued, 10 years maturity, New business coverage, denominated in Euro - Unspecified counterpart sector",PC,0
IRS.M.DE.L.L40.CI.0000.EUR.N.Z,M,DE,L,L40,CI,0000,EUR,N,Z,2014-10,0.79,A,F,,,P1M,,A,,,,,,,,,2,,,Long-term interest rate for convergence purposes - Euro,"Germany, Long-term interest rate for convergence purposes - Unspecified rate type, Debt security issued, 10 years maturity, New business coverage, denominated in Euro - Unspecified counterpart sector",PC,0
IRS.M.DE.L.L40.CI.0000.EUR.N.Z,M,DE,L,L40,CI,0000,EUR,N,Z,2014-11,0.72,A,F,,,P1M,,A,,,,,,,,,2,,,Long-term interest rate for convergence purposes - Euro,"Germany, Long-term interest rate for convergence purposes - Unspecified rate type, Debt security issued, 10 years maturity, New business coverage, denominated in Euro - Unspecified counterpart sector",PC,0
IRS.M.DE.L.L40.CI.0000.EUR.N.Z,M,DE,L,L40,CI,0000,EUR,N,Z,2014-12,0.59,A,F,,,P1M,,A,,,,,,,,,2,,,Long-term interest rate for convergence purposes - Euro,"Germany, Long-term interest rate for convergence purposes - Unspecified rate type, Debt security issued, 10 years maturity, New business coverage, denominated in Euro - Unspecified counterpart sector",PC,0
IRS.M.DE.L.L40.CI.0000.EUR.N.Z,M,DE,L,L40,CI,0000,EUR,N,Z,2015-01,0.39,A,F,,,P1M,,A,,,,,,,,,2,,,Long-term interest rate for convergence purposes - Euro,"Germany, Long-term interest rate for convergence purposes - Unspecified rate type, Debt security issued, 10 years maturity, New business coverage, denominated in Euro - Unspecified counterpart sector",PC,0
IRS.M.DE.L.L40.CI.0000.EUR.N.Z,M,DE,L,L40,CI,0000,EUR,N,Z,2015-02,0.3,A,F,,,P1M,,A,,,,,,,,,2,,,Long-term interest rate for convergence purposes - Euro,"Germany, Long-term interest rate for convergence purposes - Unspecified rate type, Debt security issued, 10 years maturity, New business coverage, denominated in Euro - Unspecified counterpart sector",PC,0
IRS.M.DE.L.L40.CI.0000.EUR.N.Z,M,DE,L,L40,CI,0000,EUR,N,Z,2015-03,0.23,A,F,,,P1M,,A,,,,,,,,,2,,,Long-term interest rate for convergence purposes - Euro,"Germany, Long-term interest rate for convergence purposes - Unspecified rate type, Debt security issued, 10 years maturity, New business coverage, denominated in Euro - Unspecified counterpart sector",PC,0
IRS.M.DE.L.L40.CI.0000.EUR.N.Z,M,DE,L,L40,CI,0000,EUR,N,Z,2015-04,0.12,A,F,,,P1M,,A,,,,,,,,,2,,,Long-term interest rate for convergence purposes - Euro,"Germany, Long-term interest rate for convergence purposes - Unspecified rate type, Debt security issued, 10 years maturity, New business coverage, denominated in Euro - Unspecified counterpart sector",PC,0
IRS.M.DE.L.L40.CI.0000.EUR.N.Z,M,DE,L,L40,CI,0000,EUR,N,Z,2015-05,0.56,A,F,,,P1M,,A,,,,,,,,,2,,,Long-term interest rate for convergence purposes - Euro,"Germany, Long-term interest rate for convergence purposes - Unspecified rate type, Debt security issued, 10 years maturity, New business coverage, denominated in Euro - Unspecified counterpart sector",PC,0
IRS.M.DE.L.L40.CI.0000.EUR.N.Z,M,DE,L,L40,CI,0000,EUR,N,Z,2015-06,0.79,A,F,,,P1M,,A,,,,,,,,,2,,,Long-term interest rate for convergence purposes - Euro,"Germany, Long-term interest rate for convergence purposes - Unspecified rate type, Debt security issued, 10 years maturity, New business coverage, denominated in Euro - Unspecified counterpart sector",PC,0
IRS.M.DE.L.L40.CI.0000.EUR.N.Z,M,DE,L,L40,CI,0000,EUR,N,Z,2015-07,0.71,A,F,,,P1M,,A,,,,,,,,,2,,,Long-term interest rate for convergence purposes - Euro,"Germany, Long-term interest rate for convergence purposes - Unspecified rate type, Debt security issued, 10 years maturity, New business coverage, denominated in Euro - Unspecified counterpart sector",PC,0
IRS.M.DE.L.L40.CI.0000.EUR.N.Z,M,DE,L,L40,CI,0000,EUR,N,Z,2015-08,0.61,A,F,,,P1M,,A,,,,,,,,,2,,,Long-term interest rate for convergence purposes - Euro,"Germany, Long-term interest rate for convergence purposes - Unspecified rate type, Debt security issued, 10 years maturity, New business coverage, denominated in Euro - Unspecified counterpart sector",PC,0
IRS.M.DE.L.L40.CI.0000.EUR.N.Z,M,DE,L,L40,CI,0000,EUR,N,Z,2015-09,0.65,A,F,,,P1M,,A,,,,,,,,,2,,,Long-term interest rate for convergence purposes - Euro,"Germany, Long-term interest rate for convergence purposes - Unspecified rate type, Debt security issued, 10 years maturity, New business coverage, denominated in Euro - Unspecified counterpart sector",PC,0
IRS.M.DE.L.L40.CI.0000.EUR.N.Z,M,DE,L,L40,CI,0000,EUR,N,Z,2015-10,0.52,A,F,,,P1M,,A,,,,,,,,,2,,,Long-term interest rate for convergence purposes - Euro,"Germany, Long-term interest rate for convergence purposes - Unspecified rate type, Debt security issued, 10 years maturity, New business coverage, denominated in Euro - Unspecified counterpart sector",PC,0
IRS.M.DE.L.L40.CI.0000.EUR.N.Z,M,DE,L,L40,CI,0000,EUR,N,Z,2015-11,0.52,A,F,,,P1M,,A,,,,,,,,,2,,,Long-term interest rate for convergence purposes - Euro,"Germany, Long-term interest rate for convergence purposes - Unspecified rate type, Debt security issued, 10 years maturity, New business coverage, denominated in Euro - Unspecified counterpart sector",PC,0
IRS.M.DE.L.L40.CI.0000.EUR.N.Z,M,DE,L,L40,CI,0000,EUR,N,Z,2015-12,0.55,A,F,,,P1M,,A,,,,,,,,,2,,,Long-term interest rate for convergence purposes - Euro,"Germany, Long-term interest rate for convergence purposes - Unspecified rate type, Debt security issued, 10 years maturity, New business coverage, denominated in Euro - Unspecified counterpart sector",PC,0
IRS.M.DE.L.L40.CI.0000.EUR.N.Z,M,DE,L,L40,CI,0000,EUR,N,Z,2016-01,0.43,A,F,,,P1M,,A,,,,,,,,,2,,,Long-term interest rate for convergence purposes - Euro,"Germany, Long-term interest rate for convergence purposes - Unspecified rate type, Debt security issued, 10 years maturity, New business coverage, denominated in Euro - Unspecified counterpart sector",PC,0
IRS.M.DE.L.L40.CI.0000.EUR.N.Z,M,DE,L,L40,CI,0000,EUR,N,Z,2016-02,0.17,A,F,,,P1M,,A,,,,,,,,,2,,,Long-term interest rate for convergence purposes - Euro,"Germany, Long-term interest rate for convergence purposes - Unspecified rate type, Debt security issued, 10 years maturity, New business coverage, denominated in Euro - Unspecified counterpart sector",PC,0
IRS.M.DE.L.L40.CI.0000.EUR.N.Z,M,DE,L,L40,CI,0000,EUR,N,Z,2016-03,0.17,A,F,,,P1M,,A,,,,,,,,,2,,,Long-term interest rate for convergence purposes - Euro,"Germany, Long-term interest rate for convergence purposes - Unspecified rate type, Debt security issued, 10 years maturity, New business coverage, denominated in Euro - Unspecified counterpart sector",PC,0
IRS.M.DE.L.L40.CI.0000.EUR.N.Z,M,DE,L,L40,CI,0000,EUR,N,Z,2016-04,0.13,A,F,,,P1M,,A,,,,,,,,,2,,,Long-term interest rate for convergence purposes - Euro,"Germany, Long-term interest rate for convergence purposes - Unspecified rate type, Debt security issued, 10 years maturity, New business coverage, denominated in Euro - Unspecified counterpart sector",PC,0
IRS.M.DE.L.L40.CI.0000.EUR.N.Z,M,DE,L,L40,CI,0000,EUR,N,Z,2016-05,0.13,A,F,,,P1M,,A,,,,,,,,,2,,,Long-term interest rate for convergence purposes - Euro,"Germany, Long-term interest rate for convergence purposes - Unspecified rate type, Debt security issued, 10 years maturity, New business coverage, denominated in Euro - Unspecified counterpart sector",PC,0
IRS.M.DE.L.L40.CI.0000.EUR.N.Z,M,DE,L,L40,CI,0000,EUR,N,Z,2016-06,-0.02,A,F,,,P1M,,A,,,,,,,,,2,,,Long-term interest rate for convergence purposes - Euro,"Germany, Long-term interest rate for convergence purposes - Unspecified rate type, Debt security issued, 10 years maturity, New business coverage, denominated in Euro - Unspecified counterpart sector",PC,0
IRS.M.DE.L.L40.CI.0000.EUR.N.Z,M,DE,L,L40,CI,0000,EUR,N,Z,2016-07,-0.15,A,F,,,P1M,,A,,,,,,,,,2,,,Long-term interest rate for convergence purposes - Euro,"Germany, Long-term interest rate for convergence purposes - Unspecified rate type, Debt security issued, 10 years maturity, New business coverage, denominated in Euro - Unspecified counterpart sector",PC,0
IRS.M.DE.L.L40.CI.0000.EUR.N.Z,M,DE,L,L40,CI,0000,EUR,N,Z,2016-08,-0.13,A,F,,,P1M,,A,,,,,,,,,2,,,Long-term interest rate for convergence purposes - Euro,"Germany, Long-term interest rate for convergence purposes - Unspecified rate type, Debt security issued, 10 years maturity, New business coverage, denominated in Euro - Unspecified counterpart sector",PC,0
IRS.M.DE.L.L40.CI.0000.EUR.N.Z,M,DE,L,L40,CI,0000,EUR,N,Z,2016-09,-0.09,A,F,,,P1M,,A,,,,,,,,,2,,,Long-term interest rate for convergence purposes - Euro,"Germany, Long-term interest rate for convergence purposes - Unspecified rate type, Debt security issued, 10 years maturity, New business coverage, denominated in Euro - Unspecified counterpart sector",PC,0
IRS.M.DE.L.L40.CI.0000.EUR.N.Z,M,DE,L,L40,CI,0000,EUR,N,Z,2016-10,0,A,F,,,P1M,,A,,,,,,,,,2,,,Long-term interest rate for convergence purposes - Euro,"Germany, Long-term interest rate for convergence purposes - Unspecified rate type, Debt security issued, 10 years maturity, New business coverage, denominated in Euro - Unspecified counterpart sector",PC,0
IRS.M.DE.L.L40.CI.0000.EUR.N.Z,M,DE,L,L40,CI,0000,EUR,N,Z,2016-11,0.19,A,F,,,P1M,,A,,,,,,,,,2,,,Long-term interest rate for convergence purposes - Euro,"Germany, Long-term interest rate for convergence purposes - Unspecified rate type, Debt security issued, 10 years maturity, New business coverage, denominated in Euro - Unspecified counterpart sector",PC,0
IRS.M.DE.L.L40.CI.0000.EUR.N.Z,M,DE,L,L40,CI,0000,EUR,N,Z,2016-12,0.25,A,F,,,P1M,,A,,,,,,,,,2,,,Long-term interest rate for convergence purposes - Euro,"Germany, Long-term interest rate for convergence purposes - Unspecified rate type, Debt security issued, 10 years maturity, New business coverage, denominated in Euro - Unspecified counterpart sector",PC,0
IRS.M.DE.L.L40.CI.0000.EUR.N.Z,M,DE,L,L40,CI,0000,EUR,N,Z,2017-01,0.25,A,F,,,P1M,,A,,,,,,,,,2,,,Long-term interest rate for convergence purposes - Euro,"Germany, Long-term interest rate for convergence purposes - Unspecified rate type, Debt security issued, 10 years maturity, New business coverage, denominated in Euro - Unspecified counterpart sector",PC,0
IRS.M.DE.L.L40.CI.0000.EUR.N.Z,M,DE,L,L40,CI,0000,EUR,N,Z,2017-02,0.26,A,F,,,P1M,,A,,,,,,,,,2,,,Long-term interest rate for convergence purposes - Euro,"Germany, Long-term interest rate for convergence purposes - Unspecified rate type, Debt security issued, 10 years maturity, New business coverage, denominated in Euro - Unspecified counterpart sector",PC,0
IRS.M.DE.L.L40.CI.0000.EUR.N.Z,M,DE,L,L40,CI,0000,EUR,N,Z,2017-03,0.35,A,F,,,P1M,,A,,,,,,,,,2,,,Long-term interest rate for convergence purposes - Euro,"Germany, Long-term interest rate for convergence purposes - Unspecified rate type, Debt security issued, 10 years maturity, New business coverage, denominated in Euro - Unspecified counterpart sector",PC,0
IRS.M.DE.L.L40.CI.0000.EUR.N.Z,M,DE,L,L40,CI,0000,EUR,N,Z,2017-04,0.22,A,F,,,P1M,,A,,,,,,,,,2,,,Long-term interest rate for convergence purposes - Euro,"Germany, Long-term interest rate for convergence purposes - Unspecified rate type, Debt security issued, 10 years maturity, New business coverage, denominated in Euro - Unspecified counterpart sector",PC,0
IRS.M.DE.L.L40.CI.0000.EUR.N.Z,M,DE,L,L40,CI,0000,EUR,N,Z,2017-05,0.34,A,F,,,P1M,,A,,,,,,,,,2,,,Long-term interest rate for convergence purposes - Euro,"Germany, Long-term interest rate for convergence purposes - Unspecified rate type, Debt security issued, 10 years maturity, New business coverage, denominated in Euro - Unspecified counterpart sector",PC,0
IRS.M.DE.L.L40.CI.0000.EUR.N.Z,M,DE,L,L40,CI,0000,EUR,N,Z,2017-06,0.25,A,F,,,P1M,,A,,,,,,,,,2,,,Long-term interest rate for convergence purposes - Euro,"Germany, Long-term interest rate for convergence purposes - Unspecified rate type, Debt security issued, 10 years maturity, New business coverage, denominated in Euro - Unspecified counterpart sector",PC,0
IRS.M.DE.L.L40.CI.0000.EUR.N.Z,M,DE,L,L40,CI,0000,EUR,N,Z,2017-07,0.46,A,F,,,P1M,,A,,,,,,,,,2,,,Long-term interest rate for convergence purposes - Euro,"Germany, Long-term interest rate for convergence purposes - Unspecified rate type, Debt security issued, 10 years maturity, New business coverage, denominated in Euro - Unspecified counterpart sector",PC,0
IRS.M.DE.L.L40.CI.0000.EUR.N.Z,M,DE,L,L40,CI,0000,EUR,N,Z,2017-08,0.35,A,F,,,P1M,,A,,,,,,,,,2,,,Long-term interest rate for convergence purposes - Euro,"Germany, Long-term interest rate for convergence purposes - Unspecified rate type, Debt security issued, 10 years maturity, New business coverage, denominated in Euro - Unspecified counterpart sector",PC,0
IRS.M.DE.L.L40.CI.0000.EUR.N.Z,M,DE,L,L40,CI,0000,EUR,N,Z,2017-09,0.35,A,F,,,P1M,,A,,,,,,,,,2,,,Long-term interest rate for convergence purposes - Euro,"Germany, Long-term interest rate for convergence purposes - Unspecified rate type, Debt security issued, 10 years maturity, New business coverage, denominated in Euro - Unspecified counterpart sector",PC,0
IRS.M.DE.L.L40.CI.0000.EUR.N.Z,M,DE,L,L40,CI,0000,EUR,N,Z,2017-10,0.37,A,F,,,P1M,,A,,,,,,,,,2,,,Long-term interest rate for convergence purposes - Euro,"Germany, Long-term interest rate for convergence purposes - Unspecified rate type, Debt security issued, 10 years maturity, New business coverage, denominated in Euro - Unspecified counterpart sector",PC,0
IRS.M.DE.L.L40.CI.0000.EUR.N.Z,M,DE,L,L40,CI,0000,EUR,N,Z,2017-11,0.31,A,F,,,P1M,,A,,,,,,,,,2,,,Long-term interest rate for convergence purposes - Euro,"Germany, Long-term interest rate for convergence purposes - Unspecified rate type, Debt security issued, 10 years maturity, New business coverage, denominated in Euro - Unspecified counterpart sector",PC,0
IRS.M.DE.L.L40.CI.0000.EUR.N.Z,M,DE,L,L40,CI,0000,EUR,N,Z,2017-12,0.3,A,F,,,P1M,,A,,,,,,,,,2,,,Long-term interest rate for convergence purposes - Euro,"Germany, Long-term interest rate for convergence purposes - Unspecified rate type, Debt security issued, 10 years maturity, New business coverage, denominated in Euro - Unspecified counterpart sector",PC,0
IRS.M.DE.L.L40.CI.0000.EUR.N.Z,M,DE,L,L40,CI,0000,EUR,N,Z,2018-01,0.47,A,F,,,P1M,,A,,,,,,,,,2,,,Long-term interest rate for convergence purposes - Euro,"Germany, Long-term interest rate for convergence purposes - Unspecified rate type, Debt security issued, 10 years maturity, New business coverage, denominated in Euro - Unspecified counterpart sector",PC,0
IRS.M.DE.L.L40.CI.0000.EUR.N.Z,M,DE,L,L40,CI,0000,EUR,N,Z,2018-02,0.66,A,F,,,P1M,,A,,,,,,,,,2,,,Long-term interest rate for convergence purposes - Euro,"Germany, Long-term interest rate for convergence purposes - Unspecified rate type, Debt security issued, 10 years maturity, New business coverage, denominated in Euro - Unspecified counterpart sector",PC,0
IRS.M.DE.L.L40.CI.0000.EUR.N.Z,M,DE,L,L40,CI,0000,EUR,N,Z,2018-03,0.53,A,F,,,P1M,,A,,,,,,,,,2,,,Long-term interest rate for convergence purposes - Euro,"Germany, Long-term interest rate for convergence purposes - Unspecified rate type, Debt security issued, 10 years maturity, New business coverage, denominated in Euro - Unspecified counterpart sector",PC,0
IRS.M.DE.L.L40.CI.0000.EUR.N.Z,M,DE,L,L40,CI,0000,EUR,N,Z,2018-04,0.48,A,F,,,P1M,,A,,,,,,,,,2,,,Long-term interest rate for convergence purposes - Euro,"Germany, Long-term interest rate for convergence purposes - Unspecified rate type, Debt security issued, 10 years maturity, New business coverage, denominated in Euro - Unspecified counterpart sector",PC,0
IRS.M.DE.L.L40.CI.0000.EUR.N.Z,M,DE,L,L40,CI,0000,EUR,N,Z,2018-05,0.45,A,F,,,P1M,,A,,,,,,,,,2,,,Long-term interest rate for convergence purposes - Euro,"Germany, Long-term interest rate for convergence purposes - Unspecified rate type, Debt security issued, 10 years maturity, New business coverage, denominated in Euro - Unspecified counterpart sector",PC,0
IRS.M.DE.L.L40.CI.0000.EUR.N.Z,M,DE,L,L40,CI,0000,EUR,N,Z,2018-06,0.33,A,F,,,P1M,,A,,,,,,,,,2,,,Long-term interest rate for convergence purposes - Euro,"Germany, Long-term interest rate for convergence purposes - Unspecified rate type, Debt security issued, 10 years maturity, New business coverage, denominated in Euro - Unspecified counterpart sector",PC,0
IRS.M.DE.L.L40.CI.0000.EUR.N.Z,M,DE,L,L40,CI,0000,EUR,N,Z,2018-07,0.28,A,F,,,P1M,,A,,,,,,,,,2,,,Long-term interest rate for convergence purposes - Euro,"Germany, Long-term interest rate for convergence purposes - Unspecified rate type, Debt security issued, 10 years maturity, New business coverage, denominated in Euro - Unspecified counterpart sector",PC,0
IRS.M.DE.L.L40.CI.0000.EUR.N.Z,M,DE,L,L40,CI,0000,EUR,N,Z,2018-08,0.29,A,F,,,P1M,,A,,,,,,,,,2,,,Long-term interest rate for convergence purposes - Euro,"Germany, Long-term interest rate for convergence purposes - Unspecified rate type, Debt security issued, 10 years maturity, New business coverage, denominated in Euro - Unspecified counterpart sector",PC,0
IRS.M.DE.L.L40.CI.0000.EUR.N.Z,M,DE,L,L40,CI,0000,EUR,N,Z,2018-09,0.37,A,F,,,P1M,,A,,,,,,,,,2,,,Long-term interest rate for convergence purposes - Euro,"Germany, Long-term interest rate for convergence purposes - Unspecified rate type, Debt security issued, 10 years maturity, New business coverage, denominated in Euro - Unspecified counterpart sector",PC,0
IRS.M.DE.L.L40.CI.0000.EUR.N.Z,M,DE,L,L40,CI,0000,EUR,N,Z,2018-10,0.4,A,F,,,P1M,,A,,,,,,,,,2,,,Long-term interest rate for convergence purposes - Euro,"Germany, Long-term interest rate for convergence purposes - Unspecified rate type, Debt security issued, 10 years maturity, New business coverage, denominated in Euro - Unspecified counterpart sector",PC,0
IRS.M.DE.L.L40.CI.0000.EUR.N.Z,M,DE,L,L40,CI,0000,EUR,N,Z,2018-11,0.31,A,F,,,P1M,,A,,,,,,,,,2,,,Long-term interest rate for convergence purposes - Euro,"Germany, Long-term interest rate for convergence purposes - Unspecified rate type, Debt security issued, 10 years maturity, New business coverage, denominated in Euro - Unspecified counterpart sector",PC,0
IRS.M.DE.L.L40.CI.0000.EUR.N.Z,M,DE,L,L40,CI,0000,EUR,N,Z,2018-12,0.19,A,F,,,P1M,,A,,,,,,,,,2,,,Long-term interest rate for convergence purposes - Euro,"Germany, Long-term interest rate for convergence purposes - Unspecified rate type, Debt security issued, 10 years maturity, New business coverage, denominated in Euro - Unspecified counterpart sector",PC,0
IRS.M.DE.L.L40.CI.0000.EUR.N.Z,M,DE,L,L40,CI,0000,EUR,N,Z,2019-01,0.13,A,F,,,P1M,,A,,,,,,,,,2,,,Long-term interest rate for convergence purposes - Euro,"Germany, Long-term interest rate for convergence purposes - Unspecified rate type, Debt security issued, 10 years maturity, New business coverage, denominated in Euro - Unspecified counterpart sector",PC,0
IRS.M.DE.L.L40.CI.0000.EUR.N.Z,M,DE,L,L40,CI,0000,EUR,N,Z,2019-02,0.06,A,F,,,P1M,,A,,,,,,,,,2,,,Long-term interest rate for convergence purposes - Euro,"Germany, Long-term interest rate for convergence purposes - Unspecified rate type, Debt security issued, 10 years maturity, New business coverage, denominated in Euro - Unspecified counterpart sector",PC,0
IRS.M.DE.L.L40.CI.0000.EUR.N.Z,M,DE,L,L40,CI,0000,EUR,N,Z,2019-03,0.01,A,F,,,P1M,,A,,,,,,,,,2,,,Long-term interest rate for convergence purposes - Euro,"Germany, Long-term interest rate for convergence purposes - Unspecified rate type, Debt security issued, 10 years maturity, New business coverage, denominated in Euro - Unspecified counterpart sector",PC,0
IRS.M.DE.L.L40.CI.0000.EUR.N.Z,M,DE,L,L40,CI,0000,EUR,N,Z,2019-04,-0.04,A,F,,,P1M,,A,,,,,,,,,2,,,Long-term interest rate for convergence purposes - Euro,"Germany, Long-term interest rate for convergence purposes - Unspecified rate type, Debt security issued, 10 years maturity, New business coverage, denominated in Euro - Unspecified counterpart sector",PC,0
IRS.M.DE.L.L40.CI.0000.EUR.N.Z,M,DE,L,L40,CI,0000,EUR,N,Z,2019-05,-0.13,A,F,,,P1M,,A,,,,,,,,,2,,,Long-term interest rate for convergence purposes - Euro,"Germany, Long-term interest rate for convergence purposes - Unspecified rate type, Debt security issued, 10 years maturity, New business coverage, denominated in Euro - Unspecified counterpart sector",PC,0
IRS.M.DE.L.L40.CI.0000.EUR.N.Z,M,DE,L,L40,CI,0000,EUR,N,Z,2019-06,-0.31,A,F,,,P1M,,A,,,,,,,,,2,,,Long-term interest rate for convergence purposes - Euro,"Germany, Long-term interest rate for convergence purposes - Unspecified rate type, Debt security issued, 10 years maturity, New business coverage, denominated in Euro - Unspecified counterpart sector",PC,0
IRS.M.DE.L.L40.CI.0000.EUR.N.Z,M,DE,L,L40,CI,0000,EUR,N,Z,2019-07,-0.39,A,F,,,P1M,,A,,,,,,,,,2,,,Long-term interest rate for convergence purposes - Euro,"Germany, Long-term interest rate for convergence purposes - Unspecified rate type, Debt security issued, 10 years maturity, New business coverage, denominated in Euro - Unspecified counterpart sector",PC,0
IRS.M.DE.L.L40.CI.0000.EUR.N.Z,M,DE,L,L40,CI,0000,EUR,N,Z,2019-08,-0.65,A,F,,,P1M,,A,,,,,,,,,2,,,Long-term interest rate for convergence purposes - Euro,"Germany, Long-term interest rate for convergence purposes - Unspecified rate type, Debt security issued, 10 years maturity, New business coverage, denominated in Euro - Unspecified counterpart sector",PC,0
IRS.M.DE.L.L40.CI.0000.EUR.N.Z,M,DE,L,L40,CI,0000,EUR,N,Z,2019-09,-0.59,A,F,,,P1M,,A,,,,,,,,,2,,,Long-term interest rate for convergence purposes - Euro,"Germany, Long-term interest rate for convergence purposes - Unspecified rate type, Debt security issued, 10 years maturity, New business coverage, denominated in Euro - Unspecified counterpart sector",PC,0
IRS.M.DE.L.L40.CI.0000.EUR.N.Z,M,DE,L,L40,CI,0000,EUR,N,Z,2019-10,-0.47,A,F,,,P1M,,A,,,,,,,,,2,,,Long-term interest rate for convergence purposes - Euro,"Germany, Long-term interest rate for convergence purposes - Unspecified rate type, Debt security issued, 10 years maturity, New business coverage, denominated in Euro - Unspecified counterpart sector",PC,0
IRS.M.DE.L.L40.CI.0000.EUR.N.Z,M,DE,L,L40,CI,0000,EUR,N,Z,2019-11,-0.35,A,F,,,P1M,,A,,,,,,,,,2,,,Long-term interest rate for convergence purposes - Euro,"Germany, Long-term interest rate for convergence purposes - Unspecified rate type, Debt security issued, 10 years maturity, New business coverage, denominated in Euro - Unspecified counterpart sector",PC,0
IRS.M.DE.L.L40.CI.0000.EUR.N.Z,M,DE,L,L40,CI,0000,EUR,N,Z,2019-12,-0.3,A,F,,,P1M,,A,,,,,,,,,2,,,Long-term interest rate for convergence purposes - Euro,"Germany, Long-term interest rate for convergence purposes - Unspecified rate type, Debt security issued, 10 years maturity, New business coverage, denominated in Euro - Unspecified counterpart sector",PC,0
IRS.M.DE.L.L40.CI.0000.EUR.N.Z,M,DE,L,L40,CI,0000,EUR,N,Z,2020-01,-0.31,A,F,,,P1M,,A,,,,,,,,,2,,,Long-term interest rate for convergence purposes - Euro,"Germany, Long-term interest rate for convergence purposes - Unspecified rate type, Debt security issued, 10 years maturity, New business coverage, denominated in Euro - Unspecified counterpart sector",PC,0
IRS.M.DE.L.L40.CI.0000.EUR.N.Z,M,DE,L,L40,CI,0000,EUR,N,Z,2020-02,-0.47,A,F,,,P1M,,A,,,,,,,,,2,,,Long-term interest rate for convergence purposes - Euro,"Germany, Long-term interest rate for convergence purposes - Unspecified rate type, Debt security issued, 10 years maturity, New business coverage, denominated in Euro - Unspecified counterpart sector",PC,0
IRS.M.DE.L.L40.CI.0000.EUR.N.Z,M,DE,L,L40,CI,0000,EUR,N,Z,2020-03,-0.54,A,F,,,P1M,,A,,,,,,,,,2,,,Long-term interest rate for convergence purposes - Euro,"Germany, Long-term interest rate for convergence purposes - Unspecified rate type, Debt security issued, 10 years maturity, New business coverage, denominated in Euro - Unspecified counterpart sector",PC,0
IRS.M.DE.L.L40.CI.0000.EUR.N.Z,M,DE,L,L40,CI,0000,EUR,N,Z,2020-04,-0.45,A,F,,,P1M,,A,,,,,,,,,2,,,Long-term interest rate for convergence purposes - Euro,"Germany, Long-term interest rate for convergence purposes - Unspecified rate type, Debt security issued, 10 years maturity, New business coverage, denominated in Euro - Unspecified counterpart sector",PC,0
IRS.M.DE.L.L40.CI.0000.EUR.N.Z,M,DE,L,L40,CI,0000,EUR,N,Z,2020-05,-0.516,A,F,,,P1M,,A,,,,,,,,,2,,,Long-term interest rate for convergence purposes - Euro,"Germany, Long-term interest rate for convergence purposes - Unspecified rate type, Debt security issued, 10 years maturity, New business coverage, denominated in Euro - Unspecified counterpart sector",PC,0
IRS.M.DE.L.L40.CI.0000.EUR.N.Z,M,DE,L,L40,CI,0000,EUR,N,Z,2020-06,-0.434,A,F,,,P1M,,A,,,,,,,,,2,,,Long-term interest rate for convergence purposes - Euro,"Germany, Long-term interest rate for convergence purposes - Unspecified rate type, Debt security issued, 10 years maturity, New business coverage, denominated in Euro - Unspecified counterpart sector",PC,0
IRS.M.DE.L.L40.CI.0000.EUR.N.Z,M,DE,L,L40,CI,0000,EUR,N,Z,2020-07,-0.523,A,F,,,P1M,,A,,,,,,,,,2,,,Long-term interest rate for convergence purposes - Euro,"Germany, Long-term interest rate for convergence purposes - Unspecified rate type, Debt security issued, 10 years maturity, New business coverage, denominated in Euro - Unspecified counterpart sector",PC,0
IRS.M.DE.L.L40.CI.0000.EUR.N.Z,M,DE,L,L40,CI,0000,EUR,N,Z,2020-08,-0.522,A,F,,,P1M,,A,,,,,,,,,2,,,Long-term interest rate for convergence purposes - Euro,"Germany, Long-term interest rate for convergence purposes - Unspecified rate type, Debt security issued, 10 years maturity, New business coverage, denominated in Euro - Unspecified counterpart sector",PC,0
IRS.M.DE.L.L40.CI.0000.EUR.N.Z,M,DE,L,L40,CI,0000,EUR,N,Z,2020-09,-0.524,A,F,,,P1M,,A,,,,,,,,,2,,,Long-term interest rate for convergence purposes - Euro,"Germany, Long-term interest rate for convergence purposes - Unspecified rate type, Debt security issued, 10 years maturity, New business coverage, denominated in Euro - Unspecified counterpart sector",PC,0
IRS.M.DE.L.L40.CI.0000.EUR.N.Z,M,DE,L,L40,CI,0000,EUR,N,Z,2020-10,-0.607,A,F,,,P1M,,A,,,,,,,,,2,,,Long-term interest rate for convergence purposes - Euro,"Germany, Long-term interest rate for convergence purposes - Unspecified rate type, Debt security issued, 10 years maturity, New business coverage, denominated in Euro - Unspecified counterpart sector",PC,0
IRS.M.DE.L.L40.CI.0000.EUR.N.Z,M,DE,L,L40,CI,0000,EUR,N,Z,2020-11,-0.614,A,F,,,P1M,,A,,,,,,,,,2,,,Long-term interest rate for convergence purposes - Euro,"Germany, Long-term interest rate for convergence purposes - Unspecified rate type, Debt security issued, 10 years maturity, New business coverage, denominated in Euro - Unspecified counterpart sector",PC,0
IRS.M.DE.L.L40.CI.0000.EUR.N.Z,M,DE,L,L40,CI,0000,EUR,N,Z,2020-12,-0.618,A,F,,,P1M,,A,,,,,,,,,2,,,Long-term interest rate for convergence purposes - Euro,"Germany, Long-term interest rate for convergence purposes - Unspecified rate type, Debt security issued, 10 years maturity, New business coverage, denominated in Euro - Unspecified counterpart sector",PC,0
IRS.M.DE.L.L40.CI.0000.EUR.N.Z,M,DE,L,L40,CI,0000,EUR,N,Z,2021-01,-0.583,A,F,,,P1M,,A,,,,,,,,,2,,,Long-term interest rate for convergence purposes - Euro,"Germany, Long-term interest rate for convergence purposes - Unspecified rate type, Debt security issued, 10 years maturity, New business coverage, denominated in Euro - Unspecified counterpart sector",PC,0
IRS.M.DE.L.L40.CI.0000.EUR.N.Z,M,DE,L,L40,CI,0000,EUR,N,Z,2021-02,-0.446,A,F,,,P1M,,A,,,,,,,,,2,,,Long-term interest rate for convergence purposes - Euro,"Germany, Long-term interest rate for convergence purposes - Unspecified rate type, Debt security issued, 10 years maturity, New business coverage, denominated in Euro - Unspecified counterpart sector",PC,0
IRS.M.DE.L.L40.CI.0000.EUR.N.Z,M,DE,L,L40,CI,0000,EUR,N,Z,2021-03,-0.364,A,F,,,P1M,,A,,,,,,,,,2,,,Long-term interest rate for convergence purposes - Euro,"Germany, Long-term interest rate for convergence purposes - Unspecified rate type, Debt security issued, 10 years maturity, New business coverage, denominated in Euro - Unspecified counterpart sector",PC,0
IRS.M.DE.L.L40.CI.0000.EUR.N.Z,M,DE,L,L40,CI,0000,EUR,N,Z,2021-04,-0.325,A,F,,,P1M,,A,,,,,,,,,2,,,Long-term interest rate for convergence purposes - Euro,"Germany, Long-term interest rate for convergence purposes - Unspecified rate type, Debt security issued, 10 years maturity, New business coverage, denominated in Euro - Unspecified counterpart sector",PC,0
IRS.M.DE.L.L40.CI.0000.EUR.N.Z,M,DE,L,L40,CI,0000,EUR,N,Z,2021-05,-0.223,A,F,,,P1M,,A,,,,,,,,,2,,,Long-term interest rate for convergence purposes - Euro,"Germany, Long-term interest rate for convergence purposes - Unspecified rate type, Debt security issued, 10 years maturity, New business coverage, denominated in Euro - Unspecified counterpart sector",PC,0
IRS.M.DE.L.L40.CI.0000.EUR.N.Z,M,DE,L,L40,CI,0000,EUR,N,Z,2021-06,-0.288,A,F,,,P1M,,A,,,,,,,,,2,,,Long-term interest rate for convergence purposes - Euro,"Germany, Long-term interest rate for convergence purposes - Unspecified rate type, Debt security issued, 10 years maturity, New business coverage, denominated in Euro - Unspecified counterpart sector",PC,0
IRS.M.DE.L.L40.CI.0000.EUR.N.Z,M,DE,L,L40,CI,0000,EUR,N,Z,2021-07,-0.45,A,F,,,P1M,,A,,,,,,,,,2,,,Long-term interest rate for convergence purposes - Euro,"Germany, Long-term interest rate for convergence purposes - Unspecified rate type, Debt security issued, 10 years maturity, New business coverage, denominated in Euro - Unspecified counterpart sector",PC,0
IRS.M.DE.L.L40.CI.0000.EUR.N.Z,M,DE,L,L40,CI,0000,EUR,N,Z,2021-08,-0.539,A,F,,,P1M,,A,,,,,,,,,2,,,Long-term interest rate for convergence purposes - Euro,"Germany, Long-term interest rate for convergence purposes - Unspecified rate type, Debt security issued, 10 years maturity, New business coverage, denominated in Euro - Unspecified counterpart sector",PC,0
IRS.M.DE.L.L40.CI.0000.EUR.N.Z,M,DE,L,L40,CI,0000,EUR,N,Z,2021-09,-0.363,A,F,,,P1M,,A,,,,,,,,,2,,,Long-term interest rate for convergence purposes - Euro,"Germany, Long-term interest rate for convergence purposes - Unspecified rate type, Debt security issued, 10 years maturity, New business coverage, denominated in Euro - Unspecified counterpart sector",PC,0
IRS.M.DE.L.L40.CI.0000.EUR.N.Z,M,DE,L,L40,CI,0000,EUR,N,Z,2021-10,-0.206,A,F,,,P1M,,A,,,,,,,,,2,,,Long-term interest rate for convergence purposes - Euro,"Germany, Long-term interest rate for convergence purposes - Unspecified rate type, Debt security issued, 10 years maturity, New business coverage, denominated in Euro - Unspecified counterpart sector",PC,0
IRS.M.DE.L.L40.CI.0000.EUR.N.Z,M,DE,L,L40,CI,0000,EUR,N,Z,2021-11,-0.312,A,F,,,P1M,,A,,,,,,,,,2,,,Long-term interest rate for convergence purposes - Euro,"Germany, Long-term interest rate for convergence purposes - Unspecified rate type, Debt security issued, 10 years maturity, New business coverage, denominated in Euro - Unspecified counterpart sector",PC,0
IRS.M.DE.L.L40.CI.0000.EUR.N.Z,M,DE,L,L40,CI,0000,EUR,N,Z,2021-12,-0.383,A,F,,,P1M,,A,,,,,,,,,2,,,Long-term interest rate for convergence purposes - Euro,"Germany, Long-term interest rate for convergence purposes - Unspecified rate type, Debt security issued, 10 years maturity, New business coverage, denominated in Euro - Unspecified counterpart sector",PC,0
IRS.M.DE.L.L40.CI.0000.EUR.N.Z,M,DE,L,L40,CI,0000,EUR,N,Z,2022-01,-0.115,A,F,,,P1M,,A,,,,,,,,,2,,,Long-term interest rate for convergence purposes - Euro,"Germany, Long-term interest rate for convergence purposes - Unspecified rate type, Debt security issued, 10 years maturity, New business coverage, denominated in Euro - Unspecified counterpart sector",PC,0
IRS.M.DE.L.L40.CI.0000.EUR.N.Z,M,DE,L,L40,CI,0000,EUR,N,Z,2022-02,0.15,A,F,,,P1M,,A,,,,,,,,,2,,,Long-term interest rate for convergence purposes - Euro,"Germany, Long-term interest rate for convergence purposes - Unspecified rate type, Debt security issued, 10 years maturity, New business coverage, denominated in Euro - Unspecified counterpart sector",PC,0
IRS.M.DE.L.L40.CI.0000.EUR.N.Z,M,DE,L,L40,CI,0000,EUR,N,Z,2022-03,0.282,A,F,,,P1M,,A,,,,,,,,,2,,,Long-term interest rate for convergence purposes - Euro,"Germany, Long-term interest rate for convergence purposes - Unspecified rate type, Debt security issued, 10 years maturity, New business coverage, denominated in Euro - Unspecified counterpart sector",PC,0
IRS.M.DE.L.L40.CI.0000.EUR.N.Z,M,DE,L,L40,CI,0000,EUR,N,Z,2022-04,0.745,A,F,,,P1M,,A,,,,,,,,,2,,,Long-term interest rate for convergence purposes - Euro,"Germany, Long-term interest rate for convergence purposes - Unspecified rate type, Debt security issued, 10 years maturity, New business coverage, denominated in Euro - Unspecified counterpart sector",PC,0
IRS.M.DE.L.L40.CI.0000.EUR.N.Z,M,DE,L,L40,CI,0000,EUR,N,Z,2022-05,0.953,A,F,,,P1M,,A,,,,,,,,,2,,,Long-term interest rate for convergence purposes - Euro,"Germany, Long-term interest rate for convergence purposes - Unspecified rate type, Debt security issued, 10 years maturity, New business coverage, denominated in Euro - Unspecified counterpart sector",PC,0
IRS.M.DE.L.L40.CI.0000.EUR.N.Z,M,DE,L,L40,CI,0000,EUR,N,Z,2022-06,1.446,A,F,,,P1M,,A,,,,,,,,,2,,,Long-term interest rate for convergence purposes - Euro,"Germany, Long-term interest rate for convergence purposes - Unspecified rate type, Debt security issued, 10 years maturity, New business coverage, denominated in Euro - Unspecified counterpart sector",PC,0
IRS.M.DE.L.L40.CI.0000.EUR.N.Z,M,DE,L,L40,CI,0000,EUR,N,Z,2022-07,1.082,A,F,,,P1M,,A,,,,,,,,,2,,,Long-term interest rate for convergence purposes - Euro,"Germany, Long-term interest rate for convergence purposes - Unspecified rate type, Debt security issued, 10 years maturity, New business coverage, denominated in Euro - Unspecified counterpart sector",PC,0
IRS.M.DE.L.L40.CI.0000.EUR.N.Z,M,DE,L,L40,CI,0000,EUR,N,Z,2022-08,1.033,A,F,,,P1M,,A,,,,,,,,,2,,,Long-term interest rate for convergence purposes - Euro,"Germany, Long-term interest rate for convergence purposes - Unspecified rate type, Debt security issued, 10 years maturity, New business coverage, denominated in Euro - Unspecified counterpart sector",PC,0
IRS.M.DE.L.L40.CI.0000.EUR.N.Z,M,DE,L,L40,CI,0000,EUR,N,Z,2022-09,1.796,A,F,,,P1M,,A,,,,,,,,,2,,,Long-term interest rate for convergence purposes - Euro,"Germany, Long-term interest rate for convergence purposes - Unspecified rate type, Debt security issued, 10 years maturity, New business coverage, denominated in Euro - Unspecified counterpart sector",PC,0
IRS.M.DE.L.L40.CI.0000.EUR.N.Z,M,DE,L,L40,CI,0000,EUR,N,Z,2022-10,2.186,A,F,,,P1M,,A,,,,,,,,,2,,,Long-term interest rate for convergence purposes - Euro,"Germany, Long-term interest rate for convergence purposes - Unspecified rate type, Debt security issued, 10 years maturity, New business coverage, denominated in Euro - Unspecified counterpart sector",PC,0
IRS.M.DE.L.L40.CI.0000.EUR.N.Z,M,DE,L,L40,CI,0000,EUR,N,Z,2022-11,2.066,A,F,,,P1M,,A,,,,,,,,,2,,,Long-term interest rate for convergence purposes - Euro,"Germany, Long-term interest rate for convergence purposes - Unspecified rate type, Debt security issued, 10 years maturity, New business coverage, denominated in Euro - Unspecified counterpart sector",PC,0
IRS.M.DE.L.L40.CI.0000.EUR.N.Z,M,DE,L,L40,CI,0000,EUR,N,Z,2022-12,2.085,A,F,,,P1M,,A,,,,,,,,,2,,,Long-term interest rate for convergence purposes - Euro,"Germany, Long-term interest rate for convergence purposes - Unspecified rate type, Debt security issued, 10 years maturity, New business coverage, denominated in Euro - Unspecified counterpart sector",PC,0
IRS.M.DE.L.L40.CI.0000.EUR.N.Z,M,DE,L,L40,CI,0000,EUR,N,Z,2023-01,2.192,A,F,,,P1M,,A,,,,,,,,,2,,,Long-term interest rate for convergence purposes - Euro,"Germany, Long-term interest rate for convergence purposes - Unspecified rate type, Debt security issued, 10 years maturity, New business coverage, denominated in Euro - Unspecified counterpart sector",PC,0
IRS.M.DE.L.L40.CI.0000.EUR.N.Z,M,DE,L,L40,CI,0000,EUR,N,Z,2023-02,2.37,A,F,,,P1M,,A,,,,,,,,,2,,,Long-term interest rate for convergence purposes - Euro,"Germany, Long-term interest rate for convergence purposes - Unspecified rate type, Debt security issued, 10 years maturity, New business coverage, denominated in Euro - Unspecified counterpart sector",PC,0
IRS.M.DE.L.L40.CI.0000.EUR.N.Z,M,DE,L,L40,CI,0000,EUR,N,Z,2023-03,2.383,A,F,,,P1M,,A,,,,,,,,,2,,,Long-term interest rate for convergence purposes - Euro,"Germany, Long-term interest rate for convergence purposes - Unspecified rate type, Debt security issued, 10 years maturity, New business coverage, denominated in Euro - Unspecified counterpart sector",PC,0
IRS.M.DE.L.L40.CI.0000.EUR.N.Z,M,DE,L,L40,CI,0000,EUR,N,Z,2023-04,2.359,A,F,,,P1M,,A,,,,,,,,,2,,,Long-term interest rate for convergence purposes - Euro,"Germany, Long-term interest rate for convergence purposes - Unspecified rate type, Debt security issued, 10 years maturity, New business coverage, denominated in Euro - Unspecified counterpart sector",PC,0
IRS.M.DE.L.L40.CI.0000.EUR.N.Z,M,DE,L,L40,CI,0000,EUR,N,Z,2023-05,2.341,A,F,,,P1M,,A,,,,,,,,,2,,,Long-term interest rate for convergence purposes - Euro,"Germany, Long-term interest rate for convergence purposes - Unspecified rate type, Debt security issued, 10 years maturity, New business coverage, denominated in Euro - Unspecified counterpart sector",PC,0
IRS.M.DE.L.L40.CI.0000.EUR.N.Z,M,DE,L,L40,CI,0000,EUR,N,Z,2023-06,2.377,A,F,,,P1M,,A,,,,,,,,,2,,,Long-term interest rate for convergence purposes - Euro,"Germany, Long-term interest rate for convergence purposes - Unspecified rate type, Debt security issued, 10 years maturity, New business coverage, denominated in Euro - Unspecified counterpart sector",PC,0
IRS.M.DE.L.L40.CI.0000.EUR.N.Z,M,DE,L,L40,CI,0000,EUR,N,Z,2023-07,2.457,A,F,,,P1M,,A,,,,,,,,,2,,,Long-term interest rate for convergence purposes - Euro,"Germany, Long-term interest rate for convergence purposes - Unspecified rate type, Debt security issued, 10 years maturity, New business coverage, denominated in Euro - Unspecified counterpart sector",PC,0
IRS.M.DE.L.L40.CI.0000.EUR.N.Z,M,DE,L,L40,CI,0000,EUR,N,Z,2023-08,2.545,A,F,,,P1M,,A,,,,,,,,,2,,,Long-term interest rate for convergence purposes - Euro,"Germany, Long-term interest rate for convergence purposes - Unspecified rate type, Debt security issued, 10 years maturity, New business coverage, denominated in Euro - Unspecified counterpart sector",PC,0
IRS.M.DE.L.L40.CI.0000.EUR.N.Z,M,DE,L,L40,CI,0000,EUR,N,Z,2023-09,2.66,A,F,,,P1M,,A,,,,,,,,,2,,,Long-term interest rate for convergence purposes - Euro,"Germany, Long-term interest rate for convergence purposes - Unspecified rate type, Debt security issued, 10 years maturity, New business coverage, denominated in Euro - Unspecified counterpart sector",PC,0
IRS.M.DE.L.L40.CI.0000.EUR.N.Z,M,DE,L,L40,CI,0000,EUR,N,Z,2023-10,2.823,A,F,,,P1M,,A,,,,,,,,,2,,,Long-term interest rate for convergence purposes - Euro,"Germany, Long-term interest rate for convergence purposes - Unspecified rate type, Debt security issued, 10 years maturity, New business coverage, denominated in Euro - Unspecified counterpart sector",PC,0
IRS.M.DE.L.L40.CI.0000.EUR.N.Z,M,DE,L,L40,CI,0000,EUR,N,Z,2023-11,2.602,A,F,,,P1M,,A,,,,,,,,,2,,,Long-term interest rate for convergence purposes - Euro,"Germany, Long-term interest rate for convergence purposes - Unspecified rate type, Debt security issued, 10 years maturity, New business coverage, denominated in Euro - Unspecified counterpart sector",PC,0
IRS.M.DE.L.L40.CI.0000.EUR.N.Z,M,DE,L,L40,CI,0000,EUR,N,Z,2023-12,2.101,A,F,,,P1M,,A,,,,,,,,,2,,,Long-term interest rate for convergence purposes - Euro,"Germany, Long-term interest rate for convergence purposes - Unspecified rate type, Debt security issued, 10 years maturity, New business coverage, denominated in Euro - Unspecified counterpart sector",PC,0
IRS.M.DE.L.L40.CI.0000.EUR.N.Z,M,DE,L,L40,CI,0000,EUR,N,Z,2024-01,2.175,A,F,,,P1M,,A,,,,,,,,,2,,,Long-term interest rate for convergence purposes - Euro,"Germany, Long-term interest rate for convergence purposes - Unspecified rate type, Debt security issued, 10 years maturity, New business coverage, denominated in Euro - Unspecified counterpart sector",PC,0
IRS.M.DE.L.L40.CI.0000.EUR.N.Z,M,DE,L,L40,CI,0000,EUR,N,Z,2024-02,2.331,A,F,,,P1M,,A,,,,,,,,,2,,,Long-term interest rate for convergence purposes - Euro,"Germany, Long-term interest rate for convergence purposes - Unspecified rate type, Debt security issued, 10 years maturity, New business coverage, denominated in Euro - Unspecified counterpart sector",PC,0
IRS.M.DE.L.L40.CI.0000.EUR.N.Z,M,DE,L,L40,CI,0000,EUR,N,Z,2024-03,2.349,A,F,,,P1M,,A,,,,,,,,,2,,,Long-term interest rate for convergence purposes - Euro,"Germany, Long-term interest rate for convergence purposes - Unspecified rate type, Debt security issued, 10 years maturity, New business coverage, denominated in Euro - Unspecified counterpart sector",PC,0
IRS.M.DE.L.L40.CI.0000.EUR.N.Z,M,DE,L,L40,CI,0000,EUR,N,Z,2024-04,2.446,A,F,,,P1M,,A,,,,,,,,,2,,,Long-term interest rate for convergence purposes - Euro,"Germany, Long-term interest rate for convergence purposes - Unspecified rate type, Debt security issued, 10 years maturity, New business coverage, denominated in Euro - Unspecified counterpart sector",PC,0
IRS.M.DE.L.L40.CI.0000.EUR.N.Z,M,DE,L,L40,CI,0000,EUR,N,Z,2024-05,2.518,A,F,,,P1M,,A,,,,,,,,,2,,,Long-term interest rate for convergence purposes - Euro,"Germany, Long-term interest rate for convergence purposes - Unspecified rate type, Debt security issued, 10 years maturity, New business coverage, denominated in Euro - Unspecified counterpart sector",PC,0
IRS.M.DE.L.L40.CI.0000.EUR.N.Z,M,DE,L,L40,CI,0000,EUR,N,Z,2024-06,2.484,A,F,,,P1M,,A,,,,,,,,,2,,,Long-term interest rate for convergence purposes - Euro,"Germany, Long-term interest rate for convergence purposes - Unspecified rate type, Debt security issued, 10 years maturity, New business coverage, denominated in Euro - Unspecified counterpart sector",PC,0
IRS.M.DE.L.L40.CI.0000.EUR.N.Z,M,DE,L,L40,CI,0000,EUR,N,Z,2024-07,2.458,A,F,,,P1M,,A,,,,,,,,,2,,,Long-term interest rate for convergence purposes - Euro,"Germany, Long-term interest rate for convergence purposes - Unspecified rate type, Debt security issued, 10 years maturity, New business coverage, denominated in Euro - Unspecified counterpart sector",PC,0
IRS.M.DE.L.L40.CI.0000.EUR.N.Z,M,DE,L,L40,CI,0000,EUR,N,Z,2024-08,2.208,A,F,,,P1M,,A,,,,,,,,,2,,,Long-term interest rate for convergence purposes - Euro,"Germany, Long-term interest rate for convergence purposes - Unspecified rate type, Debt security issued, 10 years maturity, New business coverage, denominated in Euro - Unspecified counterpart sector",PC,0
IRS.M.DE.L.L40.CI.0000.EUR.N.Z,M,DE,L,L40,CI,0000,EUR,N,Z,2024-09,2.166,A,F,,,P1M,,A,,,,,,,,,2,,,Long-term interest rate for convergence purposes - Euro,"Germany, Long-term interest rate for convergence purposes - Unspecified rate type, Debt security issued, 10 years maturity, New business coverage, denominated in Euro - Unspecified counterpart sector",PC,0
IRS.M.DE.L.L40.CI.0000.EUR.N.Z,M,DE,L,L40,CI,0000,EUR,N,Z,2024-10,2.228,A,F,,,P1M,,A,,,,,,,,,2,,,Long-term interest rate for convergence purposes - Euro,"Germany, Long-term interest rate for convergence purposes - Unspecified rate type, Debt security issued, 10 years maturity, New business coverage, denominated in Euro - Unspecified counterpart sector",PC,0
IRS.M.DE.L.L40.CI.0000.EUR.N.Z,M,DE,L,L40,CI,0000,EUR,N,Z,2024-11,2.305,A,F,,,P1M,,A,,,,,,,,,2,,,Long-term interest rate for convergence purposes - Euro,"Germany, Long-term interest rate for convergence purposes - Unspecified rate type, Debt security issued, 10 years maturity, New business coverage, denominated in Euro - Unspecified counterpart sector",PC,0
IRS.M.DE.L.L40.CI.0000.EUR.N.Z,M,DE,L,L40,CI,0000,EUR,N,Z,2024-12,2.178,A,F,,,P1M,,A,,,,,,,,,2,,,Long-term interest rate for convergence purposes - Euro,"Germany, Long-term interest rate for convergence purposes - Unspecified rate type, Debt security issued, 10 years maturity, New business coverage, denominated in Euro - Unspecified counterpart sector",PC,0
IRS.M.DE.L.L40.CI.0000.EUR.N.Z,M,DE,L,L40,CI,0000,EUR,N,Z,2025-01,2.484,A,F,,,P1M,,A,,,,,,,,,2,,,Long-term interest rate for convergence purposes - Euro,"Germany, Long-term interest rate for convergence purposes - Unspecified rate type, Debt security issued, 10 years maturity, New business coverage, denominated in Euro - Unspecified counterpart sector",PC,0
IRS.M.DE.L.L40.CI.0000.EUR.N.Z,M,DE,L,L40,CI,0000,EUR,N,Z,2025-02,2.405,A,F,,,P1M,,A,,,,,,,,,2,,,Long-term interest rate for convergence purposes - Euro,"Germany, Long-term interest rate for convergence purposes - Unspecified rate type, Debt security issued, 10 years maturity, New business coverage, denominated in Euro - Unspecified counterpart sector",PC,0
IRS.M.DE.L.L40.CI.0000.EUR.N.Z,M,DE,L,L40,CI,0000,EUR,N,Z,2025-03,2.741,A,F,,,P1M,,A,,,,,,,,,2,,,Long-term interest rate for convergence purposes - Euro,"Germany, Long-term interest rate for convergence purposes - Unspecified rate type, Debt security issued, 10 years maturity, New business coverage, denominated in Euro - Unspecified counterpart sector",PC,0
IRS.M.DE.L.L40.CI.0000.EUR.N.Z,M,DE,L,L40,CI,0000,EUR,N,Z,2025-04,2.511,A,F,,,P1M,,A,,,,,,,,,2,,,Long-term interest rate for convergence purposes - Euro,"Germany, Long-term interest rate for convergence purposes - Unspecified rate type, Debt security issued, 10 years maturity, New business coverage, denominated in Euro - Unspecified counterpart sector",PC,0
IRS.M.DE.L.L40.CI.0000.EUR.N.Z,M,DE,L,L40,CI,0000,EUR,N,Z,2025-05,2.562,A,F,,,P1M,,A,,,,,,,,,2,,,Long-term interest rate for convergence purposes - Euro,"Germany, Long-term interest rate for convergence purposes - Unspecified rate type, Debt security issued, 10 years maturity, New business coverage, denominated in Euro - Unspecified counterpart sector",PC,0
IRS.M.DE.L.L40.CI.0000.EUR.N.Z,M,DE,L,L40,CI,0000,EUR,N,Z,2025-06,2.52,A,F,,,P1M,,A,,,,,,,,,2,,,Long-term interest rate for convergence purposes - Euro,"Germany, Long-term interest rate for convergence purposes - Unspecified rate type, Debt security issued, 10 years maturity, New business coverage, denominated in Euro - Unspecified counterpart sector",PC,0
IRS.M.DE.L.L40.CI.0000.EUR.N.Z,M,DE,L,L40,CI,0000,EUR,N,Z,2025-07,2.631,A,F,,,P1M,,A,,,,,,,,,2,,,Long-term interest rate for convergence purposes - Euro,"Germany, Long-term interest rate for convergence purposes - Unspecified rate type, Debt security issued, 10 years maturity, New business coverage, denominated in Euro - Unspecified counterpart sector",PC,0
IRS.M.DE.L.L40.CI.0000.EUR.N.Z,M,DE,L,L40,CI,0000,EUR,N,Z,2025-08,2.674,A,F,,,P1M,,A,,,,,,,,,2,,,Long-term interest rate for convergence purposes - Euro,"Germany, Long-term interest rate for convergence purposes - Unspecified rate type, Debt security issued, 10 years maturity, New business coverage, denominated in Euro - Unspecified counterpart sector",PC,0
IRS.M.DE.L.L40.CI.0000.EUR.N.Z,M,DE,L,L40,CI,0000,EUR,N,Z,2025-09,2.693,A,F,,,P1M,,A,,,,,,,,,2,,,Long-term interest rate for convergence purposes - Euro,"Germany, Long-term interest rate for convergence purposes - Unspecified rate type, Debt security issued, 10 years maturity, New business coverage, denominated in Euro - Unspecified counterpart sector",PC,0
IRS.M.DE.L.L40.CI.0000.EUR.N.Z,M,DE,L,L40,CI,0000,EUR,N,Z,2025-10,2.617,A,F,,,P1M,,A,,,,,,,,,2,,,Long-term interest rate for convergence purposes - Euro,"Germany, Long-term interest rate for convergence purposes - Unspecified rate type, Debt security issued, 10 years maturity, New business coverage, denominated in Euro - Unspecified counterpart sector",PC,0
IRS.M.DE.L.L40.CI.0000.EUR.N.Z,M,DE,L,L40,CI,0000,EUR,N,Z,2025-11,2.657,A,F,,,P1M,,A,,,,,,,,,2,,,Long-term interest rate for convergence purposes - Euro,"Germany, Long-term interest rate for convergence purposes - Unspecified rate type, Debt security issued, 10 years maturity, New business coverage, denominated in Euro - Unspecified counterpart sector",PC,0
IRS.M.DE.L.L40.CI.0000.EUR.N.Z,M,DE,L,L40,CI,0000,EUR,N,Z,2025-12,2.813,A,F,,,P1M,,A,,,,,,,,,2,,,Long-term interest rate for convergence purposes - Euro,"Germany, Long-term interest rate for convergence purposes - Unspecified rate type, Debt security issued, 10 years maturity, New business coverage, denominated in Euro - Unspecified counterpart sector",PC,0
IRS.M.DE.L.L40.CI.0000.EUR.N.Z,M,DE,L,L40,CI,0000,EUR,N,Z,2026-01,2.807,A,F,,,P1M,,A,,,,,,,,,2,,,Long-term interest rate for convergence purposes - Euro,"Germany, Long-term interest rate for convergence purposes - Unspecified rate type, Debt security issued, 10 years maturity, New business coverage, denominated in Euro - Unspecified counterpart sector",PC,0
IRS.M.DE.L.L40.CI.0000.EUR.N.Z,M,DE,L,L40,CI,0000,EUR,N,Z,2026-02,2.744,A,F,,,P1M,,A,,,,,,,,,2,,,Long-term interest rate for convergence purposes - Euro,"Germany, Long-term interest rate for convergence purposes - Unspecified rate type, Debt security issued, 10 years maturity, New business coverage, denominated in Euro - Unspecified counterpart sector",PC,0
IRS.M.DE.L.L40.CI.0000.EUR.N.Z,M,DE,L,L40,CI,0000,EUR,N,Z,2026-03,2.91,A,F,,,P1M,,A,,,,,,,,,2,,,Long-term interest rate for convergence purposes - Euro,"Germany, Long-term interest rate for convergence purposes - Unspecified rate type, Debt security issued, 10 years maturity, New business coverage, denominated in Euro - Unspecified counterpart sector",PC,0
IRS.M.DE.L.L40.CI.0000.EUR.N.Z,M,DE,L,L40,CI,0000,EUR,N,Z,2026-04,3,A,F,,,P1M,,A,,,,,,,,,2,,,Long-term interest rate for convergence purposes - Euro,"Germany, Long-term interest rate for convergence purposes - Unspecified rate type, Debt security issued, 10 years maturity, New business coverage, denominated in Euro - Unspecified counterpart sector",PC,0
IRS.M.DE.L.L40.CI.0000.EUR.N.Z,M,DE,L,L40,CI,0000,EUR,N,Z,2026-05,3.045,A,F,,,P1M,,A,,,,,,,,,2,,,Long-term interest rate for convergence purposes - Euro,"Germany, Long-term interest rate for convergence purposes - Unspecified rate type, Debt security issued, 10 years maturity, New business coverage, denominated in Euro - Unspecified counterpart sector",PC,0
IRS.M.DE.L.L40.CI.0000.EUR.N.Z,M,DE,L,L40,CI,0000,EUR,N,Z,2026-06,2.964,A,F,,,P1M,,A,,,,,,,,,2,,,Long-term interest rate for convergence purposes - Euro,"Germany, Long-term interest rate for convergence purposes - Unspecified rate type, Debt security issued, 10 years maturity, New business coverage, denominated in Euro - Unspecified counterpart sector",PC,0
IRS.M.DE.L.L40.CI.0000.EUR.N.Z,M,DE,L,L40,CI,0000,EUR,N,Z,2026-07,3.07,A,F,,,P1M,,A,,,,,,,,,2,,,Long-term interest rate for convergence purposes - Euro,"Germany, Long-term interest rate for convergence purposes - Unspecified rate type, Debt security issued, 10 years maturity, New business coverage, denominated in Euro - Unspecified counterpart sector",PC,0
IRS.M.DE.L.L40.CI.0000.EUR.N.Z,M,DE,L,L40,CI,0000,EUR,N,Z,2026-08,3.185,A,F,,,P1M,,A,,,,,,,,,2,,,Long-term interest rate for convergence purposes - Euro,"Germany, Long-term interest rate for convergence purposes - Unspecified rate type, Debt security issued, 10 years maturity, New business coverage, denominated in Euro - Unspecified counterpart sector",PC,0
