KEY,FREQ,REF_AREA,ADJUSTMENT,STS_CONCEPT,STS_CLASS,STS_INSTITUTION,STS_SUFFIX,TIME_PERIOD,OBS_VALUE,OBS_STATUS,OBS_CONF,OBS_PRE_BREAK,OBS_COM,TIME_FORMAT,BREAKS,COLLECTION,COMPILING_ORG,DISS_ORG,DOM_SER_IDS,PUBL_ECB,PUBL_MU,PUBL_PUBLIC,UNIT_INDEX_BASE,COMPILATION,COVERAGE,DECIMALS,NAT_TITLE,SOURCE_AGENCY,SOURCE_PUB,TITLE,TITLE_COMPL,UNIT,UNIT_MULT
STS.M.I9.Y.PROD.NS0020.4.000,M,I9,Y,PROD,NS0020,4,000,1991-01,78.8,A,F,,,P1M,,A,,,,,,,2021=100,,,2,,4D0,New Cronos,Industrial production; total excluding construction ,"Euro area 20 (fixed composition) as of 1 January 2023 - Industrial Production Index, Total Industry (excluding construction) - NACE Rev2; Eurostat; Working day and seasonally adjusted ",PURE_NUMB,0
STS.M.I9.Y.PROD.NS0020.4.000,M,I9,Y,PROD,NS0020,4,000,1991-02,77.9,A,F,,,P1M,,A,,,,,,,2021=100,,,2,,4D0,New Cronos,Industrial production; total excluding construction ,"Euro area 20 (fixed composition) as of 1 January 2023 - Industrial Production Index, Total Industry (excluding construction) - NACE Rev2; Eurostat; Working day and seasonally adjusted ",PURE_NUMB,0
STS.M.I9.Y.PROD.NS0020.4.000,M,I9,Y,PROD,NS0020,4,000,1991-03,77.2,A,F,,,P1M,,A,,,,,,,2021=100,,,2,,4D0,New Cronos,Industrial production; total excluding construction ,"Euro area 20 (fixed composition) as of 1 January 2023 - Industrial Production Index, Total Industry (excluding construction) - NACE Rev2; Eurostat; Working day and seasonally adjusted ",PURE_NUMB,0
STS.M.I9.Y.PROD.NS0020.4.000,M,I9,Y,PROD,NS0020,4,000,1991-04,76.7,A,F,,,P1M,,A,,,,,,,2021=100,,,2,,4D0,New Cronos,Industrial production; total excluding construction ,"Euro area 20 (fixed composition) as of 1 January 2023 - Industrial Production Index, Total Industry (excluding construction) - NACE Rev2; Eurostat; Working day and seasonally adjusted ",PURE_NUMB,0
STS.M.I9.Y.PROD.NS0020.4.000,M,I9,Y,PROD,NS0020,4,000,1991-05,76.6,A,F,,,P1M,,A,,,,,,,2021=100,,,2,,4D0,New Cronos,Industrial production; total excluding construction ,"Euro area 20 (fixed composition) as of 1 January 2023 - Industrial Production Index, Total Industry (excluding construction) - NACE Rev2; Eurostat; Working day and seasonally adjusted ",PURE_NUMB,0
STS.M.I9.Y.PROD.NS0020.4.000,M,I9,Y,PROD,NS0020,4,000,1991-06,78.1,A,F,,,P1M,,A,,,,,,,2021=100,,,2,,4D0,New Cronos,Industrial production; total excluding construction ,"Euro area 20 (fixed composition) as of 1 January 2023 - Industrial Production Index, Total Industry (excluding construction) - NACE Rev2; Eurostat; Working day and seasonally adjusted ",PURE_NUMB,0
STS.M.I9.Y.PROD.NS0020.4.000,M,I9,Y,PROD,NS0020,4,000,1991-07,76.6,A,F,,,P1M,,A,,,,,,,2021=100,,,2,,4D0,New Cronos,Industrial production; total excluding construction ,"Euro area 20 (fixed composition) as of 1 January 2023 - Industrial Production Index, Total Industry (excluding construction) - NACE Rev2; Eurostat; Working day and seasonally adjusted ",PURE_NUMB,0
STS.M.I9.Y.PROD.NS0020.4.000,M,I9,Y,PROD,NS0020,4,000,1991-08,76.5,A,F,,,P1M,,A,,,,,,,2021=100,,,2,,4D0,New Cronos,Industrial production; total excluding construction ,"Euro area 20 (fixed composition) as of 1 January 2023 - Industrial Production Index, Total Industry (excluding construction) - NACE Rev2; Eurostat; Working day and seasonally adjusted ",PURE_NUMB,0
STS.M.I9.Y.PROD.NS0020.4.000,M,I9,Y,PROD,NS0020,4,000,1991-09,76.7,A,F,,,P1M,,A,,,,,,,2021=100,,,2,,4D0,New Cronos,Industrial production; total excluding construction ,"Euro area 20 (fixed composition) as of 1 January 2023 - Industrial Production Index, Total Industry (excluding construction) - NACE Rev2; Eurostat; Working day and seasonally adjusted ",PURE_NUMB,0
STS.M.I9.Y.PROD.NS0020.4.000,M,I9,Y,PROD,NS0020,4,000,1991-10,77,A,F,,,P1M,,A,,,,,,,2021=100,,,2,,4D0,New Cronos,Industrial production; total excluding construction ,"Euro area 20 (fixed composition) as of 1 January 2023 - Industrial Production Index, Total Industry (excluding construction) - NACE Rev2; Eurostat; Working day and seasonally adjusted ",PURE_NUMB,0
STS.M.I9.Y.PROD.NS0020.4.000,M,I9,Y,PROD,NS0020,4,000,1991-11,77.9,A,F,,,P1M,,A,,,,,,,2021=100,,,2,,4D0,New Cronos,Industrial production; total excluding construction ,"Euro area 20 (fixed composition) as of 1 January 2023 - Industrial Production Index, Total Industry (excluding construction) - NACE Rev2; Eurostat; Working day and seasonally adjusted ",PURE_NUMB,0
STS.M.I9.Y.PROD.NS0020.4.000,M,I9,Y,PROD,NS0020,4,000,1991-12,77.3,A,F,,,P1M,,A,,,,,,,2021=100,,,2,,4D0,New Cronos,Industrial production; total excluding construction ,"Euro area 20 (fixed composition) as of 1 January 2023 - Industrial Production Index, Total Industry (excluding construction) - NACE Rev2; Eurostat; Working day and seasonally adjusted ",PURE_NUMB,0
STS.M.I9.Y.PROD.NS0020.4.000,M,I9,Y,PROD,NS0020,4,000,1992-01,78.2,A,F,,,P1M,,A,,,,,,,2021=100,,,2,,4D0,New Cronos,Industrial production; total excluding construction ,"Euro area 20 (fixed composition) as of 1 January 2023 - Industrial Production Index, Total Industry (excluding construction) - NACE Rev2; Eurostat; Working day and seasonally adjusted ",PURE_NUMB,0
STS.M.I9.Y.PROD.NS0020.4.000,M,I9,Y,PROD,NS0020,4,000,1992-02,78.7,A,F,,,P1M,,A,,,,,,,2021=100,,,2,,4D0,New Cronos,Industrial production; total excluding construction ,"Euro area 20 (fixed composition) as of 1 January 2023 - Industrial Production Index, Total Industry (excluding construction) - NACE Rev2; Eurostat; Working day and seasonally adjusted ",PURE_NUMB,0
STS.M.I9.Y.PROD.NS0020.4.000,M,I9,Y,PROD,NS0020,4,000,1992-03,77.7,A,F,,,P1M,,A,,,,,,,2021=100,,,2,,4D0,New Cronos,Industrial production; total excluding construction ,"Euro area 20 (fixed composition) as of 1 January 2023 - Industrial Production Index, Total Industry (excluding construction) - NACE Rev2; Eurostat; Working day and seasonally adjusted ",PURE_NUMB,0
STS.M.I9.Y.PROD.NS0020.4.000,M,I9,Y,PROD,NS0020,4,000,1992-04,77.6,A,F,,,P1M,,A,,,,,,,2021=100,,,2,,4D0,New Cronos,Industrial production; total excluding construction ,"Euro area 20 (fixed composition) as of 1 January 2023 - Industrial Production Index, Total Industry (excluding construction) - NACE Rev2; Eurostat; Working day and seasonally adjusted ",PURE_NUMB,0
STS.M.I9.Y.PROD.NS0020.4.000,M,I9,Y,PROD,NS0020,4,000,1992-05,77.1,A,F,,,P1M,,A,,,,,,,2021=100,,,2,,4D0,New Cronos,Industrial production; total excluding construction ,"Euro area 20 (fixed composition) as of 1 January 2023 - Industrial Production Index, Total Industry (excluding construction) - NACE Rev2; Eurostat; Working day and seasonally adjusted ",PURE_NUMB,0
STS.M.I9.Y.PROD.NS0020.4.000,M,I9,Y,PROD,NS0020,4,000,1992-06,76.4,A,F,,,P1M,,A,,,,,,,2021=100,,,2,,4D0,New Cronos,Industrial production; total excluding construction ,"Euro area 20 (fixed composition) as of 1 January 2023 - Industrial Production Index, Total Industry (excluding construction) - NACE Rev2; Eurostat; Working day and seasonally adjusted ",PURE_NUMB,0
STS.M.I9.Y.PROD.NS0020.4.000,M,I9,Y,PROD,NS0020,4,000,1992-07,75.4,A,F,,,P1M,,A,,,,,,,2021=100,,,2,,4D0,New Cronos,Industrial production; total excluding construction ,"Euro area 20 (fixed composition) as of 1 January 2023 - Industrial Production Index, Total Industry (excluding construction) - NACE Rev2; Eurostat; Working day and seasonally adjusted ",PURE_NUMB,0
STS.M.I9.Y.PROD.NS0020.4.000,M,I9,Y,PROD,NS0020,4,000,1992-08,75.4,A,F,,,P1M,,A,,,,,,,2021=100,,,2,,4D0,New Cronos,Industrial production; total excluding construction ,"Euro area 20 (fixed composition) as of 1 January 2023 - Industrial Production Index, Total Industry (excluding construction) - NACE Rev2; Eurostat; Working day and seasonally adjusted ",PURE_NUMB,0
STS.M.I9.Y.PROD.NS0020.4.000,M,I9,Y,PROD,NS0020,4,000,1992-09,74.7,A,F,,,P1M,,A,,,,,,,2021=100,,,2,,4D0,New Cronos,Industrial production; total excluding construction ,"Euro area 20 (fixed composition) as of 1 January 2023 - Industrial Production Index, Total Industry (excluding construction) - NACE Rev2; Eurostat; Working day and seasonally adjusted ",PURE_NUMB,0
STS.M.I9.Y.PROD.NS0020.4.000,M,I9,Y,PROD,NS0020,4,000,1992-10,74.9,A,F,,,P1M,,A,,,,,,,2021=100,,,2,,4D0,New Cronos,Industrial production; total excluding construction ,"Euro area 20 (fixed composition) as of 1 January 2023 - Industrial Production Index, Total Industry (excluding construction) - NACE Rev2; Eurostat; Working day and seasonally adjusted ",PURE_NUMB,0
STS.M.I9.Y.PROD.NS0020.4.000,M,I9,Y,PROD,NS0020,4,000,1992-11,74.2,A,F,,,P1M,,A,,,,,,,2021=100,,,2,,4D0,New Cronos,Industrial production; total excluding construction ,"Euro area 20 (fixed composition) as of 1 January 2023 - Industrial Production Index, Total Industry (excluding construction) - NACE Rev2; Eurostat; Working day and seasonally adjusted ",PURE_NUMB,0
STS.M.I9.Y.PROD.NS0020.4.000,M,I9,Y,PROD,NS0020,4,000,1992-12,72.8,A,F,,,P1M,,A,,,,,,,2021=100,,,2,,4D0,New Cronos,Industrial production; total excluding construction ,"Euro area 20 (fixed composition) as of 1 January 2023 - Industrial Production Index, Total Industry (excluding construction) - NACE Rev2; Eurostat; Working day and seasonally adjusted ",PURE_NUMB,0
STS.M.I9.Y.PROD.NS0020.4.000,M,I9,Y,PROD,NS0020,4,000,1993-01,73.2,A,F,,,P1M,,A,,,,,,,2021=100,,,2,,4D0,New Cronos,Industrial production; total excluding construction ,"Euro area 20 (fixed composition) as of 1 January 2023 - Industrial Production Index, Total Industry (excluding construction) - NACE Rev2; Eurostat; Working day and seasonally adjusted ",PURE_NUMB,0
STS.M.I9.Y.PROD.NS0020.4.000,M,I9,Y,PROD,NS0020,4,000,1993-02,72.6,A,F,,,P1M,,A,,,,,,,2021=100,,,2,,4D0,New Cronos,Industrial production; total excluding construction ,"Euro area 20 (fixed composition) as of 1 January 2023 - Industrial Production Index, Total Industry (excluding construction) - NACE Rev2; Eurostat; Working day and seasonally adjusted ",PURE_NUMB,0
STS.M.I9.Y.PROD.NS0020.4.000,M,I9,Y,PROD,NS0020,4,000,1993-03,72.3,A,F,,,P1M,,A,,,,,,,2021=100,,,2,,4D0,New Cronos,Industrial production; total excluding construction ,"Euro area 20 (fixed composition) as of 1 January 2023 - Industrial Production Index, Total Industry (excluding construction) - NACE Rev2; Eurostat; Working day and seasonally adjusted ",PURE_NUMB,0
STS.M.I9.Y.PROD.NS0020.4.000,M,I9,Y,PROD,NS0020,4,000,1993-04,72.1,A,F,,,P1M,,A,,,,,,,2021=100,,,2,,4D0,New Cronos,Industrial production; total excluding construction ,"Euro area 20 (fixed composition) as of 1 January 2023 - Industrial Production Index, Total Industry (excluding construction) - NACE Rev2; Eurostat; Working day and seasonally adjusted ",PURE_NUMB,0
STS.M.I9.Y.PROD.NS0020.4.000,M,I9,Y,PROD,NS0020,4,000,1993-05,72,A,F,,,P1M,,A,,,,,,,2021=100,,,2,,4D0,New Cronos,Industrial production; total excluding construction ,"Euro area 20 (fixed composition) as of 1 January 2023 - Industrial Production Index, Total Industry (excluding construction) - NACE Rev2; Eurostat; Working day and seasonally adjusted ",PURE_NUMB,0
STS.M.I9.Y.PROD.NS0020.4.000,M,I9,Y,PROD,NS0020,4,000,1993-06,71.5,A,F,,,P1M,,A,,,,,,,2021=100,,,2,,4D0,New Cronos,Industrial production; total excluding construction ,"Euro area 20 (fixed composition) as of 1 January 2023 - Industrial Production Index, Total Industry (excluding construction) - NACE Rev2; Eurostat; Working day and seasonally adjusted ",PURE_NUMB,0
STS.M.I9.Y.PROD.NS0020.4.000,M,I9,Y,PROD,NS0020,4,000,1993-07,71,A,F,,,P1M,,A,,,,,,,2021=100,,,2,,4D0,New Cronos,Industrial production; total excluding construction ,"Euro area 20 (fixed composition) as of 1 January 2023 - Industrial Production Index, Total Industry (excluding construction) - NACE Rev2; Eurostat; Working day and seasonally adjusted ",PURE_NUMB,0
STS.M.I9.Y.PROD.NS0020.4.000,M,I9,Y,PROD,NS0020,4,000,1993-08,72.1,A,F,,,P1M,,A,,,,,,,2021=100,,,2,,4D0,New Cronos,Industrial production; total excluding construction ,"Euro area 20 (fixed composition) as of 1 January 2023 - Industrial Production Index, Total Industry (excluding construction) - NACE Rev2; Eurostat; Working day and seasonally adjusted ",PURE_NUMB,0
STS.M.I9.Y.PROD.NS0020.4.000,M,I9,Y,PROD,NS0020,4,000,1993-09,72.4,A,F,,,P1M,,A,,,,,,,2021=100,,,2,,4D0,New Cronos,Industrial production; total excluding construction ,"Euro area 20 (fixed composition) as of 1 January 2023 - Industrial Production Index, Total Industry (excluding construction) - NACE Rev2; Eurostat; Working day and seasonally adjusted ",PURE_NUMB,0
STS.M.I9.Y.PROD.NS0020.4.000,M,I9,Y,PROD,NS0020,4,000,1993-10,72.5,A,F,,,P1M,,A,,,,,,,2021=100,,,2,,4D0,New Cronos,Industrial production; total excluding construction ,"Euro area 20 (fixed composition) as of 1 January 2023 - Industrial Production Index, Total Industry (excluding construction) - NACE Rev2; Eurostat; Working day and seasonally adjusted ",PURE_NUMB,0
STS.M.I9.Y.PROD.NS0020.4.000,M,I9,Y,PROD,NS0020,4,000,1993-11,72.4,A,F,,,P1M,,A,,,,,,,2021=100,,,2,,4D0,New Cronos,Industrial production; total excluding construction ,"Euro area 20 (fixed composition) as of 1 January 2023 - Industrial Production Index, Total Industry (excluding construction) - NACE Rev2; Eurostat; Working day and seasonally adjusted ",PURE_NUMB,0
STS.M.I9.Y.PROD.NS0020.4.000,M,I9,Y,PROD,NS0020,4,000,1993-12,72.6,A,F,,,P1M,,A,,,,,,,2021=100,,,2,,4D0,New Cronos,Industrial production; total excluding construction ,"Euro area 20 (fixed composition) as of 1 January 2023 - Industrial Production Index, Total Industry (excluding construction) - NACE Rev2; Eurostat; Working day and seasonally adjusted ",PURE_NUMB,0
STS.M.I9.Y.PROD.NS0020.4.000,M,I9,Y,PROD,NS0020,4,000,1994-01,72.7,A,F,,,P1M,,A,,,,,,,2021=100,,,2,,4D0,New Cronos,Industrial production; total excluding construction ,"Euro area 20 (fixed composition) as of 1 January 2023 - Industrial Production Index, Total Industry (excluding construction) - NACE Rev2; Eurostat; Working day and seasonally adjusted ",PURE_NUMB,0
STS.M.I9.Y.PROD.NS0020.4.000,M,I9,Y,PROD,NS0020,4,000,1994-02,73.7,A,F,,,P1M,,A,,,,,,,2021=100,,,2,,4D0,New Cronos,Industrial production; total excluding construction ,"Euro area 20 (fixed composition) as of 1 January 2023 - Industrial Production Index, Total Industry (excluding construction) - NACE Rev2; Eurostat; Working day and seasonally adjusted ",PURE_NUMB,0
STS.M.I9.Y.PROD.NS0020.4.000,M,I9,Y,PROD,NS0020,4,000,1994-03,73.9,A,F,,,P1M,,A,,,,,,,2021=100,,,2,,4D0,New Cronos,Industrial production; total excluding construction ,"Euro area 20 (fixed composition) as of 1 January 2023 - Industrial Production Index, Total Industry (excluding construction) - NACE Rev2; Eurostat; Working day and seasonally adjusted ",PURE_NUMB,0
STS.M.I9.Y.PROD.NS0020.4.000,M,I9,Y,PROD,NS0020,4,000,1994-04,75,A,F,,,P1M,,A,,,,,,,2021=100,,,2,,4D0,New Cronos,Industrial production; total excluding construction ,"Euro area 20 (fixed composition) as of 1 January 2023 - Industrial Production Index, Total Industry (excluding construction) - NACE Rev2; Eurostat; Working day and seasonally adjusted ",PURE_NUMB,0
STS.M.I9.Y.PROD.NS0020.4.000,M,I9,Y,PROD,NS0020,4,000,1994-05,74.9,A,F,,,P1M,,A,,,,,,,2021=100,,,2,,4D0,New Cronos,Industrial production; total excluding construction ,"Euro area 20 (fixed composition) as of 1 January 2023 - Industrial Production Index, Total Industry (excluding construction) - NACE Rev2; Eurostat; Working day and seasonally adjusted ",PURE_NUMB,0
STS.M.I9.Y.PROD.NS0020.4.000,M,I9,Y,PROD,NS0020,4,000,1994-06,75.4,A,F,,,P1M,,A,,,,,,,2021=100,,,2,,4D0,New Cronos,Industrial production; total excluding construction ,"Euro area 20 (fixed composition) as of 1 January 2023 - Industrial Production Index, Total Industry (excluding construction) - NACE Rev2; Eurostat; Working day and seasonally adjusted ",PURE_NUMB,0
STS.M.I9.Y.PROD.NS0020.4.000,M,I9,Y,PROD,NS0020,4,000,1994-07,75.6,A,F,,,P1M,,A,,,,,,,2021=100,,,2,,4D0,New Cronos,Industrial production; total excluding construction ,"Euro area 20 (fixed composition) as of 1 January 2023 - Industrial Production Index, Total Industry (excluding construction) - NACE Rev2; Eurostat; Working day and seasonally adjusted ",PURE_NUMB,0
STS.M.I9.Y.PROD.NS0020.4.000,M,I9,Y,PROD,NS0020,4,000,1994-08,75.7,A,F,,,P1M,,A,,,,,,,2021=100,,,2,,4D0,New Cronos,Industrial production; total excluding construction ,"Euro area 20 (fixed composition) as of 1 January 2023 - Industrial Production Index, Total Industry (excluding construction) - NACE Rev2; Eurostat; Working day and seasonally adjusted ",PURE_NUMB,0
STS.M.I9.Y.PROD.NS0020.4.000,M,I9,Y,PROD,NS0020,4,000,1994-09,76.3,A,F,,,P1M,,A,,,,,,,2021=100,,,2,,4D0,New Cronos,Industrial production; total excluding construction ,"Euro area 20 (fixed composition) as of 1 January 2023 - Industrial Production Index, Total Industry (excluding construction) - NACE Rev2; Eurostat; Working day and seasonally adjusted ",PURE_NUMB,0
STS.M.I9.Y.PROD.NS0020.4.000,M,I9,Y,PROD,NS0020,4,000,1994-10,77.1,A,F,,,P1M,,A,,,,,,,2021=100,,,2,,4D0,New Cronos,Industrial production; total excluding construction ,"Euro area 20 (fixed composition) as of 1 January 2023 - Industrial Production Index, Total Industry (excluding construction) - NACE Rev2; Eurostat; Working day and seasonally adjusted ",PURE_NUMB,0
STS.M.I9.Y.PROD.NS0020.4.000,M,I9,Y,PROD,NS0020,4,000,1994-11,77.5,A,F,,,P1M,,A,,,,,,,2021=100,,,2,,4D0,New Cronos,Industrial production; total excluding construction ,"Euro area 20 (fixed composition) as of 1 January 2023 - Industrial Production Index, Total Industry (excluding construction) - NACE Rev2; Eurostat; Working day and seasonally adjusted ",PURE_NUMB,0
STS.M.I9.Y.PROD.NS0020.4.000,M,I9,Y,PROD,NS0020,4,000,1994-12,78.5,A,F,,,P1M,,A,,,,,,,2021=100,,,2,,4D0,New Cronos,Industrial production; total excluding construction ,"Euro area 20 (fixed composition) as of 1 January 2023 - Industrial Production Index, Total Industry (excluding construction) - NACE Rev2; Eurostat; Working day and seasonally adjusted ",PURE_NUMB,0
STS.M.I9.Y.PROD.NS0020.4.000,M,I9,Y,PROD,NS0020,4,000,1995-01,78,A,F,,,P1M,,A,,,,,,,2021=100,,,2,,4D0,New Cronos,Industrial production; total excluding construction ,"Euro area 20 (fixed composition) as of 1 January 2023 - Industrial Production Index, Total Industry (excluding construction) - NACE Rev2; Eurostat; Working day and seasonally adjusted ",PURE_NUMB,0
STS.M.I9.Y.PROD.NS0020.4.000,M,I9,Y,PROD,NS0020,4,000,1995-02,77.9,A,F,,,P1M,,A,,,,,,,2021=100,,,2,,4D0,New Cronos,Industrial production; total excluding construction ,"Euro area 20 (fixed composition) as of 1 January 2023 - Industrial Production Index, Total Industry (excluding construction) - NACE Rev2; Eurostat; Working day and seasonally adjusted ",PURE_NUMB,0
STS.M.I9.Y.PROD.NS0020.4.000,M,I9,Y,PROD,NS0020,4,000,1995-03,78,A,F,,,P1M,,A,,,,,,,2021=100,,,2,,4D0,New Cronos,Industrial production; total excluding construction ,"Euro area 20 (fixed composition) as of 1 January 2023 - Industrial Production Index, Total Industry (excluding construction) - NACE Rev2; Eurostat; Working day and seasonally adjusted ",PURE_NUMB,0
STS.M.I9.Y.PROD.NS0020.4.000,M,I9,Y,PROD,NS0020,4,000,1995-04,78.3,A,F,,,P1M,,A,,,,,,,2021=100,,,2,,4D0,New Cronos,Industrial production; total excluding construction ,"Euro area 20 (fixed composition) as of 1 January 2023 - Industrial Production Index, Total Industry (excluding construction) - NACE Rev2; Eurostat; Working day and seasonally adjusted ",PURE_NUMB,0
STS.M.I9.Y.PROD.NS0020.4.000,M,I9,Y,PROD,NS0020,4,000,1995-05,78.5,A,F,,,P1M,,A,,,,,,,2021=100,,,2,,4D0,New Cronos,Industrial production; total excluding construction ,"Euro area 20 (fixed composition) as of 1 January 2023 - Industrial Production Index, Total Industry (excluding construction) - NACE Rev2; Eurostat; Working day and seasonally adjusted ",PURE_NUMB,0
STS.M.I9.Y.PROD.NS0020.4.000,M,I9,Y,PROD,NS0020,4,000,1995-06,78.3,A,F,,,P1M,,A,,,,,,,2021=100,,,2,,4D0,New Cronos,Industrial production; total excluding construction ,"Euro area 20 (fixed composition) as of 1 January 2023 - Industrial Production Index, Total Industry (excluding construction) - NACE Rev2; Eurostat; Working day and seasonally adjusted ",PURE_NUMB,0
STS.M.I9.Y.PROD.NS0020.4.000,M,I9,Y,PROD,NS0020,4,000,1995-07,78.1,A,F,,,P1M,,A,,,,,,,2021=100,,,2,,4D0,New Cronos,Industrial production; total excluding construction ,"Euro area 20 (fixed composition) as of 1 January 2023 - Industrial Production Index, Total Industry (excluding construction) - NACE Rev2; Eurostat; Working day and seasonally adjusted ",PURE_NUMB,0
STS.M.I9.Y.PROD.NS0020.4.000,M,I9,Y,PROD,NS0020,4,000,1995-08,78.1,A,F,,,P1M,,A,,,,,,,2021=100,,,2,,4D0,New Cronos,Industrial production; total excluding construction ,"Euro area 20 (fixed composition) as of 1 January 2023 - Industrial Production Index, Total Industry (excluding construction) - NACE Rev2; Eurostat; Working day and seasonally adjusted ",PURE_NUMB,0
STS.M.I9.Y.PROD.NS0020.4.000,M,I9,Y,PROD,NS0020,4,000,1995-09,78.6,A,F,,,P1M,,A,,,,,,,2021=100,,,2,,4D0,New Cronos,Industrial production; total excluding construction ,"Euro area 20 (fixed composition) as of 1 January 2023 - Industrial Production Index, Total Industry (excluding construction) - NACE Rev2; Eurostat; Working day and seasonally adjusted ",PURE_NUMB,0
STS.M.I9.Y.PROD.NS0020.4.000,M,I9,Y,PROD,NS0020,4,000,1995-10,77.5,A,F,,,P1M,,A,,,,,,,2021=100,,,2,,4D0,New Cronos,Industrial production; total excluding construction ,"Euro area 20 (fixed composition) as of 1 January 2023 - Industrial Production Index, Total Industry (excluding construction) - NACE Rev2; Eurostat; Working day and seasonally adjusted ",PURE_NUMB,0
STS.M.I9.Y.PROD.NS0020.4.000,M,I9,Y,PROD,NS0020,4,000,1995-11,77.8,A,F,,,P1M,,A,,,,,,,2021=100,,,2,,4D0,New Cronos,Industrial production; total excluding construction ,"Euro area 20 (fixed composition) as of 1 January 2023 - Industrial Production Index, Total Industry (excluding construction) - NACE Rev2; Eurostat; Working day and seasonally adjusted ",PURE_NUMB,0
STS.M.I9.Y.PROD.NS0020.4.000,M,I9,Y,PROD,NS0020,4,000,1995-12,78.8,A,F,,,P1M,,A,,,,,,,2021=100,,,2,,4D0,New Cronos,Industrial production; total excluding construction ,"Euro area 20 (fixed composition) as of 1 January 2023 - Industrial Production Index, Total Industry (excluding construction) - NACE Rev2; Eurostat; Working day and seasonally adjusted ",PURE_NUMB,0
STS.M.I9.Y.PROD.NS0020.4.000,M,I9,Y,PROD,NS0020,4,000,1996-01,78.1,A,F,,,P1M,,A,,,,,,,2021=100,,,2,,4D0,New Cronos,Industrial production; total excluding construction ,"Euro area 20 (fixed composition) as of 1 January 2023 - Industrial Production Index, Total Industry (excluding construction) - NACE Rev2; Eurostat; Working day and seasonally adjusted ",PURE_NUMB,0
STS.M.I9.Y.PROD.NS0020.4.000,M,I9,Y,PROD,NS0020,4,000,1996-02,78,A,F,,,P1M,,A,,,,,,,2021=100,,,2,,4D0,New Cronos,Industrial production; total excluding construction ,"Euro area 20 (fixed composition) as of 1 January 2023 - Industrial Production Index, Total Industry (excluding construction) - NACE Rev2; Eurostat; Working day and seasonally adjusted ",PURE_NUMB,0
STS.M.I9.Y.PROD.NS0020.4.000,M,I9,Y,PROD,NS0020,4,000,1996-03,77.8,A,F,,,P1M,,A,,,,,,,2021=100,,,2,,4D0,New Cronos,Industrial production; total excluding construction ,"Euro area 20 (fixed composition) as of 1 January 2023 - Industrial Production Index, Total Industry (excluding construction) - NACE Rev2; Eurostat; Working day and seasonally adjusted ",PURE_NUMB,0
STS.M.I9.Y.PROD.NS0020.4.000,M,I9,Y,PROD,NS0020,4,000,1996-04,77.2,A,F,,,P1M,,A,,,,,,,2021=100,,,2,,4D0,New Cronos,Industrial production; total excluding construction ,"Euro area 20 (fixed composition) as of 1 January 2023 - Industrial Production Index, Total Industry (excluding construction) - NACE Rev2; Eurostat; Working day and seasonally adjusted ",PURE_NUMB,0
STS.M.I9.Y.PROD.NS0020.4.000,M,I9,Y,PROD,NS0020,4,000,1996-05,78,A,F,,,P1M,,A,,,,,,,2021=100,,,2,,4D0,New Cronos,Industrial production; total excluding construction ,"Euro area 20 (fixed composition) as of 1 January 2023 - Industrial Production Index, Total Industry (excluding construction) - NACE Rev2; Eurostat; Working day and seasonally adjusted ",PURE_NUMB,0
STS.M.I9.Y.PROD.NS0020.4.000,M,I9,Y,PROD,NS0020,4,000,1996-06,78.1,A,F,,,P1M,,A,,,,,,,2021=100,,,2,,4D0,New Cronos,Industrial production; total excluding construction ,"Euro area 20 (fixed composition) as of 1 January 2023 - Industrial Production Index, Total Industry (excluding construction) - NACE Rev2; Eurostat; Working day and seasonally adjusted ",PURE_NUMB,0
STS.M.I9.Y.PROD.NS0020.4.000,M,I9,Y,PROD,NS0020,4,000,1996-07,77.3,A,F,,,P1M,,A,,,,,,,2021=100,,,2,,4D0,New Cronos,Industrial production; total excluding construction ,"Euro area 20 (fixed composition) as of 1 January 2023 - Industrial Production Index, Total Industry (excluding construction) - NACE Rev2; Eurostat; Working day and seasonally adjusted ",PURE_NUMB,0
STS.M.I9.Y.PROD.NS0020.4.000,M,I9,Y,PROD,NS0020,4,000,1996-08,78.3,A,F,,,P1M,,A,,,,,,,2021=100,,,2,,4D0,New Cronos,Industrial production; total excluding construction ,"Euro area 20 (fixed composition) as of 1 January 2023 - Industrial Production Index, Total Industry (excluding construction) - NACE Rev2; Eurostat; Working day and seasonally adjusted ",PURE_NUMB,0
STS.M.I9.Y.PROD.NS0020.4.000,M,I9,Y,PROD,NS0020,4,000,1996-09,78.3,A,F,,,P1M,,A,,,,,,,2021=100,,,2,,4D0,New Cronos,Industrial production; total excluding construction ,"Euro area 20 (fixed composition) as of 1 January 2023 - Industrial Production Index, Total Industry (excluding construction) - NACE Rev2; Eurostat; Working day and seasonally adjusted ",PURE_NUMB,0
STS.M.I9.Y.PROD.NS0020.4.000,M,I9,Y,PROD,NS0020,4,000,1996-10,78,A,F,,,P1M,,A,,,,,,,2021=100,,,2,,4D0,New Cronos,Industrial production; total excluding construction ,"Euro area 20 (fixed composition) as of 1 January 2023 - Industrial Production Index, Total Industry (excluding construction) - NACE Rev2; Eurostat; Working day and seasonally adjusted ",PURE_NUMB,0
STS.M.I9.Y.PROD.NS0020.4.000,M,I9,Y,PROD,NS0020,4,000,1996-11,78.6,A,F,,,P1M,,A,,,,,,,2021=100,,,2,,4D0,New Cronos,Industrial production; total excluding construction ,"Euro area 20 (fixed composition) as of 1 January 2023 - Industrial Production Index, Total Industry (excluding construction) - NACE Rev2; Eurostat; Working day and seasonally adjusted ",PURE_NUMB,0
STS.M.I9.Y.PROD.NS0020.4.000,M,I9,Y,PROD,NS0020,4,000,1996-12,78.5,A,F,,,P1M,,A,,,,,,,2021=100,,,2,,4D0,New Cronos,Industrial production; total excluding construction ,"Euro area 20 (fixed composition) as of 1 January 2023 - Industrial Production Index, Total Industry (excluding construction) - NACE Rev2; Eurostat; Working day and seasonally adjusted ",PURE_NUMB,0
STS.M.I9.Y.PROD.NS0020.4.000,M,I9,Y,PROD,NS0020,4,000,1997-01,78.6,A,F,,,P1M,,A,,,,,,,2021=100,,,2,,4D0,New Cronos,Industrial production; total excluding construction ,"Euro area 20 (fixed composition) as of 1 January 2023 - Industrial Production Index, Total Industry (excluding construction) - NACE Rev2; Eurostat; Working day and seasonally adjusted ",PURE_NUMB,0
STS.M.I9.Y.PROD.NS0020.4.000,M,I9,Y,PROD,NS0020,4,000,1997-02,79,A,F,,,P1M,,A,,,,,,,2021=100,,,2,,4D0,New Cronos,Industrial production; total excluding construction ,"Euro area 20 (fixed composition) as of 1 January 2023 - Industrial Production Index, Total Industry (excluding construction) - NACE Rev2; Eurostat; Working day and seasonally adjusted ",PURE_NUMB,0
STS.M.I9.Y.PROD.NS0020.4.000,M,I9,Y,PROD,NS0020,4,000,1997-03,80.1,A,F,,,P1M,,A,,,,,,,2021=100,,,2,,4D0,New Cronos,Industrial production; total excluding construction ,"Euro area 20 (fixed composition) as of 1 January 2023 - Industrial Production Index, Total Industry (excluding construction) - NACE Rev2; Eurostat; Working day and seasonally adjusted ",PURE_NUMB,0
STS.M.I9.Y.PROD.NS0020.4.000,M,I9,Y,PROD,NS0020,4,000,1997-04,80.9,A,F,,,P1M,,A,,,,,,,2021=100,,,2,,4D0,New Cronos,Industrial production; total excluding construction ,"Euro area 20 (fixed composition) as of 1 January 2023 - Industrial Production Index, Total Industry (excluding construction) - NACE Rev2; Eurostat; Working day and seasonally adjusted ",PURE_NUMB,0
STS.M.I9.Y.PROD.NS0020.4.000,M,I9,Y,PROD,NS0020,4,000,1997-05,80,A,F,,,P1M,,A,,,,,,,2021=100,,,2,,4D0,New Cronos,Industrial production; total excluding construction ,"Euro area 20 (fixed composition) as of 1 January 2023 - Industrial Production Index, Total Industry (excluding construction) - NACE Rev2; Eurostat; Working day and seasonally adjusted ",PURE_NUMB,0
STS.M.I9.Y.PROD.NS0020.4.000,M,I9,Y,PROD,NS0020,4,000,1997-06,81.6,A,F,,,P1M,,A,,,,,,,2021=100,,,2,,4D0,New Cronos,Industrial production; total excluding construction ,"Euro area 20 (fixed composition) as of 1 January 2023 - Industrial Production Index, Total Industry (excluding construction) - NACE Rev2; Eurostat; Working day and seasonally adjusted ",PURE_NUMB,0
STS.M.I9.Y.PROD.NS0020.4.000,M,I9,Y,PROD,NS0020,4,000,1997-07,82.2,A,F,,,P1M,,A,,,,,,,2021=100,,,2,,4D0,New Cronos,Industrial production; total excluding construction ,"Euro area 20 (fixed composition) as of 1 January 2023 - Industrial Production Index, Total Industry (excluding construction) - NACE Rev2; Eurostat; Working day and seasonally adjusted ",PURE_NUMB,0
STS.M.I9.Y.PROD.NS0020.4.000,M,I9,Y,PROD,NS0020,4,000,1997-08,82.1,A,F,,,P1M,,A,,,,,,,2021=100,,,2,,4D0,New Cronos,Industrial production; total excluding construction ,"Euro area 20 (fixed composition) as of 1 January 2023 - Industrial Production Index, Total Industry (excluding construction) - NACE Rev2; Eurostat; Working day and seasonally adjusted ",PURE_NUMB,0
STS.M.I9.Y.PROD.NS0020.4.000,M,I9,Y,PROD,NS0020,4,000,1997-09,82,A,F,,,P1M,,A,,,,,,,2021=100,,,2,,4D0,New Cronos,Industrial production; total excluding construction ,"Euro area 20 (fixed composition) as of 1 January 2023 - Industrial Production Index, Total Industry (excluding construction) - NACE Rev2; Eurostat; Working day and seasonally adjusted ",PURE_NUMB,0
STS.M.I9.Y.PROD.NS0020.4.000,M,I9,Y,PROD,NS0020,4,000,1997-10,83.3,A,F,,,P1M,,A,,,,,,,2021=100,,,2,,4D0,New Cronos,Industrial production; total excluding construction ,"Euro area 20 (fixed composition) as of 1 January 2023 - Industrial Production Index, Total Industry (excluding construction) - NACE Rev2; Eurostat; Working day and seasonally adjusted ",PURE_NUMB,0
STS.M.I9.Y.PROD.NS0020.4.000,M,I9,Y,PROD,NS0020,4,000,1997-11,83.1,A,F,,,P1M,,A,,,,,,,2021=100,,,2,,4D0,New Cronos,Industrial production; total excluding construction ,"Euro area 20 (fixed composition) as of 1 January 2023 - Industrial Production Index, Total Industry (excluding construction) - NACE Rev2; Eurostat; Working day and seasonally adjusted ",PURE_NUMB,0
STS.M.I9.Y.PROD.NS0020.4.000,M,I9,Y,PROD,NS0020,4,000,1997-12,83.8,A,F,,,P1M,,A,,,,,,,2021=100,,,2,,4D0,New Cronos,Industrial production; total excluding construction ,"Euro area 20 (fixed composition) as of 1 January 2023 - Industrial Production Index, Total Industry (excluding construction) - NACE Rev2; Eurostat; Working day and seasonally adjusted ",PURE_NUMB,0
STS.M.I9.Y.PROD.NS0020.4.000,M,I9,Y,PROD,NS0020,4,000,1998-01,83.9,A,F,,,P1M,,A,,,,,,,2021=100,,,2,,4D0,New Cronos,Industrial production; total excluding construction ,"Euro area 20 (fixed composition) as of 1 January 2023 - Industrial Production Index, Total Industry (excluding construction) - NACE Rev2; Eurostat; Working day and seasonally adjusted ",PURE_NUMB,0
STS.M.I9.Y.PROD.NS0020.4.000,M,I9,Y,PROD,NS0020,4,000,1998-02,84.4,A,F,,,P1M,,A,,,,,,,2021=100,,,2,,4D0,New Cronos,Industrial production; total excluding construction ,"Euro area 20 (fixed composition) as of 1 January 2023 - Industrial Production Index, Total Industry (excluding construction) - NACE Rev2; Eurostat; Working day and seasonally adjusted ",PURE_NUMB,0
STS.M.I9.Y.PROD.NS0020.4.000,M,I9,Y,PROD,NS0020,4,000,1998-03,84.4,A,F,,,P1M,,A,,,,,,,2021=100,,,2,,4D0,New Cronos,Industrial production; total excluding construction ,"Euro area 20 (fixed composition) as of 1 January 2023 - Industrial Production Index, Total Industry (excluding construction) - NACE Rev2; Eurostat; Working day and seasonally adjusted ",PURE_NUMB,0
STS.M.I9.Y.PROD.NS0020.4.000,M,I9,Y,PROD,NS0020,4,000,1998-04,84.7,A,F,,,P1M,,A,,,,,,,2021=100,,,2,,4D0,New Cronos,Industrial production; total excluding construction ,"Euro area 20 (fixed composition) as of 1 January 2023 - Industrial Production Index, Total Industry (excluding construction) - NACE Rev2; Eurostat; Working day and seasonally adjusted ",PURE_NUMB,0
STS.M.I9.Y.PROD.NS0020.4.000,M,I9,Y,PROD,NS0020,4,000,1998-05,85.1,A,F,,,P1M,,A,,,,,,,2021=100,,,2,,4D0,New Cronos,Industrial production; total excluding construction ,"Euro area 20 (fixed composition) as of 1 January 2023 - Industrial Production Index, Total Industry (excluding construction) - NACE Rev2; Eurostat; Working day and seasonally adjusted ",PURE_NUMB,0
STS.M.I9.Y.PROD.NS0020.4.000,M,I9,Y,PROD,NS0020,4,000,1998-06,84.6,A,F,,,P1M,,A,,,,,,,2021=100,,,2,,4D0,New Cronos,Industrial production; total excluding construction ,"Euro area 20 (fixed composition) as of 1 January 2023 - Industrial Production Index, Total Industry (excluding construction) - NACE Rev2; Eurostat; Working day and seasonally adjusted ",PURE_NUMB,0
STS.M.I9.Y.PROD.NS0020.4.000,M,I9,Y,PROD,NS0020,4,000,1998-07,85.6,A,F,,,P1M,,A,,,,,,,2021=100,,,2,,4D0,New Cronos,Industrial production; total excluding construction ,"Euro area 20 (fixed composition) as of 1 January 2023 - Industrial Production Index, Total Industry (excluding construction) - NACE Rev2; Eurostat; Working day and seasonally adjusted ",PURE_NUMB,0
STS.M.I9.Y.PROD.NS0020.4.000,M,I9,Y,PROD,NS0020,4,000,1998-08,84.4,A,F,,,P1M,,A,,,,,,,2021=100,,,2,,4D0,New Cronos,Industrial production; total excluding construction ,"Euro area 20 (fixed composition) as of 1 January 2023 - Industrial Production Index, Total Industry (excluding construction) - NACE Rev2; Eurostat; Working day and seasonally adjusted ",PURE_NUMB,0
STS.M.I9.Y.PROD.NS0020.4.000,M,I9,Y,PROD,NS0020,4,000,1998-09,84.6,A,F,,,P1M,,A,,,,,,,2021=100,,,2,,4D0,New Cronos,Industrial production; total excluding construction ,"Euro area 20 (fixed composition) as of 1 January 2023 - Industrial Production Index, Total Industry (excluding construction) - NACE Rev2; Eurostat; Working day and seasonally adjusted ",PURE_NUMB,0
STS.M.I9.Y.PROD.NS0020.4.000,M,I9,Y,PROD,NS0020,4,000,1998-10,84.7,A,F,,,P1M,,A,,,,,,,2021=100,,,2,,4D0,New Cronos,Industrial production; total excluding construction ,"Euro area 20 (fixed composition) as of 1 January 2023 - Industrial Production Index, Total Industry (excluding construction) - NACE Rev2; Eurostat; Working day and seasonally adjusted ",PURE_NUMB,0
STS.M.I9.Y.PROD.NS0020.4.000,M,I9,Y,PROD,NS0020,4,000,1998-11,84.4,A,F,,,P1M,,A,,,,,,,2021=100,,,2,,4D0,New Cronos,Industrial production; total excluding construction ,"Euro area 20 (fixed composition) as of 1 January 2023 - Industrial Production Index, Total Industry (excluding construction) - NACE Rev2; Eurostat; Working day and seasonally adjusted ",PURE_NUMB,0
STS.M.I9.Y.PROD.NS0020.4.000,M,I9,Y,PROD,NS0020,4,000,1998-12,83.7,A,F,,,P1M,,A,,,,,,,2021=100,,,2,,4D0,New Cronos,Industrial production; total excluding construction ,"Euro area 20 (fixed composition) as of 1 January 2023 - Industrial Production Index, Total Industry (excluding construction) - NACE Rev2; Eurostat; Working day and seasonally adjusted ",PURE_NUMB,0
STS.M.I9.Y.PROD.NS0020.4.000,M,I9,Y,PROD,NS0020,4,000,1999-01,85.1,A,F,,,P1M,,A,,,,,,,2021=100,,,2,,4D0,New Cronos,Industrial production; total excluding construction ,"Euro area 20 (fixed composition) as of 1 January 2023 - Industrial Production Index, Total Industry (excluding construction) - NACE Rev2; Eurostat; Working day and seasonally adjusted ",PURE_NUMB,0
STS.M.I9.Y.PROD.NS0020.4.000,M,I9,Y,PROD,NS0020,4,000,1999-02,84,A,F,,,P1M,,A,,,,,,,2021=100,,,2,,4D0,New Cronos,Industrial production; total excluding construction ,"Euro area 20 (fixed composition) as of 1 January 2023 - Industrial Production Index, Total Industry (excluding construction) - NACE Rev2; Eurostat; Working day and seasonally adjusted ",PURE_NUMB,0
STS.M.I9.Y.PROD.NS0020.4.000,M,I9,Y,PROD,NS0020,4,000,1999-03,84.3,A,F,,,P1M,,A,,,,,,,2021=100,,,2,,4D0,New Cronos,Industrial production; total excluding construction ,"Euro area 20 (fixed composition) as of 1 January 2023 - Industrial Production Index, Total Industry (excluding construction) - NACE Rev2; Eurostat; Working day and seasonally adjusted ",PURE_NUMB,0
STS.M.I9.Y.PROD.NS0020.4.000,M,I9,Y,PROD,NS0020,4,000,1999-04,84.6,A,F,,,P1M,,A,,,,,,,2021=100,,,2,,4D0,New Cronos,Industrial production; total excluding construction ,"Euro area 20 (fixed composition) as of 1 January 2023 - Industrial Production Index, Total Industry (excluding construction) - NACE Rev2; Eurostat; Working day and seasonally adjusted ",PURE_NUMB,0
STS.M.I9.Y.PROD.NS0020.4.000,M,I9,Y,PROD,NS0020,4,000,1999-05,85.1,A,F,,,P1M,,A,,,,,,,2021=100,,,2,,4D0,New Cronos,Industrial production; total excluding construction ,"Euro area 20 (fixed composition) as of 1 January 2023 - Industrial Production Index, Total Industry (excluding construction) - NACE Rev2; Eurostat; Working day and seasonally adjusted ",PURE_NUMB,0
STS.M.I9.Y.PROD.NS0020.4.000,M,I9,Y,PROD,NS0020,4,000,1999-06,85.5,A,F,,,P1M,,A,,,,,,,2021=100,,,2,,4D0,New Cronos,Industrial production; total excluding construction ,"Euro area 20 (fixed composition) as of 1 January 2023 - Industrial Production Index, Total Industry (excluding construction) - NACE Rev2; Eurostat; Working day and seasonally adjusted ",PURE_NUMB,0
STS.M.I9.Y.PROD.NS0020.4.000,M,I9,Y,PROD,NS0020,4,000,1999-07,86.3,A,F,,,P1M,,A,,,,,,,2021=100,,,2,,4D0,New Cronos,Industrial production; total excluding construction ,"Euro area 20 (fixed composition) as of 1 January 2023 - Industrial Production Index, Total Industry (excluding construction) - NACE Rev2; Eurostat; Working day and seasonally adjusted ",PURE_NUMB,0
STS.M.I9.Y.PROD.NS0020.4.000,M,I9,Y,PROD,NS0020,4,000,1999-08,86.3,A,F,,,P1M,,A,,,,,,,2021=100,,,2,,4D0,New Cronos,Industrial production; total excluding construction ,"Euro area 20 (fixed composition) as of 1 January 2023 - Industrial Production Index, Total Industry (excluding construction) - NACE Rev2; Eurostat; Working day and seasonally adjusted ",PURE_NUMB,0
STS.M.I9.Y.PROD.NS0020.4.000,M,I9,Y,PROD,NS0020,4,000,1999-09,86.9,A,F,,,P1M,,A,,,,,,,2021=100,,,2,,4D0,New Cronos,Industrial production; total excluding construction ,"Euro area 20 (fixed composition) as of 1 January 2023 - Industrial Production Index, Total Industry (excluding construction) - NACE Rev2; Eurostat; Working day and seasonally adjusted ",PURE_NUMB,0
STS.M.I9.Y.PROD.NS0020.4.000,M,I9,Y,PROD,NS0020,4,000,1999-10,87.8,A,F,,,P1M,,A,,,,,,,2021=100,,,2,,4D0,New Cronos,Industrial production; total excluding construction ,"Euro area 20 (fixed composition) as of 1 January 2023 - Industrial Production Index, Total Industry (excluding construction) - NACE Rev2; Eurostat; Working day and seasonally adjusted ",PURE_NUMB,0
STS.M.I9.Y.PROD.NS0020.4.000,M,I9,Y,PROD,NS0020,4,000,1999-11,88,A,F,,,P1M,,A,,,,,,,2021=100,,,2,,4D0,New Cronos,Industrial production; total excluding construction ,"Euro area 20 (fixed composition) as of 1 January 2023 - Industrial Production Index, Total Industry (excluding construction) - NACE Rev2; Eurostat; Working day and seasonally adjusted ",PURE_NUMB,0
STS.M.I9.Y.PROD.NS0020.4.000,M,I9,Y,PROD,NS0020,4,000,1999-12,88,A,F,,,P1M,,A,,,,,,,2021=100,,,2,,4D0,New Cronos,Industrial production; total excluding construction ,"Euro area 20 (fixed composition) as of 1 January 2023 - Industrial Production Index, Total Industry (excluding construction) - NACE Rev2; Eurostat; Working day and seasonally adjusted ",PURE_NUMB,0
STS.M.I9.Y.PROD.NS0020.4.000,M,I9,Y,PROD,NS0020,4,000,2000-01,87.7,A,F,,,P1M,,A,,,,,,,2021=100,,,2,,4D0,New Cronos,Industrial production; total excluding construction ,"Euro area 20 (fixed composition) as of 1 January 2023 - Industrial Production Index, Total Industry (excluding construction) - NACE Rev2; Eurostat; Working day and seasonally adjusted ",PURE_NUMB,0
STS.M.I9.Y.PROD.NS0020.4.000,M,I9,Y,PROD,NS0020,4,000,2000-02,88.9,A,F,,,P1M,,A,,,,,,,2021=100,,,2,,4D0,New Cronos,Industrial production; total excluding construction ,"Euro area 20 (fixed composition) as of 1 January 2023 - Industrial Production Index, Total Industry (excluding construction) - NACE Rev2; Eurostat; Working day and seasonally adjusted ",PURE_NUMB,0
STS.M.I9.Y.PROD.NS0020.4.000,M,I9,Y,PROD,NS0020,4,000,2000-03,89,A,F,,,P1M,,A,,,,,,,2021=100,,,2,,4D0,New Cronos,Industrial production; total excluding construction ,"Euro area 20 (fixed composition) as of 1 January 2023 - Industrial Production Index, Total Industry (excluding construction) - NACE Rev2; Eurostat; Working day and seasonally adjusted ",PURE_NUMB,0
STS.M.I9.Y.PROD.NS0020.4.000,M,I9,Y,PROD,NS0020,4,000,2000-04,90.1,A,F,,,P1M,,A,,,,,,,2021=100,,,2,,4D0,New Cronos,Industrial production; total excluding construction ,"Euro area 20 (fixed composition) as of 1 January 2023 - Industrial Production Index, Total Industry (excluding construction) - NACE Rev2; Eurostat; Working day and seasonally adjusted ",PURE_NUMB,0
STS.M.I9.Y.PROD.NS0020.4.000,M,I9,Y,PROD,NS0020,4,000,2000-05,91.3,A,F,,,P1M,,A,,,,,,,2021=100,,,2,,4D0,New Cronos,Industrial production; total excluding construction ,"Euro area 20 (fixed composition) as of 1 January 2023 - Industrial Production Index, Total Industry (excluding construction) - NACE Rev2; Eurostat; Working day and seasonally adjusted ",PURE_NUMB,0
STS.M.I9.Y.PROD.NS0020.4.000,M,I9,Y,PROD,NS0020,4,000,2000-06,90.1,A,F,,,P1M,,A,,,,,,,2021=100,,,2,,4D0,New Cronos,Industrial production; total excluding construction ,"Euro area 20 (fixed composition) as of 1 January 2023 - Industrial Production Index, Total Industry (excluding construction) - NACE Rev2; Eurostat; Working day and seasonally adjusted ",PURE_NUMB,0
STS.M.I9.Y.PROD.NS0020.4.000,M,I9,Y,PROD,NS0020,4,000,2000-07,91.1,A,F,,,P1M,,A,,,,,,,2021=100,,,2,,4D0,New Cronos,Industrial production; total excluding construction ,"Euro area 20 (fixed composition) as of 1 January 2023 - Industrial Production Index, Total Industry (excluding construction) - NACE Rev2; Eurostat; Working day and seasonally adjusted ",PURE_NUMB,0
STS.M.I9.Y.PROD.NS0020.4.000,M,I9,Y,PROD,NS0020,4,000,2000-08,91.1,A,F,,,P1M,,A,,,,,,,2021=100,,,2,,4D0,New Cronos,Industrial production; total excluding construction ,"Euro area 20 (fixed composition) as of 1 January 2023 - Industrial Production Index, Total Industry (excluding construction) - NACE Rev2; Eurostat; Working day and seasonally adjusted ",PURE_NUMB,0
STS.M.I9.Y.PROD.NS0020.4.000,M,I9,Y,PROD,NS0020,4,000,2000-09,91.3,A,F,,,P1M,,A,,,,,,,2021=100,,,2,,4D0,New Cronos,Industrial production; total excluding construction ,"Euro area 20 (fixed composition) as of 1 January 2023 - Industrial Production Index, Total Industry (excluding construction) - NACE Rev2; Eurostat; Working day and seasonally adjusted ",PURE_NUMB,0
STS.M.I9.Y.PROD.NS0020.4.000,M,I9,Y,PROD,NS0020,4,000,2000-10,91.4,A,F,,,P1M,,A,,,,,,,2021=100,,,2,,4D0,New Cronos,Industrial production; total excluding construction ,"Euro area 20 (fixed composition) as of 1 January 2023 - Industrial Production Index, Total Industry (excluding construction) - NACE Rev2; Eurostat; Working day and seasonally adjusted ",PURE_NUMB,0
STS.M.I9.Y.PROD.NS0020.4.000,M,I9,Y,PROD,NS0020,4,000,2000-11,92.3,A,F,,,P1M,,A,,,,,,,2021=100,,,2,,4D0,New Cronos,Industrial production; total excluding construction ,"Euro area 20 (fixed composition) as of 1 January 2023 - Industrial Production Index, Total Industry (excluding construction) - NACE Rev2; Eurostat; Working day and seasonally adjusted ",PURE_NUMB,0
STS.M.I9.Y.PROD.NS0020.4.000,M,I9,Y,PROD,NS0020,4,000,2000-12,92.9,A,F,,,P1M,,A,,,,,,,2021=100,,,2,,4D0,New Cronos,Industrial production; total excluding construction ,"Euro area 20 (fixed composition) as of 1 January 2023 - Industrial Production Index, Total Industry (excluding construction) - NACE Rev2; Eurostat; Working day and seasonally adjusted ",PURE_NUMB,0
STS.M.I9.Y.PROD.NS0020.4.000,M,I9,Y,PROD,NS0020,4,000,2001-01,92.1,A,F,,,P1M,,A,,,,,,,2021=100,,,2,,4D0,New Cronos,Industrial production; total excluding construction ,"Euro area 20 (fixed composition) as of 1 January 2023 - Industrial Production Index, Total Industry (excluding construction) - NACE Rev2; Eurostat; Working day and seasonally adjusted ",PURE_NUMB,0
STS.M.I9.Y.PROD.NS0020.4.000,M,I9,Y,PROD,NS0020,4,000,2001-02,92.4,A,F,,,P1M,,A,,,,,,,2021=100,,,2,,4D0,New Cronos,Industrial production; total excluding construction ,"Euro area 20 (fixed composition) as of 1 January 2023 - Industrial Production Index, Total Industry (excluding construction) - NACE Rev2; Eurostat; Working day and seasonally adjusted ",PURE_NUMB,0
STS.M.I9.Y.PROD.NS0020.4.000,M,I9,Y,PROD,NS0020,4,000,2001-03,92.1,A,F,,,P1M,,A,,,,,,,2021=100,,,2,,4D0,New Cronos,Industrial production; total excluding construction ,"Euro area 20 (fixed composition) as of 1 January 2023 - Industrial Production Index, Total Industry (excluding construction) - NACE Rev2; Eurostat; Working day and seasonally adjusted ",PURE_NUMB,0
STS.M.I9.Y.PROD.NS0020.4.000,M,I9,Y,PROD,NS0020,4,000,2001-04,91.2,A,F,,,P1M,,A,,,,,,,2021=100,,,2,,4D0,New Cronos,Industrial production; total excluding construction ,"Euro area 20 (fixed composition) as of 1 January 2023 - Industrial Production Index, Total Industry (excluding construction) - NACE Rev2; Eurostat; Working day and seasonally adjusted ",PURE_NUMB,0
STS.M.I9.Y.PROD.NS0020.4.000,M,I9,Y,PROD,NS0020,4,000,2001-05,91.5,A,F,,,P1M,,A,,,,,,,2021=100,,,2,,4D0,New Cronos,Industrial production; total excluding construction ,"Euro area 20 (fixed composition) as of 1 January 2023 - Industrial Production Index, Total Industry (excluding construction) - NACE Rev2; Eurostat; Working day and seasonally adjusted ",PURE_NUMB,0
STS.M.I9.Y.PROD.NS0020.4.000,M,I9,Y,PROD,NS0020,4,000,2001-06,91.5,A,F,,,P1M,,A,,,,,,,2021=100,,,2,,4D0,New Cronos,Industrial production; total excluding construction ,"Euro area 20 (fixed composition) as of 1 January 2023 - Industrial Production Index, Total Industry (excluding construction) - NACE Rev2; Eurostat; Working day and seasonally adjusted ",PURE_NUMB,0
STS.M.I9.Y.PROD.NS0020.4.000,M,I9,Y,PROD,NS0020,4,000,2001-07,89.7,A,F,,,P1M,,A,,,,,,,2021=100,,,2,,4D0,New Cronos,Industrial production; total excluding construction ,"Euro area 20 (fixed composition) as of 1 January 2023 - Industrial Production Index, Total Industry (excluding construction) - NACE Rev2; Eurostat; Working day and seasonally adjusted ",PURE_NUMB,0
STS.M.I9.Y.PROD.NS0020.4.000,M,I9,Y,PROD,NS0020,4,000,2001-08,92,A,F,,,P1M,,A,,,,,,,2021=100,,,2,,4D0,New Cronos,Industrial production; total excluding construction ,"Euro area 20 (fixed composition) as of 1 January 2023 - Industrial Production Index, Total Industry (excluding construction) - NACE Rev2; Eurostat; Working day and seasonally adjusted ",PURE_NUMB,0
STS.M.I9.Y.PROD.NS0020.4.000,M,I9,Y,PROD,NS0020,4,000,2001-09,90.8,A,F,,,P1M,,A,,,,,,,2021=100,,,2,,4D0,New Cronos,Industrial production; total excluding construction ,"Euro area 20 (fixed composition) as of 1 January 2023 - Industrial Production Index, Total Industry (excluding construction) - NACE Rev2; Eurostat; Working day and seasonally adjusted ",PURE_NUMB,0
STS.M.I9.Y.PROD.NS0020.4.000,M,I9,Y,PROD,NS0020,4,000,2001-10,89.3,A,F,,,P1M,,A,,,,,,,2021=100,,,2,,4D0,New Cronos,Industrial production; total excluding construction ,"Euro area 20 (fixed composition) as of 1 January 2023 - Industrial Production Index, Total Industry (excluding construction) - NACE Rev2; Eurostat; Working day and seasonally adjusted ",PURE_NUMB,0
STS.M.I9.Y.PROD.NS0020.4.000,M,I9,Y,PROD,NS0020,4,000,2001-11,88.8,A,F,,,P1M,,A,,,,,,,2021=100,,,2,,4D0,New Cronos,Industrial production; total excluding construction ,"Euro area 20 (fixed composition) as of 1 January 2023 - Industrial Production Index, Total Industry (excluding construction) - NACE Rev2; Eurostat; Working day and seasonally adjusted ",PURE_NUMB,0
STS.M.I9.Y.PROD.NS0020.4.000,M,I9,Y,PROD,NS0020,4,000,2001-12,89.6,A,F,,,P1M,,A,,,,,,,2021=100,,,2,,4D0,New Cronos,Industrial production; total excluding construction ,"Euro area 20 (fixed composition) as of 1 January 2023 - Industrial Production Index, Total Industry (excluding construction) - NACE Rev2; Eurostat; Working day and seasonally adjusted ",PURE_NUMB,0
STS.M.I9.Y.PROD.NS0020.4.000,M,I9,Y,PROD,NS0020,4,000,2002-01,89.6,A,F,,,P1M,,A,,,,,,,2021=100,,,2,,4D0,New Cronos,Industrial production; total excluding construction ,"Euro area 20 (fixed composition) as of 1 January 2023 - Industrial Production Index, Total Industry (excluding construction) - NACE Rev2; Eurostat; Working day and seasonally adjusted ",PURE_NUMB,0
STS.M.I9.Y.PROD.NS0020.4.000,M,I9,Y,PROD,NS0020,4,000,2002-02,89.7,A,F,,,P1M,,A,,,,,,,2021=100,,,2,,4D0,New Cronos,Industrial production; total excluding construction ,"Euro area 20 (fixed composition) as of 1 January 2023 - Industrial Production Index, Total Industry (excluding construction) - NACE Rev2; Eurostat; Working day and seasonally adjusted ",PURE_NUMB,0
STS.M.I9.Y.PROD.NS0020.4.000,M,I9,Y,PROD,NS0020,4,000,2002-03,90.6,A,F,,,P1M,,A,,,,,,,2021=100,,,2,,4D0,New Cronos,Industrial production; total excluding construction ,"Euro area 20 (fixed composition) as of 1 January 2023 - Industrial Production Index, Total Industry (excluding construction) - NACE Rev2; Eurostat; Working day and seasonally adjusted ",PURE_NUMB,0
STS.M.I9.Y.PROD.NS0020.4.000,M,I9,Y,PROD,NS0020,4,000,2002-04,90.4,A,F,,,P1M,,A,,,,,,,2021=100,,,2,,4D0,New Cronos,Industrial production; total excluding construction ,"Euro area 20 (fixed composition) as of 1 January 2023 - Industrial Production Index, Total Industry (excluding construction) - NACE Rev2; Eurostat; Working day and seasonally adjusted ",PURE_NUMB,0
STS.M.I9.Y.PROD.NS0020.4.000,M,I9,Y,PROD,NS0020,4,000,2002-05,90.7,A,F,,,P1M,,A,,,,,,,2021=100,,,2,,4D0,New Cronos,Industrial production; total excluding construction ,"Euro area 20 (fixed composition) as of 1 January 2023 - Industrial Production Index, Total Industry (excluding construction) - NACE Rev2; Eurostat; Working day and seasonally adjusted ",PURE_NUMB,0
STS.M.I9.Y.PROD.NS0020.4.000,M,I9,Y,PROD,NS0020,4,000,2002-06,91.2,A,F,,,P1M,,A,,,,,,,2021=100,,,2,,4D0,New Cronos,Industrial production; total excluding construction ,"Euro area 20 (fixed composition) as of 1 January 2023 - Industrial Production Index, Total Industry (excluding construction) - NACE Rev2; Eurostat; Working day and seasonally adjusted ",PURE_NUMB,0
STS.M.I9.Y.PROD.NS0020.4.000,M,I9,Y,PROD,NS0020,4,000,2002-07,90.5,A,F,,,P1M,,A,,,,,,,2021=100,,,2,,4D0,New Cronos,Industrial production; total excluding construction ,"Euro area 20 (fixed composition) as of 1 January 2023 - Industrial Production Index, Total Industry (excluding construction) - NACE Rev2; Eurostat; Working day and seasonally adjusted ",PURE_NUMB,0
STS.M.I9.Y.PROD.NS0020.4.000,M,I9,Y,PROD,NS0020,4,000,2002-08,90.8,A,F,,,P1M,,A,,,,,,,2021=100,,,2,,4D0,New Cronos,Industrial production; total excluding construction ,"Euro area 20 (fixed composition) as of 1 January 2023 - Industrial Production Index, Total Industry (excluding construction) - NACE Rev2; Eurostat; Working day and seasonally adjusted ",PURE_NUMB,0
STS.M.I9.Y.PROD.NS0020.4.000,M,I9,Y,PROD,NS0020,4,000,2002-09,91.3,A,F,,,P1M,,A,,,,,,,2021=100,,,2,,4D0,New Cronos,Industrial production; total excluding construction ,"Euro area 20 (fixed composition) as of 1 January 2023 - Industrial Production Index, Total Industry (excluding construction) - NACE Rev2; Eurostat; Working day and seasonally adjusted ",PURE_NUMB,0
STS.M.I9.Y.PROD.NS0020.4.000,M,I9,Y,PROD,NS0020,4,000,2002-10,90.8,A,F,,,P1M,,A,,,,,,,2021=100,,,2,,4D0,New Cronos,Industrial production; total excluding construction ,"Euro area 20 (fixed composition) as of 1 January 2023 - Industrial Production Index, Total Industry (excluding construction) - NACE Rev2; Eurostat; Working day and seasonally adjusted ",PURE_NUMB,0
STS.M.I9.Y.PROD.NS0020.4.000,M,I9,Y,PROD,NS0020,4,000,2002-11,91.1,A,F,,,P1M,,A,,,,,,,2021=100,,,2,,4D0,New Cronos,Industrial production; total excluding construction ,"Euro area 20 (fixed composition) as of 1 January 2023 - Industrial Production Index, Total Industry (excluding construction) - NACE Rev2; Eurostat; Working day and seasonally adjusted ",PURE_NUMB,0
STS.M.I9.Y.PROD.NS0020.4.000,M,I9,Y,PROD,NS0020,4,000,2002-12,89.8,A,F,,,P1M,,A,,,,,,,2021=100,,,2,,4D0,New Cronos,Industrial production; total excluding construction ,"Euro area 20 (fixed composition) as of 1 January 2023 - Industrial Production Index, Total Industry (excluding construction) - NACE Rev2; Eurostat; Working day and seasonally adjusted ",PURE_NUMB,0
STS.M.I9.Y.PROD.NS0020.4.000,M,I9,Y,PROD,NS0020,4,000,2003-01,91.1,A,F,,,P1M,,A,,,,,,,2021=100,,,2,,4D0,New Cronos,Industrial production; total excluding construction ,"Euro area 20 (fixed composition) as of 1 January 2023 - Industrial Production Index, Total Industry (excluding construction) - NACE Rev2; Eurostat; Working day and seasonally adjusted ",PURE_NUMB,0
STS.M.I9.Y.PROD.NS0020.4.000,M,I9,Y,PROD,NS0020,4,000,2003-02,91.4,A,F,,,P1M,,A,,,,,,,2021=100,,,2,,4D0,New Cronos,Industrial production; total excluding construction ,"Euro area 20 (fixed composition) as of 1 January 2023 - Industrial Production Index, Total Industry (excluding construction) - NACE Rev2; Eurostat; Working day and seasonally adjusted ",PURE_NUMB,0
STS.M.I9.Y.PROD.NS0020.4.000,M,I9,Y,PROD,NS0020,4,000,2003-03,90.7,A,F,,,P1M,,A,,,,,,,2021=100,,,2,,4D0,New Cronos,Industrial production; total excluding construction ,"Euro area 20 (fixed composition) as of 1 January 2023 - Industrial Production Index, Total Industry (excluding construction) - NACE Rev2; Eurostat; Working day and seasonally adjusted ",PURE_NUMB,0
STS.M.I9.Y.PROD.NS0020.4.000,M,I9,Y,PROD,NS0020,4,000,2003-04,91.1,A,F,,,P1M,,A,,,,,,,2021=100,,,2,,4D0,New Cronos,Industrial production; total excluding construction ,"Euro area 20 (fixed composition) as of 1 January 2023 - Industrial Production Index, Total Industry (excluding construction) - NACE Rev2; Eurostat; Working day and seasonally adjusted ",PURE_NUMB,0
STS.M.I9.Y.PROD.NS0020.4.000,M,I9,Y,PROD,NS0020,4,000,2003-05,89.5,A,F,,,P1M,,A,,,,,,,2021=100,,,2,,4D0,New Cronos,Industrial production; total excluding construction ,"Euro area 20 (fixed composition) as of 1 January 2023 - Industrial Production Index, Total Industry (excluding construction) - NACE Rev2; Eurostat; Working day and seasonally adjusted ",PURE_NUMB,0
STS.M.I9.Y.PROD.NS0020.4.000,M,I9,Y,PROD,NS0020,4,000,2003-06,89.6,A,F,,,P1M,,A,,,,,,,2021=100,,,2,,4D0,New Cronos,Industrial production; total excluding construction ,"Euro area 20 (fixed composition) as of 1 January 2023 - Industrial Production Index, Total Industry (excluding construction) - NACE Rev2; Eurostat; Working day and seasonally adjusted ",PURE_NUMB,0
STS.M.I9.Y.PROD.NS0020.4.000,M,I9,Y,PROD,NS0020,4,000,2003-07,91.1,A,F,,,P1M,,A,,,,,,,2021=100,,,2,,4D0,New Cronos,Industrial production; total excluding construction ,"Euro area 20 (fixed composition) as of 1 January 2023 - Industrial Production Index, Total Industry (excluding construction) - NACE Rev2; Eurostat; Working day and seasonally adjusted ",PURE_NUMB,0
STS.M.I9.Y.PROD.NS0020.4.000,M,I9,Y,PROD,NS0020,4,000,2003-08,90,A,F,,,P1M,,A,,,,,,,2021=100,,,2,,4D0,New Cronos,Industrial production; total excluding construction ,"Euro area 20 (fixed composition) as of 1 January 2023 - Industrial Production Index, Total Industry (excluding construction) - NACE Rev2; Eurostat; Working day and seasonally adjusted ",PURE_NUMB,0
STS.M.I9.Y.PROD.NS0020.4.000,M,I9,Y,PROD,NS0020,4,000,2003-09,89.7,A,F,,,P1M,,A,,,,,,,2021=100,,,2,,4D0,New Cronos,Industrial production; total excluding construction ,"Euro area 20 (fixed composition) as of 1 January 2023 - Industrial Production Index, Total Industry (excluding construction) - NACE Rev2; Eurostat; Working day and seasonally adjusted ",PURE_NUMB,0
STS.M.I9.Y.PROD.NS0020.4.000,M,I9,Y,PROD,NS0020,4,000,2003-10,92.2,A,F,,,P1M,,A,,,,,,,2021=100,,,2,,4D0,New Cronos,Industrial production; total excluding construction ,"Euro area 20 (fixed composition) as of 1 January 2023 - Industrial Production Index, Total Industry (excluding construction) - NACE Rev2; Eurostat; Working day and seasonally adjusted ",PURE_NUMB,0
STS.M.I9.Y.PROD.NS0020.4.000,M,I9,Y,PROD,NS0020,4,000,2003-11,92,A,F,,,P1M,,A,,,,,,,2021=100,,,2,,4D0,New Cronos,Industrial production; total excluding construction ,"Euro area 20 (fixed composition) as of 1 January 2023 - Industrial Production Index, Total Industry (excluding construction) - NACE Rev2; Eurostat; Working day and seasonally adjusted ",PURE_NUMB,0
STS.M.I9.Y.PROD.NS0020.4.000,M,I9,Y,PROD,NS0020,4,000,2003-12,92,A,F,,,P1M,,A,,,,,,,2021=100,,,2,,4D0,New Cronos,Industrial production; total excluding construction ,"Euro area 20 (fixed composition) as of 1 January 2023 - Industrial Production Index, Total Industry (excluding construction) - NACE Rev2; Eurostat; Working day and seasonally adjusted ",PURE_NUMB,0
STS.M.I9.Y.PROD.NS0020.4.000,M,I9,Y,PROD,NS0020,4,000,2004-01,91.8,A,F,,,P1M,,A,,,,,,,2021=100,,,2,,4D0,New Cronos,Industrial production; total excluding construction ,"Euro area 20 (fixed composition) as of 1 January 2023 - Industrial Production Index, Total Industry (excluding construction) - NACE Rev2; Eurostat; Working day and seasonally adjusted ",PURE_NUMB,0
STS.M.I9.Y.PROD.NS0020.4.000,M,I9,Y,PROD,NS0020,4,000,2004-02,92.6,A,F,,,P1M,,A,,,,,,,2021=100,,,2,,4D0,New Cronos,Industrial production; total excluding construction ,"Euro area 20 (fixed composition) as of 1 January 2023 - Industrial Production Index, Total Industry (excluding construction) - NACE Rev2; Eurostat; Working day and seasonally adjusted ",PURE_NUMB,0
STS.M.I9.Y.PROD.NS0020.4.000,M,I9,Y,PROD,NS0020,4,000,2004-03,92.1,A,F,,,P1M,,A,,,,,,,2021=100,,,2,,4D0,New Cronos,Industrial production; total excluding construction ,"Euro area 20 (fixed composition) as of 1 January 2023 - Industrial Production Index, Total Industry (excluding construction) - NACE Rev2; Eurostat; Working day and seasonally adjusted ",PURE_NUMB,0
STS.M.I9.Y.PROD.NS0020.4.000,M,I9,Y,PROD,NS0020,4,000,2004-04,93,A,F,,,P1M,,A,,,,,,,2021=100,,,2,,4D0,New Cronos,Industrial production; total excluding construction ,"Euro area 20 (fixed composition) as of 1 January 2023 - Industrial Production Index, Total Industry (excluding construction) - NACE Rev2; Eurostat; Working day and seasonally adjusted ",PURE_NUMB,0
STS.M.I9.Y.PROD.NS0020.4.000,M,I9,Y,PROD,NS0020,4,000,2004-05,93.2,A,F,,,P1M,,A,,,,,,,2021=100,,,2,,4D0,New Cronos,Industrial production; total excluding construction ,"Euro area 20 (fixed composition) as of 1 January 2023 - Industrial Production Index, Total Industry (excluding construction) - NACE Rev2; Eurostat; Working day and seasonally adjusted ",PURE_NUMB,0
STS.M.I9.Y.PROD.NS0020.4.000,M,I9,Y,PROD,NS0020,4,000,2004-06,93,A,F,,,P1M,,A,,,,,,,2021=100,,,2,,4D0,New Cronos,Industrial production; total excluding construction ,"Euro area 20 (fixed composition) as of 1 January 2023 - Industrial Production Index, Total Industry (excluding construction) - NACE Rev2; Eurostat; Working day and seasonally adjusted ",PURE_NUMB,0
STS.M.I9.Y.PROD.NS0020.4.000,M,I9,Y,PROD,NS0020,4,000,2004-07,93.8,A,F,,,P1M,,A,,,,,,,2021=100,,,2,,4D0,New Cronos,Industrial production; total excluding construction ,"Euro area 20 (fixed composition) as of 1 January 2023 - Industrial Production Index, Total Industry (excluding construction) - NACE Rev2; Eurostat; Working day and seasonally adjusted ",PURE_NUMB,0
STS.M.I9.Y.PROD.NS0020.4.000,M,I9,Y,PROD,NS0020,4,000,2004-08,92.1,A,F,,,P1M,,A,,,,,,,2021=100,,,2,,4D0,New Cronos,Industrial production; total excluding construction ,"Euro area 20 (fixed composition) as of 1 January 2023 - Industrial Production Index, Total Industry (excluding construction) - NACE Rev2; Eurostat; Working day and seasonally adjusted ",PURE_NUMB,0
STS.M.I9.Y.PROD.NS0020.4.000,M,I9,Y,PROD,NS0020,4,000,2004-09,93.3,A,F,,,P1M,,A,,,,,,,2021=100,,,2,,4D0,New Cronos,Industrial production; total excluding construction ,"Euro area 20 (fixed composition) as of 1 January 2023 - Industrial Production Index, Total Industry (excluding construction) - NACE Rev2; Eurostat; Working day and seasonally adjusted ",PURE_NUMB,0
STS.M.I9.Y.PROD.NS0020.4.000,M,I9,Y,PROD,NS0020,4,000,2004-10,93.7,A,F,,,P1M,,A,,,,,,,2021=100,,,2,,4D0,New Cronos,Industrial production; total excluding construction ,"Euro area 20 (fixed composition) as of 1 January 2023 - Industrial Production Index, Total Industry (excluding construction) - NACE Rev2; Eurostat; Working day and seasonally adjusted ",PURE_NUMB,0
STS.M.I9.Y.PROD.NS0020.4.000,M,I9,Y,PROD,NS0020,4,000,2004-11,92.6,A,F,,,P1M,,A,,,,,,,2021=100,,,2,,4D0,New Cronos,Industrial production; total excluding construction ,"Euro area 20 (fixed composition) as of 1 January 2023 - Industrial Production Index, Total Industry (excluding construction) - NACE Rev2; Eurostat; Working day and seasonally adjusted ",PURE_NUMB,0
STS.M.I9.Y.PROD.NS0020.4.000,M,I9,Y,PROD,NS0020,4,000,2004-12,92.8,A,F,,,P1M,,A,,,,,,,2021=100,,,2,,4D0,New Cronos,Industrial production; total excluding construction ,"Euro area 20 (fixed composition) as of 1 January 2023 - Industrial Production Index, Total Industry (excluding construction) - NACE Rev2; Eurostat; Working day and seasonally adjusted ",PURE_NUMB,0
STS.M.I9.Y.PROD.NS0020.4.000,M,I9,Y,PROD,NS0020,4,000,2005-01,93.7,A,F,,,P1M,,A,,,,,,,2021=100,,,2,,4D0,New Cronos,Industrial production; total excluding construction ,"Euro area 20 (fixed composition) as of 1 January 2023 - Industrial Production Index, Total Industry (excluding construction) - NACE Rev2; Eurostat; Working day and seasonally adjusted ",PURE_NUMB,0
STS.M.I9.Y.PROD.NS0020.4.000,M,I9,Y,PROD,NS0020,4,000,2005-02,93.3,A,F,,,P1M,,A,,,,,,,2021=100,,,2,,4D0,New Cronos,Industrial production; total excluding construction ,"Euro area 20 (fixed composition) as of 1 January 2023 - Industrial Production Index, Total Industry (excluding construction) - NACE Rev2; Eurostat; Working day and seasonally adjusted ",PURE_NUMB,0
STS.M.I9.Y.PROD.NS0020.4.000,M,I9,Y,PROD,NS0020,4,000,2005-03,93.4,A,F,,,P1M,,A,,,,,,,2021=100,,,2,,4D0,New Cronos,Industrial production; total excluding construction ,"Euro area 20 (fixed composition) as of 1 January 2023 - Industrial Production Index, Total Industry (excluding construction) - NACE Rev2; Eurostat; Working day and seasonally adjusted ",PURE_NUMB,0
STS.M.I9.Y.PROD.NS0020.4.000,M,I9,Y,PROD,NS0020,4,000,2005-04,94.8,A,F,,,P1M,,A,,,,,,,2021=100,,,2,,4D0,New Cronos,Industrial production; total excluding construction ,"Euro area 20 (fixed composition) as of 1 January 2023 - Industrial Production Index, Total Industry (excluding construction) - NACE Rev2; Eurostat; Working day and seasonally adjusted ",PURE_NUMB,0
STS.M.I9.Y.PROD.NS0020.4.000,M,I9,Y,PROD,NS0020,4,000,2005-05,93.4,A,F,,,P1M,,A,,,,,,,2021=100,,,2,,4D0,New Cronos,Industrial production; total excluding construction ,"Euro area 20 (fixed composition) as of 1 January 2023 - Industrial Production Index, Total Industry (excluding construction) - NACE Rev2; Eurostat; Working day and seasonally adjusted ",PURE_NUMB,0
STS.M.I9.Y.PROD.NS0020.4.000,M,I9,Y,PROD,NS0020,4,000,2005-06,94.3,A,F,,,P1M,,A,,,,,,,2021=100,,,2,,4D0,New Cronos,Industrial production; total excluding construction ,"Euro area 20 (fixed composition) as of 1 January 2023 - Industrial Production Index, Total Industry (excluding construction) - NACE Rev2; Eurostat; Working day and seasonally adjusted ",PURE_NUMB,0
STS.M.I9.Y.PROD.NS0020.4.000,M,I9,Y,PROD,NS0020,4,000,2005-07,94.8,A,F,,,P1M,,A,,,,,,,2021=100,,,2,,4D0,New Cronos,Industrial production; total excluding construction ,"Euro area 20 (fixed composition) as of 1 January 2023 - Industrial Production Index, Total Industry (excluding construction) - NACE Rev2; Eurostat; Working day and seasonally adjusted ",PURE_NUMB,0
STS.M.I9.Y.PROD.NS0020.4.000,M,I9,Y,PROD,NS0020,4,000,2005-08,93.6,A,F,,,P1M,,A,,,,,,,2021=100,,,2,,4D0,New Cronos,Industrial production; total excluding construction ,"Euro area 20 (fixed composition) as of 1 January 2023 - Industrial Production Index, Total Industry (excluding construction) - NACE Rev2; Eurostat; Working day and seasonally adjusted ",PURE_NUMB,0
STS.M.I9.Y.PROD.NS0020.4.000,M,I9,Y,PROD,NS0020,4,000,2005-09,95.1,A,F,,,P1M,,A,,,,,,,2021=100,,,2,,4D0,New Cronos,Industrial production; total excluding construction ,"Euro area 20 (fixed composition) as of 1 January 2023 - Industrial Production Index, Total Industry (excluding construction) - NACE Rev2; Eurostat; Working day and seasonally adjusted ",PURE_NUMB,0
STS.M.I9.Y.PROD.NS0020.4.000,M,I9,Y,PROD,NS0020,4,000,2005-10,95.2,A,F,,,P1M,,A,,,,,,,2021=100,,,2,,4D0,New Cronos,Industrial production; total excluding construction ,"Euro area 20 (fixed composition) as of 1 January 2023 - Industrial Production Index, Total Industry (excluding construction) - NACE Rev2; Eurostat; Working day and seasonally adjusted ",PURE_NUMB,0
STS.M.I9.Y.PROD.NS0020.4.000,M,I9,Y,PROD,NS0020,4,000,2005-11,96.7,A,F,,,P1M,,A,,,,,,,2021=100,,,2,,4D0,New Cronos,Industrial production; total excluding construction ,"Euro area 20 (fixed composition) as of 1 January 2023 - Industrial Production Index, Total Industry (excluding construction) - NACE Rev2; Eurostat; Working day and seasonally adjusted ",PURE_NUMB,0
STS.M.I9.Y.PROD.NS0020.4.000,M,I9,Y,PROD,NS0020,4,000,2005-12,95.8,A,F,,,P1M,,A,,,,,,,2021=100,,,2,,4D0,New Cronos,Industrial production; total excluding construction ,"Euro area 20 (fixed composition) as of 1 January 2023 - Industrial Production Index, Total Industry (excluding construction) - NACE Rev2; Eurostat; Working day and seasonally adjusted ",PURE_NUMB,0
STS.M.I9.Y.PROD.NS0020.4.000,M,I9,Y,PROD,NS0020,4,000,2006-01,96.5,A,F,,,P1M,,A,,,,,,,2021=100,,,2,,4D0,New Cronos,Industrial production; total excluding construction ,"Euro area 20 (fixed composition) as of 1 January 2023 - Industrial Production Index, Total Industry (excluding construction) - NACE Rev2; Eurostat; Working day and seasonally adjusted ",PURE_NUMB,0
STS.M.I9.Y.PROD.NS0020.4.000,M,I9,Y,PROD,NS0020,4,000,2006-02,96.4,A,F,,,P1M,,A,,,,,,,2021=100,,,2,,4D0,New Cronos,Industrial production; total excluding construction ,"Euro area 20 (fixed composition) as of 1 January 2023 - Industrial Production Index, Total Industry (excluding construction) - NACE Rev2; Eurostat; Working day and seasonally adjusted ",PURE_NUMB,0
STS.M.I9.Y.PROD.NS0020.4.000,M,I9,Y,PROD,NS0020,4,000,2006-03,97.2,A,F,,,P1M,,A,,,,,,,2021=100,,,2,,4D0,New Cronos,Industrial production; total excluding construction ,"Euro area 20 (fixed composition) as of 1 January 2023 - Industrial Production Index, Total Industry (excluding construction) - NACE Rev2; Eurostat; Working day and seasonally adjusted ",PURE_NUMB,0
STS.M.I9.Y.PROD.NS0020.4.000,M,I9,Y,PROD,NS0020,4,000,2006-04,97.4,A,F,,,P1M,,A,,,,,,,2021=100,,,2,,4D0,New Cronos,Industrial production; total excluding construction ,"Euro area 20 (fixed composition) as of 1 January 2023 - Industrial Production Index, Total Industry (excluding construction) - NACE Rev2; Eurostat; Working day and seasonally adjusted ",PURE_NUMB,0
STS.M.I9.Y.PROD.NS0020.4.000,M,I9,Y,PROD,NS0020,4,000,2006-05,98.8,A,F,,,P1M,,A,,,,,,,2021=100,,,2,,4D0,New Cronos,Industrial production; total excluding construction ,"Euro area 20 (fixed composition) as of 1 January 2023 - Industrial Production Index, Total Industry (excluding construction) - NACE Rev2; Eurostat; Working day and seasonally adjusted ",PURE_NUMB,0
STS.M.I9.Y.PROD.NS0020.4.000,M,I9,Y,PROD,NS0020,4,000,2006-06,98.9,A,F,,,P1M,,A,,,,,,,2021=100,,,2,,4D0,New Cronos,Industrial production; total excluding construction ,"Euro area 20 (fixed composition) as of 1 January 2023 - Industrial Production Index, Total Industry (excluding construction) - NACE Rev2; Eurostat; Working day and seasonally adjusted ",PURE_NUMB,0
STS.M.I9.Y.PROD.NS0020.4.000,M,I9,Y,PROD,NS0020,4,000,2006-07,98.6,A,F,,,P1M,,A,,,,,,,2021=100,,,2,,4D0,New Cronos,Industrial production; total excluding construction ,"Euro area 20 (fixed composition) as of 1 January 2023 - Industrial Production Index, Total Industry (excluding construction) - NACE Rev2; Eurostat; Working day and seasonally adjusted ",PURE_NUMB,0
STS.M.I9.Y.PROD.NS0020.4.000,M,I9,Y,PROD,NS0020,4,000,2006-08,98.8,A,F,,,P1M,,A,,,,,,,2021=100,,,2,,4D0,New Cronos,Industrial production; total excluding construction ,"Euro area 20 (fixed composition) as of 1 January 2023 - Industrial Production Index, Total Industry (excluding construction) - NACE Rev2; Eurostat; Working day and seasonally adjusted ",PURE_NUMB,0
STS.M.I9.Y.PROD.NS0020.4.000,M,I9,Y,PROD,NS0020,4,000,2006-09,99,A,F,,,P1M,,A,,,,,,,2021=100,,,2,,4D0,New Cronos,Industrial production; total excluding construction ,"Euro area 20 (fixed composition) as of 1 January 2023 - Industrial Production Index, Total Industry (excluding construction) - NACE Rev2; Eurostat; Working day and seasonally adjusted ",PURE_NUMB,0
STS.M.I9.Y.PROD.NS0020.4.000,M,I9,Y,PROD,NS0020,4,000,2006-10,98.7,A,F,,,P1M,,A,,,,,,,2021=100,,,2,,4D0,New Cronos,Industrial production; total excluding construction ,"Euro area 20 (fixed composition) as of 1 January 2023 - Industrial Production Index, Total Industry (excluding construction) - NACE Rev2; Eurostat; Working day and seasonally adjusted ",PURE_NUMB,0
STS.M.I9.Y.PROD.NS0020.4.000,M,I9,Y,PROD,NS0020,4,000,2006-11,99.6,A,F,,,P1M,,A,,,,,,,2021=100,,,2,,4D0,New Cronos,Industrial production; total excluding construction ,"Euro area 20 (fixed composition) as of 1 January 2023 - Industrial Production Index, Total Industry (excluding construction) - NACE Rev2; Eurostat; Working day and seasonally adjusted ",PURE_NUMB,0
STS.M.I9.Y.PROD.NS0020.4.000,M,I9,Y,PROD,NS0020,4,000,2006-12,101.2,A,F,,,P1M,,A,,,,,,,2021=100,,,2,,4D0,New Cronos,Industrial production; total excluding construction ,"Euro area 20 (fixed composition) as of 1 January 2023 - Industrial Production Index, Total Industry (excluding construction) - NACE Rev2; Eurostat; Working day and seasonally adjusted ",PURE_NUMB,0
STS.M.I9.Y.PROD.NS0020.4.000,M,I9,Y,PROD,NS0020,4,000,2007-01,100.7,A,F,,,P1M,,A,,,,,,,2021=100,,,2,,4D0,New Cronos,Industrial production; total excluding construction ,"Euro area 20 (fixed composition) as of 1 January 2023 - Industrial Production Index, Total Industry (excluding construction) - NACE Rev2; Eurostat; Working day and seasonally adjusted ",PURE_NUMB,0
STS.M.I9.Y.PROD.NS0020.4.000,M,I9,Y,PROD,NS0020,4,000,2007-02,101.2,A,F,,,P1M,,A,,,,,,,2021=100,,,2,,4D0,New Cronos,Industrial production; total excluding construction ,"Euro area 20 (fixed composition) as of 1 January 2023 - Industrial Production Index, Total Industry (excluding construction) - NACE Rev2; Eurostat; Working day and seasonally adjusted ",PURE_NUMB,0
STS.M.I9.Y.PROD.NS0020.4.000,M,I9,Y,PROD,NS0020,4,000,2007-03,101.9,A,F,,,P1M,,A,,,,,,,2021=100,,,2,,4D0,New Cronos,Industrial production; total excluding construction ,"Euro area 20 (fixed composition) as of 1 January 2023 - Industrial Production Index, Total Industry (excluding construction) - NACE Rev2; Eurostat; Working day and seasonally adjusted ",PURE_NUMB,0
STS.M.I9.Y.PROD.NS0020.4.000,M,I9,Y,PROD,NS0020,4,000,2007-04,100.5,A,F,,,P1M,,A,,,,,,,2021=100,,,2,,4D0,New Cronos,Industrial production; total excluding construction ,"Euro area 20 (fixed composition) as of 1 January 2023 - Industrial Production Index, Total Industry (excluding construction) - NACE Rev2; Eurostat; Working day and seasonally adjusted ",PURE_NUMB,0
STS.M.I9.Y.PROD.NS0020.4.000,M,I9,Y,PROD,NS0020,4,000,2007-05,102.2,A,F,,,P1M,,A,,,,,,,2021=100,,,2,,4D0,New Cronos,Industrial production; total excluding construction ,"Euro area 20 (fixed composition) as of 1 January 2023 - Industrial Production Index, Total Industry (excluding construction) - NACE Rev2; Eurostat; Working day and seasonally adjusted ",PURE_NUMB,0
STS.M.I9.Y.PROD.NS0020.4.000,M,I9,Y,PROD,NS0020,4,000,2007-06,102.5,A,F,,,P1M,,A,,,,,,,2021=100,,,2,,4D0,New Cronos,Industrial production; total excluding construction ,"Euro area 20 (fixed composition) as of 1 January 2023 - Industrial Production Index, Total Industry (excluding construction) - NACE Rev2; Eurostat; Working day and seasonally adjusted ",PURE_NUMB,0
STS.M.I9.Y.PROD.NS0020.4.000,M,I9,Y,PROD,NS0020,4,000,2007-07,102.6,A,F,,,P1M,,A,,,,,,,2021=100,,,2,,4D0,New Cronos,Industrial production; total excluding construction ,"Euro area 20 (fixed composition) as of 1 January 2023 - Industrial Production Index, Total Industry (excluding construction) - NACE Rev2; Eurostat; Working day and seasonally adjusted ",PURE_NUMB,0
STS.M.I9.Y.PROD.NS0020.4.000,M,I9,Y,PROD,NS0020,4,000,2007-08,103.1,A,F,,,P1M,,A,,,,,,,2021=100,,,2,,4D0,New Cronos,Industrial production; total excluding construction ,"Euro area 20 (fixed composition) as of 1 January 2023 - Industrial Production Index, Total Industry (excluding construction) - NACE Rev2; Eurostat; Working day and seasonally adjusted ",PURE_NUMB,0
STS.M.I9.Y.PROD.NS0020.4.000,M,I9,Y,PROD,NS0020,4,000,2007-09,102.9,A,F,,,P1M,,A,,,,,,,2021=100,,,2,,4D0,New Cronos,Industrial production; total excluding construction ,"Euro area 20 (fixed composition) as of 1 January 2023 - Industrial Production Index, Total Industry (excluding construction) - NACE Rev2; Eurostat; Working day and seasonally adjusted ",PURE_NUMB,0
STS.M.I9.Y.PROD.NS0020.4.000,M,I9,Y,PROD,NS0020,4,000,2007-10,103.6,A,F,,,P1M,,A,,,,,,,2021=100,,,2,,4D0,New Cronos,Industrial production; total excluding construction ,"Euro area 20 (fixed composition) as of 1 January 2023 - Industrial Production Index, Total Industry (excluding construction) - NACE Rev2; Eurostat; Working day and seasonally adjusted ",PURE_NUMB,0
STS.M.I9.Y.PROD.NS0020.4.000,M,I9,Y,PROD,NS0020,4,000,2007-11,103,A,F,,,P1M,,A,,,,,,,2021=100,,,2,,4D0,New Cronos,Industrial production; total excluding construction ,"Euro area 20 (fixed composition) as of 1 January 2023 - Industrial Production Index, Total Industry (excluding construction) - NACE Rev2; Eurostat; Working day and seasonally adjusted ",PURE_NUMB,0
STS.M.I9.Y.PROD.NS0020.4.000,M,I9,Y,PROD,NS0020,4,000,2007-12,103.5,A,F,,,P1M,,A,,,,,,,2021=100,,,2,,4D0,New Cronos,Industrial production; total excluding construction ,"Euro area 20 (fixed composition) as of 1 January 2023 - Industrial Production Index, Total Industry (excluding construction) - NACE Rev2; Eurostat; Working day and seasonally adjusted ",PURE_NUMB,0
STS.M.I9.Y.PROD.NS0020.4.000,M,I9,Y,PROD,NS0020,4,000,2008-01,104.6,A,F,,,P1M,,A,,,,,,,2021=100,,,2,,4D0,New Cronos,Industrial production; total excluding construction ,"Euro area 20 (fixed composition) as of 1 January 2023 - Industrial Production Index, Total Industry (excluding construction) - NACE Rev2; Eurostat; Working day and seasonally adjusted ",PURE_NUMB,0
STS.M.I9.Y.PROD.NS0020.4.000,M,I9,Y,PROD,NS0020,4,000,2008-02,104.6,A,F,,,P1M,,A,,,,,,,2021=100,,,2,,4D0,New Cronos,Industrial production; total excluding construction ,"Euro area 20 (fixed composition) as of 1 January 2023 - Industrial Production Index, Total Industry (excluding construction) - NACE Rev2; Eurostat; Working day and seasonally adjusted ",PURE_NUMB,0
STS.M.I9.Y.PROD.NS0020.4.000,M,I9,Y,PROD,NS0020,4,000,2008-03,103.8,A,F,,,P1M,,A,,,,,,,2021=100,,,2,,4D0,New Cronos,Industrial production; total excluding construction ,"Euro area 20 (fixed composition) as of 1 January 2023 - Industrial Production Index, Total Industry (excluding construction) - NACE Rev2; Eurostat; Working day and seasonally adjusted ",PURE_NUMB,0
STS.M.I9.Y.PROD.NS0020.4.000,M,I9,Y,PROD,NS0020,4,000,2008-04,105.3,A,F,,,P1M,,A,,,,,,,2021=100,,,2,,4D0,New Cronos,Industrial production; total excluding construction ,"Euro area 20 (fixed composition) as of 1 January 2023 - Industrial Production Index, Total Industry (excluding construction) - NACE Rev2; Eurostat; Working day and seasonally adjusted ",PURE_NUMB,0
STS.M.I9.Y.PROD.NS0020.4.000,M,I9,Y,PROD,NS0020,4,000,2008-05,101.9,A,F,,,P1M,,A,,,,,,,2021=100,,,2,,4D0,New Cronos,Industrial production; total excluding construction ,"Euro area 20 (fixed composition) as of 1 January 2023 - Industrial Production Index, Total Industry (excluding construction) - NACE Rev2; Eurostat; Working day and seasonally adjusted ",PURE_NUMB,0
STS.M.I9.Y.PROD.NS0020.4.000,M,I9,Y,PROD,NS0020,4,000,2008-06,102.2,A,F,,,P1M,,A,,,,,,,2021=100,,,2,,4D0,New Cronos,Industrial production; total excluding construction ,"Euro area 20 (fixed composition) as of 1 January 2023 - Industrial Production Index, Total Industry (excluding construction) - NACE Rev2; Eurostat; Working day and seasonally adjusted ",PURE_NUMB,0
STS.M.I9.Y.PROD.NS0020.4.000,M,I9,Y,PROD,NS0020,4,000,2008-07,101.3,A,F,,,P1M,,A,,,,,,,2021=100,,,2,,4D0,New Cronos,Industrial production; total excluding construction ,"Euro area 20 (fixed composition) as of 1 January 2023 - Industrial Production Index, Total Industry (excluding construction) - NACE Rev2; Eurostat; Working day and seasonally adjusted ",PURE_NUMB,0
STS.M.I9.Y.PROD.NS0020.4.000,M,I9,Y,PROD,NS0020,4,000,2008-08,100.8,A,F,,,P1M,,A,,,,,,,2021=100,,,2,,4D0,New Cronos,Industrial production; total excluding construction ,"Euro area 20 (fixed composition) as of 1 January 2023 - Industrial Production Index, Total Industry (excluding construction) - NACE Rev2; Eurostat; Working day and seasonally adjusted ",PURE_NUMB,0
STS.M.I9.Y.PROD.NS0020.4.000,M,I9,Y,PROD,NS0020,4,000,2008-09,100,A,F,,,P1M,,A,,,,,,,2021=100,,,2,,4D0,New Cronos,Industrial production; total excluding construction ,"Euro area 20 (fixed composition) as of 1 January 2023 - Industrial Production Index, Total Industry (excluding construction) - NACE Rev2; Eurostat; Working day and seasonally adjusted ",PURE_NUMB,0
STS.M.I9.Y.PROD.NS0020.4.000,M,I9,Y,PROD,NS0020,4,000,2008-10,97.9,A,F,,,P1M,,A,,,,,,,2021=100,,,2,,4D0,New Cronos,Industrial production; total excluding construction ,"Euro area 20 (fixed composition) as of 1 January 2023 - Industrial Production Index, Total Industry (excluding construction) - NACE Rev2; Eurostat; Working day and seasonally adjusted ",PURE_NUMB,0
STS.M.I9.Y.PROD.NS0020.4.000,M,I9,Y,PROD,NS0020,4,000,2008-11,94.3,A,F,,,P1M,,A,,,,,,,2021=100,,,2,,4D0,New Cronos,Industrial production; total excluding construction ,"Euro area 20 (fixed composition) as of 1 January 2023 - Industrial Production Index, Total Industry (excluding construction) - NACE Rev2; Eurostat; Working day and seasonally adjusted ",PURE_NUMB,0
STS.M.I9.Y.PROD.NS0020.4.000,M,I9,Y,PROD,NS0020,4,000,2008-12,90.5,A,F,,,P1M,,A,,,,,,,2021=100,,,2,,4D0,New Cronos,Industrial production; total excluding construction ,"Euro area 20 (fixed composition) as of 1 January 2023 - Industrial Production Index, Total Industry (excluding construction) - NACE Rev2; Eurostat; Working day and seasonally adjusted ",PURE_NUMB,0
STS.M.I9.Y.PROD.NS0020.4.000,M,I9,Y,PROD,NS0020,4,000,2009-01,86.7,A,F,,,P1M,,A,,,,,,,2021=100,,,2,,4D0,New Cronos,Industrial production; total excluding construction ,"Euro area 20 (fixed composition) as of 1 January 2023 - Industrial Production Index, Total Industry (excluding construction) - NACE Rev2; Eurostat; Working day and seasonally adjusted ",PURE_NUMB,0
STS.M.I9.Y.PROD.NS0020.4.000,M,I9,Y,PROD,NS0020,4,000,2009-02,84.7,A,F,,,P1M,,A,,,,,,,2021=100,,,2,,4D0,New Cronos,Industrial production; total excluding construction ,"Euro area 20 (fixed composition) as of 1 January 2023 - Industrial Production Index, Total Industry (excluding construction) - NACE Rev2; Eurostat; Working day and seasonally adjusted ",PURE_NUMB,0
STS.M.I9.Y.PROD.NS0020.4.000,M,I9,Y,PROD,NS0020,4,000,2009-03,83.6,A,F,,,P1M,,A,,,,,,,2021=100,,,2,,4D0,New Cronos,Industrial production; total excluding construction ,"Euro area 20 (fixed composition) as of 1 January 2023 - Industrial Production Index, Total Industry (excluding construction) - NACE Rev2; Eurostat; Working day and seasonally adjusted ",PURE_NUMB,0
STS.M.I9.Y.PROD.NS0020.4.000,M,I9,Y,PROD,NS0020,4,000,2009-04,82.5,A,F,,,P1M,,A,,,,,,,2021=100,,,2,,4D0,New Cronos,Industrial production; total excluding construction ,"Euro area 20 (fixed composition) as of 1 January 2023 - Industrial Production Index, Total Industry (excluding construction) - NACE Rev2; Eurostat; Working day and seasonally adjusted ",PURE_NUMB,0
STS.M.I9.Y.PROD.NS0020.4.000,M,I9,Y,PROD,NS0020,4,000,2009-05,84.5,A,F,,,P1M,,A,,,,,,,2021=100,,,2,,4D0,New Cronos,Industrial production; total excluding construction ,"Euro area 20 (fixed composition) as of 1 January 2023 - Industrial Production Index, Total Industry (excluding construction) - NACE Rev2; Eurostat; Working day and seasonally adjusted ",PURE_NUMB,0
STS.M.I9.Y.PROD.NS0020.4.000,M,I9,Y,PROD,NS0020,4,000,2009-06,85,A,F,,,P1M,,A,,,,,,,2021=100,,,2,,4D0,New Cronos,Industrial production; total excluding construction ,"Euro area 20 (fixed composition) as of 1 January 2023 - Industrial Production Index, Total Industry (excluding construction) - NACE Rev2; Eurostat; Working day and seasonally adjusted ",PURE_NUMB,0
STS.M.I9.Y.PROD.NS0020.4.000,M,I9,Y,PROD,NS0020,4,000,2009-07,85.3,A,F,,,P1M,,A,,,,,,,2021=100,,,2,,4D0,New Cronos,Industrial production; total excluding construction ,"Euro area 20 (fixed composition) as of 1 January 2023 - Industrial Production Index, Total Industry (excluding construction) - NACE Rev2; Eurostat; Working day and seasonally adjusted ",PURE_NUMB,0
STS.M.I9.Y.PROD.NS0020.4.000,M,I9,Y,PROD,NS0020,4,000,2009-08,85.4,A,F,,,P1M,,A,,,,,,,2021=100,,,2,,4D0,New Cronos,Industrial production; total excluding construction ,"Euro area 20 (fixed composition) as of 1 January 2023 - Industrial Production Index, Total Industry (excluding construction) - NACE Rev2; Eurostat; Working day and seasonally adjusted ",PURE_NUMB,0
STS.M.I9.Y.PROD.NS0020.4.000,M,I9,Y,PROD,NS0020,4,000,2009-09,87.4,A,F,,,P1M,,A,,,,,,,2021=100,,,2,,4D0,New Cronos,Industrial production; total excluding construction ,"Euro area 20 (fixed composition) as of 1 January 2023 - Industrial Production Index, Total Industry (excluding construction) - NACE Rev2; Eurostat; Working day and seasonally adjusted ",PURE_NUMB,0
STS.M.I9.Y.PROD.NS0020.4.000,M,I9,Y,PROD,NS0020,4,000,2009-10,87.1,A,F,,,P1M,,A,,,,,,,2021=100,,,2,,4D0,New Cronos,Industrial production; total excluding construction ,"Euro area 20 (fixed composition) as of 1 January 2023 - Industrial Production Index, Total Industry (excluding construction) - NACE Rev2; Eurostat; Working day and seasonally adjusted ",PURE_NUMB,0
STS.M.I9.Y.PROD.NS0020.4.000,M,I9,Y,PROD,NS0020,4,000,2009-11,87.5,A,F,,,P1M,,A,,,,,,,2021=100,,,2,,4D0,New Cronos,Industrial production; total excluding construction ,"Euro area 20 (fixed composition) as of 1 January 2023 - Industrial Production Index, Total Industry (excluding construction) - NACE Rev2; Eurostat; Working day and seasonally adjusted ",PURE_NUMB,0
STS.M.I9.Y.PROD.NS0020.4.000,M,I9,Y,PROD,NS0020,4,000,2009-12,87.3,A,F,,,P1M,,A,,,,,,,2021=100,,,2,,4D0,New Cronos,Industrial production; total excluding construction ,"Euro area 20 (fixed composition) as of 1 January 2023 - Industrial Production Index, Total Industry (excluding construction) - NACE Rev2; Eurostat; Working day and seasonally adjusted ",PURE_NUMB,0
STS.M.I9.Y.PROD.NS0020.4.000,M,I9,Y,PROD,NS0020,4,000,2010-01,88.8,A,F,,,P1M,,A,,,,,,,2021=100,,,2,,4D0,New Cronos,Industrial production; total excluding construction ,"Euro area 20 (fixed composition) as of 1 January 2023 - Industrial Production Index, Total Industry (excluding construction) - NACE Rev2; Eurostat; Working day and seasonally adjusted ",PURE_NUMB,0
STS.M.I9.Y.PROD.NS0020.4.000,M,I9,Y,PROD,NS0020,4,000,2010-02,88.3,A,F,,,P1M,,A,,,,,,,2021=100,,,2,,4D0,New Cronos,Industrial production; total excluding construction ,"Euro area 20 (fixed composition) as of 1 January 2023 - Industrial Production Index, Total Industry (excluding construction) - NACE Rev2; Eurostat; Working day and seasonally adjusted ",PURE_NUMB,0
STS.M.I9.Y.PROD.NS0020.4.000,M,I9,Y,PROD,NS0020,4,000,2010-03,90.1,A,F,,,P1M,,A,,,,,,,2021=100,,,2,,4D0,New Cronos,Industrial production; total excluding construction ,"Euro area 20 (fixed composition) as of 1 January 2023 - Industrial Production Index, Total Industry (excluding construction) - NACE Rev2; Eurostat; Working day and seasonally adjusted ",PURE_NUMB,0
STS.M.I9.Y.PROD.NS0020.4.000,M,I9,Y,PROD,NS0020,4,000,2010-04,90.3,A,F,,,P1M,,A,,,,,,,2021=100,,,2,,4D0,New Cronos,Industrial production; total excluding construction ,"Euro area 20 (fixed composition) as of 1 January 2023 - Industrial Production Index, Total Industry (excluding construction) - NACE Rev2; Eurostat; Working day and seasonally adjusted ",PURE_NUMB,0
STS.M.I9.Y.PROD.NS0020.4.000,M,I9,Y,PROD,NS0020,4,000,2010-05,92.3,A,F,,,P1M,,A,,,,,,,2021=100,,,2,,4D0,New Cronos,Industrial production; total excluding construction ,"Euro area 20 (fixed composition) as of 1 January 2023 - Industrial Production Index, Total Industry (excluding construction) - NACE Rev2; Eurostat; Working day and seasonally adjusted ",PURE_NUMB,0
STS.M.I9.Y.PROD.NS0020.4.000,M,I9,Y,PROD,NS0020,4,000,2010-06,92.3,A,F,,,P1M,,A,,,,,,,2021=100,,,2,,4D0,New Cronos,Industrial production; total excluding construction ,"Euro area 20 (fixed composition) as of 1 January 2023 - Industrial Production Index, Total Industry (excluding construction) - NACE Rev2; Eurostat; Working day and seasonally adjusted ",PURE_NUMB,0
STS.M.I9.Y.PROD.NS0020.4.000,M,I9,Y,PROD,NS0020,4,000,2010-07,91.8,A,F,,,P1M,,A,,,,,,,2021=100,,,2,,4D0,New Cronos,Industrial production; total excluding construction ,"Euro area 20 (fixed composition) as of 1 January 2023 - Industrial Production Index, Total Industry (excluding construction) - NACE Rev2; Eurostat; Working day and seasonally adjusted ",PURE_NUMB,0
STS.M.I9.Y.PROD.NS0020.4.000,M,I9,Y,PROD,NS0020,4,000,2010-08,92.9,A,F,,,P1M,,A,,,,,,,2021=100,,,2,,4D0,New Cronos,Industrial production; total excluding construction ,"Euro area 20 (fixed composition) as of 1 January 2023 - Industrial Production Index, Total Industry (excluding construction) - NACE Rev2; Eurostat; Working day and seasonally adjusted ",PURE_NUMB,0
STS.M.I9.Y.PROD.NS0020.4.000,M,I9,Y,PROD,NS0020,4,000,2010-09,92.8,A,F,,,P1M,,A,,,,,,,2021=100,,,2,,4D0,New Cronos,Industrial production; total excluding construction ,"Euro area 20 (fixed composition) as of 1 January 2023 - Industrial Production Index, Total Industry (excluding construction) - NACE Rev2; Eurostat; Working day and seasonally adjusted ",PURE_NUMB,0
STS.M.I9.Y.PROD.NS0020.4.000,M,I9,Y,PROD,NS0020,4,000,2010-10,93.6,A,F,,,P1M,,A,,,,,,,2021=100,,,2,,4D0,New Cronos,Industrial production; total excluding construction ,"Euro area 20 (fixed composition) as of 1 January 2023 - Industrial Production Index, Total Industry (excluding construction) - NACE Rev2; Eurostat; Working day and seasonally adjusted ",PURE_NUMB,0
STS.M.I9.Y.PROD.NS0020.4.000,M,I9,Y,PROD,NS0020,4,000,2010-11,94.5,A,F,,,P1M,,A,,,,,,,2021=100,,,2,,4D0,New Cronos,Industrial production; total excluding construction ,"Euro area 20 (fixed composition) as of 1 January 2023 - Industrial Production Index, Total Industry (excluding construction) - NACE Rev2; Eurostat; Working day and seasonally adjusted ",PURE_NUMB,0
STS.M.I9.Y.PROD.NS0020.4.000,M,I9,Y,PROD,NS0020,4,000,2010-12,95.2,A,F,,,P1M,,A,,,,,,,2021=100,,,2,,4D0,New Cronos,Industrial production; total excluding construction ,"Euro area 20 (fixed composition) as of 1 January 2023 - Industrial Production Index, Total Industry (excluding construction) - NACE Rev2; Eurostat; Working day and seasonally adjusted ",PURE_NUMB,0
STS.M.I9.Y.PROD.NS0020.4.000,M,I9,Y,PROD,NS0020,4,000,2011-01,94.7,A,F,,,P1M,,A,,,,,,,2021=100,,,2,,4D0,New Cronos,Industrial production; total excluding construction ,"Euro area 20 (fixed composition) as of 1 January 2023 - Industrial Production Index, Total Industry (excluding construction) - NACE Rev2; Eurostat; Working day and seasonally adjusted ",PURE_NUMB,0
STS.M.I9.Y.PROD.NS0020.4.000,M,I9,Y,PROD,NS0020,4,000,2011-02,95.6,A,F,,,P1M,,A,,,,,,,2021=100,,,2,,4D0,New Cronos,Industrial production; total excluding construction ,"Euro area 20 (fixed composition) as of 1 January 2023 - Industrial Production Index, Total Industry (excluding construction) - NACE Rev2; Eurostat; Working day and seasonally adjusted ",PURE_NUMB,0
STS.M.I9.Y.PROD.NS0020.4.000,M,I9,Y,PROD,NS0020,4,000,2011-03,95.7,A,F,,,P1M,,A,,,,,,,2021=100,,,2,,4D0,New Cronos,Industrial production; total excluding construction ,"Euro area 20 (fixed composition) as of 1 January 2023 - Industrial Production Index, Total Industry (excluding construction) - NACE Rev2; Eurostat; Working day and seasonally adjusted ",PURE_NUMB,0
STS.M.I9.Y.PROD.NS0020.4.000,M,I9,Y,PROD,NS0020,4,000,2011-04,95.3,A,F,,,P1M,,A,,,,,,,2021=100,,,2,,4D0,New Cronos,Industrial production; total excluding construction ,"Euro area 20 (fixed composition) as of 1 January 2023 - Industrial Production Index, Total Industry (excluding construction) - NACE Rev2; Eurostat; Working day and seasonally adjusted ",PURE_NUMB,0
STS.M.I9.Y.PROD.NS0020.4.000,M,I9,Y,PROD,NS0020,4,000,2011-05,96,A,F,,,P1M,,A,,,,,,,2021=100,,,2,,4D0,New Cronos,Industrial production; total excluding construction ,"Euro area 20 (fixed composition) as of 1 January 2023 - Industrial Production Index, Total Industry (excluding construction) - NACE Rev2; Eurostat; Working day and seasonally adjusted ",PURE_NUMB,0
STS.M.I9.Y.PROD.NS0020.4.000,M,I9,Y,PROD,NS0020,4,000,2011-06,94.5,A,F,,,P1M,,A,,,,,,,2021=100,,,2,,4D0,New Cronos,Industrial production; total excluding construction ,"Euro area 20 (fixed composition) as of 1 January 2023 - Industrial Production Index, Total Industry (excluding construction) - NACE Rev2; Eurostat; Working day and seasonally adjusted ",PURE_NUMB,0
STS.M.I9.Y.PROD.NS0020.4.000,M,I9,Y,PROD,NS0020,4,000,2011-07,95.6,A,F,,,P1M,,A,,,,,,,2021=100,,,2,,4D0,New Cronos,Industrial production; total excluding construction ,"Euro area 20 (fixed composition) as of 1 January 2023 - Industrial Production Index, Total Industry (excluding construction) - NACE Rev2; Eurostat; Working day and seasonally adjusted ",PURE_NUMB,0
STS.M.I9.Y.PROD.NS0020.4.000,M,I9,Y,PROD,NS0020,4,000,2011-08,95.6,A,F,,,P1M,,A,,,,,,,2021=100,,,2,,4D0,New Cronos,Industrial production; total excluding construction ,"Euro area 20 (fixed composition) as of 1 January 2023 - Industrial Production Index, Total Industry (excluding construction) - NACE Rev2; Eurostat; Working day and seasonally adjusted ",PURE_NUMB,0
STS.M.I9.Y.PROD.NS0020.4.000,M,I9,Y,PROD,NS0020,4,000,2011-09,94.7,A,F,,,P1M,,A,,,,,,,2021=100,,,2,,4D0,New Cronos,Industrial production; total excluding construction ,"Euro area 20 (fixed composition) as of 1 January 2023 - Industrial Production Index, Total Industry (excluding construction) - NACE Rev2; Eurostat; Working day and seasonally adjusted ",PURE_NUMB,0
STS.M.I9.Y.PROD.NS0020.4.000,M,I9,Y,PROD,NS0020,4,000,2011-10,94.4,A,F,,,P1M,,A,,,,,,,2021=100,,,2,,4D0,New Cronos,Industrial production; total excluding construction ,"Euro area 20 (fixed composition) as of 1 January 2023 - Industrial Production Index, Total Industry (excluding construction) - NACE Rev2; Eurostat; Working day and seasonally adjusted ",PURE_NUMB,0
STS.M.I9.Y.PROD.NS0020.4.000,M,I9,Y,PROD,NS0020,4,000,2011-11,94.6,A,F,,,P1M,,A,,,,,,,2021=100,,,2,,4D0,New Cronos,Industrial production; total excluding construction ,"Euro area 20 (fixed composition) as of 1 January 2023 - Industrial Production Index, Total Industry (excluding construction) - NACE Rev2; Eurostat; Working day and seasonally adjusted ",PURE_NUMB,0
STS.M.I9.Y.PROD.NS0020.4.000,M,I9,Y,PROD,NS0020,4,000,2011-12,94.1,A,F,,,P1M,,A,,,,,,,2021=100,,,2,,4D0,New Cronos,Industrial production; total excluding construction ,"Euro area 20 (fixed composition) as of 1 January 2023 - Industrial Production Index, Total Industry (excluding construction) - NACE Rev2; Eurostat; Working day and seasonally adjusted ",PURE_NUMB,0
STS.M.I9.Y.PROD.NS0020.4.000,M,I9,Y,PROD,NS0020,4,000,2012-01,93.5,A,F,,,P1M,,A,,,,,,,2021=100,,,2,,4D0,New Cronos,Industrial production; total excluding construction ,"Euro area 20 (fixed composition) as of 1 January 2023 - Industrial Production Index, Total Industry (excluding construction) - NACE Rev2; Eurostat; Working day and seasonally adjusted ",PURE_NUMB,0
STS.M.I9.Y.PROD.NS0020.4.000,M,I9,Y,PROD,NS0020,4,000,2012-02,94.2,A,F,,,P1M,,A,,,,,,,2021=100,,,2,,4D0,New Cronos,Industrial production; total excluding construction ,"Euro area 20 (fixed composition) as of 1 January 2023 - Industrial Production Index, Total Industry (excluding construction) - NACE Rev2; Eurostat; Working day and seasonally adjusted ",PURE_NUMB,0
STS.M.I9.Y.PROD.NS0020.4.000,M,I9,Y,PROD,NS0020,4,000,2012-03,93.9,A,F,,,P1M,,A,,,,,,,2021=100,,,2,,4D0,New Cronos,Industrial production; total excluding construction ,"Euro area 20 (fixed composition) as of 1 January 2023 - Industrial Production Index, Total Industry (excluding construction) - NACE Rev2; Eurostat; Working day and seasonally adjusted ",PURE_NUMB,0
STS.M.I9.Y.PROD.NS0020.4.000,M,I9,Y,PROD,NS0020,4,000,2012-04,93.3,A,F,,,P1M,,A,,,,,,,2021=100,,,2,,4D0,New Cronos,Industrial production; total excluding construction ,"Euro area 20 (fixed composition) as of 1 January 2023 - Industrial Production Index, Total Industry (excluding construction) - NACE Rev2; Eurostat; Working day and seasonally adjusted ",PURE_NUMB,0
STS.M.I9.Y.PROD.NS0020.4.000,M,I9,Y,PROD,NS0020,4,000,2012-05,94,A,F,,,P1M,,A,,,,,,,2021=100,,,2,,4D0,New Cronos,Industrial production; total excluding construction ,"Euro area 20 (fixed composition) as of 1 January 2023 - Industrial Production Index, Total Industry (excluding construction) - NACE Rev2; Eurostat; Working day and seasonally adjusted ",PURE_NUMB,0
STS.M.I9.Y.PROD.NS0020.4.000,M,I9,Y,PROD,NS0020,4,000,2012-06,93.3,A,F,,,P1M,,A,,,,,,,2021=100,,,2,,4D0,New Cronos,Industrial production; total excluding construction ,"Euro area 20 (fixed composition) as of 1 January 2023 - Industrial Production Index, Total Industry (excluding construction) - NACE Rev2; Eurostat; Working day and seasonally adjusted ",PURE_NUMB,0
STS.M.I9.Y.PROD.NS0020.4.000,M,I9,Y,PROD,NS0020,4,000,2012-07,93.5,A,F,,,P1M,,A,,,,,,,2021=100,,,2,,4D0,New Cronos,Industrial production; total excluding construction ,"Euro area 20 (fixed composition) as of 1 January 2023 - Industrial Production Index, Total Industry (excluding construction) - NACE Rev2; Eurostat; Working day and seasonally adjusted ",PURE_NUMB,0
STS.M.I9.Y.PROD.NS0020.4.000,M,I9,Y,PROD,NS0020,4,000,2012-08,94.2,A,F,,,P1M,,A,,,,,,,2021=100,,,2,,4D0,New Cronos,Industrial production; total excluding construction ,"Euro area 20 (fixed composition) as of 1 January 2023 - Industrial Production Index, Total Industry (excluding construction) - NACE Rev2; Eurostat; Working day and seasonally adjusted ",PURE_NUMB,0
STS.M.I9.Y.PROD.NS0020.4.000,M,I9,Y,PROD,NS0020,4,000,2012-09,92.4,A,F,,,P1M,,A,,,,,,,2021=100,,,2,,4D0,New Cronos,Industrial production; total excluding construction ,"Euro area 20 (fixed composition) as of 1 January 2023 - Industrial Production Index, Total Industry (excluding construction) - NACE Rev2; Eurostat; Working day and seasonally adjusted ",PURE_NUMB,0
STS.M.I9.Y.PROD.NS0020.4.000,M,I9,Y,PROD,NS0020,4,000,2012-10,91.6,A,F,,,P1M,,A,,,,,,,2021=100,,,2,,4D0,New Cronos,Industrial production; total excluding construction ,"Euro area 20 (fixed composition) as of 1 January 2023 - Industrial Production Index, Total Industry (excluding construction) - NACE Rev2; Eurostat; Working day and seasonally adjusted ",PURE_NUMB,0
STS.M.I9.Y.PROD.NS0020.4.000,M,I9,Y,PROD,NS0020,4,000,2012-11,91,A,F,,,P1M,,A,,,,,,,2021=100,,,2,,4D0,New Cronos,Industrial production; total excluding construction ,"Euro area 20 (fixed composition) as of 1 January 2023 - Industrial Production Index, Total Industry (excluding construction) - NACE Rev2; Eurostat; Working day and seasonally adjusted ",PURE_NUMB,0
STS.M.I9.Y.PROD.NS0020.4.000,M,I9,Y,PROD,NS0020,4,000,2012-12,91.5,A,F,,,P1M,,A,,,,,,,2021=100,,,2,,4D0,New Cronos,Industrial production; total excluding construction ,"Euro area 20 (fixed composition) as of 1 January 2023 - Industrial Production Index, Total Industry (excluding construction) - NACE Rev2; Eurostat; Working day and seasonally adjusted ",PURE_NUMB,0
STS.M.I9.Y.PROD.NS0020.4.000,M,I9,Y,PROD,NS0020,4,000,2013-01,91.1,A,F,,,P1M,,A,,,,,,,2021=100,,,2,,4D0,New Cronos,Industrial production; total excluding construction ,"Euro area 20 (fixed composition) as of 1 January 2023 - Industrial Production Index, Total Industry (excluding construction) - NACE Rev2; Eurostat; Working day and seasonally adjusted ",PURE_NUMB,0
STS.M.I9.Y.PROD.NS0020.4.000,M,I9,Y,PROD,NS0020,4,000,2013-02,91.3,A,F,,,P1M,,A,,,,,,,2021=100,,,2,,4D0,New Cronos,Industrial production; total excluding construction ,"Euro area 20 (fixed composition) as of 1 January 2023 - Industrial Production Index, Total Industry (excluding construction) - NACE Rev2; Eurostat; Working day and seasonally adjusted ",PURE_NUMB,0
STS.M.I9.Y.PROD.NS0020.4.000,M,I9,Y,PROD,NS0020,4,000,2013-03,92.4,A,F,,,P1M,,A,,,,,,,2021=100,,,2,,4D0,New Cronos,Industrial production; total excluding construction ,"Euro area 20 (fixed composition) as of 1 January 2023 - Industrial Production Index, Total Industry (excluding construction) - NACE Rev2; Eurostat; Working day and seasonally adjusted ",PURE_NUMB,0
STS.M.I9.Y.PROD.NS0020.4.000,M,I9,Y,PROD,NS0020,4,000,2013-04,92.5,A,F,,,P1M,,A,,,,,,,2021=100,,,2,,4D0,New Cronos,Industrial production; total excluding construction ,"Euro area 20 (fixed composition) as of 1 January 2023 - Industrial Production Index, Total Industry (excluding construction) - NACE Rev2; Eurostat; Working day and seasonally adjusted ",PURE_NUMB,0
STS.M.I9.Y.PROD.NS0020.4.000,M,I9,Y,PROD,NS0020,4,000,2013-05,92.5,A,F,,,P1M,,A,,,,,,,2021=100,,,2,,4D0,New Cronos,Industrial production; total excluding construction ,"Euro area 20 (fixed composition) as of 1 January 2023 - Industrial Production Index, Total Industry (excluding construction) - NACE Rev2; Eurostat; Working day and seasonally adjusted ",PURE_NUMB,0
STS.M.I9.Y.PROD.NS0020.4.000,M,I9,Y,PROD,NS0020,4,000,2013-06,92.8,A,F,,,P1M,,A,,,,,,,2021=100,,,2,,4D0,New Cronos,Industrial production; total excluding construction ,"Euro area 20 (fixed composition) as of 1 January 2023 - Industrial Production Index, Total Industry (excluding construction) - NACE Rev2; Eurostat; Working day and seasonally adjusted ",PURE_NUMB,0
STS.M.I9.Y.PROD.NS0020.4.000,M,I9,Y,PROD,NS0020,4,000,2013-07,91.8,A,F,,,P1M,,A,,,,,,,2021=100,,,2,,4D0,New Cronos,Industrial production; total excluding construction ,"Euro area 20 (fixed composition) as of 1 January 2023 - Industrial Production Index, Total Industry (excluding construction) - NACE Rev2; Eurostat; Working day and seasonally adjusted ",PURE_NUMB,0
STS.M.I9.Y.PROD.NS0020.4.000,M,I9,Y,PROD,NS0020,4,000,2013-08,92.3,A,F,,,P1M,,A,,,,,,,2021=100,,,2,,4D0,New Cronos,Industrial production; total excluding construction ,"Euro area 20 (fixed composition) as of 1 January 2023 - Industrial Production Index, Total Industry (excluding construction) - NACE Rev2; Eurostat; Working day and seasonally adjusted ",PURE_NUMB,0
STS.M.I9.Y.PROD.NS0020.4.000,M,I9,Y,PROD,NS0020,4,000,2013-09,92.6,A,F,,,P1M,,A,,,,,,,2021=100,,,2,,4D0,New Cronos,Industrial production; total excluding construction ,"Euro area 20 (fixed composition) as of 1 January 2023 - Industrial Production Index, Total Industry (excluding construction) - NACE Rev2; Eurostat; Working day and seasonally adjusted ",PURE_NUMB,0
STS.M.I9.Y.PROD.NS0020.4.000,M,I9,Y,PROD,NS0020,4,000,2013-10,92.1,A,F,,,P1M,,A,,,,,,,2021=100,,,2,,4D0,New Cronos,Industrial production; total excluding construction ,"Euro area 20 (fixed composition) as of 1 January 2023 - Industrial Production Index, Total Industry (excluding construction) - NACE Rev2; Eurostat; Working day and seasonally adjusted ",PURE_NUMB,0
STS.M.I9.Y.PROD.NS0020.4.000,M,I9,Y,PROD,NS0020,4,000,2013-11,93.2,A,F,,,P1M,,A,,,,,,,2021=100,,,2,,4D0,New Cronos,Industrial production; total excluding construction ,"Euro area 20 (fixed composition) as of 1 January 2023 - Industrial Production Index, Total Industry (excluding construction) - NACE Rev2; Eurostat; Working day and seasonally adjusted ",PURE_NUMB,0
STS.M.I9.Y.PROD.NS0020.4.000,M,I9,Y,PROD,NS0020,4,000,2013-12,93.1,A,F,,,P1M,,A,,,,,,,2021=100,,,2,,4D0,New Cronos,Industrial production; total excluding construction ,"Euro area 20 (fixed composition) as of 1 January 2023 - Industrial Production Index, Total Industry (excluding construction) - NACE Rev2; Eurostat; Working day and seasonally adjusted ",PURE_NUMB,0
STS.M.I9.Y.PROD.NS0020.4.000,M,I9,Y,PROD,NS0020,4,000,2014-01,92.7,A,F,,,P1M,,A,,,,,,,2021=100,,,2,,4D0,New Cronos,Industrial production; total excluding construction ,"Euro area 20 (fixed composition) as of 1 January 2023 - Industrial Production Index, Total Industry (excluding construction) - NACE Rev2; Eurostat; Working day and seasonally adjusted ",PURE_NUMB,0
STS.M.I9.Y.PROD.NS0020.4.000,M,I9,Y,PROD,NS0020,4,000,2014-02,93.4,A,F,,,P1M,,A,,,,,,,2021=100,,,2,,4D0,New Cronos,Industrial production; total excluding construction ,"Euro area 20 (fixed composition) as of 1 January 2023 - Industrial Production Index, Total Industry (excluding construction) - NACE Rev2; Eurostat; Working day and seasonally adjusted ",PURE_NUMB,0
STS.M.I9.Y.PROD.NS0020.4.000,M,I9,Y,PROD,NS0020,4,000,2014-03,92.9,A,F,,,P1M,,A,,,,,,,2021=100,,,2,,4D0,New Cronos,Industrial production; total excluding construction ,"Euro area 20 (fixed composition) as of 1 January 2023 - Industrial Production Index, Total Industry (excluding construction) - NACE Rev2; Eurostat; Working day and seasonally adjusted ",PURE_NUMB,0
STS.M.I9.Y.PROD.NS0020.4.000,M,I9,Y,PROD,NS0020,4,000,2014-04,94.3,A,F,,,P1M,,A,,,,,,,2021=100,,,2,,4D0,New Cronos,Industrial production; total excluding construction ,"Euro area 20 (fixed composition) as of 1 January 2023 - Industrial Production Index, Total Industry (excluding construction) - NACE Rev2; Eurostat; Working day and seasonally adjusted ",PURE_NUMB,0
STS.M.I9.Y.PROD.NS0020.4.000,M,I9,Y,PROD,NS0020,4,000,2014-05,93.6,A,F,,,P1M,,A,,,,,,,2021=100,,,2,,4D0,New Cronos,Industrial production; total excluding construction ,"Euro area 20 (fixed composition) as of 1 January 2023 - Industrial Production Index, Total Industry (excluding construction) - NACE Rev2; Eurostat; Working day and seasonally adjusted ",PURE_NUMB,0
STS.M.I9.Y.PROD.NS0020.4.000,M,I9,Y,PROD,NS0020,4,000,2014-06,93.1,A,F,,,P1M,,A,,,,,,,2021=100,,,2,,4D0,New Cronos,Industrial production; total excluding construction ,"Euro area 20 (fixed composition) as of 1 January 2023 - Industrial Production Index, Total Industry (excluding construction) - NACE Rev2; Eurostat; Working day and seasonally adjusted ",PURE_NUMB,0
STS.M.I9.Y.PROD.NS0020.4.000,M,I9,Y,PROD,NS0020,4,000,2014-07,93.9,A,F,,,P1M,,A,,,,,,,2021=100,,,2,,4D0,New Cronos,Industrial production; total excluding construction ,"Euro area 20 (fixed composition) as of 1 January 2023 - Industrial Production Index, Total Industry (excluding construction) - NACE Rev2; Eurostat; Working day and seasonally adjusted ",PURE_NUMB,0
STS.M.I9.Y.PROD.NS0020.4.000,M,I9,Y,PROD,NS0020,4,000,2014-08,92.1,A,F,,,P1M,,A,,,,,,,2021=100,,,2,,4D0,New Cronos,Industrial production; total excluding construction ,"Euro area 20 (fixed composition) as of 1 January 2023 - Industrial Production Index, Total Industry (excluding construction) - NACE Rev2; Eurostat; Working day and seasonally adjusted ",PURE_NUMB,0
STS.M.I9.Y.PROD.NS0020.4.000,M,I9,Y,PROD,NS0020,4,000,2014-09,93.2,A,F,,,P1M,,A,,,,,,,2021=100,,,2,,4D0,New Cronos,Industrial production; total excluding construction ,"Euro area 20 (fixed composition) as of 1 January 2023 - Industrial Production Index, Total Industry (excluding construction) - NACE Rev2; Eurostat; Working day and seasonally adjusted ",PURE_NUMB,0
STS.M.I9.Y.PROD.NS0020.4.000,M,I9,Y,PROD,NS0020,4,000,2014-10,93.1,A,F,,,P1M,,A,,,,,,,2021=100,,,2,,4D0,New Cronos,Industrial production; total excluding construction ,"Euro area 20 (fixed composition) as of 1 January 2023 - Industrial Production Index, Total Industry (excluding construction) - NACE Rev2; Eurostat; Working day and seasonally adjusted ",PURE_NUMB,0
STS.M.I9.Y.PROD.NS0020.4.000,M,I9,Y,PROD,NS0020,4,000,2014-11,92.8,A,F,,,P1M,,A,,,,,,,2021=100,,,2,,4D0,New Cronos,Industrial production; total excluding construction ,"Euro area 20 (fixed composition) as of 1 January 2023 - Industrial Production Index, Total Industry (excluding construction) - NACE Rev2; Eurostat; Working day and seasonally adjusted ",PURE_NUMB,0
STS.M.I9.Y.PROD.NS0020.4.000,M,I9,Y,PROD,NS0020,4,000,2014-12,94,A,F,,,P1M,,A,,,,,,,2021=100,,,2,,4D0,New Cronos,Industrial production; total excluding construction ,"Euro area 20 (fixed composition) as of 1 January 2023 - Industrial Production Index, Total Industry (excluding construction) - NACE Rev2; Eurostat; Working day and seasonally adjusted ",PURE_NUMB,0
STS.M.I9.Y.PROD.NS0020.4.000,M,I9,Y,PROD,NS0020,4,000,2015-01,93.4,A,F,,,P1M,,A,,,,,,,2021=100,,,2,,4D0,New Cronos,Industrial production; total excluding construction ,"Euro area 20 (fixed composition) as of 1 January 2023 - Industrial Production Index, Total Industry (excluding construction) - NACE Rev2; Eurostat; Working day and seasonally adjusted ",PURE_NUMB,0
STS.M.I9.Y.PROD.NS0020.4.000,M,I9,Y,PROD,NS0020,4,000,2015-02,95.7,A,F,,,P1M,,A,,,,,,,2021=100,,,2,,4D0,New Cronos,Industrial production; total excluding construction ,"Euro area 20 (fixed composition) as of 1 January 2023 - Industrial Production Index, Total Industry (excluding construction) - NACE Rev2; Eurostat; Working day and seasonally adjusted ",PURE_NUMB,0
STS.M.I9.Y.PROD.NS0020.4.000,M,I9,Y,PROD,NS0020,4,000,2015-03,95.9,A,F,,,P1M,,A,,,,,,,2021=100,,,2,,4D0,New Cronos,Industrial production; total excluding construction ,"Euro area 20 (fixed composition) as of 1 January 2023 - Industrial Production Index, Total Industry (excluding construction) - NACE Rev2; Eurostat; Working day and seasonally adjusted ",PURE_NUMB,0
STS.M.I9.Y.PROD.NS0020.4.000,M,I9,Y,PROD,NS0020,4,000,2015-04,95.2,A,F,,,P1M,,A,,,,,,,2021=100,,,2,,4D0,New Cronos,Industrial production; total excluding construction ,"Euro area 20 (fixed composition) as of 1 January 2023 - Industrial Production Index, Total Industry (excluding construction) - NACE Rev2; Eurostat; Working day and seasonally adjusted ",PURE_NUMB,0
STS.M.I9.Y.PROD.NS0020.4.000,M,I9,Y,PROD,NS0020,4,000,2015-05,95.9,A,F,,,P1M,,A,,,,,,,2021=100,,,2,,4D0,New Cronos,Industrial production; total excluding construction ,"Euro area 20 (fixed composition) as of 1 January 2023 - Industrial Production Index, Total Industry (excluding construction) - NACE Rev2; Eurostat; Working day and seasonally adjusted ",PURE_NUMB,0
STS.M.I9.Y.PROD.NS0020.4.000,M,I9,Y,PROD,NS0020,4,000,2015-06,96.2,A,F,,,P1M,,A,,,,,,,2021=100,,,2,,4D0,New Cronos,Industrial production; total excluding construction ,"Euro area 20 (fixed composition) as of 1 January 2023 - Industrial Production Index, Total Industry (excluding construction) - NACE Rev2; Eurostat; Working day and seasonally adjusted ",PURE_NUMB,0
STS.M.I9.Y.PROD.NS0020.4.000,M,I9,Y,PROD,NS0020,4,000,2015-07,96.7,A,F,,,P1M,,A,,,,,,,2021=100,,,2,,4D0,New Cronos,Industrial production; total excluding construction ,"Euro area 20 (fixed composition) as of 1 January 2023 - Industrial Production Index, Total Industry (excluding construction) - NACE Rev2; Eurostat; Working day and seasonally adjusted ",PURE_NUMB,0
STS.M.I9.Y.PROD.NS0020.4.000,M,I9,Y,PROD,NS0020,4,000,2015-08,95.4,A,F,,,P1M,,A,,,,,,,2021=100,,,2,,4D0,New Cronos,Industrial production; total excluding construction ,"Euro area 20 (fixed composition) as of 1 January 2023 - Industrial Production Index, Total Industry (excluding construction) - NACE Rev2; Eurostat; Working day and seasonally adjusted ",PURE_NUMB,0
STS.M.I9.Y.PROD.NS0020.4.000,M,I9,Y,PROD,NS0020,4,000,2015-09,95.9,A,F,,,P1M,,A,,,,,,,2021=100,,,2,,4D0,New Cronos,Industrial production; total excluding construction ,"Euro area 20 (fixed composition) as of 1 January 2023 - Industrial Production Index, Total Industry (excluding construction) - NACE Rev2; Eurostat; Working day and seasonally adjusted ",PURE_NUMB,0
STS.M.I9.Y.PROD.NS0020.4.000,M,I9,Y,PROD,NS0020,4,000,2015-10,96.1,A,F,,,P1M,,A,,,,,,,2021=100,,,2,,4D0,New Cronos,Industrial production; total excluding construction ,"Euro area 20 (fixed composition) as of 1 January 2023 - Industrial Production Index, Total Industry (excluding construction) - NACE Rev2; Eurostat; Working day and seasonally adjusted ",PURE_NUMB,0
STS.M.I9.Y.PROD.NS0020.4.000,M,I9,Y,PROD,NS0020,4,000,2015-11,95.6,A,F,,,P1M,,A,,,,,,,2021=100,,,2,,4D0,New Cronos,Industrial production; total excluding construction ,"Euro area 20 (fixed composition) as of 1 January 2023 - Industrial Production Index, Total Industry (excluding construction) - NACE Rev2; Eurostat; Working day and seasonally adjusted ",PURE_NUMB,0
STS.M.I9.Y.PROD.NS0020.4.000,M,I9,Y,PROD,NS0020,4,000,2015-12,95.6,A,F,,,P1M,,A,,,,,,,2021=100,,,2,,4D0,New Cronos,Industrial production; total excluding construction ,"Euro area 20 (fixed composition) as of 1 January 2023 - Industrial Production Index, Total Industry (excluding construction) - NACE Rev2; Eurostat; Working day and seasonally adjusted ",PURE_NUMB,0
STS.M.I9.Y.PROD.NS0020.4.000,M,I9,Y,PROD,NS0020,4,000,2016-01,97.4,A,F,,,P1M,,A,,,,,,,2021=100,,,2,,4D0,New Cronos,Industrial production; total excluding construction ,"Euro area 20 (fixed composition) as of 1 January 2023 - Industrial Production Index, Total Industry (excluding construction) - NACE Rev2; Eurostat; Working day and seasonally adjusted ",PURE_NUMB,0
STS.M.I9.Y.PROD.NS0020.4.000,M,I9,Y,PROD,NS0020,4,000,2016-02,96,A,F,,,P1M,,A,,,,,,,2021=100,,,2,,4D0,New Cronos,Industrial production; total excluding construction ,"Euro area 20 (fixed composition) as of 1 January 2023 - Industrial Production Index, Total Industry (excluding construction) - NACE Rev2; Eurostat; Working day and seasonally adjusted ",PURE_NUMB,0
STS.M.I9.Y.PROD.NS0020.4.000,M,I9,Y,PROD,NS0020,4,000,2016-03,95.5,A,F,,,P1M,,A,,,,,,,2021=100,,,2,,4D0,New Cronos,Industrial production; total excluding construction ,"Euro area 20 (fixed composition) as of 1 January 2023 - Industrial Production Index, Total Industry (excluding construction) - NACE Rev2; Eurostat; Working day and seasonally adjusted ",PURE_NUMB,0
STS.M.I9.Y.PROD.NS0020.4.000,M,I9,Y,PROD,NS0020,4,000,2016-04,97,A,F,,,P1M,,A,,,,,,,2021=100,,,2,,4D0,New Cronos,Industrial production; total excluding construction ,"Euro area 20 (fixed composition) as of 1 January 2023 - Industrial Production Index, Total Industry (excluding construction) - NACE Rev2; Eurostat; Working day and seasonally adjusted ",PURE_NUMB,0
STS.M.I9.Y.PROD.NS0020.4.000,M,I9,Y,PROD,NS0020,4,000,2016-05,95.4,A,F,,,P1M,,A,,,,,,,2021=100,,,2,,4D0,New Cronos,Industrial production; total excluding construction ,"Euro area 20 (fixed composition) as of 1 January 2023 - Industrial Production Index, Total Industry (excluding construction) - NACE Rev2; Eurostat; Working day and seasonally adjusted ",PURE_NUMB,0
STS.M.I9.Y.PROD.NS0020.4.000,M,I9,Y,PROD,NS0020,4,000,2016-06,96.3,A,F,,,P1M,,A,,,,,,,2021=100,,,2,,4D0,New Cronos,Industrial production; total excluding construction ,"Euro area 20 (fixed composition) as of 1 January 2023 - Industrial Production Index, Total Industry (excluding construction) - NACE Rev2; Eurostat; Working day and seasonally adjusted ",PURE_NUMB,0
STS.M.I9.Y.PROD.NS0020.4.000,M,I9,Y,PROD,NS0020,4,000,2016-07,96.1,A,F,,,P1M,,A,,,,,,,2021=100,,,2,,4D0,New Cronos,Industrial production; total excluding construction ,"Euro area 20 (fixed composition) as of 1 January 2023 - Industrial Production Index, Total Industry (excluding construction) - NACE Rev2; Eurostat; Working day and seasonally adjusted ",PURE_NUMB,0
STS.M.I9.Y.PROD.NS0020.4.000,M,I9,Y,PROD,NS0020,4,000,2016-08,96.2,A,F,,,P1M,,A,,,,,,,2021=100,,,2,,4D0,New Cronos,Industrial production; total excluding construction ,"Euro area 20 (fixed composition) as of 1 January 2023 - Industrial Production Index, Total Industry (excluding construction) - NACE Rev2; Eurostat; Working day and seasonally adjusted ",PURE_NUMB,0
STS.M.I9.Y.PROD.NS0020.4.000,M,I9,Y,PROD,NS0020,4,000,2016-09,96.5,A,F,,,P1M,,A,,,,,,,2021=100,,,2,,4D0,New Cronos,Industrial production; total excluding construction ,"Euro area 20 (fixed composition) as of 1 January 2023 - Industrial Production Index, Total Industry (excluding construction) - NACE Rev2; Eurostat; Working day and seasonally adjusted ",PURE_NUMB,0
STS.M.I9.Y.PROD.NS0020.4.000,M,I9,Y,PROD,NS0020,4,000,2016-10,97.2,A,F,,,P1M,,A,,,,,,,2021=100,,,2,,4D0,New Cronos,Industrial production; total excluding construction ,"Euro area 20 (fixed composition) as of 1 January 2023 - Industrial Production Index, Total Industry (excluding construction) - NACE Rev2; Eurostat; Working day and seasonally adjusted ",PURE_NUMB,0
STS.M.I9.Y.PROD.NS0020.4.000,M,I9,Y,PROD,NS0020,4,000,2016-11,97.6,A,F,,,P1M,,A,,,,,,,2021=100,,,2,,4D0,New Cronos,Industrial production; total excluding construction ,"Euro area 20 (fixed composition) as of 1 January 2023 - Industrial Production Index, Total Industry (excluding construction) - NACE Rev2; Eurostat; Working day and seasonally adjusted ",PURE_NUMB,0
STS.M.I9.Y.PROD.NS0020.4.000,M,I9,Y,PROD,NS0020,4,000,2016-12,97.2,A,F,,,P1M,,A,,,,,,,2021=100,,,2,,4D0,New Cronos,Industrial production; total excluding construction ,"Euro area 20 (fixed composition) as of 1 January 2023 - Industrial Production Index, Total Industry (excluding construction) - NACE Rev2; Eurostat; Working day and seasonally adjusted ",PURE_NUMB,0
STS.M.I9.Y.PROD.NS0020.4.000,M,I9,Y,PROD,NS0020,4,000,2017-01,97.1,A,F,,,P1M,,A,,,,,,,2021=100,,,2,,4D0,New Cronos,Industrial production; total excluding construction ,"Euro area 20 (fixed composition) as of 1 January 2023 - Industrial Production Index, Total Industry (excluding construction) - NACE Rev2; Eurostat; Working day and seasonally adjusted ",PURE_NUMB,0
STS.M.I9.Y.PROD.NS0020.4.000,M,I9,Y,PROD,NS0020,4,000,2017-02,97.8,A,F,,,P1M,,A,,,,,,,2021=100,,,2,,4D0,New Cronos,Industrial production; total excluding construction ,"Euro area 20 (fixed composition) as of 1 January 2023 - Industrial Production Index, Total Industry (excluding construction) - NACE Rev2; Eurostat; Working day and seasonally adjusted ",PURE_NUMB,0
STS.M.I9.Y.PROD.NS0020.4.000,M,I9,Y,PROD,NS0020,4,000,2017-03,97.6,A,F,,,P1M,,A,,,,,,,2021=100,,,2,,4D0,New Cronos,Industrial production; total excluding construction ,"Euro area 20 (fixed composition) as of 1 January 2023 - Industrial Production Index, Total Industry (excluding construction) - NACE Rev2; Eurostat; Working day and seasonally adjusted ",PURE_NUMB,0
STS.M.I9.Y.PROD.NS0020.4.000,M,I9,Y,PROD,NS0020,4,000,2017-04,98.4,A,F,,,P1M,,A,,,,,,,2021=100,,,2,,4D0,New Cronos,Industrial production; total excluding construction ,"Euro area 20 (fixed composition) as of 1 January 2023 - Industrial Production Index, Total Industry (excluding construction) - NACE Rev2; Eurostat; Working day and seasonally adjusted ",PURE_NUMB,0
STS.M.I9.Y.PROD.NS0020.4.000,M,I9,Y,PROD,NS0020,4,000,2017-05,98.8,A,F,,,P1M,,A,,,,,,,2021=100,,,2,,4D0,New Cronos,Industrial production; total excluding construction ,"Euro area 20 (fixed composition) as of 1 January 2023 - Industrial Production Index, Total Industry (excluding construction) - NACE Rev2; Eurostat; Working day and seasonally adjusted ",PURE_NUMB,0
STS.M.I9.Y.PROD.NS0020.4.000,M,I9,Y,PROD,NS0020,4,000,2017-06,98.8,A,F,,,P1M,,A,,,,,,,2021=100,,,2,,4D0,New Cronos,Industrial production; total excluding construction ,"Euro area 20 (fixed composition) as of 1 January 2023 - Industrial Production Index, Total Industry (excluding construction) - NACE Rev2; Eurostat; Working day and seasonally adjusted ",PURE_NUMB,0
STS.M.I9.Y.PROD.NS0020.4.000,M,I9,Y,PROD,NS0020,4,000,2017-07,99.9,A,F,,,P1M,,A,,,,,,,2021=100,,,2,,4D0,New Cronos,Industrial production; total excluding construction ,"Euro area 20 (fixed composition) as of 1 January 2023 - Industrial Production Index, Total Industry (excluding construction) - NACE Rev2; Eurostat; Working day and seasonally adjusted ",PURE_NUMB,0
STS.M.I9.Y.PROD.NS0020.4.000,M,I9,Y,PROD,NS0020,4,000,2017-08,100.7,A,F,,,P1M,,A,,,,,,,2021=100,,,2,,4D0,New Cronos,Industrial production; total excluding construction ,"Euro area 20 (fixed composition) as of 1 January 2023 - Industrial Production Index, Total Industry (excluding construction) - NACE Rev2; Eurostat; Working day and seasonally adjusted ",PURE_NUMB,0
STS.M.I9.Y.PROD.NS0020.4.000,M,I9,Y,PROD,NS0020,4,000,2017-09,100.3,A,F,,,P1M,,A,,,,,,,2021=100,,,2,,4D0,New Cronos,Industrial production; total excluding construction ,"Euro area 20 (fixed composition) as of 1 January 2023 - Industrial Production Index, Total Industry (excluding construction) - NACE Rev2; Eurostat; Working day and seasonally adjusted ",PURE_NUMB,0
STS.M.I9.Y.PROD.NS0020.4.000,M,I9,Y,PROD,NS0020,4,000,2017-10,100.3,A,F,,,P1M,,A,,,,,,,2021=100,,,2,,4D0,New Cronos,Industrial production; total excluding construction ,"Euro area 20 (fixed composition) as of 1 January 2023 - Industrial Production Index, Total Industry (excluding construction) - NACE Rev2; Eurostat; Working day and seasonally adjusted ",PURE_NUMB,0
STS.M.I9.Y.PROD.NS0020.4.000,M,I9,Y,PROD,NS0020,4,000,2017-11,103,A,F,,,P1M,,A,,,,,,,2021=100,,,2,,4D0,New Cronos,Industrial production; total excluding construction ,"Euro area 20 (fixed composition) as of 1 January 2023 - Industrial Production Index, Total Industry (excluding construction) - NACE Rev2; Eurostat; Working day and seasonally adjusted ",PURE_NUMB,0
STS.M.I9.Y.PROD.NS0020.4.000,M,I9,Y,PROD,NS0020,4,000,2017-12,103,A,F,,,P1M,,A,,,,,,,2021=100,,,2,,4D0,New Cronos,Industrial production; total excluding construction ,"Euro area 20 (fixed composition) as of 1 January 2023 - Industrial Production Index, Total Industry (excluding construction) - NACE Rev2; Eurostat; Working day and seasonally adjusted ",PURE_NUMB,0
STS.M.I9.Y.PROD.NS0020.4.000,M,I9,Y,PROD,NS0020,4,000,2018-01,100.9,A,F,,,P1M,,A,,,,,,,2021=100,,,2,,4D0,New Cronos,Industrial production; total excluding construction ,"Euro area 20 (fixed composition) as of 1 January 2023 - Industrial Production Index, Total Industry (excluding construction) - NACE Rev2; Eurostat; Working day and seasonally adjusted ",PURE_NUMB,0
STS.M.I9.Y.PROD.NS0020.4.000,M,I9,Y,PROD,NS0020,4,000,2018-02,100,A,F,,,P1M,,A,,,,,,,2021=100,,,2,,4D0,New Cronos,Industrial production; total excluding construction ,"Euro area 20 (fixed composition) as of 1 January 2023 - Industrial Production Index, Total Industry (excluding construction) - NACE Rev2; Eurostat; Working day and seasonally adjusted ",PURE_NUMB,0
STS.M.I9.Y.PROD.NS0020.4.000,M,I9,Y,PROD,NS0020,4,000,2018-03,100.5,A,F,,,P1M,,A,,,,,,,2021=100,,,2,,4D0,New Cronos,Industrial production; total excluding construction ,"Euro area 20 (fixed composition) as of 1 January 2023 - Industrial Production Index, Total Industry (excluding construction) - NACE Rev2; Eurostat; Working day and seasonally adjusted ",PURE_NUMB,0
STS.M.I9.Y.PROD.NS0020.4.000,M,I9,Y,PROD,NS0020,4,000,2018-04,100.2,A,F,,,P1M,,A,,,,,,,2021=100,,,2,,4D0,New Cronos,Industrial production; total excluding construction ,"Euro area 20 (fixed composition) as of 1 January 2023 - Industrial Production Index, Total Industry (excluding construction) - NACE Rev2; Eurostat; Working day and seasonally adjusted ",PURE_NUMB,0
STS.M.I9.Y.PROD.NS0020.4.000,M,I9,Y,PROD,NS0020,4,000,2018-05,101.4,A,F,,,P1M,,A,,,,,,,2021=100,,,2,,4D0,New Cronos,Industrial production; total excluding construction ,"Euro area 20 (fixed composition) as of 1 January 2023 - Industrial Production Index, Total Industry (excluding construction) - NACE Rev2; Eurostat; Working day and seasonally adjusted ",PURE_NUMB,0
STS.M.I9.Y.PROD.NS0020.4.000,M,I9,Y,PROD,NS0020,4,000,2018-06,101.3,A,F,,,P1M,,A,,,,,,,2021=100,,,2,,4D0,New Cronos,Industrial production; total excluding construction ,"Euro area 20 (fixed composition) as of 1 January 2023 - Industrial Production Index, Total Industry (excluding construction) - NACE Rev2; Eurostat; Working day and seasonally adjusted ",PURE_NUMB,0
STS.M.I9.Y.PROD.NS0020.4.000,M,I9,Y,PROD,NS0020,4,000,2018-07,99.9,A,F,,,P1M,,A,,,,,,,2021=100,,,2,,4D0,New Cronos,Industrial production; total excluding construction ,"Euro area 20 (fixed composition) as of 1 January 2023 - Industrial Production Index, Total Industry (excluding construction) - NACE Rev2; Eurostat; Working day and seasonally adjusted ",PURE_NUMB,0
STS.M.I9.Y.PROD.NS0020.4.000,M,I9,Y,PROD,NS0020,4,000,2018-08,101.2,A,F,,,P1M,,A,,,,,,,2021=100,,,2,,4D0,New Cronos,Industrial production; total excluding construction ,"Euro area 20 (fixed composition) as of 1 January 2023 - Industrial Production Index, Total Industry (excluding construction) - NACE Rev2; Eurostat; Working day and seasonally adjusted ",PURE_NUMB,0
STS.M.I9.Y.PROD.NS0020.4.000,M,I9,Y,PROD,NS0020,4,000,2018-09,100.4,A,F,,,P1M,,A,,,,,,,2021=100,,,2,,4D0,New Cronos,Industrial production; total excluding construction ,"Euro area 20 (fixed composition) as of 1 January 2023 - Industrial Production Index, Total Industry (excluding construction) - NACE Rev2; Eurostat; Working day and seasonally adjusted ",PURE_NUMB,0
STS.M.I9.Y.PROD.NS0020.4.000,M,I9,Y,PROD,NS0020,4,000,2018-10,100.7,A,F,,,P1M,,A,,,,,,,2021=100,,,2,,4D0,New Cronos,Industrial production; total excluding construction ,"Euro area 20 (fixed composition) as of 1 January 2023 - Industrial Production Index, Total Industry (excluding construction) - NACE Rev2; Eurostat; Working day and seasonally adjusted ",PURE_NUMB,0
STS.M.I9.Y.PROD.NS0020.4.000,M,I9,Y,PROD,NS0020,4,000,2018-11,99.3,A,F,,,P1M,,A,,,,,,,2021=100,,,2,,4D0,New Cronos,Industrial production; total excluding construction ,"Euro area 20 (fixed composition) as of 1 January 2023 - Industrial Production Index, Total Industry (excluding construction) - NACE Rev2; Eurostat; Working day and seasonally adjusted ",PURE_NUMB,0
STS.M.I9.Y.PROD.NS0020.4.000,M,I9,Y,PROD,NS0020,4,000,2018-12,99.5,A,F,,,P1M,,A,,,,,,,2021=100,,,2,,4D0,New Cronos,Industrial production; total excluding construction ,"Euro area 20 (fixed composition) as of 1 January 2023 - Industrial Production Index, Total Industry (excluding construction) - NACE Rev2; Eurostat; Working day and seasonally adjusted ",PURE_NUMB,0
STS.M.I9.Y.PROD.NS0020.4.000,M,I9,Y,PROD,NS0020,4,000,2019-01,100.5,A,F,,,P1M,,A,,,,,,,2021=100,,,2,,4D0,New Cronos,Industrial production; total excluding construction ,"Euro area 20 (fixed composition) as of 1 January 2023 - Industrial Production Index, Total Industry (excluding construction) - NACE Rev2; Eurostat; Working day and seasonally adjusted ",PURE_NUMB,0
STS.M.I9.Y.PROD.NS0020.4.000,M,I9,Y,PROD,NS0020,4,000,2019-02,99.9,A,F,,,P1M,,A,,,,,,,2021=100,,,2,,4D0,New Cronos,Industrial production; total excluding construction ,"Euro area 20 (fixed composition) as of 1 January 2023 - Industrial Production Index, Total Industry (excluding construction) - NACE Rev2; Eurostat; Working day and seasonally adjusted ",PURE_NUMB,0
STS.M.I9.Y.PROD.NS0020.4.000,M,I9,Y,PROD,NS0020,4,000,2019-03,100.1,A,F,,,P1M,,A,,,,,,,2021=100,,,2,,4D0,New Cronos,Industrial production; total excluding construction ,"Euro area 20 (fixed composition) as of 1 January 2023 - Industrial Production Index, Total Industry (excluding construction) - NACE Rev2; Eurostat; Working day and seasonally adjusted ",PURE_NUMB,0
STS.M.I9.Y.PROD.NS0020.4.000,M,I9,Y,PROD,NS0020,4,000,2019-04,99.9,A,F,,,P1M,,A,,,,,,,2021=100,,,2,,4D0,New Cronos,Industrial production; total excluding construction ,"Euro area 20 (fixed composition) as of 1 January 2023 - Industrial Production Index, Total Industry (excluding construction) - NACE Rev2; Eurostat; Working day and seasonally adjusted ",PURE_NUMB,0
STS.M.I9.Y.PROD.NS0020.4.000,M,I9,Y,PROD,NS0020,4,000,2019-05,100.4,A,F,,,P1M,,A,,,,,,,2021=100,,,2,,4D0,New Cronos,Industrial production; total excluding construction ,"Euro area 20 (fixed composition) as of 1 January 2023 - Industrial Production Index, Total Industry (excluding construction) - NACE Rev2; Eurostat; Working day and seasonally adjusted ",PURE_NUMB,0
STS.M.I9.Y.PROD.NS0020.4.000,M,I9,Y,PROD,NS0020,4,000,2019-06,99.2,A,F,,,P1M,,A,,,,,,,2021=100,,,2,,4D0,New Cronos,Industrial production; total excluding construction ,"Euro area 20 (fixed composition) as of 1 January 2023 - Industrial Production Index, Total Industry (excluding construction) - NACE Rev2; Eurostat; Working day and seasonally adjusted ",PURE_NUMB,0
STS.M.I9.Y.PROD.NS0020.4.000,M,I9,Y,PROD,NS0020,4,000,2019-07,99,A,F,,,P1M,,A,,,,,,,2021=100,,,2,,4D0,New Cronos,Industrial production; total excluding construction ,"Euro area 20 (fixed composition) as of 1 January 2023 - Industrial Production Index, Total Industry (excluding construction) - NACE Rev2; Eurostat; Working day and seasonally adjusted ",PURE_NUMB,0
STS.M.I9.Y.PROD.NS0020.4.000,M,I9,Y,PROD,NS0020,4,000,2019-08,99.4,A,F,,,P1M,,A,,,,,,,2021=100,,,2,,4D0,New Cronos,Industrial production; total excluding construction ,"Euro area 20 (fixed composition) as of 1 January 2023 - Industrial Production Index, Total Industry (excluding construction) - NACE Rev2; Eurostat; Working day and seasonally adjusted ",PURE_NUMB,0
STS.M.I9.Y.PROD.NS0020.4.000,M,I9,Y,PROD,NS0020,4,000,2019-09,99.3,A,F,,,P1M,,A,,,,,,,2021=100,,,2,,4D0,New Cronos,Industrial production; total excluding construction ,"Euro area 20 (fixed composition) as of 1 January 2023 - Industrial Production Index, Total Industry (excluding construction) - NACE Rev2; Eurostat; Working day and seasonally adjusted ",PURE_NUMB,0
STS.M.I9.Y.PROD.NS0020.4.000,M,I9,Y,PROD,NS0020,4,000,2019-10,100,A,F,,,P1M,,A,,,,,,,2021=100,,,2,,4D0,New Cronos,Industrial production; total excluding construction ,"Euro area 20 (fixed composition) as of 1 January 2023 - Industrial Production Index, Total Industry (excluding construction) - NACE Rev2; Eurostat; Working day and seasonally adjusted ",PURE_NUMB,0
STS.M.I9.Y.PROD.NS0020.4.000,M,I9,Y,PROD,NS0020,4,000,2019-11,98.6,A,F,,,P1M,,A,,,,,,,2021=100,,,2,,4D0,New Cronos,Industrial production; total excluding construction ,"Euro area 20 (fixed composition) as of 1 January 2023 - Industrial Production Index, Total Industry (excluding construction) - NACE Rev2; Eurostat; Working day and seasonally adjusted ",PURE_NUMB,0
STS.M.I9.Y.PROD.NS0020.4.000,M,I9,Y,PROD,NS0020,4,000,2019-12,96.7,A,F,,,P1M,,A,,,,,,,2021=100,,,2,,4D0,New Cronos,Industrial production; total excluding construction ,"Euro area 20 (fixed composition) as of 1 January 2023 - Industrial Production Index, Total Industry (excluding construction) - NACE Rev2; Eurostat; Working day and seasonally adjusted ",PURE_NUMB,0
STS.M.I9.Y.PROD.NS0020.4.000,M,I9,Y,PROD,NS0020,4,000,2020-01,99.4,A,F,,,P1M,,A,,,,,,,2021=100,,,2,,4D0,New Cronos,Industrial production; total excluding construction ,"Euro area 20 (fixed composition) as of 1 January 2023 - Industrial Production Index, Total Industry (excluding construction) - NACE Rev2; Eurostat; Working day and seasonally adjusted ",PURE_NUMB,0
STS.M.I9.Y.PROD.NS0020.4.000,M,I9,Y,PROD,NS0020,4,000,2020-02,98.7,A,F,,,P1M,,A,,,,,,,2021=100,,,2,,4D0,New Cronos,Industrial production; total excluding construction ,"Euro area 20 (fixed composition) as of 1 January 2023 - Industrial Production Index, Total Industry (excluding construction) - NACE Rev2; Eurostat; Working day and seasonally adjusted ",PURE_NUMB,0
STS.M.I9.Y.PROD.NS0020.4.000,M,I9,Y,PROD,NS0020,4,000,2020-03,87.4,A,F,,,P1M,,A,,,,,,,2021=100,,,2,,4D0,New Cronos,Industrial production; total excluding construction ,"Euro area 20 (fixed composition) as of 1 January 2023 - Industrial Production Index, Total Industry (excluding construction) - NACE Rev2; Eurostat; Working day and seasonally adjusted ",PURE_NUMB,0
STS.M.I9.Y.PROD.NS0020.4.000,M,I9,Y,PROD,NS0020,4,000,2020-04,71.2,A,F,,,P1M,,A,,,,,,,2021=100,,,2,,4D0,New Cronos,Industrial production; total excluding construction ,"Euro area 20 (fixed composition) as of 1 January 2023 - Industrial Production Index, Total Industry (excluding construction) - NACE Rev2; Eurostat; Working day and seasonally adjusted ",PURE_NUMB,0
STS.M.I9.Y.PROD.NS0020.4.000,M,I9,Y,PROD,NS0020,4,000,2020-05,81.2,A,F,,,P1M,,A,,,,,,,2021=100,,,2,,4D0,New Cronos,Industrial production; total excluding construction ,"Euro area 20 (fixed composition) as of 1 January 2023 - Industrial Production Index, Total Industry (excluding construction) - NACE Rev2; Eurostat; Working day and seasonally adjusted ",PURE_NUMB,0
STS.M.I9.Y.PROD.NS0020.4.000,M,I9,Y,PROD,NS0020,4,000,2020-06,88.7,A,F,,,P1M,,A,,,,,,,2021=100,,,2,,4D0,New Cronos,Industrial production; total excluding construction ,"Euro area 20 (fixed composition) as of 1 January 2023 - Industrial Production Index, Total Industry (excluding construction) - NACE Rev2; Eurostat; Working day and seasonally adjusted ",PURE_NUMB,0
STS.M.I9.Y.PROD.NS0020.4.000,M,I9,Y,PROD,NS0020,4,000,2020-07,92.9,A,F,,,P1M,,A,,,,,,,2021=100,,,2,,4D0,New Cronos,Industrial production; total excluding construction ,"Euro area 20 (fixed composition) as of 1 January 2023 - Industrial Production Index, Total Industry (excluding construction) - NACE Rev2; Eurostat; Working day and seasonally adjusted ",PURE_NUMB,0
STS.M.I9.Y.PROD.NS0020.4.000,M,I9,Y,PROD,NS0020,4,000,2020-08,93.6,A,F,,,P1M,,A,,,,,,,2021=100,,,2,,4D0,New Cronos,Industrial production; total excluding construction ,"Euro area 20 (fixed composition) as of 1 January 2023 - Industrial Production Index, Total Industry (excluding construction) - NACE Rev2; Eurostat; Working day and seasonally adjusted ",PURE_NUMB,0
STS.M.I9.Y.PROD.NS0020.4.000,M,I9,Y,PROD,NS0020,4,000,2020-09,94.1,A,F,,,P1M,,A,,,,,,,2021=100,,,2,,4D0,New Cronos,Industrial production; total excluding construction ,"Euro area 20 (fixed composition) as of 1 January 2023 - Industrial Production Index, Total Industry (excluding construction) - NACE Rev2; Eurostat; Working day and seasonally adjusted ",PURE_NUMB,0
STS.M.I9.Y.PROD.NS0020.4.000,M,I9,Y,PROD,NS0020,4,000,2020-10,96.8,A,F,,,P1M,,A,,,,,,,2021=100,,,2,,4D0,New Cronos,Industrial production; total excluding construction ,"Euro area 20 (fixed composition) as of 1 January 2023 - Industrial Production Index, Total Industry (excluding construction) - NACE Rev2; Eurostat; Working day and seasonally adjusted ",PURE_NUMB,0
STS.M.I9.Y.PROD.NS0020.4.000,M,I9,Y,PROD,NS0020,4,000,2020-11,99.5,A,F,,,P1M,,A,,,,,,,2021=100,,,2,,4D0,New Cronos,Industrial production; total excluding construction ,"Euro area 20 (fixed composition) as of 1 January 2023 - Industrial Production Index, Total Industry (excluding construction) - NACE Rev2; Eurostat; Working day and seasonally adjusted ",PURE_NUMB,0
STS.M.I9.Y.PROD.NS0020.4.000,M,I9,Y,PROD,NS0020,4,000,2020-12,98.7,A,F,,,P1M,,A,,,,,,,2021=100,,,2,,4D0,New Cronos,Industrial production; total excluding construction ,"Euro area 20 (fixed composition) as of 1 January 2023 - Industrial Production Index, Total Industry (excluding construction) - NACE Rev2; Eurostat; Working day and seasonally adjusted ",PURE_NUMB,0
STS.M.I9.Y.PROD.NS0020.4.000,M,I9,Y,PROD,NS0020,4,000,2021-01,100.2,A,F,,,P1M,,A,,,,,,,2021=100,,,2,,4D0,New Cronos,Industrial production; total excluding construction ,"Euro area 20 (fixed composition) as of 1 January 2023 - Industrial Production Index, Total Industry (excluding construction) - NACE Rev2; Eurostat; Working day and seasonally adjusted ",PURE_NUMB,0
STS.M.I9.Y.PROD.NS0020.4.000,M,I9,Y,PROD,NS0020,4,000,2021-02,98.8,A,F,,,P1M,,A,,,,,,,2021=100,,,2,,4D0,New Cronos,Industrial production; total excluding construction ,"Euro area 20 (fixed composition) as of 1 January 2023 - Industrial Production Index, Total Industry (excluding construction) - NACE Rev2; Eurostat; Working day and seasonally adjusted ",PURE_NUMB,0
STS.M.I9.Y.PROD.NS0020.4.000,M,I9,Y,PROD,NS0020,4,000,2021-03,100,A,F,,,P1M,,A,,,,,,,2021=100,,,2,,4D0,New Cronos,Industrial production; total excluding construction ,"Euro area 20 (fixed composition) as of 1 January 2023 - Industrial Production Index, Total Industry (excluding construction) - NACE Rev2; Eurostat; Working day and seasonally adjusted ",PURE_NUMB,0
STS.M.I9.Y.PROD.NS0020.4.000,M,I9,Y,PROD,NS0020,4,000,2021-04,100.8,A,F,,,P1M,,A,,,,,,,2021=100,,,2,,4D0,New Cronos,Industrial production; total excluding construction ,"Euro area 20 (fixed composition) as of 1 January 2023 - Industrial Production Index, Total Industry (excluding construction) - NACE Rev2; Eurostat; Working day and seasonally adjusted ",PURE_NUMB,0
STS.M.I9.Y.PROD.NS0020.4.000,M,I9,Y,PROD,NS0020,4,000,2021-05,99.7,A,F,,,P1M,,A,,,,,,,2021=100,,,2,,4D0,New Cronos,Industrial production; total excluding construction ,"Euro area 20 (fixed composition) as of 1 January 2023 - Industrial Production Index, Total Industry (excluding construction) - NACE Rev2; Eurostat; Working day and seasonally adjusted ",PURE_NUMB,0
STS.M.I9.Y.PROD.NS0020.4.000,M,I9,Y,PROD,NS0020,4,000,2021-06,99.9,A,F,,,P1M,,A,,,,,,,2021=100,,,2,,4D0,New Cronos,Industrial production; total excluding construction ,"Euro area 20 (fixed composition) as of 1 January 2023 - Industrial Production Index, Total Industry (excluding construction) - NACE Rev2; Eurostat; Working day and seasonally adjusted ",PURE_NUMB,0
STS.M.I9.Y.PROD.NS0020.4.000,M,I9,Y,PROD,NS0020,4,000,2021-07,101.3,A,F,,,P1M,,A,,,,,,,2021=100,,,2,,4D0,New Cronos,Industrial production; total excluding construction ,"Euro area 20 (fixed composition) as of 1 January 2023 - Industrial Production Index, Total Industry (excluding construction) - NACE Rev2; Eurostat; Working day and seasonally adjusted ",PURE_NUMB,0
STS.M.I9.Y.PROD.NS0020.4.000,M,I9,Y,PROD,NS0020,4,000,2021-08,99,A,F,,,P1M,,A,,,,,,,2021=100,,,2,,4D0,New Cronos,Industrial production; total excluding construction ,"Euro area 20 (fixed composition) as of 1 January 2023 - Industrial Production Index, Total Industry (excluding construction) - NACE Rev2; Eurostat; Working day and seasonally adjusted ",PURE_NUMB,0
STS.M.I9.Y.PROD.NS0020.4.000,M,I9,Y,PROD,NS0020,4,000,2021-09,99,A,F,,,P1M,,A,,,,,,,2021=100,,,2,,4D0,New Cronos,Industrial production; total excluding construction ,"Euro area 20 (fixed composition) as of 1 January 2023 - Industrial Production Index, Total Industry (excluding construction) - NACE Rev2; Eurostat; Working day and seasonally adjusted ",PURE_NUMB,0
STS.M.I9.Y.PROD.NS0020.4.000,M,I9,Y,PROD,NS0020,4,000,2021-10,99.3,A,F,,,P1M,,A,,,,,,,2021=100,,,2,,4D0,New Cronos,Industrial production; total excluding construction ,"Euro area 20 (fixed composition) as of 1 January 2023 - Industrial Production Index, Total Industry (excluding construction) - NACE Rev2; Eurostat; Working day and seasonally adjusted ",PURE_NUMB,0
STS.M.I9.Y.PROD.NS0020.4.000,M,I9,Y,PROD,NS0020,4,000,2021-11,100,A,F,,,P1M,,A,,,,,,,2021=100,,,2,,4D0,New Cronos,Industrial production; total excluding construction ,"Euro area 20 (fixed composition) as of 1 January 2023 - Industrial Production Index, Total Industry (excluding construction) - NACE Rev2; Eurostat; Working day and seasonally adjusted ",PURE_NUMB,0
STS.M.I9.Y.PROD.NS0020.4.000,M,I9,Y,PROD,NS0020,4,000,2021-12,102,A,F,,,P1M,,A,,,,,,,2021=100,,,2,,4D0,New Cronos,Industrial production; total excluding construction ,"Euro area 20 (fixed composition) as of 1 January 2023 - Industrial Production Index, Total Industry (excluding construction) - NACE Rev2; Eurostat; Working day and seasonally adjusted ",PURE_NUMB,0
STS.M.I9.Y.PROD.NS0020.4.000,M,I9,Y,PROD,NS0020,4,000,2022-01,101.2,A,F,,,P1M,,A,,,,,,,2021=100,,,2,,4D0,New Cronos,Industrial production; total excluding construction ,"Euro area 20 (fixed composition) as of 1 January 2023 - Industrial Production Index, Total Industry (excluding construction) - NACE Rev2; Eurostat; Working day and seasonally adjusted ",PURE_NUMB,0
STS.M.I9.Y.PROD.NS0020.4.000,M,I9,Y,PROD,NS0020,4,000,2022-02,101.8,A,F,,,P1M,,A,,,,,,,2021=100,,,2,,4D0,New Cronos,Industrial production; total excluding construction ,"Euro area 20 (fixed composition) as of 1 January 2023 - Industrial Production Index, Total Industry (excluding construction) - NACE Rev2; Eurostat; Working day and seasonally adjusted ",PURE_NUMB,0
STS.M.I9.Y.PROD.NS0020.4.000,M,I9,Y,PROD,NS0020,4,000,2022-03,99.9,A,F,,,P1M,,A,,,,,,,2021=100,,,2,,4D0,New Cronos,Industrial production; total excluding construction ,"Euro area 20 (fixed composition) as of 1 January 2023 - Industrial Production Index, Total Industry (excluding construction) - NACE Rev2; Eurostat; Working day and seasonally adjusted ",PURE_NUMB,0
STS.M.I9.Y.PROD.NS0020.4.000,M,I9,Y,PROD,NS0020,4,000,2022-04,100.2,A,F,,,P1M,,A,,,,,,,2021=100,,,2,,4D0,New Cronos,Industrial production; total excluding construction ,"Euro area 20 (fixed composition) as of 1 January 2023 - Industrial Production Index, Total Industry (excluding construction) - NACE Rev2; Eurostat; Working day and seasonally adjusted ",PURE_NUMB,0
STS.M.I9.Y.PROD.NS0020.4.000,M,I9,Y,PROD,NS0020,4,000,2022-05,102.5,A,F,,,P1M,,A,,,,,,,2021=100,,,2,,4D0,New Cronos,Industrial production; total excluding construction ,"Euro area 20 (fixed composition) as of 1 January 2023 - Industrial Production Index, Total Industry (excluding construction) - NACE Rev2; Eurostat; Working day and seasonally adjusted ",PURE_NUMB,0
STS.M.I9.Y.PROD.NS0020.4.000,M,I9,Y,PROD,NS0020,4,000,2022-06,102.1,A,F,,,P1M,,A,,,,,,,2021=100,,,2,,4D0,New Cronos,Industrial production; total excluding construction ,"Euro area 20 (fixed composition) as of 1 January 2023 - Industrial Production Index, Total Industry (excluding construction) - NACE Rev2; Eurostat; Working day and seasonally adjusted ",PURE_NUMB,0
STS.M.I9.Y.PROD.NS0020.4.000,M,I9,Y,PROD,NS0020,4,000,2022-07,100.4,A,F,,,P1M,,A,,,,,,,2021=100,,,2,,4D0,New Cronos,Industrial production; total excluding construction ,"Euro area 20 (fixed composition) as of 1 January 2023 - Industrial Production Index, Total Industry (excluding construction) - NACE Rev2; Eurostat; Working day and seasonally adjusted ",PURE_NUMB,0
STS.M.I9.Y.PROD.NS0020.4.000,M,I9,Y,PROD,NS0020,4,000,2022-08,102.4,A,F,,,P1M,,A,,,,,,,2021=100,,,2,,4D0,New Cronos,Industrial production; total excluding construction ,"Euro area 20 (fixed composition) as of 1 January 2023 - Industrial Production Index, Total Industry (excluding construction) - NACE Rev2; Eurostat; Working day and seasonally adjusted ",PURE_NUMB,0
STS.M.I9.Y.PROD.NS0020.4.000,M,I9,Y,PROD,NS0020,4,000,2022-09,103.6,A,F,,,P1M,,A,,,,,,,2021=100,,,2,,4D0,New Cronos,Industrial production; total excluding construction ,"Euro area 20 (fixed composition) as of 1 January 2023 - Industrial Production Index, Total Industry (excluding construction) - NACE Rev2; Eurostat; Working day and seasonally adjusted ",PURE_NUMB,0
STS.M.I9.Y.PROD.NS0020.4.000,M,I9,Y,PROD,NS0020,4,000,2022-10,102.6,A,F,,,P1M,,A,,,,,,,2021=100,,,2,,4D0,New Cronos,Industrial production; total excluding construction ,"Euro area 20 (fixed composition) as of 1 January 2023 - Industrial Production Index, Total Industry (excluding construction) - NACE Rev2; Eurostat; Working day and seasonally adjusted ",PURE_NUMB,0
STS.M.I9.Y.PROD.NS0020.4.000,M,I9,Y,PROD,NS0020,4,000,2022-11,102.9,A,F,,,P1M,,A,,,,,,,2021=100,,,2,,4D0,New Cronos,Industrial production; total excluding construction ,"Euro area 20 (fixed composition) as of 1 January 2023 - Industrial Production Index, Total Industry (excluding construction) - NACE Rev2; Eurostat; Working day and seasonally adjusted ",PURE_NUMB,0
STS.M.I9.Y.PROD.NS0020.4.000,M,I9,Y,PROD,NS0020,4,000,2022-12,100.8,A,F,,,P1M,,A,,,,,,,2021=100,,,2,,4D0,New Cronos,Industrial production; total excluding construction ,"Euro area 20 (fixed composition) as of 1 January 2023 - Industrial Production Index, Total Industry (excluding construction) - NACE Rev2; Eurostat; Working day and seasonally adjusted ",PURE_NUMB,0
STS.M.I9.Y.PROD.NS0020.4.000,M,I9,Y,PROD,NS0020,4,000,2023-01,102.3,A,F,,,P1M,,A,,,,,,,2021=100,,,2,,4D0,New Cronos,Industrial production; total excluding construction ,"Euro area 20 (fixed composition) as of 1 January 2023 - Industrial Production Index, Total Industry (excluding construction) - NACE Rev2; Eurostat; Working day and seasonally adjusted ",PURE_NUMB,0
STS.M.I9.Y.PROD.NS0020.4.000,M,I9,Y,PROD,NS0020,4,000,2023-02,103.4,A,F,,,P1M,,A,,,,,,,2021=100,,,2,,4D0,New Cronos,Industrial production; total excluding construction ,"Euro area 20 (fixed composition) as of 1 January 2023 - Industrial Production Index, Total Industry (excluding construction) - NACE Rev2; Eurostat; Working day and seasonally adjusted ",PURE_NUMB,0
STS.M.I9.Y.PROD.NS0020.4.000,M,I9,Y,PROD,NS0020,4,000,2023-03,100.4,A,F,,,P1M,,A,,,,,,,2021=100,,,2,,4D0,New Cronos,Industrial production; total excluding construction ,"Euro area 20 (fixed composition) as of 1 January 2023 - Industrial Production Index, Total Industry (excluding construction) - NACE Rev2; Eurostat; Working day and seasonally adjusted ",PURE_NUMB,0
STS.M.I9.Y.PROD.NS0020.4.000,M,I9,Y,PROD,NS0020,4,000,2023-04,100.6,A,F,,,P1M,,A,,,,,,,2021=100,,,2,,4D0,New Cronos,Industrial production; total excluding construction ,"Euro area 20 (fixed composition) as of 1 January 2023 - Industrial Production Index, Total Industry (excluding construction) - NACE Rev2; Eurostat; Working day and seasonally adjusted ",PURE_NUMB,0
STS.M.I9.Y.PROD.NS0020.4.000,M,I9,Y,PROD,NS0020,4,000,2023-05,101.2,A,F,,,P1M,,A,,,,,,,2021=100,,,2,,4D0,New Cronos,Industrial production; total excluding construction ,"Euro area 20 (fixed composition) as of 1 January 2023 - Industrial Production Index, Total Industry (excluding construction) - NACE Rev2; Eurostat; Working day and seasonally adjusted ",PURE_NUMB,0
STS.M.I9.Y.PROD.NS0020.4.000,M,I9,Y,PROD,NS0020,4,000,2023-06,101.8,A,F,,,P1M,,A,,,,,,,2021=100,,,2,,4D0,New Cronos,Industrial production; total excluding construction ,"Euro area 20 (fixed composition) as of 1 January 2023 - Industrial Production Index, Total Industry (excluding construction) - NACE Rev2; Eurostat; Working day and seasonally adjusted ",PURE_NUMB,0
STS.M.I9.Y.PROD.NS0020.4.000,M,I9,Y,PROD,NS0020,4,000,2023-07,99,A,F,,,P1M,,A,,,,,,,2021=100,,,2,,4D0,New Cronos,Industrial production; total excluding construction ,"Euro area 20 (fixed composition) as of 1 January 2023 - Industrial Production Index, Total Industry (excluding construction) - NACE Rev2; Eurostat; Working day and seasonally adjusted ",PURE_NUMB,0
STS.M.I9.Y.PROD.NS0020.4.000,M,I9,Y,PROD,NS0020,4,000,2023-08,98.4,A,F,,,P1M,,A,,,,,,,2021=100,,,2,,4D0,New Cronos,Industrial production; total excluding construction ,"Euro area 20 (fixed composition) as of 1 January 2023 - Industrial Production Index, Total Industry (excluding construction) - NACE Rev2; Eurostat; Working day and seasonally adjusted ",PURE_NUMB,0
STS.M.I9.Y.PROD.NS0020.4.000,M,I9,Y,PROD,NS0020,4,000,2023-09,98.4,A,F,,,P1M,,A,,,,,,,2021=100,,,2,,4D0,New Cronos,Industrial production; total excluding construction ,"Euro area 20 (fixed composition) as of 1 January 2023 - Industrial Production Index, Total Industry (excluding construction) - NACE Rev2; Eurostat; Working day and seasonally adjusted ",PURE_NUMB,0
STS.M.I9.Y.PROD.NS0020.4.000,M,I9,Y,PROD,NS0020,4,000,2023-10,97.9,A,F,,,P1M,,A,,,,,,,2021=100,,,2,,4D0,New Cronos,Industrial production; total excluding construction ,"Euro area 20 (fixed composition) as of 1 January 2023 - Industrial Production Index, Total Industry (excluding construction) - NACE Rev2; Eurostat; Working day and seasonally adjusted ",PURE_NUMB,0
STS.M.I9.Y.PROD.NS0020.4.000,M,I9,Y,PROD,NS0020,4,000,2023-11,98.9,A,F,,,P1M,,A,,,,,,,2021=100,,,2,,4D0,New Cronos,Industrial production; total excluding construction ,"Euro area 20 (fixed composition) as of 1 January 2023 - Industrial Production Index, Total Industry (excluding construction) - NACE Rev2; Eurostat; Working day and seasonally adjusted ",PURE_NUMB,0
STS.M.I9.Y.PROD.NS0020.4.000,M,I9,Y,PROD,NS0020,4,000,2023-12,98.7,A,F,,,P1M,,A,,,,,,,2021=100,,,2,,4D0,New Cronos,Industrial production; total excluding construction ,"Euro area 20 (fixed composition) as of 1 January 2023 - Industrial Production Index, Total Industry (excluding construction) - NACE Rev2; Eurostat; Working day and seasonally adjusted ",PURE_NUMB,0
STS.M.I9.Y.PROD.NS0020.4.000,M,I9,Y,PROD,NS0020,4,000,2024-01,97.3,A,F,,,P1M,,A,,,,,,,2021=100,,,2,,4D0,New Cronos,Industrial production; total excluding construction ,"Euro area 20 (fixed composition) as of 1 January 2023 - Industrial Production Index, Total Industry (excluding construction) - NACE Rev2; Eurostat; Working day and seasonally adjusted ",PURE_NUMB,0
STS.M.I9.Y.PROD.NS0020.4.000,M,I9,Y,PROD,NS0020,4,000,2024-02,97.5,A,F,,,P1M,,A,,,,,,,2021=100,,,2,,4D0,New Cronos,Industrial production; total excluding construction ,"Euro area 20 (fixed composition) as of 1 January 2023 - Industrial Production Index, Total Industry (excluding construction) - NACE Rev2; Eurostat; Working day and seasonally adjusted ",PURE_NUMB,0
STS.M.I9.Y.PROD.NS0020.4.000,M,I9,Y,PROD,NS0020,4,000,2024-03,96.8,A,F,,,P1M,,A,,,,,,,2021=100,,,2,,4D0,New Cronos,Industrial production; total excluding construction ,"Euro area 20 (fixed composition) as of 1 January 2023 - Industrial Production Index, Total Industry (excluding construction) - NACE Rev2; Eurostat; Working day and seasonally adjusted ",PURE_NUMB,0
STS.M.I9.Y.PROD.NS0020.4.000,M,I9,Y,PROD,NS0020,4,000,2024-04,97.5,A,F,,,P1M,,A,,,,,,,2021=100,,,2,,4D0,New Cronos,Industrial production; total excluding construction ,"Euro area 20 (fixed composition) as of 1 January 2023 - Industrial Production Index, Total Industry (excluding construction) - NACE Rev2; Eurostat; Working day and seasonally adjusted ",PURE_NUMB,0
STS.M.I9.Y.PROD.NS0020.4.000,M,I9,Y,PROD,NS0020,4,000,2024-05,96.2,A,F,,,P1M,,A,,,,,,,2021=100,,,2,,4D0,New Cronos,Industrial production; total excluding construction ,"Euro area 20 (fixed composition) as of 1 January 2023 - Industrial Production Index, Total Industry (excluding construction) - NACE Rev2; Eurostat; Working day and seasonally adjusted ",PURE_NUMB,0
STS.M.I9.Y.PROD.NS0020.4.000,M,I9,Y,PROD,NS0020,4,000,2024-06,97.6,A,F,,,P1M,,A,,,,,,,2021=100,,,2,,4D0,New Cronos,Industrial production; total excluding construction ,"Euro area 20 (fixed composition) as of 1 January 2023 - Industrial Production Index, Total Industry (excluding construction) - NACE Rev2; Eurostat; Working day and seasonally adjusted ",PURE_NUMB,0
STS.M.I9.Y.PROD.NS0020.4.000,M,I9,Y,PROD,NS0020,4,000,2024-07,97,A,F,,,P1M,,A,,,,,,,2021=100,,,2,,4D0,New Cronos,Industrial production; total excluding construction ,"Euro area 20 (fixed composition) as of 1 January 2023 - Industrial Production Index, Total Industry (excluding construction) - NACE Rev2; Eurostat; Working day and seasonally adjusted ",PURE_NUMB,0
STS.M.I9.Y.PROD.NS0020.4.000,M,I9,Y,PROD,NS0020,4,000,2024-08,97.3,A,F,,,P1M,,A,,,,,,,2021=100,,,2,,4D0,New Cronos,Industrial production; total excluding construction ,"Euro area 20 (fixed composition) as of 1 January 2023 - Industrial Production Index, Total Industry (excluding construction) - NACE Rev2; Eurostat; Working day and seasonally adjusted ",PURE_NUMB,0
STS.M.I9.Y.PROD.NS0020.4.000,M,I9,Y,PROD,NS0020,4,000,2024-09,96.7,A,F,,,P1M,,A,,,,,,,2021=100,,,2,,4D0,New Cronos,Industrial production; total excluding construction ,"Euro area 20 (fixed composition) as of 1 January 2023 - Industrial Production Index, Total Industry (excluding construction) - NACE Rev2; Eurostat; Working day and seasonally adjusted ",PURE_NUMB,0
STS.M.I9.Y.PROD.NS0020.4.000,M,I9,Y,PROD,NS0020,4,000,2024-10,96.9,A,F,,,P1M,,A,,,,,,,2021=100,,,2,,4D0,New Cronos,Industrial production; total excluding construction ,"Euro area 20 (fixed composition) as of 1 January 2023 - Industrial Production Index, Total Industry (excluding construction) - NACE Rev2; Eurostat; Working day and seasonally adjusted ",PURE_NUMB,0
STS.M.I9.Y.PROD.NS0020.4.000,M,I9,Y,PROD,NS0020,4,000,2024-11,96.9,A,F,,,P1M,,A,,,,,,,2021=100,,,2,,4D0,New Cronos,Industrial production; total excluding construction ,"Euro area 20 (fixed composition) as of 1 January 2023 - Industrial Production Index, Total Industry (excluding construction) - NACE Rev2; Eurostat; Working day and seasonally adjusted ",PURE_NUMB,0
STS.M.I9.Y.PROD.NS0020.4.000,M,I9,Y,PROD,NS0020,4,000,2024-12,96.6,A,F,,,P1M,,A,,,,,,,2021=100,,,2,,4D0,New Cronos,Industrial production; total excluding construction ,"Euro area 20 (fixed composition) as of 1 January 2023 - Industrial Production Index, Total Industry (excluding construction) - NACE Rev2; Eurostat; Working day and seasonally adjusted ",PURE_NUMB,0
STS.M.I9.Y.PROD.NS0020.4.000,M,I9,Y,PROD,NS0020,4,000,2025-01,97.1,A,F,,,P1M,,A,,,,,,,2021=100,,,2,,4D0,New Cronos,Industrial production; total excluding construction ,"Euro area 20 (fixed composition) as of 1 January 2023 - Industrial Production Index, Total Industry (excluding construction) - NACE Rev2; Eurostat; Working day and seasonally adjusted ",PURE_NUMB,0
STS.M.I9.Y.PROD.NS0020.4.000,M,I9,Y,PROD,NS0020,4,000,2025-02,98.4,A,F,,,P1M,,A,,,,,,,2021=100,,,2,,4D0,New Cronos,Industrial production; total excluding construction ,"Euro area 20 (fixed composition) as of 1 January 2023 - Industrial Production Index, Total Industry (excluding construction) - NACE Rev2; Eurostat; Working day and seasonally adjusted ",PURE_NUMB,0
STS.M.I9.Y.PROD.NS0020.4.000,M,I9,Y,PROD,NS0020,4,000,2025-03,100.6,A,F,,,P1M,,A,,,,,,,2021=100,,,2,,4D0,New Cronos,Industrial production; total excluding construction ,"Euro area 20 (fixed composition) as of 1 January 2023 - Industrial Production Index, Total Industry (excluding construction) - NACE Rev2; Eurostat; Working day and seasonally adjusted ",PURE_NUMB,0
STS.M.I9.Y.PROD.NS0020.4.000,M,I9,Y,PROD,NS0020,4,000,2025-04,97.9,A,F,,,P1M,,A,,,,,,,2021=100,,,2,,4D0,New Cronos,Industrial production; total excluding construction ,"Euro area 20 (fixed composition) as of 1 January 2023 - Industrial Production Index, Total Industry (excluding construction) - NACE Rev2; Eurostat; Working day and seasonally adjusted ",PURE_NUMB,0
STS.M.I9.Y.PROD.NS0020.4.000,M,I9,Y,PROD,NS0020,4,000,2025-05,98.9,A,F,,,P1M,,A,,,,,,,2021=100,,,2,,4D0,New Cronos,Industrial production; total excluding construction ,"Euro area 20 (fixed composition) as of 1 January 2023 - Industrial Production Index, Total Industry (excluding construction) - NACE Rev2; Eurostat; Working day and seasonally adjusted ",PURE_NUMB,0
STS.M.I9.Y.PROD.NS0020.4.000,M,I9,Y,PROD,NS0020,4,000,2025-06,98.3,A,F,,,P1M,,A,,,,,,,2021=100,,,2,,4D0,New Cronos,Industrial production; total excluding construction ,"Euro area 20 (fixed composition) as of 1 January 2023 - Industrial Production Index, Total Industry (excluding construction) - NACE Rev2; Eurostat; Working day and seasonally adjusted ",PURE_NUMB,0
STS.M.I9.Y.PROD.NS0020.4.000,M,I9,Y,PROD,NS0020,4,000,2025-07,99,A,F,,,P1M,,A,,,,,,,2021=100,,,2,,4D0,New Cronos,Industrial production; total excluding construction ,"Euro area 20 (fixed composition) as of 1 January 2023 - Industrial Production Index, Total Industry (excluding construction) - NACE Rev2; Eurostat; Working day and seasonally adjusted ",PURE_NUMB,0
STS.M.I9.Y.PROD.NS0020.4.000,M,I9,Y,PROD,NS0020,4,000,2025-08,97.9,A,F,,,P1M,,A,,,,,,,2021=100,,,2,,4D0,New Cronos,Industrial production; total excluding construction ,"Euro area 20 (fixed composition) as of 1 January 2023 - Industrial Production Index, Total Industry (excluding construction) - NACE Rev2; Eurostat; Working day and seasonally adjusted ",PURE_NUMB,0
STS.M.I9.Y.PROD.NS0020.4.000,M,I9,Y,PROD,NS0020,4,000,2025-09,98.1,A,F,,,P1M,,A,,,,,,,2021=100,,,2,,4D0,New Cronos,Industrial production; total excluding construction ,"Euro area 20 (fixed composition) as of 1 January 2023 - Industrial Production Index, Total Industry (excluding construction) - NACE Rev2; Eurostat; Working day and seasonally adjusted ",PURE_NUMB,0
