,1,1,1,1,1,1,1,1,3,3,3,3,3,3,3,3,6,6,6,6,6,6,6,6,12,12,12,12,12,12,12,12
,RW12,AR,Phillips,Ridge,Lasso,RandomForest,Combo,actual,RW12,AR,Phillips,Ridge,Lasso,RandomForest,Combo,actual,RW12,AR,Phillips,Ridge,Lasso,RandomForest,Combo,actual,RW12,AR,Phillips,Ridge,Lasso,RandomForest,Combo,actual
2001-01-31,3.6536392061926826,4.361324262287459,4.3621518094387595,3.5077486444707553,3.7443722180952115,3.1854771947149954,4.077074905398991,2.7303766045627262,3.6536392061926826,4.161494703837812,4.483416185376864,3.392536697329704,3.697464033505276,3.4639790173851686,4.012482528848127,1.8181849486698554,3.6536392061926826,3.8751727537844394,4.493272896821466,3.5082630500454908,3.5019050443565867,3.645694794860642,3.9589029002171325,2.039677734892597,3.6536392061926826,4.125425509671576,4.478052155755926,3.81971120845421,3.9109732286669106,3.9661027793054884,4.14106295796057,1.1888053959589435
2001-02-28,3.4685557987889304,4.113124281366041,3.673451702154897,3.0761600993256097,2.88714951243129,3.5713423766131402,3.620912027615516,0.6816245568103216,3.4685557987889304,3.9252423250489863,3.960588103399189,3.0304362981854207,3.0752927202378366,3.0505343224881964,3.638755575544532,2.943687216804235,3.4685557987889304,3.987258311794541,4.242413974638522,3.543493229248456,3.320250183038398,3.244847304605118,3.924388505227173,1.5846149674654852,3.4685557987889304,3.97063185183513,4.281413158858182,3.8099954269024052,3.6118939177554603,3.5455673555776834,4.0206801458652395,1.1299555253933466
2001-03-31,2.938845899949971,2.329403282129352,2.8461588082215705,2.0408745983568393,2.3937597716464545,2.750114913314231,2.4054788962359206,2.042553684636701,2.938845899949971,2.554561025417972,3.2153836095560293,2.252375383380943,2.4038208138019836,2.8551619765592218,2.674106672784981,3.61788786337808,2.938845899949971,2.708833646034891,3.5426794446574172,2.576691125318492,2.4042076356291284,2.985619505477959,2.9427347386702665,2.258634958691104,2.938845899949971,2.891050392924104,3.4328037319398206,2.856544508454487,2.68662720942851,3.127498469561166,3.0601328777728036,1.353658571753332
2001-04-30,3.1675553451145255,2.4118911510727297,1.9186363162814841,2.0845878061824146,2.4788309519031397,2.373766180622144,2.1383717578455426,6.106883408965474,3.1675553451145255,2.7764745554981625,2.2240956788876147,2.333200550054665,2.4251039956940974,2.4230433684380936,2.4445902614801476,2.2611705211152926,3.1675553451145255,2.9167880981721344,2.45809322723467,2.570978176385366,2.4536269317433534,2.6905995468696906,2.648619833930723,1.3559373970757538,3.1675553451145255,3.0006932926796024,2.5352863600900175,2.6987930093757706,2.5221447343667722,2.967810648374092,2.7449242207151303,1.63062370383963
2001-05-31,3.5010749372521133,4.322624526187617,3.1933866735295835,2.912471296805664,3.00599389671021,2.9978995675000015,3.4761608321742883,2.7042264965319043,3.5010749372521133,4.215578684425031,3.1931249539301305,2.954551708951148,2.8821523866801133,3.0545023723625735,3.4544184491021035,0.22554271812678944,3.5010749372521133,4.079972015223889,3.273087530093443,3.141849756627324,2.9791636614611012,3.129334422204764,3.4983031006482186,0.22547916706163715,3.5010749372521133,4.109478273588965,3.4660672028984836,3.3019625180235823,3.0714924581650296,3.5081349608058434,3.6258359981703436,1.2331994848171202
2001-06-30,3.1440143166975965,3.9492476519006336,3.1430072744525184,3.057353710235862,2.7452235761695203,3.3334239603524525,3.383202878863005,-2.0275983421516584,3.1440143166975965,3.812906808638851,3.127672420740849,2.950255916953868,2.478153646531221,3.1295267898396273,3.296945048777856,0.899382054004106,3.1440143166975965,3.877062983845208,3.3583524338174597,3.0655300785049007,2.6265277618943035,3.3564459555979504,3.4336484987225226,-0.33793305702527643,3.1440143166975965,3.7961302190967188,3.4738974010829327,3.1357870195739532,2.660177619727019,3.3533718849285217,3.468604879917868,1.063542070749366
2001-07-31,2.6851084722846252,1.2235557588314032,1.6065124778770556,1.4532185655511967,1.867854041757715,1.7205137724317527,1.427762267419885,0.0,2.6851084722846252,1.605102478460232,1.995404380718164,1.7726359331997514,1.8356125772856027,2.5762105284052383,1.7910475974593825,0.45070427303617816,2.6851084722846252,1.9144286349642896,2.3839609076401125,1.9125845072736545,1.6759203988104847,3.04153056465997,2.070324683292686,0.33793305702529036,2.6851084722846252,2.0475056822120936,2.364738759708535,2.0484775577230883,1.7780031543936774,2.85000231545472,2.1535739998812393,1.4549781014731147
2001-08-31,2.6851084722846252,1.002641404476192,0.8480923912246762,1.2469846492344656,2.136017754888969,2.6278871034322244,1.0325728149784446,4.7257445041640835,2.6851084722846252,1.4748200956934865,0.9239877635469508,1.3933666305777797,1.805223296706731,2.5062865948030137,1.264058163272739,0.22541561599656698,2.6851084722846252,1.7289466400766151,1.087309616672969,1.48818720405589,1.5818868438448774,2.702101679422909,1.4348144869351582,0.6752960833212182,2.6851084722846252,1.8437702092543509,0.9169836099880947,1.5476713799354647,1.6151036495627595,2.7401932586939397,1.4361417330593034,1.7323707897456395
2001-09-30,2.559138806936634,3.149352805692417,1.8339289222645423,2.1142146303778997,2.3229553984161497,2.730594740185813,2.365832119444953,-3.373631685055509,2.559138806936634,3.0695202159583985,1.5595844475312788,1.7801012294268932,1.8235555840382656,3.3875297955694843,2.1364019643055236,-1.5752481680547115,2.559138806936634,3.0536397641782878,1.6109745499426782,1.9299527426271093,1.9013351972066657,3.4152216658402827,2.198189018916025,0.4486821848155833,2.559138806936634,3.044290311345675,1.6772139128667214,2.1523128983092263,2.042332225335846,3.6555397164655763,2.2912723741738743,1.504625766246033
2001-10-31,2.1053409197832273,1.0532148168655202,-0.02909269165692263,0.18671812609363592,0.7551344513250311,1.4128305308254772,0.40361341710074444,-0.67586597111907,2.1053409197832273,1.3395731963835635,0.17199140831589965,0.3481392431285988,0.6989022633140856,3.1267889630958345,0.6199012826093541,0.2251618410143927,2.1053409197832273,1.7614708119095996,0.6495326814237601,0.6267756504216666,0.7311512723103135,3.4631176796105287,1.0125930479183423,1.905310010603531,2.1053409197832273,1.6116058878201729,0.6500692490806969,0.8349785415498525,0.7541363847126452,3.5171650705022572,1.0322178928169075,2.006756305080917
2001-11-30,1.876654449706816,0.24807369403884402,-0.16768588620999625,-0.763285614695473,0.4331157223224036,1.7595569383335166,-0.22763260228887505,-0.6762468479896173,1.876654449706816,0.5514936044243715,0.44851993788894706,-0.434569148235874,0.13186090629688785,2.9211018503420285,0.1884814646924815,1.125176550645863,1.876654449706816,0.7434508553515766,0.9188362791842046,-0.3741221119799025,-0.37944821115942506,3.2449445510349193,0.4293883408519596,2.2409198025726123,1.876654449706816,0.8639276977976688,0.9753929604537569,0.1320321101924984,0.14766755887449978,3.596090420427673,0.657117589481308,2.2285044789434956
2001-12-31,1.5909426469977284,-0.018631053897108174,-1.1917089592454913,-1.2825706892124202,0.2219836825270578,2.029016707398032,-0.8309702341183399,2.0275983421517423,1.5909426469977284,0.17888083460069615,-1.0405596318727637,-1.0244869535637768,-0.2321462973750288,2.763892890462744,-0.6287219169452815,2.472612537685889,1.5909426469977284,0.36117989249634963,-0.6711585367589148,-0.9090731324971584,-0.772644230954123,2.655939321592973,-0.40635059225324116,2.4650171985240066,1.5909426469977284,0.6635636793304076,-0.46228816517842053,-0.2885593184922257,-0.1266431843204172,3.1663345571032826,-0.02909460144674621,2.4500111867899403
2002-01-31,1.1888053959589584,1.305802205470581,0.7617564842092184,0.1580083441376976,0.8289329539710444,1.597843243668241,0.7418556779391657,2.0241781577754834,1.1888053959589584,1.290163906659237,0.6366768223850428,0.18881728313297597,0.04496349749980233,2.133979372990468,0.7052193373924185,3.5854581801927097,1.1888053959589584,1.2677251379412828,0.8082610456777424,0.26336196026598824,0.1678714430850592,2.5349265955830536,0.7797827146283378,2.5720231459209506,1.1888053959589584,1.4617978252466854,0.9426281701881698,0.6837145861226737,0.5722454093764018,2.4378384546814265,1.0293801938525096,2.720123300026257
2002-02-28,1.1299555253933669,1.7691085486202751,1.7199629575827775,1.0285307723940251,1.4462890770095749,2.301202935576154,1.505867426199026,3.366061113130418,1.1299555253933669,1.6944065104446144,1.3620481283699966,0.8431735956590192,0.5160412137512234,2.4562487798332056,1.2998760781578766,3.3566630544993523,1.1299555253933669,1.6111499636838449,1.401351227020021,0.7589641821525763,0.44495510700208474,2.5989289832835327,1.2571551242854808,2.7894454961701105,1.1299555253933669,1.7528023800140697,1.5308733030938328,1.1058041970935863,0.7307831961078701,2.442890774577109,1.4631599600671628,3.097592789430493
2002-03-31,1.3536585717533356,1.7471567083681734,2.981459123427291,1.53464153185437,2.1307482376199287,2.3017860885963835,2.087752454549945,5.366135269672093,1.3536585717533356,1.4800900771676588,2.434964364825826,0.8948354370741356,0.9707812533187514,1.8416408410627143,1.6032966263558734,2.4574218593621753,1.3536585717533356,1.173791787551344,2.330033996615979,0.4328789966982156,0.3122217009494239,1.7346708614762902,1.3122349269551796,2.560569347676462,1.3536585717533356,1.786437994375147,2.4488132509677483,1.0311652260308737,0.9195444324489381,1.7062780034517915,1.7554721571245897,2.980353039058175
2002-04-30,1.6306237038396176,3.2213072120935067,4.089658797220079,2.636212703545338,2.910684486514146,2.267412556824748,3.3157262376196415,1.3377927806956358,1.6306237038396176,2.8521419558138934,3.255800045300121,1.750366850853787,1.4424313241188687,2.0836103656997857,2.619436283989267,1.5585881116492637,1.6306237038396176,2.5160877402107746,3.0321930601879874,1.1933260510449997,0.9785504067942354,2.132236930638426,2.2472022838145875,2.10820259955834,1.6306237038396176,2.9844025684927913,3.0735971305812333,1.6799646799352321,1.4916926523312664,2.4392653443306886,2.579321459669752,2.1518071628942574
2002-05-31,1.2331994848170602,2.4491709280009353,3.290008951034958,2.217381279699933,2.1303791600119535,2.0859035210417622,2.652187052911942,0.6683375277186807,1.2331994848170602,2.3989911172884666,2.778889299297823,1.8518390037333177,1.241345156214555,2.154891960881665,2.343239806773202,2.2222279378407856,1.2331994848170602,2.3508051022922327,2.723949461371601,1.4803001849373771,0.9940497068429521,1.8971409541532842,2.185018249533737,2.2160891553143918,1.2331994848170602,2.7272417491163132,2.7621362068264363,1.8701907750402254,1.3574693411358743,1.9890142807754436,2.453189576994325,1.8764347468486473
2002-06-30,1.063542070749346,2.0593464396807777,2.3897518602517045,1.3946964436146616,1.431738329033072,2.1173041935000345,1.947931581182381,2.6696340265333305,1.063542070749346,2.324854024922991,2.386502285511645,1.599698490220757,0.9509357070840179,2.0382628306170485,2.1036849335517975,2.663716835990799,1.063542070749346,2.4711125041683664,2.469004225974558,1.6631423176026834,1.1236945649378685,1.8351541566956415,2.201086349248536,2.435005175055847,1.063542070749346,2.5898026537794587,2.4528524391764135,1.8369087570868858,1.3157615097950028,1.8052139696566174,2.2931879500142527,1.9300295812365895
2002-07-31,1.45497810147317,2.6116859107269526,2.191338878165954,2.0690598611827555,1.8974720286065438,2.3053394512637,2.290694883358554,3.328712259270269,1.45497810147317,2.762527969788049,2.1102902078572012,2.0885087583910416,1.5031043130927415,2.263460614227682,2.3204423120120974,2.6578170874674045,1.45497810147317,2.8487944035188257,2.100375044510527,2.127420959800427,1.6137503571933132,1.904766995347934,2.3588634692765935,2.8682234541315506,1.45497810147317,2.8964894197696163,2.2201484823721196,2.1545854469266645,1.6325645102596482,1.865639812764512,2.4237411163561338,2.034714133086948
2002-08-31,1.7323707897457297,3.2157993151859214,2.7799320234894944,2.793650115446174,2.348258645067076,2.6859005000461966,2.9297938180405296,1.9928042221686482,1.7323707897457297,3.226480438221068,2.6169174566916804,2.544340011062685,2.0085190514923745,2.5527278445011095,2.7959126353251444,2.209950372787923,1.7323707897457297,3.22765288289441,2.591225513650456,2.4317855793547727,2.024667816174751,2.656188410055157,2.7502213252998793,3.4057400826908806,1.7323707897457297,3.21009476503935,2.7078969501024055,2.3779007864535036,1.9391280806061664,2.85592388641381,2.765297500531753,2.1918685707646275
2002-09-30,1.504625766246015,2.8283253943630395,3.0029216086931996,2.4649979586347373,2.1604874433675842,2.661887968991206,2.7654149872303257,2.651934780963204,1.504625766246015,2.898968463998108,2.8074555881262313,2.2642951388681283,1.7745001480909517,2.1744728350648947,2.656906396997489,2.206293514120905,1.504625766246015,2.9521292823780056,2.80346911158424,2.2917859030277485,1.7569125612776428,2.023271941962341,2.6824614323299976,3.4001367304398378,1.504625766246015,2.914952873793345,2.859952287776,2.1424221345999404,1.5442159911311695,1.9442261437285522,2.639109098723095,2.350477162137556
2002-10-31,2.006756305080959,2.487831428997787,2.995484959203387,2.2560353246978644,2.4129881097144494,2.543608872378832,2.5797839042996795,1.9851121152317617,2.006756305080959,2.4955280010746828,2.9289214742651826,2.008935491218304,2.006406473690077,2.457741860336172,2.477794988852723,3.078629820795627,2.006756305080959,2.4594064933430677,2.9265387771389846,1.98797424724961,1.8204015681882049,2.321527360562193,2.457973172577221,2.1954117262301986,2.006756305080959,2.6684459994854954,2.9972034021361393,2.072179453828297,1.8734860596935556,2.4762252759804166,2.579276285149977,2.0213744784200363
2002-11-30,2.2285044789434494,2.3996485550767988,2.236104726627577,1.6322287843326375,2.0590202314472354,2.4400169321888066,2.089327355345671,1.981833646167793,2.2285044789434494,2.4568271177505485,2.288381154232935,1.7129262062874346,1.6836906669791745,2.437655087978058,2.1527114927569726,4.601529792593798,2.2285044789434494,2.4852474772866313,2.424935674523604,1.847765683222955,1.784163242775521,2.4242514076343284,2.25264961167773,1.5367803383829064,2.2285044789434494,2.6681394258645836,2.46430428398656,2.022872296140801,1.9459690707367163,2.5546330601302194,2.3851053353306484,1.910017137341943
2002-12-31,2.4500111867899577,2.539445643838329,2.2448195058704967,1.7565932501290864,2.229039969851499,2.9391048494414207,2.180286133279304,5.268943700987447,2.4500111867899577,2.656706457203759,2.1841477763994117,1.8012807299067037,1.8358077680498246,2.3985368548894446,2.214044987836625,4.593979946758724,2.4500111867899577,2.725920391379196,2.307144019158108,1.969921738300454,2.038813408001231,2.498575369750593,2.3343287162792525,1.4250539874173052,2.4500111867899577,2.785979161463172,2.3293155422134815,2.045035378561378,2.059708102098128,2.5204096767720503,2.386776694079344,2.014770030411127
2003-01-31,2.720123300026245,3.6685143284589845,3.4122586732648656,2.8486053007940386,3.0832826718585586,3.2823486816261136,3.309792767505963,6.553812030626331,2.720123300026245,3.534727434441269,3.0534260079204723,2.6200545688464096,2.5282528808896165,2.7440645534498995,3.0694026704027166,1.3121936316646718,2.720123300026245,3.402582599521458,2.9980291912481727,2.641736120617807,2.5078205576736767,2.6331105193789757,3.014115970462479,1.2012048120423897,2.720123300026245,3.493871863561229,3.111778555718112,2.6870618433389333,2.428018281354786,2.7596795910472633,3.097570754206091,2.006030944667475
2003-02-28,3.0975927894305144,4.548200136794543,4.92168468134544,3.876019239294956,3.9870702320326696,3.2512492213983366,4.448634685811647,1.9591841086623742,3.0975927894305144,4.180399583171502,4.1879600921470335,3.106701401212881,3.1395292474972374,2.9929855264107137,3.825020358843805,-1.5279691158279955,3.0975927894305144,3.897134398301132,3.983265666623648,2.8881937167309712,2.852914793013814,2.5001800769252824,3.589531260551917,0.9779970588383541,3.0975927894305144,4.132234668328863,4.082360480209693,2.9653956480633092,2.7824995491499918,2.8921171493848292,3.7266635988672885,1.6743572361286712
2003-03-31,2.9803530390582367,3.3709691979834613,4.040315094833107,2.916600202210631,3.014286998589742,3.3317008723026844,3.4426281650090664,-4.576415244294755,2.9803530390582367,3.3684851963052926,3.9311163797102004,2.662441577225095,2.7117344222642257,2.848635282103204,3.320681051080196,-1.743871971924185,2.9803530390582367,3.365707519801874,3.985173108854738,2.651721367781561,2.62048047188107,2.504260671482198,3.334200665479391,1.3008175938352524,2.9803530390582367,3.5752967476249853,4.068512173819784,2.7583391625367986,2.4969924658105898,2.7851236490380313,3.467382694660523,1.7251101669768416
2003-04-30,2.1518071628943147,0.45010291325931007,0.7209608574416702,0.636220989647132,1.0991570713203673,1.0044160909671587,0.6024282534493707,-1.9666762118518109,2.1518071628943147,1.212678595692869,1.3198816117923597,1.2510936443931087,1.3309046137159521,1.9602530847239483,1.2612179506261125,1.0902159924200048,2.1518071628943147,1.6912270793054818,1.6642305175567114,1.4584910783644807,1.5884331704260184,2.0711571669679105,1.6046495584088911,1.8473372306098554,2.1518071628943147,1.76947494014109,1.6215021793495203,1.4798241876483837,1.2792134286907073,2.373344257521494,1.623600435712998,2.2666917564292057
2003-05-31,1.8764347468486875,0.4114680007976135,-0.5215755298632077,0.9788076553143523,1.157863707320959,0.38941429034062214,0.28956670874958607,1.3114755403740572,1.8764347468486875,1.1458835582113305,-0.008981072432684645,1.6429287322319266,1.4404833256259981,1.99696825683687,0.9266104060035242,3.4839632335047623,1.8764347468486875,1.5657698868771182,0.14519857665816782,1.8149352632220257,1.657335977659098,2.0678495944682984,1.1753012422524372,2.283253936300964,1.8764347468486875,1.4362308047789907,0.17354543203296524,1.5812652584921576,1.2839872613329373,2.4269256966233628,1.0636804984347046,2.8565671754459125
2003-06-30,1.9300295812365142,1.8001936543173012,0.09283474970621985,1.6561867534191324,1.764654866686782,2.5378783955143147,1.183071719147551,3.9258486487379383,1.9300295812365142,2.0244837172058503,-0.15646665470569365,1.845982129892338,1.7538531063289802,2.111884970891017,1.2379997307974981,4.345507159594758,1.9300295812365142,2.24556806029704,-0.17429434997947446,2.085763203172153,2.1454298826299807,2.397789206551034,1.3856789711632393,2.604486073404967,1.9300295812365142,1.9334632283023638,-0.11543658567648007,1.8030000100061825,1.6908920076509952,2.6415684581622023,1.2070088842106887,3.118532282699885
2003-07-31,2.034714133086979,2.7430848455301367,2.1337481018803626,2.2943405806966317,2.4768728438869316,3.0839319438313724,2.39039117603571,5.2145655114022365,2.034714133086979,2.476500816893069,1.5704499499267772,1.9241340586020064,1.9691621204244134,2.3696903653458765,1.9903616084739506,2.6044584687997387,2.034714133086979,2.4113510640835147,1.5399778588331912,1.9732028321790933,2.059975124908794,2.533180646710899,1.9748439183652664,2.810857077292575,2.034714133086979,2.3210519302549057,1.6916124571800786,1.963887514888388,1.9179368070353857,2.9068153999679263,1.9921839674411241,2.897198344333197
2003-08-31,2.1918685707645658,2.8507811167571258,3.6684498815690656,1.8266724481265486,2.6945637199356467,2.787169558936428,2.781967815484247,3.896107318643848,2.1918685707645658,2.298910918672164,3.1587165340529237,1.2229170421295943,1.799478079325349,2.3276444099565468,2.226848164951561,1.0825446390971383,2.1918685707645658,2.005140847880841,3.130599410275755,1.175537045226811,1.5365337229832776,2.3050260110171403,2.1037591011278023,2.3707174134189883,2.1918685707645658,2.466699972355694,3.3675588571991524,1.7045917523351117,1.8994030434823204,2.627366749040252,2.5129501939633196,2.515519313719588
2003-09-30,2.3504771621375653,2.3717736399680094,3.7522463190627184,1.1687285681402821,2.274858538365579,2.2578957004976687,2.4309161757236697,-1.297297423647116,2.3504771621375653,1.9941702175227989,3.895413907605146,1.0239306602431455,1.7614843977534562,2.231509476188867,2.30450492845703,0.8634649872152426,2.3504771621375653,1.7026924972486164,3.9922632992672584,0.9591067637419117,1.37202763309896,2.478961205322442,2.218020853419262,2.1494027401184317,2.3504771621375653,2.5034772396405565,4.272074782079419,1.7644928436380773,1.9879076531307378,2.7671409280214205,2.846681621786017,2.507466659637566
2003-10-31,2.0213744784199683,1.074081994850349,1.9135466793944123,1.333286854264804,1.7995368817591304,1.1733856744231892,1.440305176169855,0.6488240222948132,2.0213744784199683,1.4963430938866176,2.2772648067484855,1.534889873159873,1.7337999716538621,2.318809061079912,1.7694992579316586,3.017255685785476,2.0213744784199683,1.6521846585585567,2.5120861747319303,1.5943815117722977,1.5904960763618954,2.441241278679318,1.919550781687595,2.686046282248549,2.0213744784199683,2.061145860107074,2.686611808290406,1.9284837255244156,1.811605555622306,2.4400650474089693,2.225413797973965,3.1410620621106937
2003-11-30,1.910017137341935,1.711229008389018,1.4266069681953373,1.6702113947530832,1.7939260739343155,1.7750934381971657,1.6026824571124798,3.23886836299798,1.910017137341935,2.1957533714632684,1.683174429992899,2.0623915933310917,1.8404668144747842,2.2819724699141504,1.9804397982624196,3.658890187740807,1.910017137341935,2.3345402984325485,1.764672974383715,2.246597131175994,2.013461317717625,2.3211945765735464,2.115270134664086,3.4298804145908974,1.910017137341935,2.3602795419624183,1.958846045937296,2.260942426129251,2.0050004430716664,2.4811359309193897,2.1933560046763216,3.557582497327385
2003-12-31,2.0147700304111282,3.0574404851027195,1.9470414981025999,2.928374640979965,2.533331482412109,3.317286763966984,2.6442855413950945,5.164074672063568,2.0147700304111282,3.1101069092194917,1.5797886701602226,2.7690659127642663,2.296553056931813,2.7242495652564314,2.486320497381327,3.435340493021665,2.0147700304111282,3.1195034480336425,1.5148856008792695,2.804426480645466,2.4309343795383755,2.758398443297682,2.4796051765194593,3.6325784919948005,2.0147700304111282,2.9862997638807025,1.8634380503565127,2.638996964058694,2.2982348617869954,2.7263775757041513,2.4962449260986364,3.2876768004108943
2004-01-31,2.0060309446674474,3.9794212164859104,3.5358318337763204,3.1883774659838187,2.8499200570920697,3.343957305237545,3.5678768387486834,2.5737275281607346,2.0060309446674474,3.6271837935704396,3.08876382652582,2.921163752694039,2.4190279854541323,2.78170283428601,3.212370457596766,2.3548368787116267,2.0060309446674474,3.5189414282504727,3.037352650500555,2.8203827788126974,2.620138656174941,2.842319462288482,3.125558952521242,2.983539611373777,2.0060309446674474,3.496050148749572,3.3210629834764585,2.8275152478097145,2.522270389455513,2.810309771760772,3.2148761266785812,2.8051587929217305
2004-02-29,1.6743572361286319,2.873397137931456,3.385353393010716,2.0714123656103336,2.3034228400311463,2.7434522572484767,2.7767209655175016,2.5682192788404605,1.6743572361286319,2.7437110959655797,3.217747095338424,1.8576044339570097,1.7748797725234704,2.4895795472699205,2.606354208420338,3.2008706414409165,1.6743572361286319,2.761405578044486,3.2870691560585916,1.932621182283051,2.1249535890464477,2.724821439647289,2.660365305462043,2.6603212140202106,1.6743572361286319,2.965922214607191,3.4756314634034,2.2455540086617023,1.7770004173824185,2.726239258470909,2.895702562224098,3.007348768392921
2004-03-31,1.725110166976851,2.288210132314971,3.3499763460527143,2.208402167165125,2.5700354084579176,2.362418054333521,2.6155295485109367,1.9225638291334244,1.725110166976851,2.365703939881087,3.1483325423462913,1.9964942076485035,1.8403561321999455,2.5451241155752107,2.503510229958627,3.8298164909679966,1.725110166976851,2.283209392769307,3.144202074947861,1.9089067109342919,2.03435363686347,2.6095619007329756,2.44543939288382,2.86553057915675,1.725110166976851,2.6928945527812216,3.1142645279432957,2.3167161810216257,1.9305655917967357,2.7317522377304786,2.7079584205820475,3.156495615442493
2004-04-30,2.266691756429129,2.543961597377635,2.465056142226277,2.4254018620073285,2.6017729705390966,2.878970125049523,2.478139867203747,5.111828816348745,2.266691756429129,2.74515555408983,2.3552833848669694,2.2798437480076315,2.354747122529555,2.9470967554190315,2.4600942289881433,3.612242344035996,2.266691756429129,2.771385786280314,2.3846310841228804,2.4550627038179034,2.5309694046086975,2.623407760701845,2.537026524740366,3.5960778419728645,2.266691756429129,2.93047635367866,2.5268546351150176,2.631829631631536,2.665885100747481,2.506028153985103,2.6963868734750718,3.306520060862834
2004-05-31,2.8565671754459565,3.989752501168236,3.578842507559752,3.4731223948749337,3.49205978629789,3.8208170213369717,3.68057246786764,4.455056827421568,2.8565671754459565,3.869454932556569,3.0656509597123858,3.084885398075757,3.058655962230331,2.7542829015140025,3.339997096781571,2.119771786599437,2.8565671754459565,3.7734378871087806,2.971143281053239,3.314313243426815,3.333501617451654,2.821860533052326,3.3529648038629447,3.685284580063898,2.8565671754459565,3.786713853609362,3.077530412998406,3.378171253637271,3.7894334447779725,2.7777294947314615,3.4141385067483463,2.828894769119747
2004-06-30,3.1185322826999595,4.16475096152435,3.7373475736601245,3.2482916175379826,3.3795883729967704,2.9643514455540525,3.716796717574152,1.269841388337485,3.1185322826999595,3.968956518159017,3.519064380046186,3.0777004425506647,3.1161951592530497,2.716957405286704,3.5219071135852893,1.9012446673454686,3.1185322826999595,3.950794037685079,3.5437830698907704,3.235357751026106,3.4272895137132293,2.8290048176491656,3.5766449528673188,2.9427751088269707,3.1185322826999595,3.950280640707839,3.775043291997851,3.32305553219079,3.4648381060970164,2.750752440803496,3.6827931549654935,2.5092795905486294
2004-07-31,2.8971983443331517,2.683199014538669,3.1933682893634767,2.694834930457519,3.0121902948357193,2.9226491219611272,2.857134078119888,0.6344171440393881,2.8971983443331517,2.877894159403077,3.168590396724514,2.6740146113475936,2.811075772516012,2.7808412600472727,2.906833055825062,3.579913339909735,2.8971983443331517,2.974940851890119,3.2439624667007867,2.7363907531888487,2.934142282565036,2.6629379852251622,2.9850980239265845,2.626777974469686,2.8971983443331517,3.1068973450082153,3.3029708362190444,2.8030930605642386,2.812326525922752,2.6669265387448875,3.0709870805971664,3.0210630849103315
2004-08-31,2.515519313719583,2.108896878166639,2.391644084810749,2.545713648088412,2.695747870591424,3.0659280181144726,2.348751537021933,3.7994754696596815,2.515519313719583,2.5169251255426954,2.4199262410681426,2.6543781866503195,2.580002267345899,2.8261819381178497,2.5304098510870525,5.250797373528357,2.515519313719583,2.658511249031899,2.4314366820650406,2.6415618495836357,2.5863025637633443,2.6424733555145896,2.577169926893525,3.35437632276568,2.515519313719583,2.7183934275019475,2.471062376467238,2.4855987987989194,2.4657939320919087,2.6356210277188876,2.558351534256035,3.5820076584522713
2004-09-30,2.5074666596375472,3.2139719512415965,3.1063196103376867,3.8845349857241347,3.5076432728288025,3.311103186315258,3.4016088491011396,6.305847406030316,2.5074666596375472,3.2427056040668862,2.6276913599741922,3.4182410748436456,3.1971376765210544,3.100428391180842,3.096212679628241,3.984305550308524,2.5074666596375472,3.201093550644773,2.459202626157214,3.160593664993849,2.85998643123452,2.9571874014589,2.9402966139319453,3.447460651728233,2.5074666596375472,3.237415251631989,2.5132895853087316,2.9422396104257804,2.7120130432397658,2.9306747500078894,2.897648149122167,4.6328408046646254
2004-10-31,3.1410620621107554,4.6700012456617515,4.586501549597349,4.595798339505466,4.3210719066274805,3.6048530222131063,4.6174337115881885,5.6470692448949915,3.1410620621107554,4.269707292139322,3.7017745608344317,3.786871801579219,3.7334922579758687,2.9156343597810377,3.9194512181843244,1.6736426090295478,3.1410620621107554,4.153020573084255,3.4904052375057875,3.783611487215283,3.67227517592518,3.1008882847724464,3.8090124326017754,3.0169622797527893,3.1410620621107554,4.125570114367353,3.490651939013484,3.6350999717725956,3.747476676262022,3.044306797179771,3.7504406750511436,4.258145205596446
2004-11-30,3.5575824973274273,4.491534487362223,5.186674435216226,3.689258998391523,4.093576968683848,3.641514990001619,4.455822640323324,0.0,3.5575824973274273,4.136269457578237,4.880644305615287,3.3642054963782595,3.5921332041906506,2.809206264300711,4.127039753190595,1.457955272002913,3.5575824973274273,4.026993549820221,4.810939415555776,3.3975281402391224,3.788399911603179,3.3882632962683186,4.078487035205041,1.9725049581755798,3.5575824973274273,4.1737949234206,4.817885751663981,3.595971045663111,3.571909157407429,3.8093976935530356,4.195883906915897,3.2840303652906395
2004-12-31,3.2876768004109103,2.185357575895022,3.2860463266923636,2.371437285779968,2.975666044297966,2.114374979236592,2.6142803961224512,-0.6261414178062901,3.2876768004109103,2.5859336268487616,3.732081568657926,2.8216062876905603,3.038550396041259,2.274920342993766,3.0465404943990824,2.9106157531479613,3.2876768004109103,2.711606359385683,3.850909386821196,2.8936056506660446,3.168938110197281,2.76923670694657,3.152040465624308,2.075784072270277,3.2876768004109103,2.9680805895152877,3.8182045727984653,3.131483799790432,3.018034436468735,2.7955170914436005,3.305922987368062,3.2840303652906395
2005-01-31,2.8051587929216915,1.5890717066357094,1.896126355570378,2.295582870605787,2.4859108085275006,2.1520494636657364,1.926926977603958,5.0000072338150945,2.8051587929216915,2.2659100919802317,2.5708329060006894,2.922932310028341,2.9729569931655604,2.722013088702845,2.5865584360030875,4.360281950475975,2.8051587929216915,2.4079052693583685,2.6122492299475244,2.8190862389721083,2.801188903401645,2.5209172097570014,2.6130802460926668,3.415348195351008,2.8051587929216915,2.5150409689363302,2.6489481531039285,2.7487148842576645,2.570553421385662,2.638708681643998,2.6375680020993078,3.9401361681988982
2005-02-28,3.007348768392948,3.957412121101874,3.1402411111466075,3.924330954277565,3.586129114372925,3.2319334752696482,3.673994728842015,4.357981443435055,3.007348768392948,3.8337273830161402,2.8085795861159917,3.762699658356542,3.4792097696920132,2.822016038556917,3.468335542496225,2.4870546443481447,3.007348768392948,3.7845091380774343,2.6251932328670464,3.8217254377703864,3.522093510802372,2.7465215845506696,3.410475936238289,3.8096389941388824,3.007348768392948,3.66203170302082,2.6523450288076535,3.5777919050696383,3.586495338722042,2.882771895060847,3.2973895456327043,3.573631929613176
2005-03-31,3.156495615442445,4.187564027495741,3.858742321951202,4.731381368594658,4.20245463137509,3.394624978983771,4.2592292393472,3.722857174177622,3.156495615442445,3.8811258892027842,3.227773314537818,3.9563670448451864,3.5663543427575526,2.8933234214516323,3.68842208286193,1.2409523913925407,3.156495615442445,3.952669445507192,3.1265818101245126,3.824241540363338,3.6781334142187547,3.003451448914795,3.634497598665014,5.818220957600998,3.156495615442445,3.8106726329909257,3.1966320795226992,3.5113652887311213,3.3945565672755293,2.956736072602948,3.506223333748249,3.3608050987300735
2005-04-30,3.306520060862894,3.4157105177872706,4.47795977252857,3.3207650991962856,3.708883266859905,2.995408711833778,3.7381451298373753,-0.6196746845682504,3.306520060862894,3.3324805581369876,4.341961479091904,3.0230536027470976,3.601398168798492,2.6589974197725597,3.565831879991997,2.4704144402260177,3.306520060862894,3.3643825457354763,4.27748416057122,3.189127775916701,3.5896291273306047,2.8549893015741246,3.6103314940744657,5.4993281314400715,3.306520060862894,3.4479237177425617,4.236168861344591,3.2163308413344893,3.4513038989893396,3.1267407353928602,3.6334744734738806,3.550068538934228
2005-05-31,2.8288947691197386,1.3884242318789863,2.5467535058776845,2.382833933839802,2.8067969119180405,2.394757006996166,2.1060038905321576,0.6196746845681096,2.8288947691197386,1.8679783503988698,2.952890340534475,2.4276501678074522,3.0989685311048922,3.057347198178721,2.416172952913599,5.132223343929558,2.8288947691197386,1.9430296021895257,3.0005680172945475,2.275587511420297,2.7172492856300705,2.6116440628984123,2.4063950436347903,4.595555772405736,2.8288947691197386,2.248284700298791,3.025553022534986,2.290803890242783,2.3876770463557264,2.627037528190102,2.5215472043588534,3.9002157803269175
2005-06-30,2.50927959054863,1.7681012249242138,2.217443807250914,2.8091707647587425,2.7699718266318367,2.9682874499312173,2.2649052656446234,7.411243320678053,2.50927959054863,2.15543359528593,2.4623977168849756,2.908176560531282,2.93777918128579,2.914575661026201,2.508669290900729,10.395489523809461,2.50927959054863,2.1749907783629876,2.3878626970496715,2.832516292909987,2.8119672682709127,2.6402777706951994,2.4651232561075487,4.492276658311018,2.50927959054863,2.319088459930587,2.363629153466886,2.69764108435515,2.8776703904241634,2.760724334446495,2.460119565917541,4.096653750655852
2005-07-31,3.0210630849103026,4.779266259249033,4.36615000025861,4.496600334561617,4.077863955355015,3.801928874056376,4.5473388646897535,7.365752026542577,3.0210630849103026,4.233751724841831,3.7109889319102036,4.06184801743533,3.646796498905903,3.317330347187564,4.002196224729121,8.528241822654167,3.0210630849103026,4.1227319424765,3.4869548791205514,4.010301205392654,3.762109752112255,3.115881122131084,3.873329342329902,4.464924141046776,3.0210630849103026,4.0354984976467705,3.5394594264176678,3.790118974709915,3.979049477231409,3.299021830435262,3.788358966258118,4.022664031825395
2005-08-31,3.582007658452291,5.130687843487099,5.840893542533301,4.9789152921853335,4.758293906680674,3.8476999277278168,5.316832226068578,16.409473224207712,3.582007658452291,4.431653680015427,5.01563329635718,4.201964344352501,4.039557378461288,3.34422792189642,4.549750440241702,4.058888200881835,3.582007658452291,4.336599944553163,4.882173561976009,4.240825723474288,4.09637154607066,3.367901193361303,4.486533076667819,3.337624865087474,3.582007658452291,4.4736159653249,4.906770266739347,4.209415891419237,4.421189866269239,4.006365630836944,4.5299340411611615,3.8514387586323933
2005-09-30,4.6328408046646175,8.535119119498976,10.538365095399932,5.727475970335185,6.351503872853607,6.061117110046987,8.266986728411364,1.8095002172123134,4.6328408046646175,6.973280555111194,9.418095984499262,4.538296249956804,5.097597101400567,5.232022899819671,6.97655759652242,-1.4109362071874088,4.6328408046646175,6.39804516823844,9.158377148361508,4.930978110406005,5.080344708324434,5.299530429919474,6.829133475668651,0.9033892398591634,4.6328408046646175,6.867243592829901,9.05531838963984,5.3920076393262315,5.767850552645209,6.570408830921377,7.104856540598657,1.9920977494554348
2005-10-31,4.258145205596442,4.352102903134747,6.325314786629203,3.6594754078160916,4.175885338651033,4.861090625207998,4.778964365860014,-6.042308838774381,4.258145205596442,4.546362348341851,6.441041758645024,3.8675763114439294,4.236775883629364,4.984660286093464,4.951660139476935,0.4016064594393943,4.258145205596442,4.576494052536874,6.7579927266973545,4.120281217366045,4.090499587544331,5.0740151376335705,5.151589332200092,1.600808946428374,4.258145205596442,5.124272649634127,6.69583257480722,4.434588378014686,3.964178327832316,5.929524044721717,5.418231200818678,1.3965314248641347
2005-11-30,3.2840303652906577,0.7241980237991731,2.1360105261454123,2.0758575411445896,2.4644478845292346,1.980116034885846,1.6453553636963918,0.0,3.2840303652906577,2.873506837913536,4.05491803196992,3.834774414973851,3.2488142223548158,2.97909649598697,3.5877330949524358,2.616361529293128,3.2840303652906577,3.1068968806633848,4.08357690984057,3.8419727000368544,3.543877349575871,3.2968728890194066,3.6774821635136035,3.204875788248127,3.2840303652906577,3.12705710549875,3.7702382225011952,3.611834394431663,3.051459614989587,3.4487105376513036,3.503043240810536,1.9495743696699621
2005-12-31,3.2840303652906577,3.319853285357947,1.0583307772773836,4.343863002258347,3.1742257114020287,3.3518544925641294,2.907349021631226,7.247128217092749,3.2840303652906577,4.385528982845138,1.3026065528015296,5.188820845752836,3.673488920821332,2.9341285785678193,3.625652127133168,3.217714686905687,3.2840303652906577,4.221890120174448,1.032179110385527,4.584302278514514,4.010127922815292,2.938382286056047,3.279457169691496,3.701030843000668,3.2840303652906577,3.625060568854091,0.9422073378886118,3.841470348773856,3.550576104916776,3.118262308275373,2.802912751838853,2.4926514881833652
2006-01-31,3.9401361681989044,6.696033127402411,3.7622986897136528,7.348450364047682,5.400496539268884,5.074161767944655,5.935594060387916,0.6019563707867374,3.9401361681989044,5.402371864495708,2.5446864168599026,6.23732648180292,5.68792738921689,4.5142946381144595,4.728128254386177,2.8000114334173425,3.9401361681989044,5.183862784825603,2.3825830885861112,5.675921067673732,4.569161354719988,4.669388428996894,4.414122313695149,3.580403922603977,3.9401361681989044,4.614339828084903,2.470019175934002,4.913301935783214,5.0952196478729705,4.538240078548718,3.9992203132673736,2.05451474238225
2006-02-28,3.5736319296131747,3.287384318236522,2.8970997685998214,4.195761868121905,3.724476177074272,2.9989607912903447,3.4600819849860827,1.8040594728377584,3.5736319296131747,3.0712563430825717,3.0870314264516825,4.058021807029579,4.1015155943815325,3.090377279037699,3.405436525521278,3.7933900472031232,3.5736319296131747,3.866605244673246,3.1895544646203757,4.422492313005767,4.1725048424933995,3.32602855030786,3.8262173407664632,4.365252652177283,3.5736319296131747,3.2333195741951934,3.1894937694544883,3.7674823727425966,3.7597346133484058,3.234429823880542,3.396765238797426,2.3914366248373273
2006-03-31,3.3608050987300686,1.147329263195787,3.842750234527381,2.864598606479695,3.436838197431096,2.537516244157129,2.618226034734288,5.994018456627516,3.3608050987300686,1.308697373192975,4.2221477423401055,2.7449812546223407,3.3221119973533577,3.0691775011433906,2.7586087900518073,4.184346999095659,3.3608050987300686,1.3178277700668994,4.030121266189084,2.288472263977855,3.1477142365631887,3.056039343369833,2.545473766744613,3.0808062590517338,3.3608050987300686,1.8010247271797897,3.8595420057282723,2.401805231070145,2.720113377584487,2.932766508885531,2.6874573213260695,2.7597630847541503
2006-04-30,3.550068538934159,2.989659159214882,4.488771129841766,3.5634072839606716,4.20160823667135,2.759918809073561,3.680612524339106,3.582092212144199,3.550068538934159,2.6019286824848233,3.9350684095728266,2.919554577728771,3.705770953613711,3.2340782997483926,3.152183889928807,4.360796411790692,3.550068538934159,2.0839863753514662,3.6946237465700698,2.1909501798638584,3.2147778150785964,3.097796604105413,2.6565201005951313,1.1922539032998891,3.550068538934159,2.8428630793052267,3.660849517052835,2.586816920759181,3.0179508298411517,3.0719180613267962,3.030176505705748,2.55987849490166
2006-05-31,3.90021578032691,3.4211803313046207,4.2714805271728045,4.381306200615411,4.463151225568371,3.1357161212272366,4.024655686364279,2.976930328515414,3.90021578032691,3.375633029695604,4.091481959417354,3.974201678665429,4.441657014407086,3.610949903203898,3.813772222592796,4.9371152571514925,3.90021578032691,3.3620776669993537,4.035261299204506,3.700552089112729,3.9168065833877934,4.010779970753321,3.6992970184388625,0.6942729510918009,3.90021578032691,3.5752397843430153,4.054163583245099,3.6032471484571116,3.6755251851226935,4.066953803601577,3.744216838681742,2.673818476248756
2006-06-30,4.096653750655843,3.555196626090556,4.48504525178941,4.20146137134245,4.220844262745024,3.735718518997096,4.080567749740806,6.52336669471251,4.096653750655843,3.7059461420304416,4.562604903595892,4.080089608296951,4.187289225470367,3.627730013025004,4.116213551307761,1.9772655190078037,4.096653750655843,3.785564884913159,4.457867032560521,3.9561229317068882,4.048374652197518,4.335655837476239,4.06651828306019,1.2842721333660554,4.096653750655843,3.7373514858742336,4.322315293116665,3.705341941286961,3.6462758638161965,4.1211726362685175,3.921669573425953,2.657148166818345
2006-07-31,4.022664031825407,4.400037706854995,5.39766267180851,4.283958057862084,4.463818039957559,3.228031401024074,4.69388614550853,5.31104874822645,4.022664031825407,4.08942878543812,5.030507557367558,3.9368147432231297,4.093872589459511,3.684695429563968,4.3522503620096025,-1.9762886051908815,4.022664031825407,3.779913104412241,4.847566070311217,3.6254948137487535,3.8596362042634174,3.736129996342441,4.084324662824071,0.5286255621605244,4.022664031825407,4.150411947108765,4.736832786837482,3.7531672188115737,3.848849737418308,4.183702952547727,4.213470650919273,2.2914355222603735
2006-08-31,3.8514387586324084,4.56146376313384,5.145990821561834,4.181884525047268,4.266041480977787,3.172551970948629,4.629779703247648,-5.902618885915653,3.8514387586324084,4.4242765429708495,5.038578957501203,4.165738160936342,4.171040227127396,4.097019261701723,4.542864553802798,-3.54856935496788,3.8514387586324084,4.3361963365943605,4.99744098055457,4.00304993077401,4.0538376656793815,3.966725019624574,4.4455624159743135,0.4176205974973817,3.8514387586324084,4.5417925866658715,4.9133836854159245,4.076483290883409,3.8118644344704378,4.438738344160914,4.510553187655069,1.8796714465867308
2006-09-30,1.992097749455457,0.6769652406622088,0.9782981799994388,1.6444741330993025,1.5164130493895658,1.7614989627873756,1.0999125179203166,-5.337295677883637,1.992097749455457,2.056912697745389,2.5092990169592255,2.9671071738817965,2.657186703360293,3.1011387232638414,2.51110629619547,0.5912787477242974,1.992097749455457,2.65785901412256,2.7089570639004856,3.218284400858809,2.807811985124241,3.062389819021512,2.861700159627285,2.4387199104565456,1.992097749455457,2.4612085670413526,2.771281795318039,2.934122594184073,2.3541719106597023,2.8455587930032045,2.722204318847821,2.7944163782901548
2006-10-31,1.3965314248641114,-0.1450808455689948,-0.5550068959888775,1.257373585682477,0.5614129244262314,1.3507349930408614,0.1857619480415349,0.5942064988955359,1.3965314248641114,1.0898759137510152,0.8960534289716163,2.6191461208625655,2.149078806040211,2.28364692072314,1.535025154528399,3.033539729511966,1.3965314248641114,1.3452527415596496,0.8673194064503451,2.1818439933462055,1.9598962367565145,2.379491034356937,1.4648053804520667,3.9275030865034406,1.3965314248641114,1.156509699867915,0.8565166081156558,1.784299484783591,1.4557585154568615,2.5395571338767637,1.2657752642557205,3.547040458223712
2006-11-30,1.9495743696699819,1.7285970224953047,-0.023116988619525713,2.5364807675664602,1.6706100624601419,3.0430124963933607,1.4139869338140798,6.516925422161094,1.9495743696699819,1.615485383294154,-0.03192116942982004,2.6604496133850506,2.5547771402339605,2.991485892753947,1.4146712757497948,4.383810549962599,1.9495743696699819,1.628688933144184,-0.0944393204555225,2.2631000779024237,2.2518700574321557,2.979389578931062,1.2657832301970284,4.653364001405763,1.9495743696699819,1.5622522080276862,0.012360957530689998,1.9467960491775629,2.223742519120193,2.914797125332718,1.1738030715786463,4.280339658269746
2006-12-31,2.492651488183384,3.734374775860136,3.476200414879217,3.5514887795219243,3.261315588259669,3.6423060306463406,3.587354656753759,1.9894872674793813,2.492651488183384,2.5766327709273074,2.5268358609600696,2.69542234346283,2.844023267682819,2.921467087566301,2.599630325116736,4.28616107318881,2.492651488183384,2.6231213998471334,2.4501192847148343,2.6281794908504743,2.967112107488493,3.138814345485361,2.567140058470814,4.030024200270611,2.492651488183384,2.5926855686301122,2.5769906209677163,2.5389429732887003,2.6405591068709393,2.984989021819818,2.569539720962176,4.026644880051255
2007-01-31,2.054514742382274,1.320876416844547,3.0557873781810243,1.1764960009502294,2.09995417354627,1.7097942781475797,1.851053265325267,4.645018960247722,2.054514742382274,1.1460890710502203,3.3455292439541373,1.293933623296705,1.7892617368420312,2.5466332097495434,1.9285173127670208,4.8214664434949075,2.054514742382274,1.433551765116942,3.517633339630379,1.5286239168114868,2.4560070699295005,2.72987276722523,2.1599363405196024,4.0542454823602405,2.054514742382274,1.6478847716048977,3.4472479661139523,1.7461714550797818,1.6245934207628832,2.574161602973914,2.280434730932877,4.2050318111453215
2007-02-28,2.3914366248373398,1.6368604523553527,4.9476565627188815,1.8427022885784279,2.7047464459471815,2.337688675073897,2.8090731012175545,6.223976991839503,2.3914366248373398,1.3264710518794975,5.0724683146070735,1.6034033829965813,2.1309364061358558,2.5310121691459213,2.6674475831610507,4.9229174528488855,2.3914366248373398,0.8884976388590202,4.876594950701586,1.112354700036033,2.1178690674616565,2.5509578470540752,2.292482429865546,3.3417222956760884,2.3914366248373398,1.8865806188839445,4.804188715443451,1.7281575474991895,1.6230105710934648,2.8465016439083515,2.806308960608862,4.059437761536767
2007-03-31,2.759763084754141,3.5674402661450824,5.0298690659639895,2.7753539546925516,3.223909010444169,2.4571223866753567,3.7908877622672077,3.5954033783976445,2.759763084754141,3.0377829143720714,4.869181395511081,2.474428102192635,2.7698386739744647,2.720585637880135,3.4604641373585956,3.77388732735242,2.759763084754141,2.5518078633302843,4.7194344850278105,2.2857346257557096,2.6835059795356937,2.599476819491261,3.1856589913712683,3.150112846123765,2.759763084754141,3.410500084374685,4.749226132280822,2.8648062637139935,2.7400816236428103,3.00461907806172,3.674844160123167,3.897937201491333
2007-04-30,2.559878494901735,3.5848553836472212,4.699262079342798,3.3839424951135006,3.3697186344908654,1.974296682010911,3.88935331936784,4.9493719883092595,2.559878494901735,3.7718910211110495,4.726719484393609,3.393264732909866,3.194070612951983,2.8625368053926157,3.9639584128048413,3.287024521225511,2.559878494901735,3.7170974955527596,4.687771771276511,3.612438301374922,3.1051182525800516,3.0873380379775828,4.005769189401398,3.1665778299440137,2.559878494901735,3.9939723672683205,4.624912149683818,3.6582126964518276,2.9966213678275437,3.0544900374697486,4.092365737801322,3.829490949842318
2007-05-31,2.6738184762487016,4.747257914957502,5.169241796700083,3.6769666959902887,3.358418714477066,3.6496389352446483,4.531155469215958,2.776886615350415,2.6738184762487016,4.674757431942324,5.190850484790163,3.781146554979651,3.1691767774259,2.9994164995860655,4.548918157237379,1.760527138503312,2.6738184762487016,4.67256165160498,5.106826412138389,4.150507784912372,3.4135684933517436,3.556908384689244,4.64329861621858,3.90731531513376,2.6738184762487016,4.599979399903526,5.000753399330906,4.0919886862673165,3.4814000763032276,3.4372982925443716,4.56424049516725,4.0070484909622675
2007-06-30,2.657148166818324,3.624497936760114,3.8524336280043054,3.1993832639173845,3.105354150983316,2.656548619180665,3.5587716095606012,2.134814960016834,2.657148166818324,3.861188046435076,3.801530648974593,3.2830141819511063,2.9726649514281682,2.6744362123737333,3.6485776257869253,2.526338364895009,2.657148166818324,3.8510929312749376,3.804348531922798,3.4940445703907157,3.093840857654244,2.839092048604628,3.716495344529484,4.023265559831852,2.657148166818324,3.977891321067739,3.6628429300141923,3.5190871776469006,3.063081315340353,2.9132356037983715,3.7199404762429444,4.818013152732991
2007-07-31,2.291435522260432,3.5117566450460487,3.744636221631893,3.4526837511417527,2.967363620431426,3.4863248869429473,3.569692205939898,0.36987984014288056,2.291435522260432,3.8753610667620446,3.6836442620601177,3.6036257867527164,2.9413731669438903,3.1797964400714904,3.7208770385249594,3.0461311386624375,2.291435522260432,4.001517538651668,3.6291463953813796,3.7467879487262583,3.0183689714534685,3.2533150244192184,3.792483960919769,4.355818139930378,2.291435522260432,3.8486600985626227,3.3824222570827196,3.478377877497227,2.8732424894085016,2.9850514007894526,3.5698200777141893,5.35171844541535
2007-08-31,1.8796714465866948,2.758094337059222,2.3657216900489457,2.686408624567612,2.239644819245957,3.2405043720858058,2.60340821722526,5.074320294525497,1.8796714465866948,3.224539675451558,2.400532834367463,2.8165558561877484,2.2859177738571046,2.808470594294788,2.813876122002256,6.054103491764208,1.8796714465866948,3.4892126348955492,2.4205628076322347,3.1455223381198385,2.576393433031976,2.8664450370421353,3.0184325935492073,4.77715322739745,1.8796714465866948,3.200924361714325,2.2198539990727104,2.8023059298563657,2.2347615781053296,2.877410403115936,2.741028096881134,5.171936664573997
2007-09-30,2.7944163782901654,4.014748487080826,4.057157336862244,3.834619096189335,3.4878019359673296,3.6071057544867253,3.968841640044135,3.694193281319123,2.7944163782901654,3.7024129854368324,3.376415095423789,3.246101647932917,3.034987645395358,2.729156402793955,3.4416432429311796,5.520192754768679,2.7944163782901654,3.603132513276551,3.237805767883128,3.1234136845635985,3.031322911614393,2.929545284426794,3.3214506552410925,4.645761556858954,2.7944163782901654,3.547238377878597,3.112662540423567,2.9125414908213596,2.627539211903553,2.803694130870293,3.1908141363745077,4.8345492699975186
2007-10-31,3.547040458223716,3.5884331713131195,3.49142867181235,3.681065001122357,3.742242579145573,2.9592863749696874,3.5869756147492757,9.393796899447825,3.547040458223716,3.4284756493996893,3.1642427897713885,3.1855744580432863,3.4332625837236255,2.7917860251871334,3.259430965738121,5.665505141198325,3.547040458223716,3.524211526320852,3.2127534254020693,3.239568063350952,3.502192227363471,2.790126997172614,3.3255110050246244,4.492404069740654,3.547040458223716,3.4592314795920185,3.2088141206705076,3.0592355126200608,2.9831266190719226,2.6232328546613948,3.242427037627529,3.6631381899317397
2007-11-30,4.2803396582697495,5.478081277644991,6.6693672625155465,4.959682290495854,5.172535364451374,4.465250150387959,5.702376943552131,3.4725880835389606,4.2803396582697495,4.614808738918439,5.616944667176259,3.7961367177642265,4.006310339136322,3.9070693307692106,4.675963374619641,3.5002029630307567,4.2803396582697495,4.3057438255527565,5.443576701639224,3.665116689435473,4.02985355510571,3.277282831585755,4.471479072209151,4.106781666790779,4.2803396582697495,4.540233410163912,5.416465164355653,3.7817628458387573,3.7991297701829634,3.7771602623925067,4.579487140119441,1.0939123723626152
2007-12-31,4.026644880051222,3.7388903207995154,4.245015607577398,3.101686044373079,3.832354171453451,2.5601671672719144,3.6951973242499974,4.1301304406078625,4.026644880051222,3.793377837783013,4.197891422057938,2.954509825718314,3.4060264878072655,3.0372411407891233,3.6485930285197554,3.771330358949125,4.026644880051222,3.812051719758744,4.3880802971717845,3.170607425737431,3.750977543506055,2.677126582688013,3.7902464808893197,5.612760745634086,4.026644880051222,4.06701501104036,4.337168580773971,3.368891553523786,3.237132854622809,3.4631618179240413,3.9243583817793724,-0.02223047334049117
2008-01-31,4.205031811145332,3.8765462573560345,4.842063392149278,3.371364033681727,3.879472884871887,3.3092953133196077,4.029991227729013,2.8978903649451095,4.205031811145332,4.174985203251975,5.0164577751895205,3.511270189275987,3.6524463968464778,3.344365305505346,4.234237722572494,3.3193029982829914,4.205031811145332,4.0198222641942625,5.057355798840714,3.358490116233381,3.265973957014424,3.6035151025825516,4.145222726422786,6.347618750900283,4.205031811145332,4.275713642749217,4.929356216125839,3.637223157726189,3.4310317202394565,3.9139297937195425,4.280764338867082,-0.1136505768311072
2008-02-29,4.059437761536788,4.3213138748634226,2.912647376845494,2.916611622062698,3.0223518065027792,3.411297376784463,3.383524291257205,4.285970271294357,4.059437761536788,4.5245003047067565,3.0721507276618705,3.1042901045460596,3.131204252518068,3.6387883945050947,3.566980378971562,4.713360370550805,4.059437761536788,4.597271236844879,3.2883918940557524,3.5931383338491925,3.613820159717528,3.765787763140103,3.8262671549166085,5.566720101750532,4.059437761536788,4.489992841843643,3.378192522986333,3.663881995339916,3.6773206910796334,3.8418655720688784,3.8440224533899645,0.008462782567965038
2008-03-31,3.8979372014913416,4.434120364301365,3.449137520694113,3.642476899306766,3.4776119609583036,3.5095713228829384,3.841911594767415,2.774048358609287,3.8979372014913416,4.55634462290882,3.190125055687684,3.490936129335393,3.391613790679158,3.0529170164363366,3.745801935977299,7.454191132319004,3.8979372014913416,4.548270281195874,3.3419100921448157,3.7403298703461645,3.722019972723889,3.4809043392355634,3.8768367478956183,5.023336983136081,3.8979372014913416,4.444982248476877,3.4600396735660586,3.692396729453789,3.607697594534346,3.581768028612488,3.865806217165575,-0.4474784608338522
2008-04-30,3.8294909498422847,4.241422542394812,2.7627562620066337,3.212272671566151,3.219905674678332,3.1154888047098335,3.4054838253225324,7.080062481748619,3.8294909498422847,4.3642885599624535,2.571789135788113,2.88991303132012,2.949572342338034,2.866710799592994,3.2753302423568953,9.375934503517621,3.8294909498422847,4.648657681529108,2.7940247784483816,3.552040417792299,3.729772714564461,3.1829386705901603,3.664907625923263,2.8338723101228256,3.8294909498422847,4.26670293014597,2.940096863074833,3.225761983908661,3.2579792862944377,3.4500143903240783,3.477520592376488,-0.5779915821649152
2008-05-31,4.007048490962273,4.976077244056486,5.030868488967107,4.004343483213243,4.214638528883879,3.449720829016844,4.670429738745612,12.508462556599032,4.007048490962273,4.52474723569271,3.985169143763164,2.956457077633459,3.0664077592265775,2.5987181323038335,3.822124485696444,6.4200798329502025,4.007048490962273,4.349583763443011,3.941792792539529,3.0558225853792615,3.0974309826760686,3.369522396313927,3.7823997137872674,-1.9189569220655252,4.007048490962273,4.463825562000247,3.8446495228778894,3.133805640842378,3.1718153834517766,3.640543366735172,3.8140935752401717,-1.0209555557125871
2008-06-30,4.818013152732981,7.537040380205848,7.6124390834920534,5.258030725013075,5.556748564467688,5.244683058855111,6.802503396236992,8.539278472205218,4.818013152732981,6.194338587327154,5.996469939927472,3.5507430800932958,3.6086761084001227,3.6260490914513626,5.2471838691159745,2.592482833953107,4.818013152732981,5.8268313242566645,5.874726230330456,3.951112172829491,3.762250810401355,3.5786476457304297,5.2175565758055376,-5.657221692315084,4.818013152732981,6.085494236431331,5.876113560060158,4.254670194423915,4.159514472680662,4.197767843941283,5.405425996971801,-1.2367914498850108
2008-07-31,5.351718445415354,6.303053721954099,7.222959973543404,4.256940068360554,5.363353554349532,5.9319422747960004,5.927651254619352,-1.7875015299533978,5.351718445415354,5.919806207994237,6.546275935453719,3.5845411221527415,3.7718314328616294,4.205585447901441,5.350207755200233,-3.708189883271985,5.351718445415354,5.815408413647852,6.664448559623964,4.076504525810717,3.7420821752049003,3.9679397842478714,5.518787166360844,-6.574919904562517,5.351718445415354,6.144400105184773,6.4738060328458715,4.585933675902975,4.316603600741103,4.600720042889644,5.734713271311207,-1.9781989747510613
2008-08-31,5.171936664573984,2.685372098181892,3.140218936573688,2.0244817325426374,3.2820839865174767,3.220228823403767,2.616690922432739,1.0256715596076724,5.171936664573984,4.1582846063348295,4.509041628625285,3.318278123941786,3.459472613273455,3.5339663995429857,3.9952014529673003,-10.257993677081306,5.171936664573984,4.550271195521991,4.8880757988698855,3.751209509595652,3.6205993715453686,3.807291467971598,4.396518834662509,-5.549794536614607,5.171936664573984,4.553269436739483,4.566231841704194,3.7749869696091585,3.6303767588396587,4.230847123716692,4.2981627493509444,-1.4949545348335982
2008-09-30,4.834549269997446,3.825977224632228,2.381908263018767,2.7242173453086074,2.7420129656808303,2.569463583982485,2.977367610986534,-10.362739679470096,4.834549269997446,4.564177003673073,3.117081291388113,3.809603190699308,3.443552983873894,2.616603017383262,3.8302871619201646,-13.906926218583271,4.834549269997446,4.550655033057889,3.219193835822621,3.8629506645508864,3.826310908520995,3.0976995100528084,3.8775998444771322,-5.918293904803791,4.834549269997446,4.422422403179407,3.1039519550024988,3.6306800850937657,4.064246703973377,3.3954131911618117,3.7190181477585575,-1.3875246181173577
2008-10-31,3.663138189931736,-0.6512800211238627,-4.976360283051308,-1.4985741771725039,-1.0049252579778587,0.7969564811550539,-2.3754048271158914,-21.436912911381366,3.663138189931736,1.9485122917406448,-2.6608970495432525,1.462105200632143,1.5646473840811996,2.1667160380587673,0.24990681427651182,-9.441649925853074,3.663138189931736,2.4880525754167193,-1.89156581668369,1.9993264264066202,2.366676278952072,2.7862340569664084,0.8652710617132165,-3.9898554744526535,3.663138189931736,1.6901009521112258,-1.872312601073143,1.2785786895024032,1.6258458162473817,3.0580263911052357,0.365455680180162,-0.22421947830295638
2008-11-30,1.09391237236256,-8.067024819416229,-11.933027493912238,-7.129846976530353,-6.632551064117956,0.35469059487923504,-9.043299763286273,-9.92112606489825,1.09391237236256,-2.6083028176904772,-7.4221590967792865,-1.3174010006975871,-0.7206550814328301,1.8476878114225728,-3.78262097172245,-0.841595396147935,1.09391237236256,-1.241783471767944,-6.008941649718141,-0.9627200680495207,-0.20298729649125669,2.3691671885676535,-2.737815063178535,-0.12295418935965166,1.09391237236256,-2.5746790285215786,-6.036670563794528,-2.278865245829998,-2.0124807637506024,2.139450544431796,-3.630071612715368,1.8964895854719115
2008-12-31,-0.022230473340467682,-4.879227465122025,-9.64805825603547,-6.792074251027313,-6.312515919842883,0.7354372603039847,-7.1064533240616035,3.033089198720442,-0.022230473340467682,-3.16913441554359,-7.969688651362217,-3.775586301194781,-3.660884914570663,2.0571565470024247,-4.971469789366863,2.070338408975719,-0.022230473340467682,-2.847009267448363,-7.043343353013699,-3.850161369746105,-3.0429944117441865,2.24813070599229,-4.58017133006939,3.1836387925450444,-0.022230473340467682,-3.6653680290893145,-6.920675948796455,-4.516888247857292,-4.036511892591726,2.1822440272064436,-5.034310741914354,2.7752542063599206
2009-01-31,-0.11365057683114799,-0.516153413891898,-2.50468731400246,-3.186387678548358,-2.8866483501540303,-1.5540909451365128,-2.069076135480905,4.36325067773395,-0.11365057683114799,-1.7965946767024548,-4.635536695467206,-4.895363668321626,-4.589176485183784,-0.8364607272451474,-3.775831680163762,1.461938976947792,-0.11365057683114799,-3.461398359116417,-5.103099499646162,-4.911812553152667,-4.404853671144456,1.9678545792260325,-4.4921034706384155,2.6185219550603756,-0.11365057683114799,-2.9618120805291763,-4.25602286463616,-4.408379468820906,-3.8176144147823683,2.347148407342148,-3.8754048046620806,2.5873489607178453
2009-02-28,0.008462782567963956,0.6183820252574135,1.5411823321263154,-2.0339799209152094,-1.592598596005832,-0.9551985684374807,0.041861478822839825,-1.1853246495274004,0.008462782567963956,-1.2093993323504817,-0.48274360110530345,-5.115750724527037,-4.586751072378973,-0.7671351923919348,-2.269297885994274,0.595687017428589,0.008462782567963956,-3.0900081009310676,-0.3648853350599066,-5.623019634523981,-5.411319762917985,1.809723890590781,-3.0259710235049853,2.5598854669474114,0.008462782567963956,-2.0795272149971034,0.2846263834241012,-3.955715409101213,-3.750891025620618,2.143148020825629,-1.9168720802247385,2.128521749898837
2009-03-31,-0.4474784608338389,-2.9432694819001437,1.1557042977271483,-2.3425070799356353,-1.634263367636425,0.30821809340411993,-1.3766907547028768,1.2078909026366995,-0.4474784608338389,-3.9729705282102215,0.6314877539276376,-5.393844251593956,-4.1246824362354255,0.1793614630626924,-2.91177567529218,4.296939176114361,-0.4474784608338389,-4.716112237411306,0.5126459977278774,-6.918870829147435,-6.716410162283696,1.9518989173180883,-3.7074456896102874,3.143244668569086,-0.4474784608338389,-2.7988682139953327,0.9418236403521252,-4.651844035198768,-4.487253127507365,2.383332100994299,-2.1696295362806586,2.2604301286158215
2009-04-30,-0.5779915821649162,-1.8701472428178434,2.309061545912921,-1.2021686172454915,-0.4525198929348644,1.1130817492583354,-0.25441810471680465,1.76449479917642,-0.5779915821649162,-3.1845439496155996,1.3029699648560937,-4.186369152117274,-3.3557766836907135,0.22554711859226106,-2.02264771229226,3.775104933172961,-0.5779915821649162,-3.590014891018799,0.7011060463752417,-5.935365739868235,-6.02544270903079,1.7430552014498963,-2.941424861503931,3.541416517846753,-0.5779915821649162,-1.3809474140794715,1.0701076149182984,-3.5251063664309292,-3.638917180824974,2.310589390804681,-1.278648721864034,2.182773961183641
2009-05-31,-1.0209555557125327,0.5954710463681341,2.0489655665751867,0.4264108545639429,0.5510884504950337,1.3271897465986577,1.0236158225024212,9.918431826529934,-1.0209555557125327,0.2551726748245644,0.35117275575050155,-2.0163191665726536,-2.1795227484339907,0.4532083876675235,-0.46999124533252923,4.524083916466223,-1.0209555557125327,0.0231896778231373,-0.3121457869097689,-2.865099450193042,-3.3935374228950446,2.037896534601744,-1.0513518530932244,3.9159333603034705,-1.0209555557125327,1.0821567017315878,-0.1142569142516674,-1.2015669807252305,-1.8127977169770961,2.5345815639685765,-0.07788906441510335,1.983742011461404
2009-06-30,-1.2367914498850219,6.12769747582932,6.464672178209627,3.150733831698285,2.4215665834359212,4.047580205093744,5.247701161912411,-0.35761182618755993,-1.2367914498850219,4.889003575517267,3.7849798961169037,0.1809584248011289,-1.116225589484583,1.39575217312602,2.9516472988117664,1.9895501610237443,-1.2367914498850219,4.068254426397416,2.7534215010969905,-0.5666994195571613,-1.656658162094626,2.137728500674646,2.084992169312415,2.366869620174776,-1.2367914498850219,3.9553883514975907,2.8649513985238753,0.9022286394499281,-0.3658380577022342,3.005480054393315,2.5741894631571314,1.1153177381444417
2009-07-31,-1.9781989747510664,1.6677055645558434,1.6368968199834952,-0.4869953007633381,-1.0388860574268115,2.530474270972096,0.9392023612586669,4.011431749056012,-1.9781989747510664,2.324769405179918,1.5413765714747483,-0.8602811894439117,-2.005686717564819,1.8087511505236993,1.0019549290702514,3.3077281025204552,-1.9781989747510664,2.389888042535966,1.5100611772158772,-1.2556109379506024,-2.5249142605848034,1.9069358343137999,0.8814460939337468,2.5561759663752883,-1.9781989747510664,2.677526537007124,1.860234439158265,-0.1920779530527712,-1.6092057315441632,2.47941159754212,1.448561007704206,1.3318695897959598
2009-08-31,-1.4949545348335924,3.1233785338813704,4.2993786759176995,1.097153889056122,0.7402842137925107,2.7085624445608056,2.8399703662850637,2.314830560202509,-1.4949545348335924,3.0659100766644376,3.8266952050918492,0.2589897077465224,-0.8037470571049505,1.7769591766247348,2.3838649965009364,3.3077828041407873,-1.4949545348335924,2.474097410945597,3.4948945796332174,-0.9836063034582789,-2.117738999181303,2.041550851723531,1.6617952290401785,1.6971580328502711,-1.4949545348335924,2.997084176843244,3.6338563714795487,-0.23456428804051566,-1.5778454030366973,2.6101302857577546,2.1321254200940922,1.1436132834318025
2009-09-30,-1.3875246181172862,3.2935886038043956,2.093711430098173,0.8861814070629461,0.1810316503566387,1.8600206889426705,2.091160480321838,3.596921998302673,-1.3875246181172862,3.152021742697688,1.924150231667467,0.2041081792436401,-0.8184954391755968,1.5872391094234726,1.7600933845362652,2.744189079325823,-1.3875246181172862,3.0103378792913635,1.952085374627527,-0.539529875219519,-1.6329947364098398,1.978030284829349,1.4742977928997905,1.3776155886625514,-1.3875246181172862,3.298986527315164,1.8410927025424182,0.013411298161559948,-1.3981304349504216,2.0623011021807427,1.7178301760063805,1.1121053678140096
2009-10-31,-0.22421947830295608,3.1365475717794893,3.4159327821702767,2.1658595164569845,1.9022096204894048,2.1139543802510707,2.906113290135584,4.011595853916883,-0.22421947830295608,3.493752840082724,2.77314022077438,1.5875480523385508,0.6791682475299803,2.0632952975589163,2.618147037731885,1.8046238302301094,-0.22421947830295608,3.4879272472571703,2.551852304876421,0.7203465611004036,-0.2646211232765028,1.7904843646634465,2.2533753710779982,0.8241314045205802,-0.22421947830295608,3.558492218775279,2.332329829226845,0.62864605816835,-0.5300314206454333,2.441234023815341,2.173156035390158,1.1599417381349781
2009-11-30,1.896489585471972,4.571574944984893,3.3415265574188324,3.082334806589696,2.594283055239325,3.1424950065594226,3.6651454363311404,0.6240493857577509,1.896489585471972,4.407442384421511,2.8418445695937575,2.2903843032011966,1.8121938275319658,2.6877949163659056,3.179890419072155,0.08653326155978948,1.896489585471972,4.50330579673393,2.771590443170049,2.0565158194238804,1.514830971168199,2.7327530971535157,3.1104706864426195,0.05155066261932356,1.896489585471972,4.0988205143884,2.6559526908485336,1.6333169305908894,0.9242420797516582,2.70569990327958,2.7960300452759412,1.0787057695652416
2009-12-31,2.7752542063598895,2.0447783653368794,1.8479381157231176,1.9437354256100177,2.1042931084482834,2.506438456426049,1.945483968890005,0.7782262510155137,2.7752542063598895,2.197042064763735,2.0365814584879214,1.9112379255004188,2.0031469143048435,2.5985746064169226,2.0482871495840254,0.01104209799935169,2.7752542063598895,2.312304071165382,2.1493635231277777,1.397268263314924,1.3699003817783297,2.319438687043574,1.9529786192026946,-0.13623414388587698,2.7752542063598895,2.4495971466574744,2.279102993858413,0.7731380636944709,0.559849019231065,2.5432302307293595,1.8339460680701194,1.4275547979704057
2010-01-31,2.5873489607178612,2.132288957923031,1.7386194941135447,1.8344926708900724,1.76366841906574,3.0469349756425785,1.901800374308883,-1.142675852094146,2.5873489607178612,2.6759490021497285,1.9337259396079753,1.7784688714752637,1.7244439159568707,2.603989948602169,2.129381271077656,-0.15636102118900705,2.5873489607178612,2.8728891340586458,2.0034749799264686,1.4927843476865217,1.4137221159502014,2.7209649244926553,2.1230494872238785,0.10756321321662501,2.5873489607178612,2.8592221864812957,2.1834030025035087,0.9463049176866898,0.8207657331304268,2.72279117364032,1.9963100355571646,1.686482098466286
2010-02-28,2.1285217498988374,1.0758495604743092,0.3620995308064294,1.320244060760797,1.214533446964925,1.9910676948476713,0.9193977173471786,0.39757589507643787,2.1285217498988374,1.7239009630300048,0.7439652950879638,1.5278320710819848,1.5200123047832976,2.5957614524998216,1.331899443066651,0.01656806367889222,2.1285217498988374,2.0379680841235195,0.909197116826775,1.2490391409665111,1.2022249684095847,2.4403992270856616,1.3987347806389352,0.5900685340133445,2.1285217498988374,2.1005594395637006,1.1133912616455186,0.4213729942650164,0.26018030798774516,2.606566650311836,1.2117745651580785,2.102637011283329
2010-03-31,2.260430128615809,1.2133206129485745,1.1676527391061138,2.320051430869619,2.101145531818227,2.977468223622807,1.567008260974769,0.2760168934506883,2.260430128615809,1.9640005743054423,0.9509296374873537,1.9888616402905468,1.9097025097238904,2.883395355449038,1.634597284027781,-0.2835103857710865,2.260430128615809,2.166543775700075,0.8770173639303736,1.6408777858824113,1.7254931991612494,2.762019482036466,1.56147964183762,0.8465951469654417,2.260430128615809,2.180711359562514,0.9593599313440168,0.7680411506587261,0.7760605884234066,2.863538611542102,1.3027041471884189,2.5855268252593513
2010-04-30,2.1827739611836705,1.1797414903288654,0.8909824449375809,2.064698665241131,1.828653165287224,2.7574044667177064,1.3784742001691928,-0.6238885974902695,2.1827739611836705,1.688345090318578,0.6390487409064893,1.6294618978000246,1.5940799408750714,2.714532312659526,1.3189519096750306,0.37148744762224684,2.1827739611836705,1.882774549844866,0.6038387847997235,1.5117356334198488,1.6335817217952,2.794722764636939,1.3327829893548129,1.4957520717493888,2.1827739611836705,1.8873170545401627,0.7330841065505824,0.93812915485635,1.0660470186359223,2.898675602164824,1.186176771982365,3.030837022377349
2010-05-31,1.983742011461409,0.4860295735382867,0.6341672812333539,1.2537999442045011,1.2993877260461622,2.120437457512923,0.7913322663253806,-0.5026594532735933,1.983742011461409,0.8842988764415267,0.970679521621727,1.342479186250646,1.530959470248094,2.6459010724528804,1.0658191947712998,1.1635690043477176,1.983742011461409,1.0107428984789157,1.097985335788033,1.193714655208952,1.3942820207270166,2.5016710508252307,1.100814296491967,2.1058608765111417,1.983742011461409,1.196133577271445,1.358624176570175,0.9880927115474374,1.2753119910217618,2.6963078250099266,1.1809501551296857,3.400494117946857
2010-06-30,1.1153177381444834,0.7185778148657611,0.6193656447979816,0.7490877101906754,0.7388247014575691,1.542191875847177,0.6956770566181394,2.241010393630532,1.1153177381444834,0.8598137461899407,1.1071317477263576,0.9160007244223722,1.0709751032933168,1.960381151945708,0.9609820727795567,1.976700679701961,1.1153177381444834,0.9591355703286942,1.2302450673627783,0.7273906639729244,0.7584903703718049,2.0474108682549526,0.972257100554799,2.991343739826685,1.1153177381444834,1.147112349723972,1.548601749240981,0.461194968776911,0.5532643133466149,2.048909720152514,1.0523030225806214,3.4423824057196497
2010-07-31,1.3318695897958754,2.052136589062131,1.8232336834228027,1.2593908155234264,1.296051091262385,1.8212132178994853,1.71158702933612,1.7523560726863612,1.3318695897958754,1.4594562447064852,1.9651154966165432,0.9823480987316104,1.1446090162763904,1.6888459726777392,1.468973280018213,2.620016695876522,1.3318695897958754,1.2924902400320168,1.973464514957232,0.5167788067207209,0.5358319707337582,1.8606326447902424,1.2609111872366565,3.2654009837159674,1.3318695897958754,1.5141832112111269,2.289538254713421,0.25486397658112203,0.34385138770102186,1.9632738982942013,1.3528618141685567,3.5172925914501225
2010-08-31,1.1436132834318435,1.8399486123370963,2.008415149345562,1.4961862626265994,1.458322618953094,2.4424829832691612,1.7815166747697526,1.9367355727892102,1.1436132834318435,1.6333262021171329,1.919333575178014,1.1451707748256181,1.120453457734294,2.012310156216639,1.5659435173735883,3.048152748674561,1.1436132834318435,1.562325529249787,1.867502365101657,0.7092526339401273,0.634486660412775,2.001081199407187,1.3796935094305238,3.6152054885533413,1.1436132834318435,1.7533038201549014,2.004831947313086,0.27848170745243817,0.24421978294568625,2.0814626253842325,1.3455391583068084,3.686212647617394
2010-09-30,1.1121053678139425,2.047941929865004,2.381151737052538,1.3042725795423542,1.3420913547758335,1.732748488143909,1.9111220821532988,4.170958442154299,1.1121053678139425,1.8040051293595942,2.3997377902600214,1.0798334395750757,1.0163805498177512,1.8163570148103174,1.7611921197315639,4.0059867999513745,1.1121053678139425,1.7011026741704018,2.4323228527478653,0.7027845640340642,0.6110881874749503,1.8622674535545498,1.6120700303174438,4.324458503553236,1.1121053678139425,1.9118259762637113,2.536849726996688,0.449690336254164,0.38359685774274865,1.83541497295338,1.6327886798381879,3.7417373621399235
2010-10-31,1.1599417381349397,3.587839716298264,3.4906791643381316,2.1305233728373625,2.009175685467012,2.37047363842223,3.0696807511579194,3.036764231080197,1.1599417381349397,2.5957936037433216,3.0775927509888534,1.434626513450358,1.2725679344801808,2.116568233981361,2.3693376227275107,3.910785271555347,1.1599417381349397,2.3067803059584953,2.9126822419424028,1.1683504262381055,0.9748324564312281,2.1915858021596684,2.1292709913796677,4.565921973005299,1.1599417381349397,2.5161584654141844,2.957450991239802,1.1583273059461456,1.085746712995486,2.2146702927139987,2.2106455875333775,3.461655459657946
2010-11-30,1.0787057695652358,3.0872591246169288,3.0388120025163867,1.7934569765439932,1.7660366480584084,2.2055946159902025,2.6398427012257693,4.810237726619659,1.0787057695652358,2.600211353965975,2.730929616278952,1.3735930471207762,1.1612084510201424,2.402507458997547,2.234911339121901,4.182258228432091,1.0787057695652358,2.4616006885886286,2.682932781044324,1.3211405215178438,1.0704540699814111,2.2216320204477586,2.155224663716932,4.695127359382564,1.0787057695652358,2.6736831442158895,2.6880860907965554,1.3660738768541494,1.2209415637090038,2.2881101979165304,2.242614370622198,3.39320626178412
2010-12-31,1.4275547979703873,4.043695000878564,4.040361742077973,2.6627932424696175,2.5671765832568774,2.71856848961244,3.5822833284753854,3.885353856966401,1.4275547979703873,3.6026032967327173,3.5360563163279073,2.0339248479251752,1.809015935472114,2.3899751397178335,3.057528153661933,4.642930207155188,1.4275547979703873,3.4103307929949063,3.2929884478935,1.921376874672287,1.6517239037409928,2.2412746264770003,2.8748987051868977,3.8934210716126376,1.4275547979703873,3.4896808995807316,3.3566450964786876,1.8707389924863187,1.7011100584445562,2.4258184639397884,2.9056883295152462,3.016121142095968
2011-01-31,1.6864820984663353,3.977776253101031,3.4115458047615537,2.5321488194896205,2.571342770827232,2.9451647797921674,3.3071569591174015,3.8511831017104665,1.6864820984663353,3.50651395031474,3.2795709293211086,2.333256005858929,1.9401222562879288,2.861228563712225,3.0397802951649258,5.221058674455207,1.6864820984663353,3.404419905336673,3.2083935753294655,2.220844405203442,1.819239198080845,2.6708418289678906,2.944552628623194,3.7691841991842723,1.6864820984663353,3.513445641275262,3.386101632275347,2.2120732936812404,1.786394249415074,2.7779293804422647,3.0372068557439498,2.9643908697416395
2011-02-28,2.1026370112833703,3.8116667208585886,3.4852440587430578,2.4551366437718505,2.579818911186331,2.9406439181960065,3.2506824744578324,6.192253662788901,2.1026370112833703,3.662778626554285,3.6349437412092422,2.5825397300644286,2.3040384369639404,3.0684319359483436,3.2934206992759854,5.207996490333042,2.1026370112833703,3.595916976772496,3.586461333131054,2.535379755809849,2.168394505622455,2.888514378799193,3.239252688571133,3.75721980668147,2.1026370112833703,3.6819653311804887,3.885126012527606,2.4659087774895094,2.076037946979689,2.907885213646715,3.344333373732535,2.8569754482859078
2011-03-31,2.5855268252593433,5.216485775933971,4.620052997041566,3.7239787012527996,3.5653927003391273,4.083013025185475,4.520172491409446,5.619739258866406,2.5855268252593433,4.683773299134019,4.02986034166995,3.1324351258059115,2.7384802512517057,3.366189957268601,3.9486895888699607,3.1439119360701007,2.5855268252593433,4.504147040804023,3.770863405733008,3.097478626668879,2.8053482820013294,3.343079154074632,3.790829691068637,3.1590162207265986,2.5855268252593433,4.472646962497545,3.892435339720668,2.991057064798051,2.750506956916295,3.279210007037964,3.7853797890054213,2.550082522860022
2011-04-30,3.0308370223773196,4.931923000978341,4.497739630046531,3.7918865074679684,3.84955527689049,3.8606012546086634,4.40718304616428,3.8119965493439,3.0308370223773196,4.563096761677603,3.8571345275588618,3.1814969070287393,2.9318588957364784,3.067649364870108,3.8672427320884015,2.3173097239133402,3.0308370223773196,4.427202273863976,3.619839779563016,3.2868657865454654,3.1214176489725256,3.2880086038674223,3.777969279990819,2.357388946310584,3.0308370223773196,4.454222722151552,3.6856616622019382,3.3362763645479427,3.270890502738238,3.1392230163933723,3.8253869163004772,2.247711994561927
2011-05-31,3.4004941179468062,4.0912960984818545,3.89624811404878,3.4987622660749804,3.574782880269194,3.729990246917679,3.8287688262018715,0.0,3.4004941179468062,4.330493970536325,3.799651950299676,3.444747053840187,3.206859448049232,3.2725763346017476,3.858297658225396,2.306443123029862,3.4004941179468062,4.389297825610303,3.7718505864302987,3.616249419773924,3.483185696531999,3.514111718719655,3.9257992772715085,2.0912851641856514,3.4004941179468062,4.386583653485024,3.8720920207751552,3.5707039610028564,3.4352312168659176,3.470597828216841,3.943126545087678,1.7230134384216882
2011-06-30,3.442382405719613,2.385749414087421,1.7551782727169347,2.116522370083424,2.1785878347584946,3.0798020555074848,2.08581668562926,3.139932622395968,3.442382405719613,3.0848920005067866,2.4597714110907165,2.830383141610227,2.685458293384626,3.0497518300843716,2.7916821844025765,3.174120505383106,3.442382405719613,3.417614122673811,2.7991755266028773,3.3862675298285296,3.312445493330948,3.1724182351651407,3.201019059701739,2.1388212125793045,3.442382405719613,3.4836482505703987,3.0090434096722865,3.4926256691711557,3.4449442510592823,3.150580911718367,3.3284391098046133,1.6403429586642766
2011-07-31,3.517292591450172,3.566712528402822,2.7656937713220957,3.1529982459601253,2.8403999670143003,3.6461229830769653,3.1618015152283476,3.7793967466934886,3.517292591450172,3.7461840894569,2.9483744271049033,3.44921858841362,3.261503652282942,3.5541738919583956,3.381259034991808,2.3974681687078334,3.517292591450172,3.830474920884012,3.0754940660159686,3.6176016393051698,3.5469213734269363,3.4850825273826787,3.5078568754017163,2.1595975402990026,3.517292591450172,3.802587480210018,3.3180827166012605,3.5828223313376535,3.486694277793748,3.1991955527345084,3.5678308427163103,1.4075587298480354
2011-08-31,3.6862126476173707,3.6263381091790277,2.8925011684779753,3.5664546967293997,3.2073842247759874,3.743775755935124,3.3617646581288008,2.60303214705962,3.6862126476173707,3.9658978349647107,3.0323671964787193,3.823688515380405,3.584474192631104,4.038595428010948,3.6073178489412783,1.876127205341377,3.6862126476173707,4.067322372141636,3.196230822691804,3.9589141769314002,3.9263689439755183,3.5258601641049,3.7408224572549464,1.9567310898903516,3.6862126476173707,3.9562453030536924,3.427915584335256,3.8590393098071534,3.7946165065317876,3.2784973125342556,3.747733399065367,1.67188077526924
2011-09-30,3.7417373621400074,2.630775735849831,2.9210123960287055,2.8704260681333946,2.883608535826191,3.4198471009385383,2.8074047333373104,0.8099756123703966,3.7417373621400074,3.342958547545104,3.3706870023121698,3.395855214897858,3.3306400517847874,3.855408276721509,3.3698335882517108,1.1035219197754809,3.7417373621400074,3.477113644203759,3.5858684719062714,3.641961083643427,3.7126753237414767,3.483230340591693,3.568314399917819,1.94114882499346,3.7417373621400074,3.4443705871581862,3.7827149532153754,3.646908926105514,3.7052987905492194,3.0265819999609853,3.624664822159692,1.930953416026779
2011-10-31,3.4616554596579974,2.166520415677545,2.070839984470801,2.5510290572319305,2.4529427510877904,2.950534607793703,2.2627964857934253,2.215373856594377,3.4616554596579974,2.52800552311213,2.7645345728868813,3.102591656495118,3.1910889783866923,3.516089896392229,2.798377250831377,1.9217269118902172,3.4616554596579974,2.703827939295093,3.033539362635275,3.29668742493773,3.412657080389618,3.2101171838812372,3.011351575622699,2.138035042813273,3.4616554596579974,2.7792661904270437,3.2599618551038594,3.3804656117271983,3.51074211476075,2.814456516109938,3.1398978857527005,2.1327719237692166
2011-11-30,3.3932062617840764,2.8103912848156933,2.849951069982435,4.191540065156627,3.509910381995651,3.9076114320183675,3.283960806651585,0.28521629036175616,3.3932062617840764,2.504521197096796,2.7613282498288525,4.077158625566391,4.227167586711706,3.878429626718057,3.1143360241640132,2.037334974439273,3.3932062617840764,2.480399927263092,2.581632015344106,3.798991169847233,3.9308945775656636,3.296043629751163,2.9536743708181437,1.3547417126577088,3.3932062617840764,2.64412206071474,2.633836192207297,3.6251268806010257,3.8589101253550164,3.0234621135041193,2.9676950445076877,1.780081818311911
2011-12-31,3.01612114209604,1.6543833535384755,1.8143046069697348,3.8284493960902317,3.105169663749193,3.4723862667696297,2.4323791188661477,3.2645905887143964,3.01612114209604,2.231850031400395,1.9759350035104248,4.109318863583766,4.203537325326724,3.3901093345019033,2.7723679661648624,2.778775730211334,3.01612114209604,2.4704596066181743,1.8573487238213109,3.8561698507755753,3.9447155468889914,3.12444403918729,2.727992727071687,1.1418647047492634,3.01612114209604,2.5427079243937465,1.9409962937746568,3.512268695679205,3.6232891799864744,2.98529267246123,2.66532430461587,1.744204900550439
2012-01-31,2.9643908697416066,2.824878865141904,3.3259325467150345,4.394301667307335,3.9848953223246215,3.738814027370366,3.515037693054758,2.5621980442414736,2.9643908697416066,2.9518861943421695,3.029109706520681,4.275479694502764,4.23655007721398,3.500646483647463,3.4188251984552047,2.354343173736393,2.9643908697416066,2.935849400268081,2.733755320784925,3.934901673622142,3.946667737188582,3.3672299420408534,3.201502131558383,0.6555199193970765,2.9643908697416066,2.9483191848877714,2.76489224345137,3.7359414302532077,3.9002619898372366,3.220895219928588,3.149717619530783,1.6700386614722407
2012-02-29,2.856975448285848,2.783520071306554,2.770915367614799,3.307342147379886,3.071555922557464,2.9948454942541756,2.9539258621004127,2.5095385576783027,2.856975448285848,2.6303277128062375,2.7613786021110047,3.2726780061319856,3.263208540361912,3.3046784417433486,2.8881281070164087,0.6721484508761991,2.856975448285848,2.6239490994733976,2.694830427216341,3.3080396034795605,3.409626963486075,3.2618058026821384,2.8756063767230997,1.3870304606481536,2.856975448285848,2.718653554550962,2.797307823449239,3.4001094479152125,3.6607666907520673,2.8796849770446413,2.9720236086384713,1.998045942680982
2012-03-31,2.55008252286002,2.5509940537340476,3.0687566893779725,3.1251580431592414,3.02626891910598,3.019155824618085,2.9149695954237536,1.9912929192892688,2.55008252286002,2.4877052521019514,3.116643519855093,3.25426302269116,3.240992322489461,3.651941704007882,2.952870598216068,-0.4950463207128688,2.55008252286002,2.4337638015909335,3.039919685656853,3.2548380783056547,3.256021904345472,3.206282406570966,2.909507188517814,1.9207580070601225,2.55008252286002,2.5979744409538528,3.1246738466743214,3.3840319914730443,3.5686854319454278,2.759704672195644,3.0355600930337396,1.5073297321459094
2012-04-30,2.2477119945619073,2.71460897187641,2.7084323176988874,2.841964222218548,2.6012795478271395,2.7119115127015907,2.755001837264615,-2.484386124339029,2.2477119945619073,2.592391753229848,2.816629765638371,2.929527863816986,2.7768954586917776,3.3376741030091375,2.7795164608950684,-1.0433033349422023,2.2477119945619073,2.6147691541975213,2.820577319266004,3.026165841411574,2.926296511623236,3.1395936310443413,2.8205041049583666,2.1275088047251765,2.2477119945619073,2.7341195853356153,2.8919535332152266,3.1463779526924665,3.150275125256379,2.625858138285148,2.924150357081103,1.1323724421043693
2012-05-31,1.7230134384217166,0.3106199464923053,0.5331039845468077,1.078660796360718,0.9490836020096349,0.5927506969389069,0.6407949091332771,-0.9920457570888098,1.7230134384217166,1.0823248653468198,1.4735842848277847,2.0455468692163232,1.9603784391659826,2.3196473619789946,1.5338186731303092,2.1019124704201118,1.7230134384217166,1.4213182772348003,1.79346925646561,2.3412440184319956,2.2713087825858995,2.6873291316830468,1.8520105173774688,2.205421923966085,1.7230134384217166,1.654762370704913,1.9430394124142203,2.4937649964569704,2.4363095630442038,2.598212672910355,2.030522259858701,1.3808115942114958
2012-06-30,1.6403429586643092,0.7488965147139521,0.7755151379179622,1.1242567681474114,0.8622937544799156,0.8537977555250817,0.8828894735931087,0.3465218766011982,1.6403429586643092,1.5232760089853916,1.6232265402819435,2.0193352635075135,1.7858932130721383,1.4720111725704579,1.721945937591616,4.336562334833105,1.6403429586643092,1.8037858921352095,1.9815723607532194,2.2977796729003885,2.163580006465392,2.289320723713787,2.0277126419296057,2.3465450963516084,1.6403429586643092,1.8734770933681393,2.1770182640141686,2.4127333823737627,2.269685853368056,2.396708739845083,2.15440957991869,1.7012400261643426
2012-07-31,1.407558729848013,1.227853428655688,1.0410097396078177,1.6293453233002793,1.2605202428644366,2.220488800073972,1.2994028305212617,6.95126129174783,1.407558729848013,1.5213952646629798,1.3579100529571135,1.9624964402823162,1.7534938961395476,2.0002769298621783,1.613933919300803,5.298320944392546,1.407558729848013,1.669601565044286,1.5228649701254442,2.106970709823072,2.0559961141565166,1.8816411276417875,1.7664790816642675,2.6845574035473985,1.407558729848013,1.7425631050862291,1.6621443640186462,2.1228961643806152,2.130152666668293,1.8652873251199966,1.8425345444951635,1.867917101833844
2012-08-31,1.67188077526923,4.038097559648166,4.537768703995393,3.2813116135742604,3.0776370121216834,2.5589959688097523,3.952392625739273,5.711903836149991,1.67188077526923,3.28054397065232,3.754393617772349,2.5757302974266016,2.278609086645318,2.0757212292190164,3.2035559619504235,2.308931377512103,1.67188077526923,2.8900751627741252,3.4774213527449627,2.4725768340911385,2.299729337462262,2.1192557723157144,2.946691116536742,2.6090614247138117,1.67188077526923,2.905027068958447,3.5051865447403605,2.4987577387962494,2.4627350080909003,2.5200353546672547,2.9696571174983526,1.5270898906586445
2012-09-30,1.9309534160266928,4.110604477731079,4.595159317324209,3.445074706618298,3.3661027391577094,2.5914080673296422,4.0502795005578625,3.2317977052796256,1.9309534160266928,3.19063739798337,4.169094306761631,2.916118874625325,2.707546859071204,2.4603255043362013,3.425283526456775,0.3565278578701575,1.9309534160266928,2.9012123255868123,3.950328976998814,2.78008401556521,2.557446317685841,2.4614044959622885,3.2105417727169456,1.093901457231734,1.9309534160266928,3.031558724257814,4.021811277328686,2.939790328367066,2.788651037619227,2.777062876207427,3.3310534433178556,1.088785270925908
2012-10-31,2.1327719237691944,3.255990947901098,4.029421936313986,2.08041076556981,2.3545343751331496,2.2608858942526613,3.1219412165949643,-2.0169074088933545,2.1327719237691944,2.5085994608124396,4.514178877054119,2.4236853642202374,2.346186926130393,2.4804679581408835,3.1488212340289317,0.07079386270220521,2.1327719237691944,2.306353063873517,4.606825816220219,2.4855109101297517,2.192327612985806,2.836083706004794,3.1328965967411624,0.13723607948357872,2.1327719237691944,2.6417939217610895,4.739479146044512,2.934471465960738,2.7073791410202657,2.7137483846558235,3.438581511255446,0.8729775818350007
2012-11-30,1.7800818183119738,0.7112056774142533,1.1921787884433162,0.9234604875288719,0.8586465809034158,0.44876909959277206,0.9422816511288138,-0.14530672277571577,1.7800818183119738,1.5919514487223547,2.487455564699329,2.0524702902930017,1.916229524815078,1.9281425928470086,2.043959101238228,2.909191471915541,1.7800818183119738,1.8517688608855951,2.8323492226548903,2.3219292958867364,2.038064187282374,2.2430355911479247,2.3353491264757404,0.5562012644568907,1.7800818183119738,2.139396321729541,3.028248064866747,2.61860545204186,2.302583367844387,2.667498853113845,2.595416612879383,1.2253322438004777
2012-12-31,1.74420490055045,1.5790680762340292,1.5484701538502974,2.0959447327673897,1.6813590116276558,2.1662125275991824,1.7411609876172387,2.374595719775801,1.74420490055045,2.1982091424257684,1.955331142712995,2.6491648800285454,2.30267347692221,2.6309522835329817,2.267568388389103,1.8312750565933165,1.74420490055045,2.34407313174751,2.0400275895918485,2.7050019881107117,2.505154334010936,2.552989712523503,2.3630342364833568,1.0559349559770963,1.74420490055045,2.4573812748306816,2.060182829641155,2.701690324342362,2.524583669900108,2.822754447020252,2.406418142938066,1.5015090867017382
2013-01-31,1.6700386614722618,3.1965747781552545,2.2693830085476123,3.4510044365693022,2.7410899091885312,3.4150401883264636,2.972320741090723,6.498285418746482,1.6700386614722618,3.2331908713753457,1.7722011660589134,3.1850534269423365,2.598254846528021,2.8137739369676735,2.7301484881255313,0.20367829626492437,1.6700386614722618,3.374661359251652,1.606183192193645,3.207198326845427,3.0323620293852436,2.8036082302556156,2.729347626096908,1.0512768001203034,1.6700386614722618,3.211383483701352,1.5554768788256124,2.927581388481334,2.735076582925137,2.770747902282814,2.564813917002766,1.5457502818112003
2013-02-28,1.9980459426809816,4.564807853088541,4.591191942104253,3.9097539309322413,3.6358203011686765,3.651313460827767,4.355251242041679,-3.379055968742517,1.9980459426809816,3.892990639107356,3.69547221547438,3.198960160016294,2.791413152112115,2.6012499630407286,3.5958076715326768,-1.7967889430017419,1.9980459426809816,3.7013393564097177,3.3968750388864626,3.1801341960781846,3.0010238564325076,2.964895464683899,3.426116197124788,0.44511835660347615,1.9980459426809816,3.600491146931927,3.3726684323968854,3.093680598809036,2.9707783599524866,2.826780709427762,3.355613392712616,1.1142438176858054
2013-03-31,1.5073297321459123,-0.2660172935062475,0.34153607596691815,0.7382532800280952,0.8022229217937893,0.5330812132121628,0.27125735416292196,-2.5081945612093106,1.5073297321459123,0.8369360358067055,1.4446623858446626,1.7000008818541694,1.8382802587151157,1.6931161849977747,1.327199767835179,0.2805948553608935,1.5073297321459123,1.2987974880242121,1.7767742859817888,1.9491707964261402,1.944265485659253,2.164445765204762,1.6749141901440467,1.083669084620129,1.5073297321459123,1.5001401506080807,1.9616602478505902,2.1039598838159295,1.8947353187864042,2.274193405769618,1.8552534274248667,1.5998291291058797
2013-04-30,1.1323724421044012,-0.38116462546035146,0.811526905261456,0.7081614305330781,0.6919278830703997,-0.005509530347906413,0.37950790344472757,0.4968837009466157,1.1323724421044012,0.4755532434223375,1.7385505668655894,1.429684732608525,1.5736518684728003,1.6924703419486433,1.214596180965484,1.898875303975755,1.1323724421044012,0.6227120745286984,1.8540571697541126,1.4050008710049444,1.4317668115017765,1.7512168054145358,1.293923371762585,1.6087190841864198,1.1323724421044012,0.9096698425456531,1.9237879201354544,1.5639261996339937,1.6048002131299497,1.910329041525666,1.465794654105034,1.9950903592962828
2013-05-31,1.3808115942114618,1.6200489609323172,1.0002704946184742,2.312122162475106,1.810483218811215,3.292103271422646,1.6441472060086324,2.8530954263453907,1.3808115942114618,1.4914255889894765,0.8296578722826993,2.0599585857568368,1.8492588423565328,2.5691458445102358,1.4603473490096708,2.6870256562087276,1.3808115942114618,1.5099166002309494,0.7396127480029056,1.9577600244701938,1.9519873293996481,2.2484189700037214,1.4024297909013494,1.8944632231440268,1.3808115942114618,1.6081987031484872,0.8108366503749127,1.906174183840292,2.055107319641891,2.048227828474646,1.441736512454564,2.143803132391486
2013-06-30,1.7012400261643634,2.1734436412286327,2.2752418942705694,2.5183554228733422,2.370491800937958,3.062005173302044,2.3223469861241814,2.346646784635324,1.7012400261643634,2.0866753984919586,1.7835031590474912,2.236626196709544,2.1756270017549757,2.6269191658183413,2.035601584749665,1.886743313879304,1.7012400261643634,2.137030158559523,1.6834458508350016,2.3195290027086415,2.338157831862811,2.7827107810618563,2.046668337367722,1.9470832174264288,1.7012400261643634,2.147696397092586,1.7400324192143595,2.287811004098631,2.349903256054957,2.768406997920828,2.0585132734685256,2.0380712080756815
2013-07-31,1.8679171018338714,2.2965152404842275,2.492800057774831,2.614403916295257,2.582980436602861,2.9164258229004387,2.4679064048514383,2.861334757645347,1.8679171018338714,2.2178259915010923,2.2622127419356244,2.4230520625836975,2.4272078413486473,2.2186054737419934,2.3010302653401378,1.3185628643971397,1.8679171018338714,2.3421005013253993,2.1378728091794743,2.41347429172501,2.4132373683096664,2.7650136371322374,2.297815867409961,2.0402237635020732,1.8679171018338714,2.3262636871015214,2.2591795082104844,2.3690061804236393,2.285400791645044,2.7529358859709547,2.318149791911882,1.9550025496311585
2013-08-31,1.5270898906586616,1.8693499182608895,2.950966061058943,2.2232725404547717,2.3827132589188285,2.381012304671025,2.347862839924868,0.4522483993573014,1.5270898906586616,1.6227559446731021,2.7804166369527032,1.8723900320674254,2.101765605244542,2.3084304691377913,2.09185420456441,1.1019007900793858,1.5270898906586616,1.3247645096220146,2.637019768867721,1.4892007302902752,1.5767974589387896,2.4329205358697714,1.8169950029266702,1.7833692787681297,1.5270898906586616,1.6724290802121775,2.763326933662963,1.7790497605054476,1.8883999495585373,2.5121192928453477,2.0716019247935296,1.700556571597969
2013-09-30,1.088785270925996,1.1888697648858086,1.722237817428621,1.5695070348971059,1.5619074159260036,1.9025806480210887,1.4935382057371787,0.6421054361887115,1.088785270925996,1.4871281126909521,1.9313213397000295,1.6532110485964213,1.7140880309327806,2.618765039592464,1.690553500329134,2.0074231209734767,1.088785270925996,1.4334568067452684,1.9086352345964173,1.441358630110758,1.4031420311854124,2.347898854039535,1.5944835571508147,2.115989173591659,1.088785270925996,1.7426384510290303,2.0722129724209197,1.7062565822353912,1.6105972524155359,2.380695231663415,1.840369335228447,1.6700280492135673
2013-10-31,0.8729775818349772,1.5739910225456517,1.700376260499953,1.148714860746193,1.048290896443517,2.041724656523925,1.4743607145972657,2.211348534692459,0.8729775818349772,1.950336967713803,2.0404898525690167,1.4798229715034288,1.3117316988069008,2.435794633693146,1.8235499305954164,2.7618846626070535,0.8729775818349772,2.0003227793431964,2.1265976233784496,1.6270757900535222,1.4591880140543867,2.224030799757425,1.9179987309250563,2.381461634406152,0.8729775818349772,2.152546213507112,2.280986786160897,1.9040573078821916,1.7185907187111304,2.042105548082359,2.1125301025167333,1.5967259137863035
2013-11-30,1.2253322438004588,2.585284427872578,2.0147506545604505,1.5665379842341451,1.3997189455184773,2.18131365334271,2.0555243555557245,3.1688153920396047,1.2253322438004588,2.54500550971682,2.2515607583634942,1.8550181786178994,1.5623184565727977,2.3391041394168126,2.2171948155660712,2.46483776745688,1.2253322438004588,2.5630350213299398,2.3548637202209153,2.037066769069657,1.7967646320823243,2.380030019310462,2.3183218368735043,2.3931430416389596,1.2253322438004588,2.60799297154537,2.6148568394790948,2.2607906605386145,2.045234004048507,2.2954418968907104,2.49454682385436,1.2240034107743694
2013-12-31,1.5015090867017022,2.7857730864832306,2.5334038634197196,1.614854073423492,1.6782258952175595,2.373040235308942,2.3113436744421474,2.9054900610892123,1.5015090867017022,2.6635040172933113,2.691015095419946,1.9073740538046526,1.74757597412817,2.3114526521450047,2.42063105550597,2.2245552262098114,1.5015090867017022,2.622680910018532,2.74498574505404,2.0688660807543235,1.8057518645596349,2.4150945375254733,2.478844245275632,2.1290591987249403,1.5015090867017022,2.6959420502418765,3.0471359863751966,2.33304061544595,2.035281733877107,2.3922763556895443,2.6920395506876744,0.6509977956253448
2014-01-31,1.545750281811209,2.725420404127629,2.652737918844688,1.3168353044980141,1.345360130213149,2.511307235650131,2.23166454249011,1.3202078492417877,1.545750281811209,2.678972137661417,2.9819871778805527,1.651583448194149,1.5195193947733547,2.1413242496370484,2.4375142545787063,2.001038606205199,1.545750281811209,2.66145616395068,3.052936757952508,1.9743862122288354,1.7211027725168928,2.408896573268189,2.562926378044008,1.8697813357602666,1.545750281811209,2.743278535245367,3.367249615532772,2.2922792149396356,1.9767019548003344,2.349926650558865,2.800935788572591,-0.23019572538082253
2014-02-28,1.1142438176857894,1.891964344450852,2.237725638308684,1.4339991241401715,1.4405421085611643,1.8295503060621665,1.8545630356332357,2.4479677682984433,1.1142438176857894,2.1437201119297944,2.4099744624359265,1.5703943404231784,1.5024670472075488,2.322059955146894,2.0413629715962998,2.321448315821011,1.1142438176857894,2.149489828361123,2.4145541599165674,1.7225895844482544,1.506523989694935,2.4478635337334893,2.0955445242419817,1.6177438644278013,1.1142438176857894,2.3220735192054525,2.535661319385849,1.9776103516427521,1.6230948803780616,2.42160434820081,2.2784483967446847,-0.08706935730118465
2014-03-31,1.5998291291059452,2.566549002645888,2.6473177099133465,2.244291480714348,2.194047011981164,2.275256438674553,2.486052731091194,2.2349402010754407,1.5998291291059452,2.599900433435694,2.5627132114105695,2.13759926433877,2.036987275678004,2.2199842401584804,2.433404303061678,2.0335631712401088,1.5998291291059452,2.5319046262685028,2.536497288470877,2.126411006818039,2.0127550349575722,2.319831440781193,2.398270973852473,1.2240669248354772,1.5998291291059452,2.650393674004331,2.6143745782600334,2.3019814062939594,2.1734001321601326,2.348243521029156,2.522249886186108,-0.022033711667848864
2014-04-30,1.995090359296281,2.644566652672052,2.421158278928629,2.6848863241872074,2.6504653492898402,2.2676729326621032,2.583537085262629,2.2814369780890087,1.995090359296281,2.7227322393648388,2.382407297458336,2.7120154101112144,2.6517631419107905,2.4599189822400627,2.6057183156447965,1.7385240653152403,1.995090359296281,2.750944651320675,2.305023616922509,2.560262615242473,2.469526359002068,2.2296665716617285,2.5387436278285525,0.8119901931664468,1.995090359296281,2.817550256296295,2.4554884252741647,2.6274409585729894,2.5405855372883863,2.4068706910549293,2.63349321338115,-0.10408513918598254
2014-05-31,2.1438031323914863,2.6001239564978134,2.54761713586365,2.4320518599805023,2.4120449205585466,2.5074669234759996,2.5265976507806553,1.5843123345557424,2.1438031323914863,2.7525625353818777,2.7080100869594865,2.6392666471354436,2.606447552885117,2.3497114726066095,2.699946423158936,0.9140394130345589,2.1438031323914863,2.8118108105544546,2.7028568497175582,2.642934002659594,2.567750975639111,2.2262544907323822,2.7192005543105355,0.054863779909820214,2.1438031323914863,2.855247582550109,2.8840270428502537,2.748381768051408,2.676876957417364,2.25809663829438,2.8292187978172567,0.03502708304525636
2014-06-30,2.0380712080756425,2.3031684670181884,2.205647747588329,2.2126058464365768,2.180816042300084,2.402904229276305,2.240474020347698,1.3498228833009642,2.0380712080756425,2.494557521159604,2.4589233264272967,2.4230427518535325,2.4528982612650667,2.2483151909774257,2.458841199813478,0.4145706784309143,2.0380712080756425,2.574179398193269,2.4226269607780244,2.4763965346026815,2.427974241563012,2.408005911596437,2.4910676311913247,-0.827063607474272,2.0380712080756425,2.644653729576289,2.6339596238971823,2.6152803107121967,2.5615898289732684,2.365423313190523,2.6312978880618894,0.1794107723371414
2014-07-31,1.9550025496311463,2.002018202694088,2.0911461289368045,2.0076421802599436,2.0327559094773586,1.855668285541227,2.0336021706302785,-0.19201697875297757,1.9550025496311463,2.2433906074168086,2.189327890018376,2.115182237333296,2.1190198143116206,2.28199402099992,2.18263357825616,-0.11454367898233754,1.9550025496311463,2.2870247060826996,2.2286521212525914,2.2140150539999994,2.2552522778812607,2.136175602170302,2.2432306271117635,-2.33017278652191,1.9550025496311463,2.40500480281638,2.322785593793227,2.395596549083208,2.4405833064767926,2.1926245412954204,2.374462315230938,0.22543182246149673
2014-08-31,1.7005565715979998,1.354129221720762,1.203346105909616,1.1783259383419193,1.1588884145744114,2.1304142204349548,1.2452670886574324,0.08590613074455049,1.7005565715979998,1.8456184980274515,1.7164038544559894,1.6813503691678666,1.66089120982648,2.382857313933153,1.7477909072171025,-0.8043118532149668,1.7005565715979998,2.035640480275314,1.8703387888603098,1.9918717946350715,1.9907267872651173,2.175500275284007,1.965950354590232,-1.791882579030183,1.7005565715979998,2.130227015885181,2.0586699015225953,2.189842887420448,2.165351009323894,2.2280006019746166,2.126246601609408,0.24101312842332362
2014-09-30,1.6700280492135455,1.3190124086438029,1.1240512819377215,1.0771559828248471,1.1050159200607674,1.9943270552178327,1.1734065578021238,-0.23752018893866392,1.6700280492135455,1.7083105110486427,1.6465845498629215,1.6550439637749927,1.6420061152163723,2.373106276875439,1.669979674895519,-2.068697893379443,1.6700280492135455,1.855144108308767,1.8282279933385996,1.9054586576934576,1.9052828726626694,2.1751038862283463,1.8629435864469412,-1.2681343481711949,1.6700280492135455,1.9432811259575455,2.0610481470908217,2.102256835073341,2.107684569023586,2.397325051368986,2.035528702707236,0.008842570667366297
2014-10-31,1.596725913786301,1.0796301089642928,0.7498888525688753,0.7259836928944621,0.7398831785928515,2.0332239819395905,0.8518342181425433,-2.2613215014507273,1.596725913786301,1.4229449349779602,1.5400790165852296,1.5011675570897594,1.538108574527107,2.289580895161674,1.4880638362176495,-4.545801894061475,1.596725913786301,1.5885296578671677,1.7949338088525792,1.7788243519464748,1.775668775841651,2.3111052622036485,1.720762606222074,-1.0201604715384127,1.596725913786301,1.683375867248361,2.14469332004649,2.0019610413289204,2.0078169979996554,2.4032748112947044,1.9433434095412572,0.12753519995019924
2014-11-30,1.2240034107743547,-0.18535324519021634,-0.2453320464190466,-0.18755166192001038,-0.06700519485226764,0.11206666205381766,-0.20607898450975778,-3.7072519897488823,1.2240034107743547,0.5443498046697626,0.8579011498304587,0.8983545470985215,1.0297706354698883,1.7904879508400073,0.7668685005329143,-2.7794533048453847,1.2240034107743547,0.8300831747983584,1.2484022925002953,1.2623745794333998,1.3611389303524057,2.1390359034067083,1.1136200155773512,0.015190386180695797,1.2240034107743547,0.9842756993574096,1.5902024624178877,1.5714056592287955,1.669620173749374,2.3351675073130593,1.381961273668031,0.4353691087395557
2014-12-31,0.6509977956253188,-1.0391393207250377,-1.2841623778962232,-1.695191079074493,-1.5454038899304283,-0.6716670502491666,-1.3394975925652515,-7.668832190984653,0.6509977956253188,-0.1780451932784674,0.40162182791837364,-0.05896081776661832,0.022584571753914595,1.2275191086550472,0.054871938957762635,-0.4675708029629448,0.6509977956253188,0.16764586051755304,1.0439432033768734,0.6189655582860945,0.6835640860264176,1.8887411954907607,0.6101848740601736,1.1858851521485625,0.6509977956253188,0.3465057928016136,1.5009436983814521,1.100883800005032,1.1783337694046914,2.238061836494439,0.9827777637293659,0.6366935496002728
2015-01-31,-0.2301957253808773,-3.3411472741542503,-3.624044238763237,-3.393154931555388,-3.3069006599832536,-2.9279234803987606,-3.4527821481576253,3.037724266197358,-0.2301957253808773,-1.8721053661459282,-1.2885731815722927,-1.125930466727017,-1.016799030799541,0.6960076166098994,-1.4288696714817462,2.5054809509846088,-0.2301957253808773,-1.2911779837936608,-0.31123015450533753,-0.12360317897057449,-0.01108771621173199,1.8329943774672735,-0.5753371057565243,2.781036431444887,-0.2301957253808773,-1.0114467198052326,0.14161834230965242,0.37525488713359945,0.46042995850159807,1.8004226549351543,-0.16485783012066024,1.229908030803783
2015-02-28,-0.0870693573011394,1.5110495303903373,1.4258634349520485,0.15096732811726588,0.11328032997195026,0.26481331132543995,1.0292934311532174,3.228395515898262,-0.0870693573011394,0.7441206156112993,1.4464488100181132,0.21433511714578568,0.1019934444054682,0.9237604582570496,0.8016348475917328,2.809834077206753,-0.0870693573011394,0.4979949985367642,1.6270212721946167,0.6953166299387536,0.6193845481089175,1.689324652557702,0.9401109668900448,2.273908835876827,-0.0870693573011394,0.5783305601279782,1.9176861064138664,1.0300565905146501,1.1284456157957936,1.8316901364095084,1.175357752352165,0.8437083293304002
2015-03-31,-0.02203371166791257,1.6253304638364725,1.6732352346875636,0.540904756659236,0.5160306916063848,1.645400995527673,1.2798234850610906,1.250323070858027,-0.02203371166791257,0.8054967759654589,1.4892723480353935,0.2558108852979868,0.1629176304301705,1.3807229045454292,0.8501933364329464,2.8393411072600805,-0.02203371166791257,0.6219516135002321,1.7239681547537828,0.6791378989233978,0.7213673370010691,1.9066561336427283,1.0083525557258042,1.2858194895059214,-0.02203371166791257,0.7978690839389213,2.0185629345723815,1.0735189244839125,1.0197390406494709,1.8120429145090073,1.2966503143317383,0.8876646705649733
2015-04-30,-0.10408513918598317,0.18516702798086532,2.4752365075054867,0.7310650998618411,0.9648817388795523,1.7207736541449021,1.1304895451160644,3.9507836448638582,-0.10408513918598317,0.35073913591798345,2.566614748504453,0.8163507279815665,0.9750047040419192,2.148677965336813,1.2445682041346677,3.0565919119051146,-0.10408513918598317,0.22509630811689874,2.4658790101029613,0.7092883505975429,0.7759471429553138,1.9320072044900034,1.1334212229391343,1.2752308714388079,-0.10408513918598317,0.5720046434458269,2.517012950354634,1.008416237006844,0.8135763091678858,1.891793978204904,1.3658112769357682,1.1658037736477613
2015-05-31,0.03502708304532476,2.4080672414817457,3.7024476515734106,1.7814138290338746,1.8158542019131123,2.6105051763586653,2.63064290736301,3.3169166060584145,0.03502708304532476,1.7104361128372796,3.103664515146968,0.9290801788556924,0.8260275418353613,2.685221930566302,1.91439360227998,1.737983594546852,0.03502708304532476,1.2375523863783207,2.853736256795765,0.8543165120908922,0.7856088262018321,2.388788309771803,1.6485350517549928,0.8555478312983971,0.03502708304532476,1.5713083223092035,2.768972171489416,1.2438933255460007,1.0683629803236023,2.0523976756303286,1.8613912731148734,1.0727023823578725
2015-06-30,0.17941077233718516,2.137035375167769,3.2534951688658627,1.901295012933101,1.955109601408544,3.0752420249113688,2.430608518988911,1.9020754847931363,0.17941077233718516,1.8714336402898637,2.6836956951472053,1.3656946205081395,1.2395944872300957,2.815424078278957,1.9736079853150696,-0.267702128248239,0.17941077233718516,1.4352918406291137,2.439559226937575,1.2452910102543946,1.0669031025045572,2.4683618081622054,1.706714025940361,0.08750194705198609,0.17941077233718516,1.8642938175225203,2.3998390991288434,1.691008248837592,1.2923259016882698,2.042074594511243,1.985047055162985,1.0735038085898563
2015-07-31,0.22543182246153037,2.476291679987889,2.5433741591689096,0.7753276919630561,0.6090580938172789,2.4294234107714807,1.9316645103732852,-0.005041307210964725,0.22543182246153037,2.81587241641407,3.006263918887908,1.2253645798233705,0.9121969453742049,2.4614585300905816,2.3491669717084496,-0.506130169027467,0.22543182246153037,2.89905257789452,3.162998651266871,1.9234082246892097,1.4323260970468312,2.296611739436118,2.6618198179502,-0.3212203698373181,0.22543182246153037,2.95936730638241,3.33984552331827,2.3551238022183303,1.4441570677226911,2.0287384136908426,2.8847788773063368,0.8646147538590877
2015-08-31,0.24101312842326195,1.7358794140155145,1.2295165982369938,-0.675286012828602,-0.8128884383671178,0.7631912874541413,0.7633699998079688,-2.7001405623268973,0.24101312842326195,2.249801854301955,2.5649942181362406,0.5079348141666205,0.21338369039742355,1.3830761425486748,1.7742436288682721,-0.026887931950041806,0.24101312842326195,2.4515457049076965,3.0391622271462717,1.4621023622094746,0.9685191932360491,2.0812652338138746,2.3176034314211478,-0.5864921772159952,0.24101312842326195,2.5104991541703368,3.4146210475300904,1.9929189120447992,1.15724262863736,1.9060077606583012,2.6393463712484087,1.0497862708118797
2015-09-30,0.008842570667333405,0.11073729405149915,-0.25543926996093214,-0.729653209838756,-0.9128353799874214,-1.5661232247800534,-0.29145172858272966,1.1867913624553752,0.008842570667333405,1.0832969391957026,1.131300950937955,0.5856737399131036,0.37526891325266076,1.3392458838145638,0.9334238766822538,0.44270602235217515,0.008842570667333405,1.4253561941015682,1.5910161196576773,1.1710803011117727,0.8905636888535398,1.9250392534304175,1.3958175382903395,0.4895098516240191,0.008842570667333405,1.5361081346827485,1.885982470955086,1.5101519968793111,0.9347947128658931,1.9626889044293754,1.6440808675057152,1.5367755028160166
2015-10-31,0.12753519995021279,1.9713833182584775,1.5445897911297104,1.1568685495413855,0.8720595940245301,2.4997251799581184,1.557613886309858,1.4326854040213666,0.12753519995021279,2.076597756395675,1.6317340842054289,1.2928263954224755,0.9727453005019857,2.4150952817312423,1.6670527453411932,-0.13631057064718322,0.12753519995021279,2.185071283607626,1.6307907176862446,1.7027946105540397,1.3683340950181662,2.128537701572899,1.8395522039493037,1.0563766758566893,0.12753519995021279,2.111404902194087,1.7213193243306297,1.7614418578155884,1.2572561212362459,2.095981147533637,1.864722028113435,1.671870990986908
2015-11-30,0.43536910873953616,1.8069263005164156,1.5693418507535273,1.3915196708780022,1.223536919454523,2.8648606907023813,1.5892626073826481,-1.2913586994201038,0.43536910873953616,1.781671893957792,1.3848306510135893,1.2808901619498143,1.0564781697735026,1.7901198753568308,1.4824642356403988,-1.146096422481934,0.43536910873953616,1.871990893093192,1.376176199276224,1.677811887510111,1.5353358455343815,1.6238529462183124,1.6419929932931758,1.2898569334173378,0.43536910873953616,1.8515227912546781,1.4435464199471686,1.7536804573631177,1.4630252744755916,1.7762609505468667,1.6829165561883215,1.6703058710160663
2015-12-31,0.6366935496003201,0.05848376718349374,0.5915342300344153,-0.5623383096422652,-0.4082773559111339,0.04306241599900293,0.029226562525214606,-0.550258416542771,0.6366935496003201,0.6943403899541456,1.484606306839638,0.3192856664004462,0.38487822111165126,1.084673261306121,0.8327441210647432,0.5363136808957849,0.6366935496003201,0.9299256259944106,1.8849641898618468,1.1296874436773332,1.1280333932571245,1.4350411757371495,1.3148590865111969,2.059505670127722,0.6366935496003201,1.027615048898571,2.0484164897350823,1.4685109270331074,1.2800603228308631,1.7411564817408813,1.5148474885555867,2.0300531865359805
2016-01-31,1.2299080308038057,0.46058367384811155,0.7219646922944214,-0.37113644826911596,-0.1439009583823343,-0.031844380553750655,0.27047063929113896,-1.5966721514830176,1.2299080308038057,0.7054761902088429,1.8533228077083335,0.60273038514964,0.7071975724807791,0.99539173589511,1.0538431276889388,2.249063922360556,1.2299080308038057,0.75099800876564,2.347807788981612,1.0573281185110597,1.1379933307100383,1.5700572269755053,1.385377972086104,2.0504498775555335,1.2299080308038057,0.9207503376251005,2.6102704266993273,1.4592447815566705,1.569427063225214,1.4959370498323707,1.6634218486270325,2.4794005969470683
2016-02-29,0.8437083293303616,-0.23031464816969277,0.0754294543295837,-0.23816369939726023,-0.12647516865557185,0.20777868106690994,-0.13101629774578977,3.7558716107130787,0.8437083293303616,0.16249940556514175,1.1814028855097505,0.7629835709788697,0.8396946577126685,1.2142584195730095,0.7022952873512539,3.7258102893166196,0.8437083293303616,0.23761900118465873,1.618704982176138,0.9662977758556592,1.0405546043124803,1.6278180395075044,0.9408739197388186,2.686064718839737,0.8437083293303616,0.5099306125107614,1.8747782393806829,1.294205981396456,1.3722449913403105,1.6303497868497108,1.2263049444293002,2.771595651900376
2016-03-31,0.8876646705649804,2.492641411713124,3.077485652571181,2.3334053778451533,2.282413573369258,1.8217329330171086,2.634510814043153,4.5879923078512865,0.8876646705649804,2.0161326628825496,2.507610668641735,1.815705524899991,1.7610751244198959,1.7385602212959421,2.1131496188080923,3.5826976593596447,0.8876646705649804,1.8359921784728332,2.3029415021331294,1.794309924727733,1.7506472847213619,1.664939230202807,1.977747868444565,2.5840411540080326,0.8876646705649804,1.8692307028310116,2.246071361538925,1.8424392968052015,1.7863918135901944,1.55273189241596,1.9859137870583794,2.4118752711201754
2016-04-30,1.1658037736477667,3.0637686220368363,3.855976999197787,3.519332138346742,3.433502793780922,2.765012532214286,3.479692586527122,2.833566949385369,1.1658037736477667,2.4292986635281775,2.734362999634166,2.418646524567097,2.331920367774343,1.9618713978376916,2.5274360625764802,1.851835832750512,1.1658037736477667,2.2077115809603067,2.3872606162580934,2.2502881564010506,2.2415750112637616,1.781031103754043,2.2817534512064834,2.2873653061171337,1.1658037736477667,2.2911411815740554,2.184842077193512,2.233883325294579,2.141251350797636,1.8835152920056786,2.236622194687382,2.1528817669153053
2016-05-31,1.0727023823578818,2.0162926915132067,3.8562712531719994,3.2966472197158994,3.4072485026403996,2.297089890202475,3.056403721467035,3.3265337208422197,1.0727023823578818,2.0151950560001946,3.0873330234528105,2.5813514900320507,2.693184094888717,2.310530694425861,2.5612931898283517,1.6463191483629154,1.0727023823578818,1.8251327776254915,2.643302653230041,2.1176530637745388,2.1039414827349083,2.2477554813237464,2.1953628315433567,2.050754808614806,1.0727023823578818,2.0778205115718045,2.4272765124525764,2.1694628393739674,1.8550203904670375,2.1257818126355548,2.2248532877994496,1.8393234242362722
2016-06-30,1.0735038085898374,2.867358275041203,3.9865826163174938,2.9869724273907132,2.9940031170915637,2.858450501387251,3.2803044395831367,-0.6045931719758975,1.0735038085898374,2.6964989520293177,3.515070177558961,2.488634324446843,2.3983298481055777,2.719974015291446,2.9000678180117077,1.5853846486564214,1.0735038085898374,2.4611287088338765,3.19765947026818,2.182515672654766,2.0059380021170297,2.461727384166498,2.6137679505856077,2.0006007029442467,1.0735038085898374,2.6592784386038733,3.0385713175828686,2.37542942348487,1.9354619581100847,2.2883308617361076,2.6910930598905374,1.627253925238295
2016-07-31,0.8646147538590832,1.1201282460883246,1.722210826374662,1.382990884720389,1.336642213648724,1.7236756240642974,1.4084433190611252,2.2170168962223684,0.8646147538590832,1.7458035180505758,2.2312847196521544,1.9265960545381688,1.7959666256066846,2.649540089619398,1.9678947640802997,2.722894779483757,0.8646147538590832,1.834405619958121,2.252519602671278,1.9420520541270991,1.7676278179581886,1.9214815797433245,2.009659092252166,2.9083513163386367,0.8646147538590832,2.0937128063622064,2.2738062030538737,2.2313711637098708,1.7842464872026274,2.0341358221628907,2.1996300577086503,1.7103963201701737
2016-08-31,1.0497862708119143,2.775494641521576,2.886231168670813,2.17711563905324,1.9797891255064926,2.2527419922632803,2.6129471497485426,3.1437302217228384,1.0497862708119143,2.9546527395667868,2.955921893968099,2.392643007696864,2.0437437990196754,2.1933164967662746,2.767739213743917,2.455190468866675,1.0497862708119143,3.0251105447145195,2.942852006295036,2.6769898572464843,2.370027783609464,1.9715997370273335,2.881650802752013,2.85712658496097,1.0497862708119143,2.99702034323856,2.890072185826855,2.838316043895805,2.2902171379366676,2.063766363247567,2.9084695243204064,1.909768827030412
2016-09-30,1.5367755028160346,3.27854714750137,2.879925023389559,2.2419061460027043,2.0768834079919314,2.4939815265206717,2.800126105631211,2.807937220506022,1.5367755028160346,3.1008761957804616,2.7986716823358453,2.208882238602722,1.9156257563293013,2.211781855343123,2.702810038906343,2.4158167572320766,1.5367755028160346,3.1470781176040044,2.8420705345308446,2.7075873017893968,2.5006417244108965,2.0964733221657936,2.8989119846414155,2.2397093882323147,1.5367755028160346,3.0896049344456795,2.843187505170597,2.907146514359857,2.5753293725102755,2.03100403967404,2.9466463179920446,2.1571309611642544
2016-10-31,1.6718709909869567,2.628857983046913,3.266930675874386,2.4058024110972984,2.4453667401014116,2.324565759500645,2.7671970233395324,1.4139039643712057,1.6718709909869567,2.705362085463254,3.020323194217414,2.288472502905214,2.1875895031443693,2.1399222215726708,2.6713859275286276,3.0938078531935034,1.6718709909869567,2.7284364069113245,2.9312073151019282,2.466531832274284,2.3903960477303126,1.7406947423465655,2.7087251847625122,2.0183982277134294,1.6718709909869567,2.7612603751769846,2.849771449303387,2.5967012816847275,2.3496482579890774,1.894468214453163,2.735911035388366,2.0006113975012934
2016-11-30,1.6703058710160867,2.1530307495876,2.4693638350714804,1.6338010174638198,1.7545416338026933,1.8280132360605368,2.0853985340409666,3.025609086818641,1.6703058710160867,2.3987822039947284,2.7592878889580232,1.9424138477585602,1.9044242043315176,1.7019957883639973,2.366827980237104,3.259062701055256,1.6703058710160867,2.4926510821964376,2.796238408008898,2.2398333125728387,2.1441649935940026,1.6781867193241697,2.5095742675927246,1.627892039857749,1.6703058710160867,2.5476980452694544,2.8543606600645326,2.4718667628786672,2.177227494893779,1.9454435119476412,2.6246418227375514,2.149231528568953
2016-12-31,2.0300531865359517,2.695346300414304,3.2063837490316045,2.905388738404592,3.039965836399786,2.6807224491579738,2.9357062626168333,4.841910508390353,2.0300531865359517,2.5765945116873357,2.899262745427513,2.6754753821312622,2.7655670170499747,2.2015302399941805,2.7171108797487036,2.0636020192326137,2.0300531865359517,2.4133876371398633,2.6701118439680167,2.3713913222568523,2.3470918867480934,1.9475010973536082,2.4849636011215774,1.2539071475323333,2.0300531865359517,2.5525643327461136,2.6749778318266024,2.4926906709481473,2.3838038090568108,2.035351611281156,2.573410945173621,2.1075647246180926
2017-01-31,2.4794005969470234,3.8982682948666616,3.932137931303601,3.205999020209354,3.3324176666768333,3.114302307906056,3.6788017487932057,1.9096685079565776,2.4794005969470234,3.4986778527892146,3.5252476276138007,2.84723020316162,2.8838578500747776,2.7746530322666265,3.2903852278548786,0.942988602233433,2.4794005969470234,3.3450147210988623,3.360403924800788,2.9603117471450204,2.841125367650526,2.6313731921849692,3.2219101310148903,0.512441324001688,2.4794005969470234,3.364063191760664,3.3879342031851634,3.153158045588678,2.8825577375478546,2.4807924860210866,3.3017184801781685,2.1285046284350315
2017-02-28,2.771595651900416,2.5072744552946844,2.9305126333267313,2.921733803575847,3.07879637447686,3.161500598263177,2.7865069640657545,-0.560772958649243,2.771595651900416,2.8205272180587775,2.8651427858067193,2.945468098233741,3.0343380827240147,2.7552389405378985,2.877046034033079,-0.003278621339739529,2.771595651900416,2.9349202541536656,2.7825551142681304,2.9613663641180024,3.0252793538908875,2.5660275483293757,2.8929472441799327,0.9624110690998073,2.771595651900416,3.002655734180901,2.784764790805979,3.0236617439256674,2.9473091768147768,2.6457197759631588,2.9370274229708486,2.238232574723051
2017-03-31,2.411875271120234,1.339002504495795,1.6636856277425152,1.025420208587525,1.245871043408909,1.399432026569552,1.3427027802752782,1.480070257392838,2.411875271120234,2.0663069715640234,2.4720652030349846,1.7623215271666477,1.915927631009649,2.5230214603096086,2.1002312339218854,0.4442122758321096,2.411875271120234,2.2971519122489683,2.6348106255369697,2.101833945011445,2.2072845867999615,2.52006718095721,2.344598827599128,2.074552534096191,2.411875271120234,2.4043473803839297,2.760869465019282,2.3665126744113865,2.389806228709869,2.714906429061843,2.510576506604866,2.3041980457610656
2017-04-30,2.152881766915282,2.293390955021824,2.3038316130582923,2.453752569483822,2.4374568069425804,2.827189157684363,2.350325045854646,-0.9291331627629518,2.152881766915282,2.3991427314801066,2.4597605916160306,2.5650287281990827,2.617012619104569,2.635047790318464,2.4746440170984063,0.08189404576994214,2.152881766915282,2.4217192034765094,2.407003651169267,2.3788283924226183,2.4121138032762186,2.4947423102735327,2.4025170823561317,1.982824567289129,2.152881766915282,2.497042805744134,2.45008743491733,2.458757656616482,2.4902971953338198,2.789860317448564,2.468629299092649,2.4409609642524877
2017-05-31,1.8393234242362055,1.0259227852818356,0.8786364177317099,1.345664728690814,1.397851464812626,1.2055670745684508,1.0834079772347864,0.7816997328662577,1.8393234242362055,1.6305519318391708,1.4839709906330596,1.9907751421861861,2.0703539501796127,2.031856489454882,1.7017660215528057,1.928100759539427,1.8393234242362055,1.9437602732531314,1.6615089319732128,2.0860035338425345,2.1531046664292934,2.457660584582203,1.8970909130229596,2.6705710172801527,1.8393234242362055,1.995799052843275,1.7711689271533395,2.1973236737360136,2.1716875854503916,2.631290741282834,1.988097217910876,2.7439291721927397
2017-06-30,1.6272539252383034,1.6186221843566964,1.9567872352983873,1.750734196261007,1.799294425278947,1.7028089877623567,1.7753812053053635,0.39311556720665347,1.6272539252383034,1.9203914722259203,2.2579248659154754,2.115273806123742,2.140920632217214,1.9292685178715703,2.0978633814217127,3.7048927923603356,1.6272539252383034,2.1096974129690205,2.300991998570632,2.1621590469931204,2.2003252835477363,2.3439513303725543,2.190949486177591,2.961222301703836,1.6272539252383034,2.0818359206284383,2.3204825935016524,2.1661403911667847,2.1493749754362907,2.2985944208535187,2.189486301765625,2.7688614662420257
2017-07-31,1.7103963201701156,1.2258284976795852,1.5124566674166227,1.4929618057728948,1.5535615815827648,1.811220211148686,1.4104156569563677,4.609486978545333,1.7103963201701156,1.3505156203419435,1.821015972637226,1.7243427704796448,1.8041705091820337,2.0176763537736195,1.6319581211529381,3.883755088808237,1.7103963201701156,1.44193445226951,1.9192267650246901,1.7462209114652572,1.917911867398799,2.263637182481162,1.7024607095864859,3.744567932868364,1.7103963201701156,1.5437362790407372,1.9758102435908595,1.808010727286757,2.054644397755327,2.4396511237043694,1.7758524166394511,2.814153417360842
2017-08-31,1.9097688270304225,2.876511929432235,3.8479212555020257,2.822490773071036,2.9643204026916674,2.3755675798409706,3.182307986001766,6.112075831328997,1.9097688270304225,2.3299933442579723,3.4081297018622383,2.3930536918317635,2.4811044963846407,2.056193618020486,2.7103922459839915,3.413041275020902,1.9097688270304225,2.032320190290405,3.243082080446969,2.167922435606052,2.247874515527835,2.280681499510321,2.4811082354478082,3.514054080346258,1.9097688270304225,2.154645661055507,3.1846978644952264,2.2607266067733782,2.3679489213265272,2.715575209693057,2.533356710774704,2.608602043805217
2017-09-30,2.1571309611642775,4.065251989047105,4.752582456957482,3.138090974411513,3.3031489832017584,2.4459978743005504,3.985308473472033,0.9297024565503293,2.1571309611642775,3.2706614026333223,4.068216624638661,2.3287419010047974,2.3731639481864013,2.246426186900277,3.22253997609226,2.2175518110473416,2.1571309611642775,2.9515612265801705,3.8493614200268795,2.328243280552498,2.3412057440662934,2.41707502130165,3.0430553090531824,2.5338435574258895,2.1571309611642775,3.0345721085399058,3.7756278865564665,2.5396333103864754,2.4661528115661904,2.7224279497995423,3.116611101827616,2.305278203027008
2017-10-31,2.0006113975012063,1.4854678276719722,2.7466165576952934,1.8650824569770565,2.2374007453584457,1.9506376463653103,2.032388947448107,3.1973455371832715,2.0006113975012063,1.9495199521745843,3.1815885321142923,2.283348353288709,2.4788028832191196,2.6016959117879086,2.471485612525862,3.60538077692847,2.0006113975012063,1.9666608873389633,3.263770113688991,2.1086161865370916,2.1312319066456933,2.6600428129272267,2.4463490625216817,2.8990973612158544,2.0006113975012063,2.236424159061417,3.2814184226592387,2.4177707930443253,2.1064927203625645,2.938117166803427,2.6452044582549936,2.461487757121053
2017-11-30,2.14923152856894,3.091201554536215,3.950022962596102,3.0998084323082082,3.2072672082271785,3.0186036402685743,3.380344316480175,2.5256074394085224,2.14923152856894,3.058335884376441,3.755672688818158,2.8386524956475196,2.890805388750444,2.9660096277339023,3.2175536896140393,3.6150668856716623,2.14923152856894,2.9057403199702723,3.514750498371816,2.459129692516136,2.405763874696326,2.793861218722712,2.959873503619408,2.817287327105349,2.14923152856894,3.032751652420053,3.4035332779883185,2.564186963898661,2.37244282902037,3.02776494159456,3.0001572981023443,2.1245982977308704
2017-12-31,2.107564724618083,3.0035100617171233,3.106599393852875,3.4016965742708125,3.326020476880678,3.2605004859758244,3.1706020099469368,5.093189354193519,2.107564724618083,2.9758579059986725,2.8578032373162854,3.1249005484976378,3.097183395135252,2.9688786855409464,2.986187230604198,2.8501353038044477,2.107564724618083,2.941680826936917,2.674202544618596,2.7563103490103233,2.6730798886722136,2.8766852093038775,2.7907312401886126,2.576500630780234,2.107564724618083,3.0639543026426406,2.6031822750529114,2.800627125743471,2.557015681037292,3.0359612466843506,2.8225879011463406,1.982596922316762
2018-01-31,2.128504628435035,4.219204634665689,4.656761827778237,4.2155958167275545,4.1224975402299515,3.643090899213507,4.36385409305716,3.226403863412684,2.128504628435035,4.028590948185403,3.9775805377454216,3.7028198084056454,3.5236375505641577,3.0526295504045255,3.902997098112157,2.1928139455032367,2.128504628435035,3.972291861468431,3.6135367990868184,3.3899712563600817,3.181618539619433,3.42367887450565,3.6585999723051104,1.8837389018533268,2.128504628435035,3.900462360208631,3.4751952759138143,3.3310098496908664,2.770234198274531,3.2412252353903255,3.5688891619377707,1.4766332681220313
2018-02-28,2.2382325747230425,3.5565126043615134,3.625975124552674,2.8153165842475456,2.8163969950146486,2.6901806704350895,3.332601437720578,0.23081269380698272,2.2382325747230425,3.605857078298865,3.542427768469339,2.7592355771948753,2.573202304804866,2.866409928663548,3.3025068079876934,2.019507768539048,2.2382325747230425,3.712450871209038,3.4750330399874043,2.970933588769551,2.827489310889944,3.1315333542527024,3.386139166655331,1.7031500072641665,2.2382325747230425,3.6607555269264784,3.4448243376365566,3.1285316653114092,2.6638571116669314,2.9704271724917946,3.411370509958148,1.5074423162215969
2018-03-31,2.30419804576103,1.614188911024797,2.4614034706546386,2.1390344569844806,2.2802165429456984,2.9404140292266177,2.0715422795546385,3.121225279289951,2.30419804576103,2.251078705330996,2.9125561157682003,2.614135226129352,2.6816997372807156,2.975462681144517,2.592590015742849,2.3028659577560693,2.30419804576103,2.3856621622652003,2.951278874094396,2.5799145337055456,2.5987759074080117,2.8389021760286925,2.6389518566883807,2.076712848628123,2.30419804576103,2.5439684291095546,2.91177104327521,2.734601117733653,2.5131860936278407,2.9844567424439057,2.7301135300394725,1.8656739167138385
2018-04-30,2.4409609642525254,3.337165866317576,3.514730536436141,3.145490690013246,3.201891503049984,3.555644363175422,3.3324623642556546,2.706485332520031,2.4409609642525254,3.266503525390278,3.321579364176039,2.9248434296151435,2.933236377019468,3.19004196839956,3.1709754397271532,1.5746638582033994,2.4409609642525254,3.238496454361499,3.186163733535712,2.8583579985776844,2.8143303167680407,3.055429086197104,3.0943393954916316,2.0238781530262617,2.4409609642525254,3.2342125439288,3.084563923339693,2.914693239829022,2.7780308452360583,3.1103243049547755,3.077823235699172,1.9808347575986145
2018-05-31,2.7439291721927717,2.9967703134768184,3.0736992645982815,3.496791956805102,3.514987459502224,3.1900824450110545,3.1890871782934007,1.0808872614579157,2.7439291721927717,2.9807967144614227,2.845759331939651,3.248852012348532,3.3363392893821695,3.0707447670573202,3.025136019583202,1.3867922459892952,2.7439291721927717,3.029125983780033,2.674951713334159,3.0018097407318853,3.0691493043216154,3.193466925252403,2.9019624792820253,1.4319092683564127,2.7439291721927717,3.055757732367888,2.640062408157879,2.9036852222750045,2.9204421653850727,3.071173217611619,2.866501787600257,1.7799745959560211
2018-06-30,2.768861466242001,2.1090256660526294,2.690745693933399,2.575273066035866,2.7016576155970062,2.9880100893979855,2.458348142007298,0.9366189806321188,2.768861466242001,2.5985031504267218,2.8357477882263535,2.7181520410768574,2.864952983058008,3.099925809961043,2.717467659909978,1.8505597395002282,2.768861466242001,2.836126875357592,2.8133371583444644,2.80011338660961,2.9473918121180205,3.160577454401462,2.816525806770555,1.3886932138533017,2.768861466242001,2.8188421454502763,2.7386619511994574,2.753639867435182,2.78527995943091,3.1271143302744715,2.7703813213616386,1.657384090415683
2018-07-31,2.8141534173609095,1.9610035689408682,2.4635454212302523,2.660784261997955,2.781894808006195,2.771760040127434,2.361777750723025,2.142870495878089,2.8141534173609095,2.2450943447968443,2.6240134607790635,2.6791978553747002,2.924114386774645,2.766814563286604,2.516101886983536,2.4730924478491794,2.8141534173609095,2.3660541044784718,2.5514645916955616,2.574856987353299,2.779204152661026,3.0232995320017557,2.4974585611757774,1.069527634390743,2.8141534173609095,2.417149111906729,2.5029393819768284,2.463583885598166,2.688365392697624,3.0968206711120847,2.461224126493908,1.8098542197342107
2018-08-31,2.6086020438052415,2.2853146708780008,2.7919541292517955,2.5371348960743854,2.677194208341156,2.6347824951333396,2.538134565401394,2.472189741990521,2.6086020438052415,2.2475850990112765,2.8298194649572,2.451469565019848,2.6846442536659123,2.7202575372555398,2.509624709662775,1.4770262907235119,2.6086020438052415,2.1998649077544474,2.815170336512186,2.2535287737377123,2.450440799945209,2.965477493574285,2.422854672668115,1.3117346251790327,2.6086020438052415,2.3151850337242914,2.7641377290394744,2.3236303585804476,2.5534790650398977,3.0112279341947716,2.467651040448071,1.7227168654439544
2018-09-30,2.3052782030269725,2.5660302057412148,2.9535831583118233,2.694859484552193,2.7929466776839025,2.7507174060498936,2.7381576162017436,2.8042171056789127,2.3052782030269725,2.581033836112524,2.972326291981998,2.7146835624371732,2.803146066768007,2.823139356019298,2.756014563510565,0.9268266882063518,2.3052782030269725,2.6236009851071564,2.8880278405110165,2.488802702248216,2.5331529551754244,2.9520577458596167,2.6668105092887964,1.654634984799561,2.3052782030269725,2.651960154077161,2.8783861435373765,2.4911284686646225,2.383021037009976,3.0571780086586227,2.673824922093053,1.6704673825508602
2018-10-31,2.4614877571210947,2.641843648550704,3.321953990169308,2.598079951483434,2.7388718413515787,2.511186872731368,2.853959196734482,-0.8453279754989516,2.4614877571210947,2.6174800851658118,3.3475934532253073,2.577744619399689,2.669386375043854,2.8221894780084282,2.847606052596936,-0.3340371790676731,2.4614877571210947,2.597193262624444,3.3269882047124293,2.492147817841749,2.5728092526307678,2.989884114003211,2.805443095059541,1.9377913621709368,2.4614877571210947,2.6550282910393843,3.279502904847416,2.559631727325567,2.512122446857758,3.0452311868836928,2.8313876410707888,1.7191119291485153
2018-11-30,2.124598297730884,0.8579260072922466,1.491942938429141,0.7770520251200046,0.9324179850980632,1.1292473980318343,1.042306990280464,0.8215909344389105,2.124598297730884,1.4796959470491426,2.4959773607075606,1.651259929032784,1.7521561891611732,2.5789075417774607,1.8756444122631624,1.1464429596344994,2.124598297730884,1.6687673979436275,2.8388110642333744,1.8509955100098243,1.9514386449868766,2.878891060822782,2.119524657395609,2.1280399235556025,2.124598297730884,1.8414923381223787,2.9133741902182817,2.112120461879509,1.9903909637463602,2.948859957638685,2.288995663406723,2.070702599713019
2018-12-31,1.9825969223167483,1.6286625774684393,2.182688014245263,0.9094672421022287,0.9799387490392282,1.2802465309279203,1.5736059446053101,-0.9783744961430645,1.9825969223167483,1.877860633397278,3.112646217313926,1.7225549393418316,1.709333331258884,2.4619312819011947,2.237687263351012,2.3824432813928076,1.9825969223167483,1.9159915413220772,3.4861892777983696,2.0522804848540535,2.0518921855906473,2.8625288908813498,2.484820434658167,1.9260749669780581,1.9825969223167483,2.0248040974928703,3.5171505046294524,2.3095078529816044,2.194016564215363,2.966982856439739,2.617154151701309,2.2930353112747377
2019-01-31,1.4766332681220184,0.869910416508547,0.9291441651526662,0.6819659290847659,0.5466386950812434,1.1226072319193643,0.8270068369153263,3.5961124406075866,1.4766332681220184,1.3347046003198089,1.9622506776326862,1.6241069274563729,1.4858619724702753,1.9733559565038044,1.6403540684696225,4.209619903409531,1.4766332681220184,1.5768992877322454,2.4146903615634434,2.074856956309194,1.946985571493788,2.4158861261741404,2.022148868534961,2.55018080507764,1.4766332681220184,1.6762265284836237,2.474629561813274,2.0862144780000156,1.969803506364753,2.6649272709872203,2.0790235227656377,2.566548531176345
2019-02-28,1.5074423162215744,2.7066879626155993,3.5429737121055966,2.4429299659618375,2.4320955918300777,2.7635736811869425,2.8975305468943446,4.529591899713823,1.5074423162215744,2.4253182421250203,3.3016990626977165,2.215128239471146,2.1420437227393965,2.259881080772332,2.647381848097961,3.109636887476699,1.5074423162215744,2.327124969149269,3.1734483029275764,2.2805225408359884,2.1955123900423366,2.4818767105571995,2.593698604304278,2.133699105708875,1.5074423162215744,2.328199250235705,3.042693140132475,2.191579170792931,2.071036671664582,2.7000807505284694,2.5208238537203704,2.3143283045387144
2019-03-31,1.865673916713817,3.3251696602730094,4.143031801174003,3.3559547673559305,3.372334541734684,3.101303173777161,3.6080520762676476,4.503155369907079,1.865673916713817,2.7765444158340635,3.4878143272523388,2.6262347974200146,2.579755658350641,2.4938577873707524,2.963531180168806,1.4697066525633151,1.865673916713817,2.6229685602435637,3.206426670186048,2.491325165228993,2.489012064436818,2.593579601536743,2.7735734652195347,1.6862997803021311,1.865673916713817,2.657679130972851,3.034566847044744,2.370488050856603,2.3071264312680215,2.848019275508203,2.687578009624733,1.4829891206053296
2019-04-30,1.980834757598604,2.99707032096807,4.718391121080464,3.1299356117481874,3.269569112989065,2.9787710865836607,3.615132351265574,0.2961633928091577,1.980834757598604,2.7019978631958987,4.347762041988911,2.702440654716705,2.8163746520157638,2.6411876898428135,3.250733519967172,0.8907417067457936,1.980834757598604,2.4431014519593957,4.052787077052063,2.6017939580445777,2.4245446317287005,2.5451955564030695,3.032560829018679,1.5004324961260733,1.980834757598604,2.6234875799283923,3.895445838051127,2.5260694312308742,2.309989170289839,2.7725770859529852,3.015000949736798,0.31255832121128474
2019-05-31,1.779974595956002,1.5753353613241456,2.7182579507679345,1.6804202110278972,1.7272867792303686,2.632888530993102,1.9913378410399922,-0.39019880502621196,1.779974595956002,2.0770621969602376,3.2800878969734715,2.1685803367720298,2.167767504177437,2.795430230248792,2.508576810235246,1.1577613239410245,1.779974595956002,2.1595216848799623,3.3049180167690775,2.408613159482343,2.141086113075701,2.677903522743711,2.624350953710461,2.0133652758703953,1.779974595956002,2.3567797906648837,3.223894089805858,2.3782098406030565,2.0618965825289015,3.004945321258264,2.6529612403579326,0.19800514395234198
2019-06-30,1.6573840904157144,1.2322616913513316,2.0988385772920632,1.591506886660413,1.5390758509697977,2.2992957240470053,1.640869051767936,2.766260532454449,1.6573840904157144,1.8206031211376419,2.9318918113143426,2.323012500975199,2.296051489021626,2.7241607595229036,2.3585024778090613,1.9028929080409036,1.6573840904157144,1.8931023641833402,3.0403977237216755,2.450384361719,2.208030305179611,2.7961418895956576,2.4612948165413386,2.6599956555714446,1.6573840904157144,2.0896716155307535,2.993269923052164,2.4158182560848207,2.128522842667124,2.9690847907332802,2.4995865982225793,0.7141005055379505
2019-07-31,1.8098542197341416,3.133544798561047,3.064261327387889,2.5958047648060427,2.4333545855285745,3.024009258074856,2.93120363025166,1.097222244395095,1.8098542197341416,3.0021343238557376,3.144281681333442,2.7482787613031125,2.455031317960887,2.96290217615377,2.9648982554974306,2.110123285506434,1.8098542197341416,3.025339371426772,3.152485248859294,2.909113094379626,2.602331436908214,3.249009662116089,3.028979238221897,2.582916257275039,1.8098542197341416,2.9837819441616045,3.0630275543912218,2.806684011091612,2.419788135378557,3.3268460800669977,2.9511645032148124,0.9919288416800202
2019-08-31,1.7227168654438962,2.020488186387547,2.294821623470497,2.067906516301252,1.8883728790240824,2.8325176417461786,2.127738775386432,1.8451959472732775,1.7227168654438962,2.322610795876119,2.7842939722278084,2.5928430691330577,2.372593870558636,2.76187978531014,2.5665826124123283,2.868969227799778,1.7227168654438962,2.54409421736499,2.9742804363490496,2.7607143603401703,2.6058264051438482,2.9280327398378403,2.75969633801807,2.494957503368554,1.7227168654438962,2.5274581392972033,2.9224915530390287,2.6336201575455673,2.3723445289715794,2.9997611315300565,2.694523283293933,1.272933563745342
2019-09-30,1.6704673825508998,2.1230232889358924,3.0244179746160773,2.413656791575135,2.3848676215230498,2.7415432021504955,2.5203660183757015,3.38795166485073,1.6704673825508998,2.316564099593827,3.1927917312182967,2.5766349909194126,2.5317202139723807,2.712658809593844,2.6953302739105123,3.4170984031019245,1.6704673825508998,2.4082435019737773,3.1720002484215497,2.5835916964060424,2.511711831666374,2.7795706689878537,2.7212784822671234,1.2796784609085576,1.6704673825508998,2.4058015409274542,3.0328027119337517,2.4585427491447964,2.2491571103475825,2.8224457207550984,2.6323823340020005,1.3814369605232295
2019-10-31,1.7191119291485535,2.756628596431216,3.34641084886087,2.3231816453699463,2.30334488348879,2.499318261398685,2.8087403635540107,3.3737600712752096,1.7191119291485535,2.414717090372715,3.472305130289919,2.361882102400143,2.3038994463959472,2.581385382162831,2.7496347743542593,3.0557092290436327,1.7191119291485535,2.236875417643048,3.5116122396653764,2.423317910266518,2.2614897759824575,2.6221836593596763,2.7239351891916477,-0.8753158537034819,1.7191119291485535,2.3548185036397564,3.466839866463088,2.4549389080384154,2.3357082682466386,2.6719589233577383,2.75886575938042,1.2228786101181321
2019-11-30,2.070702599713048,2.7222669836031534,3.5301827444601033,2.527311891499534,2.6059219133189897,2.615992787852366,2.92658720652093,3.489583473179793,2.070702599713048,2.553007820769308,3.5043557257762017,2.569096294776269,2.611449504690235,2.4240400170579,2.8754866137739263,2.120945778937299,2.070702599713048,2.408051444713532,3.494016165588425,2.7292754630560463,2.530059899703498,2.5811053279147327,2.877114357786001,-1.6173549879657183,2.070702599713048,2.5538536960121574,3.411900547718382,2.7847027284197927,2.5699518217964057,2.8347575478000766,2.916818990716777,1.1688870339403774
2019-12-31,2.2930353112747603,3.143027623504393,3.816330232419702,2.592297807593474,2.6446558137155893,2.6093538165389796,3.1838852211725226,2.303784142676044,2.2930353112747603,3.074820739472906,3.799544516664556,2.6930198230470554,2.6254600633533647,2.540112383450852,3.1891283597281728,-0.8577414812848334,2.2930353112747603,3.0160461145859667,3.784852277276247,2.924163455104721,2.693600969504293,2.6168790077837754,3.2416872823223115,-1.2317946444955046,2.2930353112747603,3.0695351221401292,3.673105263039979,2.947918953345612,2.6603415218314233,2.8438203793628762,3.23018644617524,1.3117775848018642
2020-01-31,2.566548531176416,2.6162633772108665,3.326526660471071,2.8807143549904985,2.995928878418675,2.80884616974605,2.941168130890812,0.5694697209561327,2.566548531176416,2.73126138736378,3.478145819914465,3.0339571881078022,3.081842650445992,3.0010013635248987,3.0811214651286822,-4.806340936450647,2.566548531176416,2.7100834224840504,3.47682048626291,3.0110186732734414,2.9903984701790476,2.731870207237206,3.0659741940068006,-0.5990585739149625,2.566548531176416,2.832867049283481,3.3834781281827526,3.0503570940172207,2.931973869834048,2.9579412307803166,3.0889007571611518,1.3644920352352425
2020-02-29,2.3143283045387264,1.8834547246112323,2.4436272245233854,1.819534547728885,1.9399892141203146,2.160132311613939,2.0488721656211677,-5.44647830748661,2.3143283045387264,2.362819767523804,3.254066630643896,2.676425479542286,2.6762676134832866,2.5041331770756856,2.7644372925699954,-5.355655754868746,2.3143283045387264,2.5025545238673215,3.4584035303228013,2.95741081132173,2.8665054271144523,2.521729860555923,2.972789621837284,0.0509096241221739,2.3143283045387264,2.603014408460923,3.4569066116921467,3.0480883152114364,2.841654262092527,2.74006349699227,3.036003111788169,1.6560286184348536
2020-03-31,1.4829891206053603,-0.9896953154728234,-1.5657185315650577,-3.702271235984803,-3.4564551261372642,-2.5829187027134792,-2.085895027674228,-9.542014222821413,1.4829891206053603,0.5715883304550136,1.1406874590076141,-1.0277134417199734,-1.0290511340677564,0.03519647685379958,0.22818744924755144,-1.605847807706184,1.4829891206053603,1.1839755799265061,2.331549836512181,0.7996335926863152,0.6271368913612041,1.452594400177558,1.438386336375001,1.483195460137926,1.4829891206053603,1.2988840252250742,2.577377026314323,1.40685364443502,1.0871597464573095,2.4258626127929985,1.7610382319914724,2.632853015763096
2020-04-30,0.3125583212112204,-3.504220104746799,-3.656108115894731,-11.665557301585931,-10.737045548370736,-3.0809949792974947,-6.275295174075819,-1.078474734298177,0.3125583212112204,-1.29428017089564,-1.9434574384242653,-9.31947811828013,-9.271820879272543,-0.05608699681555476,-4.1857385758666785,3.6082237886206894,0.3125583212112204,-0.44657123227423223,0.6966280927940467,-7.354327909324161,-9.53230885659288,1.957736253258728,-2.368090349601449,3.3210730739397594,0.3125583212112204,-0.334807121079333,-0.8708932593340316,-8.392727191452419,-11.985811915210888,3.4025922841839367,-3.199475857288595,4.049948282641079
2020-05-31,0.19800514395234003,0.2105164389384837,1.6351477268833157,1.799182713986661,0.011665451515444403,-0.9452040114314425,1.2149489599361534,5.802945534001231,0.19800514395234003,0.1983979766963878,-1.3254509167803061,-5.230485627774602,-5.466863315194242,0.43883243771276614,-2.1191795226195067,5.457475003113058,0.19800514395234003,0.3433895808642088,-0.1001470132105351,-4.983620178219313,-6.913606847706067,2.1859439547152086,-1.5801258701885466,3.955129055846502,0.19800514395234003,0.2821736484247319,-1.8299870872275026,-6.4431885020986535,-9.440538743300069,3.449164412817655,-2.663667313633808,4.801135706806364
2020-06-30,0.7141005055379956,2.9623992232942356,6.196400477998052,8.488594081709472,7.035214118286488,1.98656480057944,5.88246459433392,6.100200566159359,0.7141005055379956,1.5431649069887161,0.3156437793253746,-0.029998841042240265,-0.06900610327562529,1.4864958981132679,0.6096032817572835,4.572238727981961,0.7141005055379956,1.1577139741727887,0.28961870314220883,-1.5313792926503274,-2.766794184163227,2.7032352465491467,-0.028015538445109955,3.855349814099244,0.7141005055379956,1.1428190750677705,-1.1984388039201863,-2.9597582198671284,-4.8979742316405925,3.4315339771820104,-1.0051259829065147,5.160175670148394
2020-07-31,0.9919288416800676,2.584153897320949,3.794633412228974,7.938568749567033,7.352216024593164,3.4980024666787752,4.772452019705653,4.469278909178993,0.9919288416800676,1.6038042534049861,1.9854249649150366,6.25018156333661,6.291341186537053,3.5517759856811266,3.279803593885544,3.0339223592588294,0.9919288416800676,1.2027179452534429,1.9115588695173136,7.261285281481399,8.209369581095675,3.6825793844112864,3.458520698750718,3.328042644385445,0.9919288416800676,1.3916854906259515,2.3306734455594826,7.1762796120688686,8.650884891623495,4.228688619230232,3.6328795160847673,5.1122388906478475
2020-08-31,1.2729335637454042,2.0591315265872696,3.136120099982449,3.956715606240831,3.889475752280446,3.0180660405619624,3.0506557442701827,3.147236708607787,1.2729335637454042,1.4219046597191654,2.8172251493983724,4.235835509836636,4.318449421074169,3.204707996316801,2.8249884396513907,2.4527831085798693,1.2729335637454042,0.9604349376540768,4.1130128156466705,5.80655793994463,6.558230897234302,3.9464052742069096,3.626668564415126,3.261147612747556,1.2729335637454042,1.4309053791615765,4.862703680793784,6.426642767783239,7.676173353130766,4.502700948141658,4.240083942579533,5.023688194741347
2020-09-30,1.3814369605231747,2.10395019870564,2.661832551134762,2.020781475855345,2.1329584005142035,2.6439379081643137,2.2621880752319155,1.4852514599896685,1.3814369605231747,1.7699043921077937,3.1800867501875554,3.15138492053073,3.1249681438819303,2.9897985618354763,2.7004586876086933,3.138460900216448,1.3814369605231747,1.3722214243788675,4.451795067015032,4.2144693973725165,4.39595661234174,3.528593099342392,3.346161962922139,3.7825105713882667,1.3814369605231747,1.9216671809756756,5.0344126400852325,5.029054448277024,5.438096699284296,4.051636312018098,3.9950447564459775,5.212949279021375
2020-10-31,1.2228786101180944,2.4299311056919493,1.412381239591183,1.0270746982878105,1.058352857292403,2.784329045711764,1.6231290145236477,2.725861157142317,1.2228786101180944,2.7960930942717823,2.2820802129957563,2.5388215291254443,2.2169273008047434,3.199751372108453,2.5389982787976613,3.622162929512097,1.2228786101180944,2.855566934906976,3.1289144592661016,3.5866469130299885,3.274562665940122,2.9991350011088618,3.1903761024010215,4.778823491342429,1.2228786101180944,3.0352196182143185,4.228624854709551,5.171377872407606,4.903661328070699,3.7429197075854943,4.145074115110492,6.0483834403275
2020-11-30,1.1688870339403579,3.5511582865242866,2.501269042728854,2.661893951873428,2.430241429563833,3.146152668622407,2.904773760375523,5.204270083517513,1.1688870339403579,3.7820610698030492,2.79326804585468,3.5305668940456214,3.022384023301406,3.267907619679998,3.3686320032344503,4.069512116915189,1.1688870339403579,3.9343704824900576,3.0138039116736826,4.5552379983041495,4.108025086507659,3.136842301708442,3.834470797489297,5.647142357766257,1.1688870339403579,3.7993180945052742,3.6924639270701043,5.214512091253018,4.518868711885535,3.6351177028132806,4.235431370942798,6.6742064087263975
2020-12-31,1.3117775848018987,4.6067791376170435,4.070756201786454,4.488401741832449,4.061707801878081,3.5434550197255406,4.388645693745316,2.936357547876624,1.3117775848018987,4.2405913868009595,3.3587411487318226,4.286194213538107,3.751896548781695,2.9938380237093902,3.9618422496902963,4.4265602425600905,1.3117775848018987,4.196356143918408,3.126007048835672,4.722734082546229,4.44626444841164,3.0663819885711305,4.015032425100103,6.465001526197538,1.3117775848018987,4.0360261627865,3.448328134260726,4.66116939584334,3.958525139693701,3.5748653541248716,4.048507897630189,6.928667098426382
2021-01-31,1.3644920352351875,3.1346244630921953,3.4964868188150806,3.948279237762267,3.559281151892236,3.0090016610072285,3.526463506556514,4.067908719351374,1.3644920352351875,3.289088000060191,3.0164827179784135,4.129233449258789,3.3994496161242127,2.9255400805409058,3.4782680557657977,5.935484053172732,1.3644920352351875,3.3928343554250593,2.86383010204879,4.317789187200227,4.065813954010813,3.3076301536288977,3.5248178815580253,6.8964351369102825,1.3644920352351875,3.3803560260479495,2.8510283749613086,4.181594115706911,3.591638397441616,3.336675279869237,3.47099283890539,7.286754203155345
2021-02-28,1.656028618434835,3.6194798489664275,4.34339970784673,4.405756264666453,4.31992877296346,3.003330766626609,4.12287860715987,6.275414460452241,1.656028618434835,3.5373079261469345,3.4686973902466667,4.197621917751734,3.8702800840548424,2.7459788302656873,3.7345424113817782,7.22477259861734,1.656028618434835,3.4548691385473917,3.120688139963276,4.418749417034817,4.068501503668222,3.04090477558285,3.664768898515162,6.786228776735129,1.656028618434835,3.4636022172331,3.008866175796592,4.641062766052265,4.090525614180891,3.354054405173448,3.7045103863606523,7.638012027240038
2021-03-31,2.6328530157631036,4.858690409242332,4.941245843166628,5.198879301256846,5.237434742777479,3.750476283679917,4.999605184555269,7.463128979714503,2.6328530157631036,4.208455459000107,3.8848553058004214,4.553349980419555,4.472217771300004,3.2177529691790143,4.215553581740028,8.503442809835008,2.6328530157631036,3.929583204648479,3.549686864957793,4.704380841132959,4.579093658351163,3.7542501242203707,4.06121697024641,6.643387986654482,2.6328530157631036,3.953840409715287,3.57447195221309,5.437476120608277,5.2627399822267,4.230313302556879,4.321929494178884,8.224524921416295
2021-04-30,4.049948282641136,5.535062629848386,5.6848278722451075,6.384407138667642,6.400120971079227,6.340938293016297,5.868099213587045,7.935774355685189,4.049948282641136,4.900262276588038,4.916442044283892,5.877579113185554,5.912840101799333,4.934697187316013,5.2314278113524955,7.857386220647741,4.049948282641136,4.6408250835795135,4.700072091386544,5.784923731009155,5.582977619601373,4.985013133717033,5.041940301991738,7.317943389312583,4.049948282641136,4.609544716835474,4.630113148154383,6.031908975177147,5.819397293481734,5.127087133887625,5.090522280055668,7.9104582578935965
2021-05-31,4.801135706806381,6.133181999480821,6.083310461849672,6.309485148976366,6.242159478591548,6.7956010023412095,6.175325870102287,10.111425094105291,4.801135706806381,5.560066867526956,5.648479569992915,6.04706148585892,5.785681386095156,5.4967396361648415,5.75186930779293,6.347684954852942,4.801135706806381,5.337486730343642,5.574373389964769,5.823016086920676,5.78148659398253,5.589784473847378,5.578292069076362,7.7012704596865795,4.801135706806381,5.2497373651439325,5.540816746628728,6.061980697328808,5.888238027102108,6.021810083381558,5.617511603033823,8.193173337717488
2021-06-30,5.160175670148348,7.33773288639732,7.4975309926751175,7.213157049547149,7.1858436209056045,6.679443991331354,7.349473642873195,5.524959212152874,5.160175670148348,6.3608166700160975,6.7241494109240945,6.576048108919492,6.364886727706599,5.737843529385859,6.553671396619895,4.783333163473956,5.160175670148348,5.915588418798238,6.503451085773547,6.226893556407225,5.990145783751766,6.1483626027464435,6.215311020326337,7.392332670655239,5.160175670148348,5.857426757893558,6.401449997982384,6.384806959058771,6.106954302093959,6.724476155666261,6.214561238311571,8.598833063458912
2021-07-31,5.112238890647802,5.422412255973149,5.245464494921364,5.153509492617626,5.130271318037517,5.620430910735544,5.273795414504046,3.40667055830068,5.112238890647802,5.554718231186116,5.3212360166889425,5.441964247180437,5.384496982086007,5.856164059893496,5.439306165018498,6.778500557977349,5.112238890647802,5.5897972209697535,5.424781774421376,5.641609011811923,5.534795361991646,6.082847840886983,5.552062669067684,7.677073269400446,5.112238890647802,5.576421941232805,5.3488089899073135,5.806474701018031,5.637423284114837,6.001390956570876,5.577235210719383,8.123501254378326
2021-08-31,5.023688194741283,4.6212905406097775,4.189040796475212,3.932488550320315,3.962335246164582,4.850092024872825,4.247606629135102,5.418369719968248,5.023688194741283,5.27496350396177,4.757115162436375,4.833892518478116,4.786119500204402,5.149275841527365,4.955323728292087,9.054855964520144,5.023688194741283,5.507742558233186,4.9693867524143815,5.408212352659945,5.393101636562152,5.8925136310267225,5.295113887769171,8.489795277744934,5.023688194741283,5.410851770645504,4.905507293280799,5.598653132989789,5.4964810658823655,5.562170026834219,5.305004065638697,7.901983867414968
2021-09-30,5.212949279021384,5.874108696880996,4.300513529331577,4.777663989648641,4.745692690978094,5.145046307556999,4.984095405287071,11.51046139566296,5.212949279021384,5.827953115016459,4.300057835522258,5.079296350134619,5.20312201978685,5.644991568492016,5.069102433557779,10.001332177836517,5.212949279021384,5.892859145156821,4.41284713137585,5.571438233513792,5.756924556553454,5.628826480632719,5.292381503348821,9.805661856178133,5.212949279021384,5.683180777670427,4.3785712556901615,5.560286066568581,5.494373904011559,5.31255977656913,5.207346033309723,7.87382285621273
2021-10-31,6.048383440327498,8.620810331010995,7.3386923246878055,7.926693414786616,7.904861805185435,7.869312930221558,7.9620653568284725,10.235736777929192,6.048383440327498,7.388273944653274,6.067594106813948,6.913710810733923,6.947021381436963,7.130282953379143,6.789859620733715,8.575645980823483,6.048383440327498,7.039804113264626,5.7946079352902355,6.812956525159494,6.979033976825793,7.2868163590733035,6.549122857904785,8.50297312647464,6.048383440327498,6.727238146736408,5.710445764023194,6.746140495850079,6.673037978679223,7.224146287942732,6.3946081355365605,7.472533972171916
2021-11-30,6.674206408726402,7.939443964925867,7.126392827113167,7.051789362438625,7.233948645952554,8.034990986859757,7.372542051492553,8.257798359917334,6.674206408726402,7.196733809417232,6.439198970390428,6.614616806606863,6.908446546256316,7.452583600510063,6.750183195471507,7.924734590969733,6.674206408726402,7.0855589675636566,6.428339500528709,6.737847577509462,6.954081289105963,7.601418668562028,6.750582015200609,8.685076215748415,6.674206408726402,6.816733039962772,6.413164737064175,6.77985482953992,6.779136155424783,8.150991319913318,6.669917535522289,6.88061809890154
2021-12-31,6.9286670984263665,6.674096457800005,6.76825841060341,5.961995720543566,6.325956493117646,7.691602182329976,6.468116862982328,7.233402804623951,6.9286670984263665,6.464919210898119,7.07070738489486,6.343926148962613,6.714949102036825,7.184298192300981,6.6265175815851975,9.609991534519766,6.9286670984263665,6.326588369927676,7.253114749449682,6.463969194485789,6.659779335159362,7.152009204120374,6.681224104621049,9.805333456262632,6.9286670984263665,6.268125086308838,7.292547394754651,6.7976816753291445,6.838379448305493,7.83463014826176,6.7861180521308775,6.207862684902532
2022-01-31,7.286754203155343,6.63685573881678,6.147006866938791,6.206562581610038,6.5518182260014886,7.031189621242814,6.33014172912187,8.283002608367646,7.286754203155343,6.461740863148224,6.322030851770075,6.322717250486942,6.7053160101441005,7.651433878805551,6.36882965513508,8.430300272125756,7.286754203155343,6.309647654853215,6.417310815995838,6.358014243665602,6.660724514166887,7.732664607741123,6.361657571504885,8.569929239356245,7.286754203155343,6.284968553896219,6.417448302642544,6.583420445451418,6.833124365515555,7.911225071073078,6.428612433996727,6.135074417716258
2022-02-28,7.638012027240038,7.468171193555326,6.692050754458226,7.380445413606276,7.604107825793884,7.581407043774285,7.180222453873276,13.313569190567536,7.638012027240038,7.180809035603108,6.1804768094403135,6.95234106831454,7.100840262671604,8.109550599833499,6.7712089711193215,9.44541784052706,7.638012027240038,7.061845411569106,6.016741743603422,6.909072128587605,7.187384135298155,8.232418457403826,6.66255309458671,7.314172457085045,7.638012027240038,6.890479309794002,5.9135071824316245,6.923614641386138,7.252274881100412,8.11826220774336,6.5758670445372545,5.787091136902901
2022-03-31,8.224524921416254,10.419764067489623,9.493934216323774,9.507580209803816,9.649330373069027,7.871395049375642,9.807092831205738,3.694329017442104,8.224524921416254,9.20464576536248,7.521045163741532,7.779682430514692,7.602333954912583,8.019064059409608,8.168457786539568,10.000675378005509,8.224524921416254,8.891955597778122,6.855467870535192,7.569691330856217,7.892131375639348,8.464779481135691,7.772371599723177,5.941983856247307,8.224524921416254,8.462048713128937,6.60702145572478,7.368750912734939,7.809078178387306,8.368798581147026,7.479273693862885,4.80062318594435
2022-04-30,7.910458257893627,5.295140064055733,4.555240837828762,5.88420430503094,6.072250973039105,6.979358081934585,5.244861735638478,11.328355313571778,7.910458257893627,6.183293533680647,4.959672598352322,6.3051925220756555,6.5426181372434336,7.811967079750028,5.8160528847028745,8.709558206586683,7.910458257893627,6.645640402400743,5.142255129453989,6.53318894374681,6.810686141827569,8.618129578869883,6.107028158533848,6.442094817869186,7.910458257893627,6.47075892116939,5.179421717654772,6.442064928071414,6.648967550148046,8.559732147888269,6.030748522298524,4.831462139426259
2022-05-31,8.193173337717496,8.864694706510553,8.854217355489038,8.242858634318459,8.548086063125279,7.506089755703874,8.65392356543935,14.979341803002663,8.193173337717496,8.235278320116795,7.963279743315351,7.336119329408119,7.3185443788639954,8.618282735858893,7.844892464280089,5.182927073642918,8.193173337717496,7.8545349460524685,7.470407430715861,6.992028462011554,7.24326677613257,9.108881928813815,7.438990279593295,5.076159982054681,8.193173337717496,7.561729623557598,7.232860067934999,6.775896102625531,7.045369852950785,8.965420780225939,7.190161931372709,4.0487710474865315
2022-06-30,8.598833063458944,11.216576487502085,9.817380600817053,9.54115417303034,9.583324142679142,9.48012832964122,10.191703753783159,-0.17902249681424734,8.598833063458944,9.415813592626137,8.476547656510084,8.1159700566241,8.201272003795067,9.358732212516719,8.669443768586774,1.88329233448918,8.598833063458944,8.857274081523771,8.096985314296633,7.763451042291038,7.942549495625945,9.717952484461124,8.239236812703814,2.6103919135424505,8.598833063458944,8.600186246623146,8.008917511563888,7.555584765303681,7.7281941583275096,9.413698702676784,8.054896174496905,3.024416997387201
2022-07-31,8.12350125437833,3.331695426950122,3.695801944453295,4.323687573782549,4.54733063002619,7.397307965391874,3.783728315061989,0.7484619147404606,8.12350125437833,5.163752470286642,5.406992905456243,6.058766663624426,6.3251621206800195,8.099740851081988,5.543170679789103,4.174631429151666,8.12350125437833,5.9295393895816435,5.906556340880481,6.543154102270858,6.616878651217162,7.829355968116085,6.126416610910994,3.7002195960762756,8.12350125437833,5.863710649439362,5.943582981408161,6.310145648518735,6.40818171668499,7.869847654334078,6.03914642645542,3.2348589381847344
2022-08-31,7.90198386741503,4.519456294124161,4.435783167940056,5.444044906152415,5.747899803200897,6.531008132326835,4.79976145607221,5.080437585541141,7.90198386741503,5.581587872558894,5.4572617026164565,6.204347876725568,6.291822084804057,7.023521359687094,5.747732483966973,4.9693928904664375,7.90198386741503,6.184883167407329,5.6524419368013366,6.495032254561531,6.856896954835879,7.0842412503928625,6.110785786256732,4.260009816720778,7.90198386741503,5.8029195504261,5.5049327228915175,6.081096701602986,6.42942184759193,6.5101266189139375,5.796316324973534,3.6548924058198438
2022-09-30,7.8738228562127865,5.660367745571284,4.068881916695283,6.17519896998394,6.289977750363285,5.4613453703536,5.301482877416836,6.69499478717344,7.8738228562127865,5.297450957775228,4.2772238709625405,5.879892007874318,6.433500232902249,6.581234078388182,5.151522278870695,3.3374914925957686,7.8738228562127865,5.352353782552119,4.401478134662347,5.848753957340781,6.528637951007791,6.5443252244971735,5.200861958185082,3.6592625156413603,7.8738228562127865,5.240092261526702,4.428499278983195,5.589867384017881,6.186079615939342,6.087561153235329,5.0861529748425935,3.620855266978589
2022-10-31,7.472533972171913,6.037420629472596,5.406037391339531,5.812068857054836,6.029155184913438,6.115144141117857,5.751842292622321,3.1327462986846455,7.472533972171913,5.958139056678108,5.300151453412454,5.69680176591446,6.186298255757572,7.091515248327646,5.651697425335006,3.2258077630008737,7.472533972171913,6.082937955967381,5.286438490143074,5.832111328168477,6.282413549982156,6.700286253927998,5.733829258092977,3.220829460983325,7.472533972171913,5.755132597733169,5.259264532613769,5.406110800256414,5.710479107466298,6.043366941015363,5.473502643534451,3.1995306406085313
2022-11-30,6.880618098901525,4.249720962552189,4.463786688868092,4.316846291211393,4.597260739942546,6.359050085125446,4.343451314210558,0.18473339192921406,6.880618098901525,4.739469794596638,5.154715823916051,4.714807624235101,5.176621501674177,6.372408929488878,4.8696644142492636,3.550626742975079,6.880618098901525,5.13829502225952,5.317490575475831,4.958191927114807,5.373304909505985,6.0560589561213805,5.137992508283386,3.0213821129184,6.880618098901525,4.828419187975436,5.244193415154461,4.502874168360842,4.741386325645458,5.911846491743355,4.858495590496913,3.085258896360219
2022-12-31,6.207862684902565,1.7192384694743787,3.3397785002904405,3.314079964992663,3.8957584814503923,4.9043455982482165,2.7910323115858273,6.35994359838862,6.207862684902565,2.2935074422999557,4.294223203113953,3.484635854514505,4.459291402805103,5.163088431616568,3.357455499976138,3.981033538686993,6.207862684902565,2.4352012887517485,4.452613445606957,3.3812758865765966,3.9624061521848093,4.605373047531814,3.4230302069784337,3.438442081231923,6.207862684902565,2.621979817386069,4.31248674138603,3.110380942519015,3.5646869353454287,5.509436714454695,3.3482825004303716,3.262119514850138
2023-01-31,6.1350744177162575,5.077094581754603,5.802181511151332,5.492889992502718,5.686735366004141,5.3754801929719465,5.457388695136218,4.107203238607272,6.1350744177162575,4.250759908826522,5.493406740386357,4.457286960465522,4.988277875992597,5.453403849772762,4.733817869892801,3.2158511589657657,6.1350744177162575,3.958375045907135,5.333057017756772,4.123400845735292,4.514662003716371,5.396287349702754,4.471610969799733,2.769498280293193,6.1350744177162575,4.042419000635064,5.177642017396749,3.7272161264996413,4.029538939763127,5.652191188942359,4.315759048177152,3.041613352594894
2023-02-28,5.787091136902944,3.969144835781188,4.183142612003504,4.277979183577382,4.380523958099685,5.199400078546834,4.143422210454024,1.4759537790647683,5.787091136902944,4.002164387752865,4.527359528324293,4.0853969530824745,4.626881782672918,5.740744030479773,4.204973623053211,2.4921374828616645,5.787091136902944,4.121809069881375,4.661459863849949,4.113970172317266,4.345283556537061,5.600139092402845,4.299079702016197,3.049774994918919,5.787091136902944,4.10969961657659,4.613170217009769,3.691518052213354,3.66243851366382,5.424258590481445,4.1381292952665705,3.108263228906804
2023-03-31,4.800623185944364,2.630375596694705,3.7931066505591238,2.9431922501083574,3.0286240090996723,3.760803603296118,3.1222248324540622,4.0643964592249535,4.800623185944364,3.3344667118242795,4.536397245256697,3.2845507655718778,3.4188122735435575,3.90452554936356,3.718471574217618,2.8958506237769166,4.800623185944364,3.599216679958578,4.683993156260774,3.234655834393124,3.293170266406757,4.059241989224846,3.8392885568708253,3.5824480183157945,4.800623185944364,3.526917547881255,4.552701828179611,2.789186870333989,2.569457112260338,4.255091099796386,3.6229354154649513,3.4274219709797973
2023-04-30,4.831462139426179,3.9682309244806326,4.8614901521553495,4.617288276258854,4.509150014946448,4.7799676686595856,4.4823364509649455,1.9360622102951417,4.831462139426179,3.654592488107919,4.789256296747091,3.7563865685575935,3.792424071946261,4.102527430527791,4.066745117804201,2.3231454016206463,4.831462139426179,3.5627734371868662,4.697808520861029,3.232713293176171,3.349023177324132,4.050172104765097,3.8310984170746885,3.178231820233762,4.831462139426179,3.6083296118392574,4.497089158986968,2.7367213404252375,2.6072268845725617,4.364428732957377,3.6140467037504878,3.3055546801244096
2023-05-31,4.048771047486532,2.544700916753741,3.358693634945184,3.0348596794743723,2.922444569557852,3.678662347106089,2.979418077057766,2.687093201810665,4.048771047486532,2.7753397955164023,3.9211814827986387,2.9974963794685117,3.1360417889888885,3.724282459271697,3.231339219261184,3.6074125069761767,4.048771047486532,2.8550874101903805,4.081435541025204,2.72659224829618,2.752999438812906,3.6330362288012497,3.221038399837255,3.1491356798020385,4.048771047486532,3.0317893798596187,4.022964366708964,2.387895643763892,2.1662073631460372,3.521715052784748,3.1475497967774917,3.192763108768695
2023-06-30,3.0244169973872026,3.256800499070253,4.097018847461601,2.3743466349732945,2.40325805855813,2.960190305658388,3.2427219938350493,2.3462807927563363,3.0244169973872026,3.5131345865048793,4.401118023658792,2.4963940978131838,2.4632469209218963,2.818881130549013,3.4702155693256187,4.269045412854689,3.0244169973872026,3.6263309498091125,4.436464187340634,2.6533158946607927,2.4091926973454854,2.8314351716416835,3.5720370106035126,3.085796948468342,3.0244169973872026,3.5788761028697125,4.317252408744711,2.309314152856863,1.8359579233623635,2.688376649660298,3.401814221490428,2.9270002762863916
2023-07-31,3.2348589381848036,2.9130577721942137,3.5426171029457887,2.302133937130561,2.34866796595362,2.7513344049623343,2.919269604090188,5.788863526361809,3.2348589381848036,3.008135354771591,3.8657776082543185,2.1599877395578555,2.3495930654763093,2.567215418779602,3.011300234194588,4.0333182388468245,3.2348589381848036,3.0885829462712833,3.9495348313867833,2.251362823315911,2.157260131827522,2.5989411798978375,3.0964935336579926,3.3137284248965915,3.2348589381848036,3.1255327980471224,3.888455390582427,2.022969576064821,1.7090865552742116,2.6271666703627163,3.0123192548981232,2.8990444577876984
2023-08-31,3.654892405819865,4.284630970225168,5.532011937563565,3.9398078589047105,4.002274375204416,2.7899496066467937,4.585483588897815,4.671991919446171,3.654892405819865,3.7242764627377865,4.894955003988841,2.850087043303174,2.940766259959747,2.3172923303043036,3.8231061700099342,2.6908588526278683,3.654892405819865,3.48773885924173,4.620427675551367,2.5537580350236126,2.411534310306639,2.250151494232642,3.55397485660557,3.166751462894672,3.654892405819865,3.561045422764474,4.448407215840198,2.312917144432116,2.0372757647085904,2.7126288237143625,3.4407899276789293,2.573737873641775
2023-09-30,3.620855266978573,3.980465855820575,5.063719966469607,4.268424315817412,4.143763594449261,3.794488786759504,4.437536712702531,1.6390992707328085,3.620855266978573,3.7980328757284756,4.570277247495249,3.30007514366629,3.199984069797897,2.906930633715726,3.8894617556300055,1.902548484081897,3.620855266978573,3.7557298497826666,4.313904889535881,2.881138309540044,2.6986651100804,2.7458935100493034,3.650257682952864,3.272395923643787,3.620855266978573,3.79205175946824,4.152607659005865,2.5005132797456,2.1265915674856313,3.0751659888430725,3.4817242327399014,2.39751165349603
2023-10-31,3.199530640608561,2.439547638857767,3.8711332346516505,2.7399802512536535,2.7542738183756352,2.2999861161093116,3.0168870415876903,1.7614853677049058,3.199530640608561,2.918149144626094,4.1657245629209605,2.669209863603105,2.5874269590705685,2.7957842141850353,3.2510278570500533,2.5941386109463096,3.199530640608561,3.020090150557326,4.100806119723256,2.3901262790672364,2.1232345124982066,2.3883180146410634,3.170340849782606,3.432877540015085,3.199530640608561,3.1325147538037177,3.978668840002742,2.0788233859528074,1.6916204343047094,2.5833281523432405,3.063335659919756,2.5461527181436883
2023-11-30,3.0852588963602656,2.8489348841522437,3.344965248197425,2.5024939210912347,2.3964139443779553,2.9260780173196475,2.8987980178136343,2.3070608138083113,3.0852588963602656,3.08625283438323,3.7963150057629065,2.5681787222652686,2.4465130643631845,2.573870951895579,3.150248854137135,3.6426440731614247,3.0852588963602656,3.162810811253599,3.9034119357844537,2.3870474583479537,2.2351570474338756,2.5998921053063446,3.1510900684620022,3.236390537735344,3.0852588963602656,3.216098473410185,3.8564930212213637,2.0319209254526394,1.6314832533333377,2.83915001950771,3.034837473361396,2.6831518244157313
2023-12-31,3.2621195148500703,2.9672517794380875,3.0678416109363056,2.03781393144665,2.0017137001161402,2.340432858603513,2.690969107273681,3.713869651326036,3.2621195148500703,3.0741615074151687,3.735341890484436,2.403640184925732,2.509798904299986,2.3675390213008085,3.0710478609417784,4.642243363205649,3.2621195148500703,3.1333418747110864,3.99530353308786,2.5291081211107596,2.413268770232385,2.6400780180172094,3.219251176303235,2.7682036041044378,3.2621195148500703,3.184030716928713,4.041060730814685,2.293097853486759,1.9281849022322834,2.6834615071767436,3.1727297670767194,2.8302586032356896
2024-01-31,3.0416133525949185,3.632177904188606,3.7640919441340657,2.3876665834339357,2.643806482424746,2.550273509361126,3.2613121439188695,4.907001754350214,3.0416133525949185,3.6007318204173355,4.103965125524635,2.5421869041904737,2.770440175652274,2.9594453482824448,3.4156279500441484,4.2716164690837966,3.0416133525949185,3.637132350485671,4.287321782616983,2.831670123944776,2.6672621018758282,2.984033320902977,3.5853747523491433,2.4843604906787973,3.0416133525949185,3.562861853081116,4.291901635473026,2.5198595778081625,1.948046648827293,2.978184904872045,3.4582076887874345,2.947120916169289
2024-02-29,3.1082632289067824,4.022633512047319,4.745651898604447,3.335233574117204,3.4920160036834997,2.9710075816941814,4.034506328256324,5.305858683940667,3.1082632289067824,3.7149570146427644,4.646794356786618,2.9100268328209133,3.071266667229006,2.72665727592644,3.7572594014167646,2.8301370023092307,3.1082632289067824,3.6327712420039373,4.610015426189885,2.9592304966720797,2.775668248690776,2.7859858009990295,3.7340057216219673,1.980724284388877,3.1082632289067824,3.619716813060091,4.532753435401144,2.6786075810693717,2.223490447061023,2.942165948454922,3.610359276510202,2.7630570102685317
2024-03-31,3.4274219709797826,4.067121967096968,5.295961688904275,4.126810692106337,4.209083895679223,2.63819165666044,4.496631449369194,2.6019889689604385,3.4274219709797826,3.6960024397005844,4.996834449370056,3.4615173229295735,3.563974380671554,2.42475709343795,4.051451404000072,0.8941638450033169,3.4274219709797826,3.5254252535886614,4.848572061521598,3.256315540743537,3.0969224224111103,2.720088651824933,3.876770951951265,1.5226273833483108,3.4274219709797826,3.6254029711658537,4.713607702431345,3.0454427586169754,2.709402053977091,3.0424052796617036,3.7948178107380577,2.3540548856848638
2024-04-30,3.305554680124434,2.9800224418431536,4.109489699309068,3.489629237818744,3.3888440107269604,2.0708761840552135,3.526380459656989,0.5825633540264294,3.305554680124434,3.230018375659877,4.249259472678986,3.355629930223999,3.211389684071935,2.6815326620559534,3.6116359261876205,0.697104512273855,3.305554680124434,3.2747301067136974,4.191066003576562,3.114233379927038,2.9825993755705746,2.8036971326275575,3.5266764967390993,1.6594278962723072,3.305554680124434,3.3902612417398923,4.071602409492619,2.903358845161672,2.660859068945115,2.8097298954629597,3.4550741654647275,2.2987630473163914
2024-05-31,3.192763108768659,2.230473252286429,2.9398036991948056,2.616763397683659,2.4494067427508037,2.665908225117802,2.595680116388298,-0.5020607879770992,3.192763108768659,2.824600535633646,3.48181657030573,2.9765737568679116,2.7452045256792275,2.913823533447496,3.0943302876024297,1.1313115664685536,3.192763108768659,2.997449950121006,3.5687111315746374,2.889773419085257,2.7825021339058447,2.8354667580070028,3.1519781669269666,2.12991311109611,3.192763108768659,3.075569931732318,3.491063370448004,2.6414003474583643,2.4139958212148294,2.787102965943844,3.069344549879562,2.349448153127192
2024-06-30,2.927000276286318,1.7783791512945466,2.0045258268265598,2.412859870734965,2.0279222628216464,2.7961695299098355,2.0652549496186903,2.010810970772087,2.927000276286318,2.4585789940891414,2.550434531648218,2.8453765747152024,2.524079903819663,2.6765293955488416,2.6181300334841873,2.1510909216932923,2.927000276286318,2.719885268481014,2.652687494031961,2.769359013785277,2.7493338228060757,2.9761303825473466,2.713977258766084,2.892313602366952,2.927000276286318,2.7373441904565343,2.6133432850890506,2.4374151083208297,2.332485450860805,2.840952635630033,2.5960341946221384,2.6451590202880437
2024-07-31,2.899044457787703,2.767376674696884,2.9527058550126295,3.104546654345689,2.7358357370057536,2.778412026690506,2.941543061351734,1.8851845166105006,2.899044457787703,2.8719169307806514,2.9576658361963797,3.101789001949129,2.8184507517568695,3.0362481216549724,2.977123922975387,2.621751280270798,2.899044457787703,2.9546051655858596,2.9305554407886563,2.9713683383110965,2.944932169846327,2.9697634992616067,2.9521763148952043,3.4098813416597618,2.899044457787703,2.903774731913843,2.8934783963097073,2.6033209281013012,2.5211961350843843,2.6476892816491056,2.8001913521082837,2.7056821032835927
2024-08-31,2.573737873641768,2.360310802356438,2.7912310891985674,2.723358011934737,2.5401161885382297,2.760042257190271,2.6249666344965807,2.5572772776971315,2.573737873641768,2.5115297107935017,2.9673467292198503,2.8104205914464675,2.7711521636681598,2.987211655465914,2.763099010486606,3.1285146557236674,2.573737873641768,2.6293334842241416,3.0231531146688253,2.794682607895055,2.7964043933824474,2.7650842477786672,2.8157230689293407,3.545389736148182,2.573737873641768,2.620576468819019,3.019995919817829,2.532887554446133,2.3990126606111177,2.6271895414621276,2.7244866476943272,2.8962427776042956
2024-09-30,2.397511653496043,2.3394500748031315,3.162780400788209,2.0865475005418865,2.3017719589476435,2.33077139396631,2.5295926587110755,3.422792046504479,2.397511653496043,2.3205305388499182,3.580787592999952,2.353007799457024,2.6055845539606635,2.536787316921668,2.751441977102298,3.6335362830405753,2.397511653496043,2.298217596318783,3.7426116718420444,2.414787694194792,2.4376847174559075,2.5443561465580404,2.8185389874518734,3.185482388021414,2.397511653496043,2.3914608947299945,3.764888085084241,2.3584079952204346,2.170953755332518,2.556504293011447,2.8382523250115566,2.9777919832690074
2024-10-31,2.546152718143624,2.783358427830506,3.309154234556019,2.176998092035492,2.4101650707754323,2.429689819269216,2.756503584807339,3.405474642969504,2.546152718143624,2.492223109930691,3.642843658549854,2.2245226022633764,2.5716059834580487,2.7093606213241195,2.786529790247974,4.198011403048747,2.546152718143624,2.3685281158279508,3.822984242998917,2.2387435576235406,2.305107340316231,2.6256211353148755,2.81008530548347,2.938098198360499,,,,,,,,
2024-11-30,2.6831518244156527,2.808387267049888,3.343039807565108,2.112445679495567,2.4497212159981627,2.355990935529052,2.754624251370188,4.072342159647672,2.6831518244156527,2.6345556275695605,3.676547423045241,2.2248745728851396,2.61511404728799,2.6239849664552253,2.8453258744999803,3.9622648165726813,2.6831518244156527,2.5193633308275274,3.8525991513023037,2.3250487525619525,2.3100378233584484,2.6355181844239133,2.899003744897261,2.5689831951582525,2.6831518244156527,2.7140621797671654,3.9069923809891445,2.481588619911679,2.3159629606941303,2.5750352655863247,3.0342143935559966,2.6607304412109323
2024-12-31,2.8302586032356913,3.499685850081557,3.888926462900007,2.6629035783264556,2.798332557098472,2.7357244534488765,3.350505297102673,5.1162174065292625,2.8302586032356913,3.2985261116481652,3.927847468280025,2.5774329713796984,2.6949004580771403,2.480248138175078,3.267935517102629,2.73742849300227,2.8302586032356913,3.200671968776375,3.9837245508774872,2.6046048485620488,2.583635403140142,2.682065777410888,3.2630004560719708,2.3980044382091537,2.8302586032356913,3.290254896065802,3.9780426758796756,2.6959375143072775,2.5614651826826513,2.629783084334322,3.3214116954175856,2.6187145118178154
2025-01-31,2.9471209161693324,4.132203439873405,4.426129713301279,3.7184061021434274,3.714793002854481,3.1035619244523387,4.0922464184393705,2.6982348835411196,2.9471209161693324,3.760776472952506,4.219421374492667,3.3477063407762646,3.3542098957655786,2.970066263490769,3.775968062740479,1.67818499367224,2.9471209161693324,3.6032242177440565,4.196601685715381,3.15739694616916,3.055653290226381,2.835037078056561,3.6524076165428654,2.0014828649074383,2.9471209161693324,3.683473254606098,4.167464359341005,3.1514265522176608,2.8927110089100414,3.26895335260653,3.6674547220549214,2.3630599411519415
2025-02-28,2.7630570102685326,3.0757919986871283,3.439415763418733,2.79134230514291,2.674300519102816,2.387104857442783,3.1021833557495904,0.39783318893665365,2.7630570102685326,3.320785246057782,3.769662667090654,3.0878237717695125,2.8501747457374202,2.7224229710807815,3.392757228305983,1.1757015737438326,2.7630570102685326,3.3828063698814503,3.887368354085561,2.995796478178253,2.8713876268216363,2.9353501934414354,3.4219904007150883,2.2470958190604446,2.7630570102685326,3.463646393395595,3.868749318937337,2.964081488918267,2.728031118042233,2.883742788940508,3.432159067083733,2.4048542884178348
2025-03-31,2.354054885684853,2.12742452965,2.4892773141029174,1.8231079249281712,1.7117062423697293,2.459227762386993,2.1466032562270296,1.9384869085389864,2.354054885684853,2.7890761574513574,3.1350282533604,2.6032757988908024,2.2063723514647497,2.8427676827424433,2.8424600699008535,2.058580383415973,2.354054885684853,3.0044586916377662,3.2997144856504153,2.690329496619327,2.513199017410834,2.8395192483646685,2.9981675579691696,2.770101578516604,2.354054885684853,3.0487208264054746,3.268633334922992,2.591980417993888,2.3607731643965684,2.7829194819394565,2.9697781931074516,3.233124433257678
2025-04-30,2.298763047316399,2.899313984412676,2.7842122852595046,2.4817685172513952,2.182163380425419,2.733305149796899,2.7217649289745247,1.1907846237559523,2.298763047316399,3.0440986066320703,3.2416163299444705,3.0679352389455614,2.5885572193407436,2.542704543514807,3.1178833918407007,2.3247807361425887,,,,,,,,,2.298763047316399,3.1195296760467954,3.38448968831388,2.8864819253440386,2.7318531293325057,2.5759215095691457,3.130167096568238,3.709582098292752
2025-05-31,2.3494481531272093,2.2758101972650673,2.071079776021249,1.8615478328153916,1.7574376535116496,2.032846245476374,2.069479268700569,3.046469617953292,2.3494481531272093,2.623270673877823,2.5796502903338716,2.5171526995925033,2.384278490644186,2.7132214614362,2.5733578879347325,3.3184900643770505,2.3494481531272093,2.7943375457771555,2.759382869857868,2.682682178255653,2.604962187062875,2.7945054363517543,2.7454675312968924,2.7524776872636263,2.3494481531272093,2.796047223617034,2.822032719886871,2.576935913722261,2.438181331818279,2.614397050321738,2.7316719524087225,4.082149548700716
2025-06-30,2.6451590202881015,3.0212251055090062,3.3199586633236797,3.0150520683909114,2.9617641834396706,2.9029726435805827,3.1187452790745325,2.737087966718679,2.6451590202881015,3.005416690800921,3.236220587487738,2.9139799955781167,2.928323653291442,2.994227194375686,3.0518724246222586,3.481622773617231,2.6451590202881015,3.0227948326512517,3.203493971832589,2.865367940806335,2.931446387423092,2.847687424954923,3.030552248430059,2.839424585426469,2.6451590202881015,2.9790235203130067,3.1759965045907728,2.7411520386335786,2.661245430330893,2.662501892436078,2.9653906878457854,3.404900452136846
2025-07-31,2.7056821032835465,2.655797004081605,3.236624740532955,3.341866867026594,3.2291099513984007,2.636798188316705,3.078096203880385,4.1719126084592135,,,,,,,,,2.7056821032835465,2.590022366391086,3.040558482515186,2.764833255656362,2.8570530150900613,2.5601321012881058,2.798471368187544,2.7246370173964682,2.7056821032835465,2.6759886881760853,3.006653250444523,2.7376077384705275,2.721953535951419,2.6854814369156306,2.8067498923637118,3.250451810204648
2025-08-31,2.8962427776042965,3.221715869551016,4.140292327990721,3.4990637489679246,3.53218715101867,3.018634690998256,3.6203573155032203,3.535867745673586,2.8962427776042965,2.9162909910822132,3.9419879180657453,3.0845441421536526,3.2631622873820634,2.666756486291009,3.314274350433871,2.1864653101502247,2.8962427776042965,2.749279447729555,3.8522418388851984,2.8197722790392463,2.895629527819179,2.5111982182635315,3.1404311885513336,2.562612757775236,2.8962427776042965,2.8915215038240225,3.795614558680545,2.8498513970350157,2.808654737384242,2.681559348348409,3.1789958198465276,3.2980285226672206
2025-09-30,,,,,,,,,2.977791983269018,3.0990861664039286,3.939571408126171,2.906221923811617,3.0052397030506897,2.6361537411825293,3.314959832780572,2.197226397235769,2.977791983269018,3.048069866254406,4.000109540884436,2.8847760571124317,2.85488649538579,2.394819657188134,3.3109851547504245,3.6961472879987705,,,,,,,,
2025-11-30,2.660730441211001,3.5504560081762992,3.6285883502106206,2.4263268396501614,2.5600064443902326,3.2004045903331955,3.2017903993456933,3.568151006930504,2.660730441211001,3.5115522431318307,3.895878131053707,2.7233446773205836,2.7454312816219946,2.7823078735340014,3.376925017168707,2.9387602054002886,2.660730441211001,3.4997017673553596,4.008024563086623,2.8290678435334815,2.752971550079196,2.6284698957410124,3.4455980579918215,5.411821410137845,,,,,,,,
2025-12-31,2.61871451181781,3.533615416475578,3.477506024531134,2.2861619087975917,2.451431513706413,2.8132220893308513,3.0990944499347677,2.0483625585385346,2.61871451181781,3.527897495143273,3.8014455913641925,2.6376334231525815,2.72497351902266,2.8203972939820647,3.3223255032200156,5.195068178761704,2.61871451181781,3.515608849268797,3.9705343819413836,2.7750394264093767,2.722283734452055,2.6785612129139404,3.420394219206519,3.9703763188472094,,,,,,,,
2026-01-31,2.363059941151935,2.8930924015675705,2.8283804423885437,2.294907933808742,2.3790229918328727,2.704841329441298,2.672126925921619,3.199767050731823,2.363059941151935,3.2230573702500642,3.1756690972452413,2.5716219444157993,2.5422385325407237,3.23043035678536,2.9901161373037013,7.064273622235463,2.363059941151935,3.354730096837752,3.3198809639730174,2.7435263641968515,2.7369740445614923,3.1822669592900152,3.1393791416692074,3.7762666030128123,,,,,,,,
2026-02-28,2.4048542884178126,3.3937486053134673,3.5609240687142756,3.1459470322732175,3.0154297758044133,3.0294047881807313,3.3668732354336535,10.337074927014777,2.4048542884178126,3.4014002194222637,3.4093365152973574,2.9574222790135756,2.7795485755859577,3.0539888643976294,3.256053004577732,7.884882614875415,2.4048542884178126,3.4050408233958844,3.355204437445884,2.9059633694235196,2.8355692942479145,2.999816282284979,3.2220695434217625,4.033444287559235,,,,,,,,
2026-03-31,3.233124433257739,6.875864567565278,7.421678325811532,6.502730364990559,6.250306996817139,5.14236170868366,6.93342441945579,7.655978888959875,3.233124433257739,5.427071861767791,5.243307368168777,4.362277712837571,4.163271747012259,3.109512401269101,5.01088564759138,2.7456844589326375,,,,,,,,,,,,,,,,
2026-04-30,3.709582098292774,5.472629941179538,6.429638589208307,6.098609456554689,5.884279359037827,5.350843033834727,6.000292662314178,5.66159402865157,3.709582098292774,4.97558767176342,5.123443511604038,4.7779447355156535,4.675223232606538,3.1759321322636356,4.958991972961037,0.48825958379021606,,,,,,,,,,,,,,,,
2026-05-31,4.08214954870072,4.8851486095990655,6.313931126295719,5.178661691310467,5.280990824874389,4.402679968379859,5.45924714240175,-5.080519540813386,4.08214954870072,4.913764172976058,5.574973180960248,4.509416406945091,4.360212751395025,3.103235699353924,4.999384586960465,0.18200596024308247,,,,,,,,,,,,,,,,
2026-06-30,3.404900452136861,0.04131475818047159,-0.13712897859407636,0.4293542884667012,0.5086438695672273,-0.5776816112843515,0.11118002268436548,0.883704263532453,,,,,,,,,,,,,,,,,,,,,,,,
2026-07-31,3.250451810204691,3.0595876800359343,2.301586047568374,2.8980962109375907,2.6707422261733473,2.6459556524589716,2.753089979513966,4.7428331580100895,,,,,,,,,,,,,,,,,,,,,,,,
