mechanism,rep,method,nrmse
MCAR,1,Mean,0.9328487451719161
MCAR,1,Median,1.031850925534259
MCAR,1,PCA,0.9155731983610179
MCAR,1,MICE (pmm),0.938829796442735
MCAR,1,MICE (norm),1.0976593562535104
MCAR,2,Mean,0.9562239851868668
MCAR,2,Median,0.9931350245927242
MCAR,2,PCA,0.8959798939353105
MCAR,2,MICE (pmm),0.8813320800252563
MCAR,2,MICE (norm),1.0258893997301235
MCAR,3,Mean,0.9655687385496494
MCAR,3,Median,0.9652326420567028
MCAR,3,PCA,0.967377399832554
MCAR,3,MICE (pmm),1.0366625000619056
MCAR,3,MICE (norm),1.177770828124756
MCAR,4,Mean,0.9626827056323355
MCAR,4,Median,1.057685891637856
MCAR,4,PCA,0.8995492337794623
MCAR,4,MICE (pmm),0.9771745980867491
MCAR,4,MICE (norm),1.0405190067211616
MCAR,5,Mean,0.9208762590760093
MCAR,5,Median,0.9551121620831164
MCAR,5,PCA,0.9377340763401278
MCAR,5,MICE (pmm),0.9050824021748151
MCAR,5,MICE (norm),1.077938011076529
MCAR,6,Mean,0.9822148989275663
MCAR,6,Median,1.0067909205810464
MCAR,6,PCA,1.065018636498863
MCAR,6,MICE (pmm),1.0480808436186506
MCAR,6,MICE (norm),1.0759374141138702
MCAR,7,Mean,0.9162026634111269
MCAR,7,Median,0.9131297125669694
MCAR,7,PCA,1.0022131891447137
MCAR,7,MICE (pmm),0.9400087498319261
MCAR,7,MICE (norm),1.227150016428882
MCAR,8,Mean,1.1763543782472112
MCAR,8,Median,1.2350526619306335
MCAR,8,PCA,1.140337142243859
MCAR,8,MICE (pmm),1.1071619343149897
MCAR,8,MICE (norm),1.200275927817799
MCAR,9,Mean,1.0710755950915989
MCAR,9,Median,1.1027029024885764
MCAR,9,PCA,1.0212713001527387
MCAR,9,MICE (pmm),1.0088375411072257
MCAR,9,MICE (norm),1.1691035231431075
MCAR,10,Mean,0.607518331587578
MCAR,10,Median,0.5508373694694566
MCAR,10,PCA,0.6769419155718497
MCAR,10,MICE (pmm),0.8578321744913422
MCAR,10,MICE (norm),0.8567267412080425
MCAR,11,Mean,1.0533484035225835
MCAR,11,Median,1.112172119651734
MCAR,11,PCA,1.1365591266988342
MCAR,11,MICE (pmm),0.9935368104084645
MCAR,11,MICE (norm),1.1689118888129189
MCAR,12,Mean,1.1830515016087937
MCAR,12,Median,1.2532189588081808
MCAR,12,PCA,1.1370433160293907
MCAR,12,MICE (pmm),1.209091564370037
MCAR,12,MICE (norm),1.151299784355667
MCAR,13,Mean,1.1659853653471823
MCAR,13,Median,1.2124588998402765
MCAR,13,PCA,1.1488806430581846
MCAR,13,MICE (pmm),1.1694695314214847
MCAR,13,MICE (norm),1.1749107849589566
MCAR,14,Mean,1.250236319418601
MCAR,14,Median,1.3395451709668413
MCAR,14,PCA,1.2193129335888655
MCAR,14,MICE (pmm),1.2551665082732866
MCAR,14,MICE (norm),1.3048538083685437
MCAR,15,Mean,0.9374002681275495
MCAR,15,Median,1.0386494771142167
MCAR,15,PCA,0.8901793416422039
MCAR,15,MICE (pmm),0.959245743842671
MCAR,15,MICE (norm),1.0419565234558663
MCAR,16,Mean,0.8822013039542226
MCAR,16,Median,0.8798542295025485
MCAR,16,PCA,0.8355618257828864
MCAR,16,MICE (pmm),1.0523856975529269
MCAR,16,MICE (norm),1.0807351563701446
MCAR,17,Mean,1.0031255743305396
MCAR,17,Median,1.0145154165223957
MCAR,17,PCA,0.9918377494888571
MCAR,17,MICE (pmm),1.000332967138945
MCAR,17,MICE (norm),1.1501099708510616
MCAR,18,Mean,0.9543144920817039
MCAR,18,Median,1.04574548826485
MCAR,18,PCA,0.897783723722616
MCAR,18,MICE (pmm),1.0525442676519456
MCAR,18,MICE (norm),0.9909648414525394
MCAR,19,Mean,0.9583546120416023
MCAR,19,Median,0.9562693581557008
MCAR,19,PCA,0.9291790031068038
MCAR,19,MICE (pmm),0.970382706944143
MCAR,19,MICE (norm),0.9933897679349059
MCAR,20,Mean,0.9776194484926357
MCAR,20,Median,1.004528540307297
MCAR,20,PCA,1.1721503649915337
MCAR,20,MICE (pmm),1.1076308522548868
MCAR,20,MICE (norm),1.2781875264451301
MCAR,21,Mean,0.9140193055820893
MCAR,21,Median,0.8857099517033256
MCAR,21,PCA,0.9764071586808699
MCAR,21,MICE (pmm),1.0379599148865226
MCAR,21,MICE (norm),1.1426022486293794
MCAR,22,Mean,1.0966201655988215
MCAR,22,Median,1.1391254930847126
MCAR,22,PCA,1.1607839205230743
MCAR,22,MICE (pmm),1.0758068180067593
MCAR,22,MICE (norm),1.2178438683172765
MCAR,23,Mean,0.8515810185938159
MCAR,23,Median,0.8769248732946596
MCAR,23,PCA,0.9925444585176724
MCAR,23,MICE (pmm),0.7963406111181746
MCAR,23,MICE (norm),1.008238771387837
MCAR,24,Mean,0.9367250226287137
MCAR,24,Median,1.0012073504310564
MCAR,24,PCA,0.9021950009026226
MCAR,24,MICE (pmm),0.8646862820398054
MCAR,24,MICE (norm),0.978561124548307
MCAR,25,Mean,1.16333327808019
MCAR,25,Median,1.184773384160831
MCAR,25,PCA,1.233463788875615
MCAR,25,MICE (pmm),1.2067901507374725
MCAR,25,MICE (norm),1.534564329917793
MCAR,26,Mean,0.9705144422383792
MCAR,26,Median,1.100775488841838
MCAR,26,PCA,0.9806806534611493
MCAR,26,MICE (pmm),1.0769282943901117
MCAR,26,MICE (norm),1.4346882703305697
MCAR,27,Mean,0.8298184091995066
MCAR,27,Median,0.7775145863819793
MCAR,27,PCA,0.8311309363082655
MCAR,27,MICE (pmm),0.9441288045023366
MCAR,27,MICE (norm),0.9426005499005391
MCAR,28,Mean,0.7606599520511995
MCAR,28,Median,0.8016015100269936
MCAR,28,PCA,0.7724667767795736
MCAR,28,MICE (pmm),0.8800295842573734
MCAR,28,MICE (norm),1.0682874919979501
MCAR,29,Mean,1.015755150943928
MCAR,29,Median,1.0593338790921816
MCAR,29,PCA,1.0356146685464314
MCAR,29,MICE (pmm),1.1240305079449882
MCAR,29,MICE (norm),1.1036071666799152
MCAR,30,Mean,1.1444766750829214
MCAR,30,Median,1.1680715150461374
MCAR,30,PCA,1.204763559490679
MCAR,30,MICE (pmm),1.1843985762363962
MCAR,30,MICE (norm),1.4189943811918841
MCAR,31,Mean,0.9915928449719204
MCAR,31,Median,1.0388607869819404
MCAR,31,PCA,1.0240996206871642
MCAR,31,MICE (pmm),0.9797946470166516
MCAR,31,MICE (norm),1.2901688800951032
MCAR,32,Mean,1.139958008492652
MCAR,32,Median,1.2311801796231876
MCAR,32,PCA,1.1180901595649009
MCAR,32,MICE (pmm),1.071912483833197
MCAR,32,MICE (norm),1.2022386082796335
MCAR,33,Mean,0.9736710681272222
MCAR,33,Median,1.027825304160439
MCAR,33,PCA,0.9349057487291177
MCAR,33,MICE (pmm),1.0633144165313209
MCAR,33,MICE (norm),1.077174421285581
MCAR,34,Mean,0.859915713979546
MCAR,34,Median,0.862681505221841
MCAR,34,PCA,0.8398686151043434
MCAR,34,MICE (pmm),0.9746398942400049
MCAR,34,MICE (norm),1.0982935974314298
MCAR,35,Mean,0.9842236955117835
MCAR,35,Median,1.0018887389252584
MCAR,35,PCA,0.9087251524878855
MCAR,35,MICE (pmm),1.215433962249981
MCAR,35,MICE (norm),1.265914664600143
MCAR,36,Mean,1.1853065164332428
MCAR,36,Median,1.2880434617066263
MCAR,36,PCA,1.205699986882158
MCAR,36,MICE (pmm),1.2130582839087294
MCAR,36,MICE (norm),1.2251573633178847
MCAR,37,Mean,0.9881837592187298
MCAR,37,Median,1.0547419960009037
MCAR,37,PCA,0.9229487944967714
MCAR,37,MICE (pmm),1.0283534320660708
MCAR,37,MICE (norm),1.113673622240437
MCAR,38,Mean,1.3741453527888852
MCAR,38,Median,1.4848946531219045
MCAR,38,PCA,1.32951726629739
MCAR,38,MICE (pmm),1.3386513184963997
MCAR,38,MICE (norm),1.3247721850695597
MCAR,39,Mean,1.089280782628973
MCAR,39,Median,1.2151344010475735
MCAR,39,PCA,1.0379592923382888
MCAR,39,MICE (pmm),1.0657686733720464
MCAR,39,MICE (norm),1.0617481729813079
MCAR,40,Mean,0.9887699111540725
MCAR,40,Median,0.9842568267920181
MCAR,40,PCA,1.0130395581538143
MCAR,40,MICE (pmm),0.9424659424257072
MCAR,40,MICE (norm),1.0756765135117474
MCAR,41,Mean,1.0987977481201088
MCAR,41,Median,1.1811711710857091
MCAR,41,PCA,1.0425698156465544
MCAR,41,MICE (pmm),1.198500609835028
MCAR,41,MICE (norm),1.1483695826870177
MCAR,42,Mean,1.1472283666914076
MCAR,42,Median,1.1924635263453205
MCAR,42,PCA,1.121445233270162
MCAR,42,MICE (pmm),1.1729653785118264
MCAR,42,MICE (norm),1.1565078746117656
MCAR,43,Mean,0.9047894662783552
MCAR,43,Median,0.9646458892843955
MCAR,43,PCA,0.9144904735679554
MCAR,43,MICE (pmm),1.0571419890533698
MCAR,43,MICE (norm),1.1084205901932518
MCAR,44,Mean,0.853611496148504
MCAR,44,Median,0.8354452200472452
MCAR,44,PCA,1.1006481737376992
MCAR,44,MICE (pmm),1.0364641186302173
MCAR,44,MICE (norm),1.3081233455633337
MCAR,45,Mean,0.7948607033341784
MCAR,45,Median,0.7998184829497467
MCAR,45,PCA,0.8846176312336033
MCAR,45,MICE (pmm),1.0494827112331855
MCAR,45,MICE (norm),1.3922322218621042
MCAR,46,Mean,0.9981418144098458
MCAR,46,Median,1.0261509624727447
MCAR,46,PCA,1.0708616239214137
MCAR,46,MICE (pmm),1.0449072585528876
MCAR,46,MICE (norm),1.1636071499135823
MCAR,47,Mean,1.0786707233237276
MCAR,47,Median,1.1209701700197932
MCAR,47,PCA,1.0497836979291926
MCAR,47,MICE (pmm),1.0470645150566935
MCAR,47,MICE (norm),1.349372602402038
MCAR,48,Mean,1.2129487167590516
MCAR,48,Median,1.280567279651977
MCAR,48,PCA,1.2998260205266938
MCAR,48,MICE (pmm),1.2159817368044752
MCAR,48,MICE (norm),1.409834336244811
MCAR,49,Mean,1.1021757923070097
MCAR,49,Median,1.2152747210814123
MCAR,49,PCA,1.0511598771079729
MCAR,49,MICE (pmm),1.039776631826541
MCAR,49,MICE (norm),1.4556631034930059
MCAR,50,Mean,1.1937769921397234
MCAR,50,Median,1.2356770088365685
MCAR,50,PCA,1.1957851684291805
MCAR,50,MICE (pmm),1.143976889704022
MCAR,50,MICE (norm),1.2351485097701445
MCAR,51,Mean,0.9469191541806649
MCAR,51,Median,1.0100883377621381
MCAR,51,PCA,0.8642512107307181
MCAR,51,MICE (pmm),0.8890137826565365
MCAR,51,MICE (norm),1.0550786741283227
MCAR,52,Mean,0.8939420551169106
MCAR,52,Median,0.9166189624865281
MCAR,52,PCA,0.9726962846989529
MCAR,52,MICE (pmm),0.9058281703840191
MCAR,52,MICE (norm),1.1333481644416927
MCAR,53,Mean,0.9960487049298437
MCAR,53,Median,1.0421697345430336
MCAR,53,PCA,1.0612194654564038
MCAR,53,MICE (pmm),1.1360257604540904
MCAR,53,MICE (norm),1.3488731424902012
MCAR,54,Mean,1.2190249935238144
MCAR,54,Median,1.3080302286483307
MCAR,54,PCA,1.1409328730750175
MCAR,54,MICE (pmm),1.206388525417335
MCAR,54,MICE (norm),1.2792403478736392
MCAR,55,Mean,1.1126747619516029
MCAR,55,Median,1.1832990208723888
MCAR,55,PCA,1.1485707550536537
MCAR,55,MICE (pmm),1.1193659490126355
MCAR,55,MICE (norm),1.3125327040644919
MCAR,56,Mean,0.9723957717880823
MCAR,56,Median,0.9589944184088589
MCAR,56,PCA,0.9563169256970668
MCAR,56,MICE (pmm),0.8528109703356643
MCAR,56,MICE (norm),1.0639942557060524
MCAR,57,Mean,0.6889916786729677
MCAR,57,Median,0.7020594320797334
MCAR,57,PCA,0.8043662340473334
MCAR,57,MICE (pmm),0.8073298499724423
MCAR,57,MICE (norm),1.0920032088257192
MCAR,58,Mean,0.9380806217255778
MCAR,58,Median,1.0185300107463404
MCAR,58,PCA,0.8839147939593454
MCAR,58,MICE (pmm),0.9791215301556624
MCAR,58,MICE (norm),0.8730598309535506
MCAR,59,Mean,0.9234807503862613
MCAR,59,Median,0.982686376751407
MCAR,59,PCA,0.8459543707200559
MCAR,59,MICE (pmm),0.9446130980131702
MCAR,59,MICE (norm),1.143004287317109
MCAR,60,Mean,0.9829334790438885
MCAR,60,Median,1.0150364069284161
MCAR,60,PCA,0.9256462152143038
MCAR,60,MICE (pmm),0.9629009696952382
MCAR,60,MICE (norm),0.9866484383649063
MCAR,61,Mean,0.8887858895724329
MCAR,61,Median,0.9201201478118106
MCAR,61,PCA,0.8816169318284877
MCAR,61,MICE (pmm),0.7443803895924068
MCAR,61,MICE (norm),1.219883342132956
MCAR,62,Mean,1.0833237600775385
MCAR,62,Median,1.1111179322724356
MCAR,62,PCA,1.0261121972520422
MCAR,62,MICE (pmm),1.2344842485336713
MCAR,62,MICE (norm),1.1237798176970795
MCAR,63,Mean,0.9360600918873939
MCAR,63,Median,0.9864079742617594
MCAR,63,PCA,1.0047313753026657
MCAR,63,MICE (pmm),1.1493569658778786
MCAR,63,MICE (norm),1.174379043050069
MCAR,64,Mean,0.9498865411823527
MCAR,64,Median,1.033117977131115
MCAR,64,PCA,1.0087745163205621
MCAR,64,MICE (pmm),0.9955607028429824
MCAR,64,MICE (norm),1.1282012427762915
MCAR,65,Mean,1.25797452096375
MCAR,65,Median,1.3355606293062987
MCAR,65,PCA,1.2412242738858588
MCAR,65,MICE (pmm),1.2963916034138687
MCAR,65,MICE (norm),1.3809801767478438
MCAR,66,Mean,0.9180595350778292
MCAR,66,Median,0.8742179000513581
MCAR,66,PCA,0.9214910012018087
MCAR,66,MICE (pmm),0.9718448920056861
MCAR,66,MICE (norm),1.0390192442912354
MCAR,67,Mean,1.0078773794918057
MCAR,67,Median,1.0010456702225687
MCAR,67,PCA,0.990053739599543
MCAR,67,MICE (pmm),0.9951975689560866
MCAR,67,MICE (norm),1.1478504583342404
MCAR,68,Mean,0.8579479556943211
MCAR,68,Median,0.9592331702066909
MCAR,68,PCA,0.8339039230998347
MCAR,68,MICE (pmm),0.9220645633805399
MCAR,68,MICE (norm),1.0081645771951306
MCAR,69,Mean,1.0895198838271867
MCAR,69,Median,1.0965645536891435
MCAR,69,PCA,1.154729542361719
MCAR,69,MICE (pmm),1.0812057721156776
MCAR,69,MICE (norm),1.1495571017914514
MCAR,70,Mean,1.3813942255628593
MCAR,70,Median,1.4610957469307784
MCAR,70,PCA,1.2982730621062493
MCAR,70,MICE (pmm),1.3327819042268698
MCAR,70,MICE (norm),1.145962123717572
MCAR,71,Mean,0.9089714068711714
MCAR,71,Median,0.8725559114264402
MCAR,71,PCA,1.0069136206369556
MCAR,71,MICE (pmm),1.093671311257584
MCAR,71,MICE (norm),1.2225496448823852
MCAR,72,Mean,1.1367710288777553
MCAR,72,Median,1.2256994691248893
MCAR,72,PCA,1.1672724023920953
MCAR,72,MICE (pmm),1.0314357156714882
MCAR,72,MICE (norm),1.3426165445104776
MCAR,73,Mean,0.964502035836049
MCAR,73,Median,1.0012480626620315
MCAR,73,PCA,0.9277583864658406
MCAR,73,MICE (pmm),1.1351362672667453
MCAR,73,MICE (norm),1.1459037108061567
MCAR,74,Mean,0.9054540249351801
MCAR,74,Median,0.9246291460080687
MCAR,74,PCA,0.9420133596028316
MCAR,74,MICE (pmm),1.0799347367227412
MCAR,74,MICE (norm),1.1042521911443381
MCAR,75,Mean,1.2107639633359375
MCAR,75,Median,1.2234443184708252
MCAR,75,PCA,1.292767237543439
MCAR,75,MICE (pmm),1.23376329168308
MCAR,75,MICE (norm),1.2697113005343
MCAR,76,Mean,1.2181417324098183
MCAR,76,Median,1.2950338038632419
MCAR,76,PCA,1.1964089579110415
MCAR,76,MICE (pmm),1.255159645207654
MCAR,76,MICE (norm),1.2094717116976934
MCAR,77,Mean,0.9758147367393937
MCAR,77,Median,1.0458964793311372
MCAR,77,PCA,1.0038661317004278
MCAR,77,MICE (pmm),1.119681147376841
MCAR,77,MICE (norm),1.214390238709839
MCAR,78,Mean,1.0743349947693652
MCAR,78,Median,1.0997606612792927
MCAR,78,PCA,1.1272189826354302
MCAR,78,MICE (pmm),1.12825591707357
MCAR,78,MICE (norm),1.1425966217759271
MCAR,79,Mean,1.3042778244900437
MCAR,79,Median,1.3702290303478872
MCAR,79,PCA,1.2621725766459981
MCAR,79,MICE (pmm),1.3408833956559292
MCAR,79,MICE (norm),1.3491641937804155
MCAR,80,Mean,0.87241397699108
MCAR,80,Median,0.8496541738968574
MCAR,80,PCA,0.8822618683995915
MCAR,80,MICE (pmm),0.9654969266321747
MCAR,80,MICE (norm),1.2317582542259526
MCAR,81,Mean,0.9830054445845442
MCAR,81,Median,1.0354059201171146
MCAR,81,PCA,0.9715708292156513
MCAR,81,MICE (pmm),1.0658120911212698
MCAR,81,MICE (norm),1.124811485699324
MCAR,82,Mean,1.3367571761028858
MCAR,82,Median,1.409599256601165
MCAR,82,PCA,1.2695266484214953
MCAR,82,MICE (pmm),1.3973196123462233
MCAR,82,MICE (norm),1.4609619518524177
MCAR,83,Mean,1.0875122732872404
MCAR,83,Median,1.181769818618896
MCAR,83,PCA,1.1675895351812764
MCAR,83,MICE (pmm),1.1441041514060228
MCAR,83,MICE (norm),1.2928069268656743
MCAR,84,Mean,1.1597966748914386
MCAR,84,Median,1.1843179630989218
MCAR,84,PCA,1.0913917552987331
MCAR,84,MICE (pmm),1.177751801971153
MCAR,84,MICE (norm),1.3650487038872952
MCAR,85,Mean,1.0990942069567042
MCAR,85,Median,1.1430180768365075
MCAR,85,PCA,1.0901058062520679
MCAR,85,MICE (pmm),1.149108173601337
MCAR,85,MICE (norm),1.2230886889324073
MCAR,86,Mean,0.8005133414851958
MCAR,86,Median,0.7576158900460047
MCAR,86,PCA,0.8640707860665295
MCAR,86,MICE (pmm),0.9007901125522982
MCAR,86,MICE (norm),1.0871489387640325
MCAR,87,Mean,1.0076878550862358
MCAR,87,Median,1.0885993583831108
MCAR,87,PCA,0.9819902225976478
MCAR,87,MICE (pmm),0.8715835399485525
MCAR,87,MICE (norm),0.9339105690072761
MCAR,88,Mean,0.9052983963090663
MCAR,88,Median,0.9658873170660024
MCAR,88,PCA,0.8447927217237062
MCAR,88,MICE (pmm),0.9576016047809968
MCAR,88,MICE (norm),0.7592175325008796
MCAR,89,Mean,1.09193951015644
MCAR,89,Median,1.1367905735995123
MCAR,89,PCA,1.0644319228766979
MCAR,89,MICE (pmm),1.1872427473442437
MCAR,89,MICE (norm),1.1535590885727975
MCAR,90,Mean,1.0078142290768208
MCAR,90,Median,1.086418646982461
MCAR,90,PCA,0.9669408738873285
MCAR,90,MICE (pmm),1.0578422743714395
MCAR,90,MICE (norm),1.2505540926925471
MCAR,91,Mean,1.037531171512297
MCAR,91,Median,1.077232654094767
MCAR,91,PCA,0.9840093512447112
MCAR,91,MICE (pmm),0.9128216308133783
MCAR,91,MICE (norm),1.0813377023882091
MCAR,92,Mean,1.0009245900787584
MCAR,92,Median,1.0776274827878591
MCAR,92,PCA,0.9893266687510436
MCAR,92,MICE (pmm),1.0332165903567687
MCAR,92,MICE (norm),1.239976859783357
MCAR,93,Mean,1.082875658314439
MCAR,93,Median,1.1165953518669909
MCAR,93,PCA,1.0522108798984129
MCAR,93,MICE (pmm),1.2203422004944364
MCAR,93,MICE (norm),1.45231188183181
MCAR,94,Mean,0.9177993481833205
MCAR,94,Median,0.9851290575821273
MCAR,94,PCA,1.005768383537804
MCAR,94,MICE (pmm),0.85616783907861
MCAR,94,MICE (norm),1.2183409393627205
MCAR,95,Mean,1.1666555021532365
MCAR,95,Median,1.2633380000535295
MCAR,95,PCA,1.1715442504561007
MCAR,95,MICE (pmm),1.1842259710643697
MCAR,95,MICE (norm),1.2807344212107026
MCAR,96,Mean,0.9675826619410356
MCAR,96,Median,1.0772706861831847
MCAR,96,PCA,0.975924497207068
MCAR,96,MICE (pmm),1.0174519933547408
MCAR,96,MICE (norm),1.1860975393050648
MCAR,97,Mean,0.7112011661608579
MCAR,97,Median,0.7820569966143416
MCAR,97,PCA,0.9528420587861771
MCAR,97,MICE (pmm),0.775256704514666
MCAR,97,MICE (norm),1.3856259980831271
MCAR,98,Mean,0.9534404196191067
MCAR,98,Median,1.0841130271245645
MCAR,98,PCA,0.8520272928423396
MCAR,98,MICE (pmm),0.813526086013501
MCAR,98,MICE (norm),0.9719552100154923
MCAR,99,Mean,0.863062022984966
MCAR,99,Median,0.7972372787463352
MCAR,99,PCA,0.852015436107975
MCAR,99,MICE (pmm),0.9190037416006502
MCAR,99,MICE (norm),0.9176612499668402
MCAR,100,Mean,1.4432907046581844
MCAR,100,Median,1.4956549137643533
MCAR,100,PCA,1.456292984888929
MCAR,100,MICE (pmm),1.3131422252845755
MCAR,100,MICE (norm),1.597537600557112
MCAR,101,Mean,1.2987365973008358
MCAR,101,Median,1.408831791859563
MCAR,101,PCA,1.3246529181075046
MCAR,101,MICE (pmm),1.2826005648378431
MCAR,101,MICE (norm),1.255121760952515
MCAR,102,Mean,0.9918961001302261
MCAR,102,Median,1.1288608625185055
MCAR,102,PCA,0.9336686707793916
MCAR,102,MICE (pmm),0.9379205122075788
MCAR,102,MICE (norm),1.2384525258537658
MCAR,103,Mean,1.0948110744132467
MCAR,103,Median,1.1850787146911852
MCAR,103,PCA,1.0749046023409266
MCAR,103,MICE (pmm),1.1287606507326429
MCAR,103,MICE (norm),1.1574245486082197
MCAR,104,Mean,0.911319809527313
MCAR,104,Median,0.9613220790306874
MCAR,104,PCA,0.9356694496808368
MCAR,104,MICE (pmm),0.8988241407237215
MCAR,104,MICE (norm),0.9822609877722585
MCAR,105,Mean,1.0466626271298223
MCAR,105,Median,1.0953707049396488
MCAR,105,PCA,1.034139539932478
MCAR,105,MICE (pmm),1.0609678221685883
MCAR,105,MICE (norm),1.2544297719460429
MCAR,106,Mean,1.3926538331089127
MCAR,106,Median,1.5221692104782203
MCAR,106,PCA,1.3919666018434447
MCAR,106,MICE (pmm),1.5302064874181645
MCAR,106,MICE (norm),1.765433203229394
MCAR,107,Mean,0.8282040344629978
MCAR,107,Median,0.9144223145713237
MCAR,107,PCA,0.8477962884694074
MCAR,107,MICE (pmm),0.951132909438943
MCAR,107,MICE (norm),1.1594859252691565
MCAR,108,Mean,0.8696384299426406
MCAR,108,Median,0.9062814223713811
MCAR,108,PCA,0.85534186569717
MCAR,108,MICE (pmm),0.8917117215270018
MCAR,108,MICE (norm),0.9613522355428488
MCAR,109,Mean,1.105294719815298
MCAR,109,Median,1.1349043106727628
MCAR,109,PCA,1.0863278451362717
MCAR,109,MICE (pmm),1.1849575060368907
MCAR,109,MICE (norm),1.1480693805819795
MCAR,110,Mean,0.6398062251407657
MCAR,110,Median,0.6516522652872709
MCAR,110,PCA,0.6829473607714929
MCAR,110,MICE (pmm),0.7468830615661368
MCAR,110,MICE (norm),0.7928883866628784
MCAR,111,Mean,1.1896687478857921
MCAR,111,Median,1.1927806828208198
MCAR,111,PCA,1.0959511073957589
MCAR,111,MICE (pmm),1.2414168278081237
MCAR,111,MICE (norm),1.0670930017013243
MCAR,112,Mean,1.0798480406677873
MCAR,112,Median,1.1427710261321202
MCAR,112,PCA,1.0573648965127622
MCAR,112,MICE (pmm),0.9824918722190089
MCAR,112,MICE (norm),1.0959875631905278
MCAR,113,Mean,0.9739958582107242
MCAR,113,Median,0.9789591488050892
MCAR,113,PCA,1.0526094361926142
MCAR,113,MICE (pmm),0.9855345559091797
MCAR,113,MICE (norm),1.1151036075714622
MCAR,114,Mean,1.2096506601865644
MCAR,114,Median,1.3026440408610755
MCAR,114,PCA,1.1601951900502747
MCAR,114,MICE (pmm),1.2589672091662334
MCAR,114,MICE (norm),1.1479158171532848
MCAR,115,Mean,0.7460386222592917
MCAR,115,Median,0.752808699363144
MCAR,115,PCA,0.7946509378613275
MCAR,115,MICE (pmm),0.7707681479661638
MCAR,115,MICE (norm),0.9794986409402356
MCAR,116,Mean,1.0387359559967233
MCAR,116,Median,1.0657419769224594
MCAR,116,PCA,1.0353465816818292
MCAR,116,MICE (pmm),1.01970139546578
MCAR,116,MICE (norm),1.0987178985727477
MCAR,117,Mean,0.9228955451557577
MCAR,117,Median,0.9410335485457983
MCAR,117,PCA,0.9011762286383729
MCAR,117,MICE (pmm),0.8695834925982786
MCAR,117,MICE (norm),1.0116404633116094
MCAR,118,Mean,0.7234021746284164
MCAR,118,Median,0.6980618617754663
MCAR,118,PCA,0.7597482107807824
MCAR,118,MICE (pmm),0.7759865526832783
MCAR,118,MICE (norm),1.1403485827650552
MCAR,119,Mean,1.111246601839819
MCAR,119,Median,1.192542796435915
MCAR,119,PCA,1.2018614004944954
MCAR,119,MICE (pmm),1.1564284066310817
MCAR,119,MICE (norm),1.5075341824631725
MCAR,120,Mean,0.8445987632351627
MCAR,120,Median,0.7976900179317024
MCAR,120,PCA,0.9063021116808191
MCAR,120,MICE (pmm),0.8245333527641199
MCAR,120,MICE (norm),1.1051593777085604
MCAR,121,Mean,0.9773876893766722
MCAR,121,Median,0.9610076739781355
MCAR,121,PCA,0.9836733837010714
MCAR,121,MICE (pmm),1.0415843483024632
MCAR,121,MICE (norm),1.1489423565546864
MCAR,122,Mean,1.2457654233341868
MCAR,122,Median,1.3376050143294833
MCAR,122,PCA,1.1840220556332306
MCAR,122,MICE (pmm),1.1733655345225433
MCAR,122,MICE (norm),1.2004051498344563
MCAR,123,Mean,1.0393394553767747
MCAR,123,Median,1.053391011707038
MCAR,123,PCA,1.106323745915802
MCAR,123,MICE (pmm),1.0421605417148012
MCAR,123,MICE (norm),1.3116641787433758
MCAR,124,Mean,0.9654067811494037
MCAR,124,Median,1.0253126802627452
MCAR,124,PCA,0.905293698278621
MCAR,124,MICE (pmm),0.9288952324417029
MCAR,124,MICE (norm),0.887378662515509
MCAR,125,Mean,1.0376812547036018
MCAR,125,Median,1.118923891353637
MCAR,125,PCA,1.0441955256852233
MCAR,125,MICE (pmm),1.0721061901112594
MCAR,125,MICE (norm),1.2677223587599495
MCAR,126,Mean,0.9186647288906566
MCAR,126,Median,0.9357915043117704
MCAR,126,PCA,0.9358750652710067
MCAR,126,MICE (pmm),0.8885261826954854
MCAR,126,MICE (norm),1.0604790238097823
MCAR,127,Mean,0.9439446075264034
MCAR,127,Median,0.9543445348032844
MCAR,127,PCA,0.9599402448793519
MCAR,127,MICE (pmm),0.9965189322408814
MCAR,127,MICE (norm),0.9491973901247919
MCAR,128,Mean,1.1558120351284478
MCAR,128,Median,1.2388656573038856
MCAR,128,PCA,1.2139095897481278
MCAR,128,MICE (pmm),1.3013828459120014
MCAR,128,MICE (norm),1.5426248086039447
MCAR,129,Mean,1.155644693475362
MCAR,129,Median,1.3052923996284231
MCAR,129,PCA,1.1192356772433736
MCAR,129,MICE (pmm),1.0872928430965076
MCAR,129,MICE (norm),1.0488510812214986
MCAR,130,Mean,0.8542552481058666
MCAR,130,Median,0.943312770563578
MCAR,130,PCA,0.9230025548820231
MCAR,130,MICE (pmm),0.901045679827718
MCAR,130,MICE (norm),1.0841562684040496
MCAR,131,Mean,0.9762882621298812
MCAR,131,Median,1.0290470887357832
MCAR,131,PCA,1.004397142300061
MCAR,131,MICE (pmm),0.9283539179681751
MCAR,131,MICE (norm),1.0471950425336973
MCAR,132,Mean,0.8161301524649592
MCAR,132,Median,0.8378425127068848
MCAR,132,PCA,0.9149982207936828
MCAR,132,MICE (pmm),0.9373766557179044
MCAR,132,MICE (norm),1.2331457876525123
MCAR,133,Mean,1.0514852390573264
MCAR,133,Median,1.0118869241996002
MCAR,133,PCA,1.1526803215660861
MCAR,133,MICE (pmm),1.15616085155948
MCAR,133,MICE (norm),1.2990504306392732
MCAR,134,Mean,1.3135272208493698
MCAR,134,Median,1.415817563637721
MCAR,134,PCA,1.2997923504087572
MCAR,134,MICE (pmm),1.134867960128295
MCAR,134,MICE (norm),1.2163740509891356
MCAR,135,Mean,1.0128223046878366
MCAR,135,Median,1.0964984850670754
MCAR,135,PCA,1.066205249297524
MCAR,135,MICE (pmm),1.050050667498658
MCAR,135,MICE (norm),1.2470097317072877
MCAR,136,Mean,0.859967242442369
MCAR,136,Median,0.9439412012586423
MCAR,136,PCA,0.8528881748502058
MCAR,136,MICE (pmm),0.9568065564333419
MCAR,136,MICE (norm),0.991080258867188
MCAR,137,Mean,0.7961328763970726
MCAR,137,Median,0.8208004359861264
MCAR,137,PCA,0.821028125052167
MCAR,137,MICE (pmm),0.8340225220784105
MCAR,137,MICE (norm),1.0145085767005435
MCAR,138,Mean,0.8441122185187454
MCAR,138,Median,0.8756156692525201
MCAR,138,PCA,0.8557060271410238
MCAR,138,MICE (pmm),0.9249746572115946
MCAR,138,MICE (norm),0.8412169824721539
MCAR,139,Mean,1.1876606220443646
MCAR,139,Median,1.2451803802193842
MCAR,139,PCA,1.2020580148662738
MCAR,139,MICE (pmm),1.2420015532578061
MCAR,139,MICE (norm),1.2624806066094874
MCAR,140,Mean,0.8400660649634847
MCAR,140,Median,0.9005584564234068
MCAR,140,PCA,0.9282788893259541
MCAR,140,MICE (pmm),0.7800697085126516
MCAR,140,MICE (norm),1.0541298059181556
MCAR,141,Mean,1.020319986608856
MCAR,141,Median,1.0508599510780816
MCAR,141,PCA,1.0112127579695314
MCAR,141,MICE (pmm),1.1480731492729608
MCAR,141,MICE (norm),1.2549953537550882
MCAR,142,Mean,1.0995503897751397
MCAR,142,Median,1.1647379070475548
MCAR,142,PCA,1.031562524081588
MCAR,142,MICE (pmm),0.9521936915137467
MCAR,142,MICE (norm),1.1221336893657927
MCAR,143,Mean,0.6945031410890344
MCAR,143,Median,0.7190938311901666
MCAR,143,PCA,0.685028860795675
MCAR,143,MICE (pmm),0.7463435113272308
MCAR,143,MICE (norm),1.0222002613309666
MCAR,144,Mean,1.0366841877683826
MCAR,144,Median,1.1059638401265754
MCAR,144,PCA,1.051173889290914
MCAR,144,MICE (pmm),1.0452492759060774
MCAR,144,MICE (norm),1.2772519167428926
MCAR,145,Mean,1.070606744660358
MCAR,145,Median,1.1630677802265128
MCAR,145,PCA,1.0974079223108955
MCAR,145,MICE (pmm),1.0924279080662611
MCAR,145,MICE (norm),1.2822564956558349
MCAR,146,Mean,0.7899160104997065
MCAR,146,Median,0.8802842577935454
MCAR,146,PCA,0.8914975072108869
MCAR,146,MICE (pmm),0.8507414561219543
MCAR,146,MICE (norm),0.9880110811855587
MCAR,147,Mean,1.1248463832185287
MCAR,147,Median,1.160559300774406
MCAR,147,PCA,1.1128476605001354
MCAR,147,MICE (pmm),1.2160797730870567
MCAR,147,MICE (norm),1.3449113765377345
MCAR,148,Mean,1.1141102338624855
MCAR,148,Median,1.2042067258291707
MCAR,148,PCA,1.1158030180558594
MCAR,148,MICE (pmm),1.1769274815702027
MCAR,148,MICE (norm),1.2054906910070506
MCAR,149,Mean,0.9244590562757067
MCAR,149,Median,0.8735534739406395
MCAR,149,PCA,0.9042339968019488
MCAR,149,MICE (pmm),0.9790882032193686
MCAR,149,MICE (norm),1.1606823993096584
MCAR,150,Mean,1.0513591849058086
MCAR,150,Median,1.0362434056470042
MCAR,150,PCA,1.1250999243846318
MCAR,150,MICE (pmm),1.078067957267301
MCAR,150,MICE (norm),1.2276315025350926
MCAR,151,Mean,0.9581600984338741
MCAR,151,Median,1.0301701120698024
MCAR,151,PCA,0.9341472631089193
MCAR,151,MICE (pmm),1.035874508628285
MCAR,151,MICE (norm),1.2493913743959426
MCAR,152,Mean,0.8345420418671025
MCAR,152,Median,0.876822791961605
MCAR,152,PCA,0.7963941707051841
MCAR,152,MICE (pmm),0.7923103156311762
MCAR,152,MICE (norm),0.8755151635319603
MCAR,153,Mean,0.9900512443192218
MCAR,153,Median,1.0696725028549878
MCAR,153,PCA,1.0798440544477883
MCAR,153,MICE (pmm),1.0254307981443387
MCAR,153,MICE (norm),1.3087366096093629
MCAR,154,Mean,1.3347524991267032
MCAR,154,Median,1.4378807590280656
MCAR,154,PCA,1.2463817906609875
MCAR,154,MICE (pmm),1.288390101305198
MCAR,154,MICE (norm),1.312049997552837
MCAR,155,Mean,0.9290011800349304
MCAR,155,Median,0.9942048535372848
MCAR,155,PCA,1.028216727606661
MCAR,155,MICE (pmm),1.1123018039131125
MCAR,155,MICE (norm),1.1928442499299174
MCAR,156,Mean,0.7797893671788393
MCAR,156,Median,0.7705460977353752
MCAR,156,PCA,0.7820106268831241
MCAR,156,MICE (pmm),0.8869014077540844
MCAR,156,MICE (norm),0.8475412074959461
MCAR,157,Mean,1.2794824437880028
MCAR,157,Median,1.3929326647866298
MCAR,157,PCA,1.2685218299076468
MCAR,157,MICE (pmm),1.310480034816969
MCAR,157,MICE (norm),1.2775542155179118
MCAR,158,Mean,1.073054255898948
MCAR,158,Median,1.1300404532858965
MCAR,158,PCA,1.035992652602003
MCAR,158,MICE (pmm),1.11170219401713
MCAR,158,MICE (norm),1.2781331119895278
MCAR,159,Mean,1.1228626044322962
MCAR,159,Median,1.1632482725587898
MCAR,159,PCA,0.9993530317992897
MCAR,159,MICE (pmm),1.16221802218565
MCAR,159,MICE (norm),1.1607261127106487
MCAR,160,Mean,1.1068253710679175
MCAR,160,Median,1.189588936768482
MCAR,160,PCA,1.1550143179705703
MCAR,160,MICE (pmm),1.1279510018299719
MCAR,160,MICE (norm),1.3683535572548147
MCAR,161,Mean,1.2237468873082156
MCAR,161,Median,1.3349137149851609
MCAR,161,PCA,1.128882145835818
MCAR,161,MICE (pmm),1.2216132177713397
MCAR,161,MICE (norm),1.2964055529374852
MCAR,162,Mean,0.9837531593375652
MCAR,162,Median,1.050996752526077
MCAR,162,PCA,1.0064833344102435
MCAR,162,MICE (pmm),0.9758443144876268
MCAR,162,MICE (norm),0.9985856603395455
MCAR,163,Mean,0.8405881372890608
MCAR,163,Median,0.7889439490833161
MCAR,163,PCA,0.8568591933808842
MCAR,163,MICE (pmm),0.9988080855994032
MCAR,163,MICE (norm),0.9282195691100177
MCAR,164,Mean,0.6976664430069859
MCAR,164,Median,0.6940411147679468
MCAR,164,PCA,0.8307241169167328
MCAR,164,MICE (pmm),0.8932595730475923
MCAR,164,MICE (norm),1.021972051283637
MCAR,165,Mean,1.178578597378527
MCAR,165,Median,1.1901941919271093
MCAR,165,PCA,1.1436193657825846
MCAR,165,MICE (pmm),1.114726260914182
MCAR,165,MICE (norm),1.2792489870470303
MCAR,166,Mean,1.156699685595101
MCAR,166,Median,1.1988278850920826
MCAR,166,PCA,1.0842681702217583
MCAR,166,MICE (pmm),1.0577013265914221
MCAR,166,MICE (norm),1.4195934580087899
MCAR,167,Mean,1.304227193832801
MCAR,167,Median,1.4041608295941967
MCAR,167,PCA,1.292744207204426
MCAR,167,MICE (pmm),1.3050965714587917
MCAR,167,MICE (norm),1.281167868708719
MCAR,168,Mean,1.095324992465543
MCAR,168,Median,1.1289733459722737
MCAR,168,PCA,1.1645624859326067
MCAR,168,MICE (pmm),1.2171461050548231
MCAR,168,MICE (norm),1.2298124944323612
MCAR,169,Mean,1.1187564053729007
MCAR,169,Median,1.155239126089727
MCAR,169,PCA,1.1137565768859201
MCAR,169,MICE (pmm),1.146734286323062
MCAR,169,MICE (norm),1.2034941195509297
MCAR,170,Mean,0.8838642075297874
MCAR,170,Median,0.8910892761644262
MCAR,170,PCA,0.9641861103460487
MCAR,170,MICE (pmm),0.9988546447517666
MCAR,170,MICE (norm),1.0951283880927458
MCAR,171,Mean,0.6356716963884811
MCAR,171,Median,0.65474182003459
MCAR,171,PCA,0.699606136795248
MCAR,171,MICE (pmm),0.8451017687531693
MCAR,171,MICE (norm),1.037737198916721
MCAR,172,Mean,0.8897005377088995
MCAR,172,Median,0.8663263444772991
MCAR,172,PCA,0.9319244902793268
MCAR,172,MICE (pmm),0.8703435177984388
MCAR,172,MICE (norm),1.2033259548297017
MCAR,173,Mean,0.9096676806275535
MCAR,173,Median,0.9656793042697311
MCAR,173,PCA,0.9353913316472336
MCAR,173,MICE (pmm),1.089779108536511
MCAR,173,MICE (norm),1.2073033237600987
MCAR,174,Mean,1.160126853379603
MCAR,174,Median,1.2322464235456418
MCAR,174,PCA,1.1046600230612726
MCAR,174,MICE (pmm),1.198611466932217
MCAR,174,MICE (norm),1.4258778169079032
MCAR,175,Mean,0.8052261815142624
MCAR,175,Median,0.8144769138475493
MCAR,175,PCA,0.7779661345079405
MCAR,175,MICE (pmm),0.8295508030969198
MCAR,175,MICE (norm),1.0390731930560957
MCAR,176,Mean,1.1674719552260389
MCAR,176,Median,1.2129550676145964
MCAR,176,PCA,1.2247657570683368
MCAR,176,MICE (pmm),1.2149818963203591
MCAR,176,MICE (norm),1.3628339835156897
MCAR,177,Mean,0.8699023841159619
MCAR,177,Median,0.9293533114562011
MCAR,177,PCA,0.8538328374588835
MCAR,177,MICE (pmm),1.0552543542859882
MCAR,177,MICE (norm),1.1603157639920458
MCAR,178,Mean,1.2417193009031602
MCAR,178,Median,1.3538499208496046
MCAR,178,PCA,1.1841397704011694
MCAR,178,MICE (pmm),1.0448042916907934
MCAR,178,MICE (norm),1.2867966962038053
MCAR,179,Mean,0.9711552382593769
MCAR,179,Median,1.0095915962240394
MCAR,179,PCA,1.0148903092834722
MCAR,179,MICE (pmm),1.1191430982567805
MCAR,179,MICE (norm),1.151133908935812
MCAR,180,Mean,0.8591442495030817
MCAR,180,Median,0.8882223599030586
MCAR,180,PCA,0.8683097447703092
MCAR,180,MICE (pmm),0.9366972659442024
MCAR,180,MICE (norm),0.9946319615105438
MCAR,181,Mean,1.030736288933921
MCAR,181,Median,1.0834460963959807
MCAR,181,PCA,0.9827669135901484
MCAR,181,MICE (pmm),1.1233864703479195
MCAR,181,MICE (norm),1.175344245360193
MCAR,182,Mean,1.1397033972203112
MCAR,182,Median,1.2551686386803704
MCAR,182,PCA,1.1469788029640655
MCAR,182,MICE (pmm),1.004189507609084
MCAR,182,MICE (norm),1.2173022344696238
MCAR,183,Mean,0.6536237962446769
MCAR,183,Median,0.679002547694252
MCAR,183,PCA,0.6531577490871706
MCAR,183,MICE (pmm),0.8874898880512421
MCAR,183,MICE (norm),0.783417189704643
MCAR,184,Mean,1.0404956137501735
MCAR,184,Median,1.067150113531109
MCAR,184,PCA,1.0699881072406439
MCAR,184,MICE (pmm),1.006224920043025
MCAR,184,MICE (norm),0.9915250045740147
MCAR,185,Mean,1.058668104745639
MCAR,185,Median,1.0570571816225132
MCAR,185,PCA,1.1566931242760767
MCAR,185,MICE (pmm),1.1366029623080018
MCAR,185,MICE (norm),1.3508992217911058
MCAR,186,Mean,1.0505728683681879
MCAR,186,Median,1.0976754617370412
MCAR,186,PCA,1.0357661940108447
MCAR,186,MICE (pmm),1.1762141878786838
MCAR,186,MICE (norm),1.1235963747009388
MCAR,187,Mean,0.9267602944179782
MCAR,187,Median,0.9521946091792384
MCAR,187,PCA,0.8973230943296514
MCAR,187,MICE (pmm),1.10178464603476
MCAR,187,MICE (norm),1.2538395839289918
MCAR,188,Mean,1.1277117415717801
MCAR,188,Median,1.1416928380968896
MCAR,188,PCA,1.1648764844603685
MCAR,188,MICE (pmm),1.1308213993184155
MCAR,188,MICE (norm),1.1766722788908948
MCAR,189,Mean,1.044138203658293
MCAR,189,Median,1.1356138029888212
MCAR,189,PCA,0.9905006680497705
MCAR,189,MICE (pmm),1.076522356212176
MCAR,189,MICE (norm),1.2052774661620578
MCAR,190,Mean,0.937947498523547
MCAR,190,Median,0.9985086685529089
MCAR,190,PCA,0.9332448366443626
MCAR,190,MICE (pmm),1.0872518430485902
MCAR,190,MICE (norm),1.1900003648446262
MCAR,191,Mean,1.0353033399093474
MCAR,191,Median,1.0847595722222985
MCAR,191,PCA,1.0256780650684534
MCAR,191,MICE (pmm),1.0691944490874135
MCAR,191,MICE (norm),1.038472105175249
MCAR,192,Mean,0.7093812936288784
MCAR,192,Median,0.727881498703115
MCAR,192,PCA,0.7156551621515864
MCAR,192,MICE (pmm),0.7928399355832975
MCAR,192,MICE (norm),0.9688787376595646
MCAR,193,Mean,1.0773244534861186
MCAR,193,Median,1.1588771861448481
MCAR,193,PCA,1.0460784761636075
MCAR,193,MICE (pmm),1.048121030415333
MCAR,193,MICE (norm),1.2263003598609075
MCAR,194,Mean,0.9355670462684869
MCAR,194,Median,1.0065011230554703
MCAR,194,PCA,0.9118010195621001
MCAR,194,MICE (pmm),0.8845463710362831
MCAR,194,MICE (norm),1.094264507375003
MCAR,195,Mean,1.0029746138456475
MCAR,195,Median,1.0221498758897736
MCAR,195,PCA,0.9647481763200024
MCAR,195,MICE (pmm),0.9852200035101703
MCAR,195,MICE (norm),1.009599243006827
MCAR,196,Mean,1.0144593493939893
MCAR,196,Median,1.0153655695733639
MCAR,196,PCA,1.0353216649556152
MCAR,196,MICE (pmm),1.0087502202165457
MCAR,196,MICE (norm),1.2036547859772053
MCAR,197,Mean,0.8399273188076968
MCAR,197,Median,0.8453512979145763
MCAR,197,PCA,0.9008898699462997
MCAR,197,MICE (pmm),1.142160832193394
MCAR,197,MICE (norm),1.1240753869812212
MCAR,198,Mean,1.2178422981682433
MCAR,198,Median,1.2712454202774428
MCAR,198,PCA,1.2649485680004129
MCAR,198,MICE (pmm),1.2600478807261346
MCAR,198,MICE (norm),1.4035825301329028
MCAR,199,Mean,1.1870929764636198
MCAR,199,Median,1.2357808071266319
MCAR,199,PCA,1.2162313819801172
MCAR,199,MICE (pmm),1.2772677078890193
MCAR,199,MICE (norm),1.3762453786554358
MCAR,200,Mean,0.9462613478256771
MCAR,200,Median,0.9883164124837656
MCAR,200,PCA,0.8845679040119788
MCAR,200,MICE (pmm),0.9591856517831068
MCAR,200,MICE (norm),0.9986886019028193
MCAR,201,Mean,1.1373271976532033
MCAR,201,Median,1.1871878835389615
MCAR,201,PCA,1.141816623119619
MCAR,201,MICE (pmm),1.0618582738711402
MCAR,201,MICE (norm),1.2851677523364584
MCAR,202,Mean,1.1064027048620284
MCAR,202,Median,1.224300287871097
MCAR,202,PCA,1.1127824753298834
MCAR,202,MICE (pmm),1.1706579078232004
MCAR,202,MICE (norm),1.2970709377212326
MCAR,203,Mean,0.9142080483231231
MCAR,203,Median,1.0494202916185935
MCAR,203,PCA,0.8661511764147228
MCAR,203,MICE (pmm),1.0230902195956944
MCAR,203,MICE (norm),1.058888489998398
MCAR,204,Mean,0.9144327168034108
MCAR,204,Median,0.9092260582242229
MCAR,204,PCA,0.9159721087998949
MCAR,204,MICE (pmm),1.0471713571905605
MCAR,204,MICE (norm),1.0914191582565667
MCAR,205,Mean,1.0079584207629388
MCAR,205,Median,1.074418050535137
MCAR,205,PCA,0.9553813336449533
MCAR,205,MICE (pmm),1.0959693501086905
MCAR,205,MICE (norm),1.2229111195001177
MCAR,206,Mean,1.065701741069495
MCAR,206,Median,1.0563446697823533
MCAR,206,PCA,0.9942759803029038
MCAR,206,MICE (pmm),1.0104320361312216
MCAR,206,MICE (norm),1.1327005579732647
MCAR,207,Mean,0.7381291637398218
MCAR,207,Median,0.7593541407440558
MCAR,207,PCA,0.8433278629691402
MCAR,207,MICE (pmm),0.7954841358334638
MCAR,207,MICE (norm),1.0940007933955977
MCAR,208,Mean,0.856921642809875
MCAR,208,Median,0.8453731074584229
MCAR,208,PCA,0.8716213105857428
MCAR,208,MICE (pmm),0.9354872331357892
MCAR,208,MICE (norm),0.9404404285299159
MCAR,209,Mean,1.2071791380778003
MCAR,209,Median,1.318405686443299
MCAR,209,PCA,1.2110564899113843
MCAR,209,MICE (pmm),1.245228736591425
MCAR,209,MICE (norm),1.2577055948580362
MCAR,210,Mean,0.838419151986295
MCAR,210,Median,0.8700190976061172
MCAR,210,PCA,0.8931603844011617
MCAR,210,MICE (pmm),0.9572177872522057
MCAR,210,MICE (norm),1.2239626086491542
MCAR,211,Mean,0.9860927950658963
MCAR,211,Median,1.0127631110795308
MCAR,211,PCA,0.9027055230851261
MCAR,211,MICE (pmm),1.049975948600662
MCAR,211,MICE (norm),1.3600771457704
MCAR,212,Mean,1.117983795875639
MCAR,212,Median,1.1497747050793214
MCAR,212,PCA,1.2409642844548936
MCAR,212,MICE (pmm),1.2321131469433295
MCAR,212,MICE (norm),1.3190478623383917
MCAR,213,Mean,1.0978981601762794
MCAR,213,Median,1.144875552446233
MCAR,213,PCA,1.0335563781660375
MCAR,213,MICE (pmm),0.9987410191472618
MCAR,213,MICE (norm),1.14300833852577
MCAR,214,Mean,0.9368383966086167
MCAR,214,Median,0.9667972623982654
MCAR,214,PCA,0.9927151023160806
MCAR,214,MICE (pmm),1.0406701791119055
MCAR,214,MICE (norm),1.3100652290258383
MCAR,215,Mean,1.1346915127281114
MCAR,215,Median,1.164703804400327
MCAR,215,PCA,1.019934637570672
MCAR,215,MICE (pmm),1.1756266672109639
MCAR,215,MICE (norm),1.1113132871363873
MCAR,216,Mean,1.331767264444307
MCAR,216,Median,1.446441645685798
MCAR,216,PCA,1.3932461932898517
MCAR,216,MICE (pmm),1.3166422022281077
MCAR,216,MICE (norm),1.3663700011573763
MCAR,217,Mean,1.1895119078405882
MCAR,217,Median,1.245949495458729
MCAR,217,PCA,1.1315178439052829
MCAR,217,MICE (pmm),1.2169225005306317
MCAR,217,MICE (norm),1.2159586524494148
MCAR,218,Mean,1.0632467003367365
MCAR,218,Median,1.1149318687097574
MCAR,218,PCA,1.136354233562385
MCAR,218,MICE (pmm),1.029880189276618
MCAR,218,MICE (norm),1.536244054921224
MCAR,219,Mean,0.8819974099102619
MCAR,219,Median,0.9020705780158835
MCAR,219,PCA,0.9346876436128104
MCAR,219,MICE (pmm),1.0140648619583696
MCAR,219,MICE (norm),1.2474422996029455
MCAR,220,Mean,0.9631648600338961
MCAR,220,Median,1.0584362854457112
MCAR,220,PCA,1.019362249444583
MCAR,220,MICE (pmm),1.1113181942732224
MCAR,220,MICE (norm),1.0902595753505209
MCAR,221,Mean,1.003265395551809
MCAR,221,Median,0.9616483497661498
MCAR,221,PCA,0.9154516282201806
MCAR,221,MICE (pmm),0.8857504447718204
MCAR,221,MICE (norm),1.2434546024323474
MCAR,222,Mean,1.1888201684101278
MCAR,222,Median,1.262548840741615
MCAR,222,PCA,1.2022560241514495
MCAR,222,MICE (pmm),1.2667410787920719
MCAR,222,MICE (norm),1.4440824493806366
MCAR,223,Mean,0.76174341905674825
MCAR,223,Median,0.717863334478287
MCAR,223,PCA,0.7012712868195964
MCAR,223,MICE (pmm),0.8948290200825844
MCAR,223,MICE (norm),1.0473231334272992
MCAR,224,Mean,1.1948019569847157
MCAR,224,Median,1.2463853472426425
MCAR,224,PCA,1.1903764318301044
MCAR,224,MICE (pmm),1.1682778108647418
MCAR,224,MICE (norm),1.2202853532830131
MCAR,225,Mean,1.0308382906019224
MCAR,225,Median,1.1394264671700294
MCAR,225,PCA,1.0354651292244672
MCAR,225,MICE (pmm),1.0969506288445925
MCAR,225,MICE (norm),1.2535215367749917
MCAR,226,Mean,0.8465693789571159
MCAR,226,Median,0.8343344796416383
MCAR,226,PCA,0.9002858991548826
MCAR,226,MICE (pmm),0.9528762328167555
MCAR,226,MICE (norm),1.0897180475653776
MCAR,227,Mean,1.3119434439379118
MCAR,227,Median,1.40401152473489
MCAR,227,PCA,1.3309263891727352
MCAR,227,MICE (pmm),1.3720445367095935
MCAR,227,MICE (norm),1.3560509528017681
MCAR,228,Mean,1.0146611202646574
MCAR,228,Median,1.139264080195751
MCAR,228,PCA,1.081846452951984
MCAR,228,MICE (pmm),1.1155276534274905
MCAR,228,MICE (norm),1.2685760540324176
MCAR,229,Mean,0.9626422439416603
MCAR,229,Median,1.0223230422333973
MCAR,229,PCA,0.9753525042681539
MCAR,229,MICE (pmm),1.0466172214140201
MCAR,229,MICE (norm),1.0807917221095114
MCAR,230,Mean,1.0138717800815118
MCAR,230,Median,1.0983603777069535
MCAR,230,PCA,1.0136355059274873
MCAR,230,MICE (pmm),1.0517787751760077
MCAR,230,MICE (norm),1.185216721065519
MCAR,231,Mean,1.065294432122157
MCAR,231,Median,1.169254905113258
MCAR,231,PCA,1.0495884604717585
MCAR,231,MICE (pmm),1.21223580100088
MCAR,231,MICE (norm),1.17710192712305
MCAR,232,Mean,0.7371619229528722
MCAR,232,Median,0.729219397139812
MCAR,232,PCA,0.727340584138301
MCAR,232,MICE (pmm),0.8373223638026654
MCAR,232,MICE (norm),0.7950707493967739
MCAR,233,Mean,1.3412708803944684
MCAR,233,Median,1.4546583855944382
MCAR,233,PCA,1.3086139940635433
MCAR,233,MICE (pmm),1.306405277538503
MCAR,233,MICE (norm),1.4318022687875305
MCAR,234,Mean,0.869650389820151
MCAR,234,Median,0.91169006782162465
MCAR,234,PCA,0.8365180585111794
MCAR,234,MICE (pmm),0.9262079688767568
MCAR,234,MICE (norm),1.0450270605150487
MCAR,235,Mean,0.9560050723967356
MCAR,235,Median,0.9705342924597417
MCAR,235,PCA,0.8901130768228864
MCAR,235,MICE (pmm),0.9656331848951913
MCAR,235,MICE (norm),1.2159711789921084
MCAR,236,Mean,1.049181178988433
MCAR,236,Median,1.080278598488111
MCAR,236,PCA,1.1799804410802748
MCAR,236,MICE (pmm),1.0762977659172372
MCAR,236,MICE (norm),1.281224837624207
MCAR,237,Mean,0.746214402953741
MCAR,237,Median,0.7552944587011103
MCAR,237,PCA,0.6934223269510359
MCAR,237,MICE (pmm),0.7151300693898848
MCAR,237,MICE (norm),0.9331675126268455
MCAR,238,Mean,0.9882243087674204
MCAR,238,Median,1.0765949897852072
MCAR,238,PCA,0.9388907776996963
MCAR,238,MICE (pmm),1.0935149146524499
MCAR,238,MICE (norm),1.1152937037824122
MCAR,239,Mean,0.7913498886657057
MCAR,239,Median,0.7758862710036514
MCAR,239,PCA,0.9456243016680266
MCAR,239,MICE (pmm),0.9026271453010944
MCAR,239,MICE (norm),1.1185472853359457
MCAR,240,Mean,1.0657530946541283
MCAR,240,Median,1.1357403930836398
MCAR,240,PCA,1.0073406679590307
MCAR,240,MICE (pmm),1.085488478223216
MCAR,240,MICE (norm),1.1924610948086978
MCAR,241,Mean,0.9458330434207652
MCAR,241,Median,0.9908062510908466
MCAR,241,PCA,1.0501409738895926
MCAR,241,MICE (pmm),0.9849182942106761
MCAR,241,MICE (norm),1.1203939361389665
MCAR,242,Mean,1.0480549652081514
MCAR,242,Median,1.080390516927022
MCAR,242,PCA,1.0615362807707704
MCAR,242,MICE (pmm),1.1143719980995348
MCAR,242,MICE (norm),1.067780917892073
MCAR,243,Mean,0.7120117372884158
MCAR,243,Median,0.7617414981527669
MCAR,243,PCA,0.8804076412804633
MCAR,243,MICE (pmm),0.830862191421199
MCAR,243,MICE (norm),1.265177665556703
MCAR,244,Mean,0.8256405939593291
MCAR,244,Median,0.7843557151601099
MCAR,244,PCA,0.7508244728136052
MCAR,244,MICE (pmm),0.7730606932451304
MCAR,244,MICE (norm),0.9140502154672902
MCAR,245,Mean,0.8853125184364613
MCAR,245,Median,0.9275862139831442
MCAR,245,PCA,0.9205230499127207
MCAR,245,MICE (pmm),1.0254831354238065
MCAR,245,MICE (norm),1.0480685727958228
MCAR,246,Mean,0.8280429852184943
MCAR,246,Median,0.8138507502024146
MCAR,246,PCA,0.9060887734797236
MCAR,246,MICE (pmm),0.8886749363498746
MCAR,246,MICE (norm),1.11666090567566
MCAR,247,Mean,1.1182270092177122
MCAR,247,Median,1.209424297323229
MCAR,247,PCA,1.1046620010967063
MCAR,247,MICE (pmm),1.3048658135643338
MCAR,247,MICE (norm),1.2949542183395661
MCAR,248,Mean,0.8221615024635511
MCAR,248,Median,0.9073160669870808
MCAR,248,PCA,0.8454286532548593
MCAR,248,MICE (pmm),0.9196998429647771
MCAR,248,MICE (norm),1.3738258386009865
MCAR,249,Mean,1.0814366365666954
MCAR,249,Median,1.1422194335468994
MCAR,249,PCA,1.1031418465037928
MCAR,249,MICE (pmm),1.3058778677854068
MCAR,249,MICE (norm),1.3175730856969112
MCAR,250,Mean,1.1297829693133676
MCAR,250,Median,1.144454580292531
MCAR,250,PCA,1.0851471251090457
MCAR,250,MICE (pmm),1.0838657666978502
MCAR,250,MICE (norm),1.5024395565565014
MCAR,251,Mean,1.1178751092581394
MCAR,251,Median,1.1689417166040827
MCAR,251,PCA,1.205609731980989
MCAR,251,MICE (pmm),1.1808963187753465
MCAR,251,MICE (norm),1.2388282899216285
MCAR,252,Mean,0.8844836383078124
MCAR,252,Median,0.9382166459793256
MCAR,252,PCA,0.8207651168597347
MCAR,252,MICE (pmm),0.7446994421387888
MCAR,252,MICE (norm),0.9492712853392102
MCAR,253,Mean,1.1677310548741833
MCAR,253,Median,1.242566844812974
MCAR,253,PCA,1.1552436153114296
MCAR,253,MICE (pmm),1.1814342395864956
MCAR,253,MICE (norm),1.1682476074887227
MCAR,254,Mean,0.9465231051929379
MCAR,254,Median,0.974371388859351
MCAR,254,PCA,0.9619529827580668
MCAR,254,MICE (pmm),0.9554707204642822
MCAR,254,MICE (norm),0.9851942698052709
MCAR,255,Mean,1.1162576613305477
MCAR,255,Median,1.152942385096998
MCAR,255,PCA,1.1463797799576196
MCAR,255,MICE (pmm),1.0200088529427722
MCAR,255,MICE (norm),1.2635614657088337
MCAR,256,Mean,1.0029276929183655
MCAR,256,Median,1.0034506073406202
MCAR,256,PCA,0.9606809216065589
MCAR,256,MICE (pmm),1.0662467177506312
MCAR,256,MICE (norm),1.1697488633069524
MCAR,257,Mean,1.0013747992265434
MCAR,257,Median,1.069690815373327
MCAR,257,PCA,0.9838294509592979
MCAR,257,MICE (pmm),0.9508194811578097
MCAR,257,MICE (norm),1.2914784371246149
MCAR,258,Mean,0.9020011460362257
MCAR,258,Median,0.9289506527752849
MCAR,258,PCA,0.9481709162530957
MCAR,258,MICE (pmm),1.0924473936700747
MCAR,258,MICE (norm),1.3123311791220913
MCAR,259,Mean,1.0858535541702705
MCAR,259,Median,1.1445414184628708
MCAR,259,PCA,1.1029256757332768
MCAR,259,MICE (pmm),1.1756107022579128
MCAR,259,MICE (norm),1.2957434942624402
MCAR,260,Mean,1.153736310239848
MCAR,260,Median,1.2832169616645133
MCAR,260,PCA,1.1530101495770508
MCAR,260,MICE (pmm),1.2367715751081174
MCAR,260,MICE (norm),1.2937102521418224
MCAR,261,Mean,0.9177585750048227
MCAR,261,Median,0.9027842673815314
MCAR,261,PCA,0.8589103043350114
MCAR,261,MICE (pmm),1.0497912839933345
MCAR,261,MICE (norm),1.0670834775599007
MCAR,262,Mean,0.9134753588388533
MCAR,262,Median,0.9897590659325457
MCAR,262,PCA,0.8630750876222765
MCAR,262,MICE (pmm),1.005653709930954
MCAR,262,MICE (norm),1.093199991790979
MCAR,263,Mean,1.2425803069406463
MCAR,263,Median,1.3358791941211454
MCAR,263,PCA,1.3058435635041734
MCAR,263,MICE (pmm),1.2547540849711005
MCAR,263,MICE (norm),1.4306111694337618
MCAR,264,Mean,1.1618361410803644
MCAR,264,Median,1.2497715132017733
MCAR,264,PCA,1.1744675070531863
MCAR,264,MICE (pmm),1.1718306298557406
MCAR,264,MICE (norm),1.3985908377572944
MCAR,265,Mean,0.9800247693451125
MCAR,265,Median,1.072837607323062
MCAR,265,PCA,0.9793204177471163
MCAR,265,MICE (pmm),1.0559708073051703
MCAR,265,MICE (norm),1.3218403722721688
MCAR,266,Mean,0.8293592732542375
MCAR,266,Median,0.8423163240071653
MCAR,266,PCA,0.9236137789827408
MCAR,266,MICE (pmm),0.8537349803630405
MCAR,266,MICE (norm),1.0237035606107308
MCAR,267,Mean,0.8740018188734275
MCAR,267,Median,0.8958757452787911
MCAR,267,PCA,0.8989834079917429
MCAR,267,MICE (pmm),0.8237179640487593
MCAR,267,MICE (norm),0.9881599111899496
MCAR,268,Mean,1.1360935545534276
MCAR,268,Median,1.1858188134377472
MCAR,268,PCA,1.0473396265264567
MCAR,268,MICE (pmm),1.06691471170715
MCAR,268,MICE (norm),1.1487910872885256
MCAR,269,Mean,0.6879395094937099
MCAR,269,Median,0.5725711492571595
MCAR,269,PCA,0.6214375988635679
MCAR,269,MICE (pmm),0.7871248919328472
MCAR,269,MICE (norm),0.8465514813115331
MCAR,270,Mean,0.9445685725321865
MCAR,270,Median,0.9778816837486143
MCAR,270,PCA,0.9011269974095147
MCAR,270,MICE (pmm),0.9381683291636139
MCAR,270,MICE (norm),1.1070333831240367
MCAR,271,Mean,0.9546461558719928
MCAR,271,Median,0.9120223137813928
MCAR,271,PCA,1.008273764075419
MCAR,271,MICE (pmm),1.0041301766716668
MCAR,271,MICE (norm),1.1599075616809027
MCAR,272,Mean,0.6854116096017099
MCAR,272,Median,0.6319985307445313
MCAR,272,PCA,0.6976337946725588
MCAR,272,MICE (pmm),0.7678505956089574
MCAR,272,MICE (norm),0.9751853647459975
MCAR,273,Mean,1.013291645273506
MCAR,273,Median,1.002224408146621
MCAR,273,PCA,1.1103433363291035
MCAR,273,MICE (pmm),1.3462949167127085
MCAR,273,MICE (norm),1.376812230353739
MCAR,274,Mean,0.9260691664540655
MCAR,274,Median,0.9659108303771615
MCAR,274,PCA,1.029849914699968
MCAR,274,MICE (pmm),0.9682697402834418
MCAR,274,MICE (norm),1.125187184725382
MCAR,275,Mean,1.2252970932982254
MCAR,275,Median,1.280704160903536
MCAR,275,PCA,1.1796184812460737
MCAR,275,MICE (pmm),1.2216030934836384
MCAR,275,MICE (norm),1.2811237824543504
MCAR,276,Mean,0.7917606437995295
MCAR,276,Median,0.7873292959561564
MCAR,276,PCA,0.9020490115095814
MCAR,276,MICE (pmm),0.9573562999404289
MCAR,276,MICE (norm),1.1109466267014245
MCAR,277,Mean,1.1176153722931494
MCAR,277,Median,1.1880620407763285
MCAR,277,PCA,1.061567623283113
MCAR,277,MICE (pmm),1.076264606484611
MCAR,277,MICE (norm),1.1939864954100232
MCAR,278,Mean,1.1111327138032745
MCAR,278,Median,1.2225791154434213
MCAR,278,PCA,1.0318151189052
MCAR,278,MICE (pmm),1.0716935591815622
MCAR,278,MICE (norm),1.0975422847033198
MCAR,279,Mean,1.2656696184783742
MCAR,279,Median,1.346290436715201
MCAR,279,PCA,1.312071527721004
MCAR,279,MICE (pmm),1.2035854358795355
MCAR,279,MICE (norm),1.2479449750857046
MCAR,280,Mean,1.0208711668527057
MCAR,280,Median,1.091179173540216
MCAR,280,PCA,1.13766182354129
MCAR,280,MICE (pmm),1.2138477209683178
MCAR,280,MICE (norm),1.2162662890726936
MCAR,281,Mean,0.9297064602512897
MCAR,281,Median,1.0331415340472583
MCAR,281,PCA,0.9718093642258648
MCAR,281,MICE (pmm),1.0222958216212994
MCAR,281,MICE (norm),1.1494475653674514
MCAR,282,Mean,0.871984987607601
MCAR,282,Median,0.9112025702826481
MCAR,282,PCA,0.8816465938068737
MCAR,282,MICE (pmm),0.9599813167699806
MCAR,282,MICE (norm),0.8953896864712766
MCAR,283,Mean,0.9696477481871624
MCAR,283,Median,1.0299281205244049
MCAR,283,PCA,0.9793655330132502
MCAR,283,MICE (pmm),0.9464529270266543
MCAR,283,MICE (norm),1.1208433591172466
MCAR,284,Mean,0.9828563462138069
MCAR,284,Median,0.9909363903669948
MCAR,284,PCA,1.0608211772134384
MCAR,284,MICE (pmm),1.125662300548847
MCAR,284,MICE (norm),1.2223923972811275
MCAR,285,Mean,1.0570284945782151
MCAR,285,Median,1.2131466480693642
MCAR,285,PCA,1.1010103400074769
MCAR,285,MICE (pmm),1.1905958579722646
MCAR,285,MICE (norm),1.3180354241154566
MCAR,286,Mean,1.1519675460232963
MCAR,286,Median,1.1577764582450154
MCAR,286,PCA,1.1515558637441288
MCAR,286,MICE (pmm),1.2246342679552225
MCAR,286,MICE (norm),1.0851844796756125
MCAR,287,Mean,1.1119721262425202
MCAR,287,Median,1.2262704871648444
MCAR,287,PCA,1.077402866957667
MCAR,287,MICE (pmm),1.0895744449511409
MCAR,287,MICE (norm),1.1501108590919633
MCAR,288,Mean,1.003158185603342
MCAR,288,Median,1.0365562734615437
MCAR,288,PCA,1.0754295941328416
MCAR,288,MICE (pmm),1.1149648772468714
MCAR,288,MICE (norm),1.2160594433113432
MCAR,289,Mean,0.9685691577326453
MCAR,289,Median,0.9489036726197186
MCAR,289,PCA,1.0068976075025848
MCAR,289,MICE (pmm),1.061266114964594
MCAR,289,MICE (norm),1.1657055768419913
MCAR,290,Mean,0.9810297871558465
MCAR,290,Median,1.0257874192585352
MCAR,290,PCA,0.9231581871206986
MCAR,290,MICE (pmm),0.9508110283102651
MCAR,290,MICE (norm),1.1114169931970193
MCAR,291,Mean,0.9092496725049509
MCAR,291,Median,0.9761045716179138
MCAR,291,PCA,0.9760215636259141
MCAR,291,MICE (pmm),1.0775986385405014
MCAR,291,MICE (norm),1.1691570637804294
MCAR,292,Mean,1.140872846476828
MCAR,292,Median,1.2557577333108731
MCAR,292,PCA,1.2344072417580647
MCAR,292,MICE (pmm),1.125032926213861
MCAR,292,MICE (norm),1.3093148920424504
MCAR,293,Mean,1.0775131280164958
MCAR,293,Median,1.0926371354826405
MCAR,293,PCA,1.061305952275306
MCAR,293,MICE (pmm),1.0593586744723826
MCAR,293,MICE (norm),1.2405477312529887
MCAR,294,Mean,1.063847712582132
MCAR,294,Median,1.153770828175694
MCAR,294,PCA,1.0068867105349097
MCAR,294,MICE (pmm),1.0576127026281623
MCAR,294,MICE (norm),1.1988423826107248
MCAR,295,Mean,1.122677641221191
MCAR,295,Median,1.154369506402713
MCAR,295,PCA,1.1842861376231084
MCAR,295,MICE (pmm),1.1763196809657614
MCAR,295,MICE (norm),1.2934097968021983
MCAR,296,Mean,1.037281292909841
MCAR,296,Median,1.1428177899907181
MCAR,296,PCA,1.0485905015458743
MCAR,296,MICE (pmm),1.2013390809651068
MCAR,296,MICE (norm),1.133368610334567
MCAR,297,Mean,0.8896315586807375
MCAR,297,Median,0.9356674952168406
MCAR,297,PCA,0.9979693395773096
MCAR,297,MICE (pmm),0.7971177590003596
MCAR,297,MICE (norm),0.908111479226714
MCAR,298,Mean,1.219200970461439
MCAR,298,Median,1.287174288574784
MCAR,298,PCA,1.1859433021608543
MCAR,298,MICE (pmm),1.274217429384115
MCAR,298,MICE (norm),1.2217838123389322
MCAR,299,Mean,0.8899462303145697
MCAR,299,Median,0.9284176904635162
MCAR,299,PCA,0.9987120655086794
MCAR,299,MICE (pmm),1.0421521637220186
MCAR,299,MICE (norm),1.283096358370793
MCAR,300,Mean,1.1366452015579067
MCAR,300,Median,1.181858461289115
MCAR,300,PCA,1.1607322715546589
MCAR,300,MICE (pmm),1.2142442542180043
MCAR,300,MICE (norm),1.4182828162687522
MAR,1,Mean,0.9818662619597625
MAR,1,Median,1.0090195337230516
MAR,1,PCA,1.0300606348242525
MAR,1,MICE (pmm),1.1350609185059999
MAR,1,MICE (norm),1.0920315841041428
MAR,2,Mean,1.115429202395298
MAR,2,Median,1.2028664938335907
MAR,2,PCA,1.1452502210475242
MAR,2,MICE (pmm),1.18735934417013
MAR,2,MICE (norm),1.343743510700049
MAR,3,Mean,1.46952456821666
MAR,3,Median,1.5459938285811752
MAR,3,PCA,1.4383561550198518
MAR,3,MICE (pmm),1.4957502783712162
MAR,3,MICE (norm),1.4860851880411987
MAR,4,Mean,1.2202780084783258
MAR,4,Median,1.3329211617750385
MAR,4,PCA,1.1049835041170657
MAR,4,MICE (pmm),1.2317260629277622
MAR,4,MICE (norm),1.3079337403864544
MAR,5,Mean,1.201095250078853
MAR,5,Median,1.3074178197399036
MAR,5,PCA,1.2549269157607184
MAR,5,MICE (pmm),1.2273942245642497
MAR,5,MICE (norm),1.2611107219966673
MAR,6,Mean,0.8008934109861059
MAR,6,Median,0.8786681929829463
MAR,6,PCA,0.9402813229111942
MAR,6,MICE (pmm),0.830712120553594
MAR,6,MICE (norm),0.9473495433564314
MAR,7,Mean,0.9849055858874859
MAR,7,Median,1.0734969511156585
MAR,7,PCA,0.9374091034641998
MAR,7,MICE (pmm),1.0815197865655888
MAR,7,MICE (norm),1.012826731840465
MAR,8,Mean,0.9705024686155812
MAR,8,Median,1.059076165468143
MAR,8,PCA,0.9476565817432527
MAR,8,MICE (pmm),1.0614427883690618
MAR,8,MICE (norm),1.208645761305904
MAR,9,Mean,0.9898431534837187
MAR,9,Median,0.9887757865092047
MAR,9,PCA,1.0506063622740769
MAR,9,MICE (pmm),1.111016347937891
MAR,9,MICE (norm),1.0376999541244087
MAR,10,Mean,0.890761136203509
MAR,10,Median,0.988097711811091
MAR,10,PCA,0.8236990543384904
MAR,10,MICE (pmm),1.0213688416863165
MAR,10,MICE (norm),1.131441371238778
MAR,11,Mean,1.1796383632235383
MAR,11,Median,1.2810214937848183
MAR,11,PCA,1.178500218147894
MAR,11,MICE (pmm),1.141711327561852
MAR,11,MICE (norm),1.5284350946278529
MAR,12,Mean,0.875235632440207
MAR,12,Median,0.9637186438365591
MAR,12,PCA,1.2449188370295858
MAR,12,MICE (pmm),1.011887013092381
MAR,12,MICE (norm),1.5199123641088528
MAR,13,Mean,1.276204767735794
MAR,13,Median,1.390905592674888
MAR,13,PCA,1.3009094308596851
MAR,13,MICE (pmm),1.3256709749744022
MAR,13,MICE (norm),1.5063153751718514
MAR,14,Mean,1.219930650461857
MAR,14,Median,1.3431015550783332
MAR,14,PCA,1.2357158891832234
MAR,14,MICE (pmm),1.3116940980760246
MAR,14,MICE (norm),1.3795025488043207
MAR,15,Mean,0.9621053948803195
MAR,15,Median,1.0677154822032735
MAR,15,PCA,1.0325915090431224
MAR,15,MICE (pmm),1.2198644424577305
MAR,15,MICE (norm),1.8486024732033999
MAR,16,Mean,1.17745889747189
MAR,16,Median,1.2441663935983294
MAR,16,PCA,1.083437900733566
MAR,16,MICE (pmm),1.071345319412645
MAR,16,MICE (norm),1.0835785323635192
MAR,17,Mean,1.276263023260402
MAR,17,Median,1.3522924734946153
MAR,17,PCA,1.2081600818002471
MAR,17,MICE (pmm),1.2937424696590238
MAR,17,MICE (norm),1.4539649291544332
MAR,18,Mean,1.1599956514719747
MAR,18,Median,1.1752169747414518
MAR,18,PCA,1.1069411787629837
MAR,18,MICE (pmm),1.1910930965880953
MAR,18,MICE (norm),1.5341669434446616
MAR,19,Mean,1.030625148207606
MAR,19,Median,1.1112284670068535
MAR,19,PCA,1.0826533180427262
MAR,19,MICE (pmm),1.113039569514746
MAR,19,MICE (norm),1.0802323739767643
MAR,20,Mean,1.111701495881573
MAR,20,Median,1.1820544024689
MAR,20,PCA,1.2205871186555317
MAR,20,MICE (pmm),1.1747615105014788
MAR,20,MICE (norm),1.3021487934906957
MAR,21,Mean,0.9395637773193767
MAR,21,Median,1.0290521054899973
MAR,21,PCA,1.1016605089313074
MAR,21,MICE (pmm),1.0048316286579184
MAR,21,MICE (norm),1.4634522656808768
MAR,22,Mean,1.111387422801752
MAR,22,Median,1.1445072647769765
MAR,22,PCA,1.112424776231269
MAR,22,MICE (pmm),1.1662454645589477
MAR,22,MICE (norm),1.300098961135749
MAR,23,Mean,0.8272521990157226
MAR,23,Median,0.8930781380940714
MAR,23,PCA,0.9418602163431393
MAR,23,MICE (pmm),0.9257602025560335
MAR,23,MICE (norm),1.1390449311271418
MAR,24,Mean,0.9542901797945755
MAR,24,Median,1.1488579186775856
MAR,24,PCA,0.9779310258272841
MAR,24,MICE (pmm),1.0952651403928595
MAR,24,MICE (norm),1.2146154311259425
MAR,25,Mean,0.8947327783947863
MAR,25,Median,0.9686933029108753
MAR,25,PCA,0.9189439589487116
MAR,25,MICE (pmm),1.0117368932549748
MAR,25,MICE (norm),1.3398198675303596
MAR,26,Mean,1.1149737863153981
MAR,26,Median,1.2164501161906103
MAR,26,PCA,1.0290153412259393
MAR,26,MICE (pmm),1.10936855136783
MAR,26,MICE (norm),1.2558335891516506
MAR,27,Mean,0.8375848558333526
MAR,27,Median,0.8558225327173412
MAR,27,PCA,0.8714477972933831
MAR,27,MICE (pmm),0.9794908993858874
MAR,27,MICE (norm),1.0523433312529855
MAR,28,Mean,1.078116756379355
MAR,28,Median,1.1423926584841335
MAR,28,PCA,1.0051422737748021
MAR,28,MICE (pmm),1.233548138372519
MAR,28,MICE (norm),1.2871987943805006
MAR,29,Mean,1.2576014005151597
MAR,29,Median,1.3821474888640142
MAR,29,PCA,1.2605249613257155
MAR,29,MICE (pmm),1.289714812757299
MAR,29,MICE (norm),1.332361047300694
MAR,30,Mean,1.0359893907231479
MAR,30,Median,1.1181654457205203
MAR,30,PCA,1.140672169947403
MAR,30,MICE (pmm),1.0495264483810343
MAR,30,MICE (norm),1.23513016365116
MAR,31,Mean,0.9570278445581211
MAR,31,Median,1.0206701114625838
MAR,31,PCA,0.9800544311699291
MAR,31,MICE (pmm),1.0702545287898628
MAR,31,MICE (norm),1.1401385848995416
MAR,32,Mean,0.9456698161077114
MAR,32,Median,0.9669463801203135
MAR,32,PCA,0.9463717316370174
MAR,32,MICE (pmm),1.1490029808744457
MAR,32,MICE (norm),1.0062359644142225
MAR,33,Mean,1.001662485407226
MAR,33,Median,1.0093703304193706
MAR,33,PCA,1.047186745019234
MAR,33,MICE (pmm),1.0096711727276284
MAR,33,MICE (norm),1.1092643350589495
MAR,34,Mean,0.9523437918462193
MAR,34,Median,1.034407673740485
MAR,34,PCA,0.890354064717605
MAR,34,MICE (pmm),0.885887881218178
MAR,34,MICE (norm),0.9535663208852171
MAR,35,Mean,1.1556760868944789
MAR,35,Median,1.240434780977699
MAR,35,PCA,1.1481526383740115
MAR,35,MICE (pmm),1.1121694050157158
MAR,35,MICE (norm),1.1487105917631935
MAR,36,Mean,1.0837333887980478
MAR,36,Median,1.1733785476502514
MAR,36,PCA,1.0710280944614454
MAR,36,MICE (pmm),1.1561087871467512
MAR,36,MICE (norm),1.2160315040176568
MAR,37,Mean,1.1517455384956201
MAR,37,Median,1.2303316340449013
MAR,37,PCA,1.1774050237018276
MAR,37,MICE (pmm),1.1477910567518148
MAR,37,MICE (norm),1.3664434408959851
MAR,38,Mean,1.0809586382996077
MAR,38,Median,1.1402887033658093
MAR,38,PCA,1.088134474231097
MAR,38,MICE (pmm),1.186329444717831
MAR,38,MICE (norm),1.1945805558883615
MAR,39,Mean,0.9635990865467957
MAR,39,Median,1.00068192667653
MAR,39,PCA,1.0976967589095745
MAR,39,MICE (pmm),0.9558259631818449
MAR,39,MICE (norm),1.1227313402123396
MAR,40,Mean,1.0374467142475259
MAR,40,Median,1.075894035616202
MAR,40,PCA,1.040993346149605
MAR,40,MICE (pmm),1.2517903826337538
MAR,40,MICE (norm),1.1595140342253618
MAR,41,Mean,1.2438900846578465
MAR,41,Median,1.3184378428708836
MAR,41,PCA,1.258573915761604
MAR,41,MICE (pmm),1.2453362630294709
MAR,41,MICE (norm),1.4861904871931448
MAR,42,Mean,0.9341226731943756
MAR,42,Median,0.9651858446319768
MAR,42,PCA,0.976691913104228
MAR,42,MICE (pmm),1.0787244253979713
MAR,42,MICE (norm),1.1763062484167348
MAR,43,Mean,1.0843493179738672
MAR,43,Median,1.1741013068754458
MAR,43,PCA,1.0722552686370899
MAR,43,MICE (pmm),1.092429874299046
MAR,43,MICE (norm),1.0574464597744817
MAR,44,Mean,0.9276839850916623
MAR,44,Median,0.9726270791646577
MAR,44,PCA,0.867146671913758
MAR,44,MICE (pmm),1.0385204298431219
MAR,44,MICE (norm),1.049088487502727
MAR,45,Mean,0.8006012920494224
MAR,45,Median,0.8326690701552923
MAR,45,PCA,0.9519535801102774
MAR,45,MICE (pmm),0.7814509010304278
MAR,45,MICE (norm),1.0364217451977658
MAR,46,Mean,1.0720379677308571
MAR,46,Median,1.1578843241357946
MAR,46,PCA,1.1684802867358026
MAR,46,MICE (pmm),1.1043285869132249
MAR,46,MICE (norm),1.3057523338774972
MAR,47,Mean,0.9705786483065848
MAR,47,Median,0.9139763705780337
MAR,47,PCA,1.1151457275674022
MAR,47,MICE (pmm),1.2149712779706572
MAR,47,MICE (norm),1.170103696409998
MAR,48,Mean,0.9572843158681544
MAR,48,Median,1.0097618706132592
MAR,48,PCA,1.2005513377444423
MAR,48,MICE (pmm),1.104873151780441
MAR,48,MICE (norm),1.5870853844312578
MAR,49,Mean,1.2039899828506708
MAR,49,Median,1.3052716275165226
MAR,49,PCA,1.1706988518846626
MAR,49,MICE (pmm),1.3789273437398635
MAR,49,MICE (norm),1.2442510672499332
MAR,50,Mean,1.0085971235822273
MAR,50,Median,1.0767368982537286
MAR,50,PCA,1.0601215360121938
MAR,50,MICE (pmm),1.0886771466432421
MAR,50,MICE (norm),1.4443141771791657
MAR,51,Mean,0.9661771241091485
MAR,51,Median,1.0547120824472072
MAR,51,PCA,0.9129664974466835
MAR,51,MICE (pmm),0.9626235252156755
MAR,51,MICE (norm),1.045333391309896
MAR,52,Mean,0.956969511442703
MAR,52,Median,1.0176512393336945
MAR,52,PCA,0.9426151195060022
MAR,52,MICE (pmm),0.9939617779028678
MAR,52,MICE (norm),1.1215266929679317
MAR,53,Mean,1.273512264987801
MAR,53,Median,1.3988188461633295
MAR,53,PCA,1.3293066449683675
MAR,53,MICE (pmm),1.3591545781333305
MAR,53,MICE (norm),1.4747210595181401
MAR,54,Mean,1.067655083411137
MAR,54,Median,1.1706030869573691
MAR,54,PCA,1.0724591167910473
MAR,54,MICE (pmm),1.2634918027935407
MAR,54,MICE (norm),1.5071376379196457
MAR,55,Mean,0.9821591685441045
MAR,55,Median,0.9915355840446686
MAR,55,PCA,1.1103536760859758
MAR,55,MICE (pmm),1.0511498381852116
MAR,55,MICE (norm),1.0595032208511295
MAR,56,Mean,1.1530104880422332
MAR,56,Median,1.2416920380332546
MAR,56,PCA,1.0767392567421161
MAR,56,MICE (pmm),1.0696864370718573
MAR,56,MICE (norm),1.1176292860394685
MAR,57,Mean,0.9026976459362928
MAR,57,Median,0.9820875487573757
MAR,57,PCA,0.9419330176843479
MAR,57,MICE (pmm),0.9298992506306152
MAR,57,MICE (norm),0.9984486093957777
MAR,58,Mean,1.0326572102473106
MAR,58,Median,1.1043801345578361
MAR,58,PCA,0.9924317902496853
MAR,58,MICE (pmm),1.0756662264480268
MAR,58,MICE (norm),1.3290216608485277
MAR,59,Mean,1.056580374878053
MAR,59,Median,1.1837294103073226
MAR,59,PCA,1.061564297180186
MAR,59,MICE (pmm),1.161368244354061
MAR,59,MICE (norm),1.3414964710095543
MAR,60,Mean,1.1698021887000172
MAR,60,Median,1.2524652802400198
MAR,60,PCA,1.0934255228885184
MAR,60,MICE (pmm),1.0837501365931208
MAR,60,MICE (norm),1.2163542492128525
MAR,61,Mean,0.9987643777630953
MAR,61,Median,1.1127746131795622
MAR,61,PCA,1.051140943420584
MAR,61,MICE (pmm),1.0749950250804787
MAR,61,MICE (norm),1.2098687694226777
MAR,62,Mean,1.0639448833163805
MAR,62,Median,1.1222511323404443
MAR,62,PCA,1.0362299655155387
MAR,62,MICE (pmm),0.9159213712906267
MAR,62,MICE (norm),1.0235368255871813
MAR,63,Mean,0.8252167342605896
MAR,63,Median,0.8663463215128171
MAR,63,PCA,0.851385880426134
MAR,63,MICE (pmm),0.9233945326022877
MAR,63,MICE (norm),0.993602362536845
MAR,64,Mean,1.0175090078823132
MAR,64,Median,1.1262791821923934
MAR,64,PCA,0.9285573496943144
MAR,64,MICE (pmm),0.9389973314144092
MAR,64,MICE (norm),0.9984615904798667
MAR,65,Mean,0.826914434630005
MAR,65,Median,0.8402260045124813
MAR,65,PCA,0.8602493666206534
MAR,65,MICE (pmm),0.7810137370805872
MAR,65,MICE (norm),1.0834157622065999
MAR,66,Mean,0.8543880384803173
MAR,66,Median,0.9048159058826671
MAR,66,PCA,0.9584036347324952
MAR,66,MICE (pmm),0.9443478533517997
MAR,66,MICE (norm),1.0539794065882924
MAR,67,Mean,0.954048231753102
MAR,67,Median,1.043493892466089
MAR,67,PCA,0.9461385404009471
MAR,67,MICE (pmm),1.1797769760771104
MAR,67,MICE (norm),1.6155115243442844
MAR,68,Mean,1.0818618958608084
MAR,68,Median,1.1376293515653266
MAR,68,PCA,1.131906994844822
MAR,68,MICE (pmm),1.0411108662313047
MAR,68,MICE (norm),1.2734180063912677
MAR,69,Mean,1.0183939045519634
MAR,69,Median,1.096527281963612
MAR,69,PCA,1.1059320398864114
MAR,69,MICE (pmm),1.0942768489735595
MAR,69,MICE (norm),1.2638374048373953
MAR,70,Mean,0.9629284759468686
MAR,70,Median,1.0368957476753697
MAR,70,PCA,0.9924190316542445
MAR,70,MICE (pmm),0.9045403421803887
MAR,70,MICE (norm),0.9987111056412251
MAR,71,Mean,1.1058513933116885
MAR,71,Median,1.2033914536694905
MAR,71,PCA,1.0970429819962735
MAR,71,MICE (pmm),0.9026819936568242
MAR,71,MICE (norm),1.2155264944624187
MAR,72,Mean,1.0127050150887003
MAR,72,Median,1.1398395393974317
MAR,72,PCA,0.9711134372610687
MAR,72,MICE (pmm),1.0041837588860356
MAR,72,MICE (norm),1.2881996801384834
MAR,73,Mean,0.8992881611505816
MAR,73,Median,1.0031334295361196
MAR,73,PCA,0.9259168222578403
MAR,73,MICE (pmm),0.8561587728566173
MAR,73,MICE (norm),0.9830289114664735
MAR,74,Mean,0.8645583892024272
MAR,74,Median,0.9641682579908087
MAR,74,PCA,0.8721841906088506
MAR,74,MICE (pmm),0.8252692991636691
MAR,74,MICE (norm),1.0528100096399753
MAR,75,Mean,0.987216319238636
MAR,75,Median,0.9962870434883838
MAR,75,PCA,0.9814956615810665
MAR,75,MICE (pmm),1.0685894615753297
MAR,75,MICE (norm),1.043572190119699
MAR,76,Mean,1.0969255044627886
MAR,76,Median,1.2062853818530073
MAR,76,PCA,1.1261757431222306
MAR,76,MICE (pmm),1.1592404088620725
MAR,76,MICE (norm),1.4086407217218218
MAR,77,Mean,1.1990504366388068
MAR,77,Median,1.3284546166640328
MAR,77,PCA,1.205328280323813
MAR,77,MICE (pmm),1.2921116080741013
MAR,77,MICE (norm),1.3534269875367075
MAR,78,Mean,0.7007081011854572
MAR,78,Median,0.7055019802633857
MAR,78,PCA,0.7470441649735328
MAR,78,MICE (pmm),0.9520269226102026
MAR,78,MICE (norm),1.0800257497211532
MAR,79,Mean,0.9737824447276168
MAR,79,Median,1.0784903206920102
MAR,79,PCA,1.0506385891327155
MAR,79,MICE (pmm),0.9802736300915282
MAR,79,MICE (norm),1.1735271500344766
MAR,80,Mean,0.7989388154811737
MAR,80,Median,0.8323588290237934
MAR,80,PCA,0.840280026407074
MAR,80,MICE (pmm),0.8720459129790693
MAR,80,MICE (norm),1.0171950183841476
MAR,81,Mean,1.1132934602339273
MAR,81,Median,1.159069104469285
MAR,81,PCA,1.1236102766404465
MAR,81,MICE (pmm),1.1000297161911565
MAR,81,MICE (norm),1.3246158683648348
MAR,82,Mean,1.0385236112152083
MAR,82,Median,1.149466705940936
MAR,82,PCA,0.9757805736168875
MAR,82,MICE (pmm),0.9834172553198789
MAR,82,MICE (norm),1.171183534567765
MAR,83,Mean,0.9394920811661267
MAR,83,Median,1.0036903308721417
MAR,83,PCA,1.1274955033695575
MAR,83,MICE (pmm),1.1667740485022742
MAR,83,MICE (norm),1.4198988948231654
MAR,84,Mean,1.0786362041781992
MAR,84,Median,1.1888697993576027
MAR,84,PCA,1.13810517957044
MAR,84,MICE (pmm),1.1759897895830798
MAR,84,MICE (norm),1.5836291937677065
MAR,85,Mean,0.8802755669911719
MAR,85,Median,0.9623776043545733
MAR,85,PCA,0.9726390803057371
MAR,85,MICE (pmm),0.974051318822863
MAR,85,MICE (norm),1.2107813240037475
MAR,86,Mean,0.9072878759315699
MAR,86,Median,0.956608204922783
MAR,86,PCA,0.9970550505488018
MAR,86,MICE (pmm),0.9943791557057308
MAR,86,MICE (norm),1.128902759860708
MAR,87,Mean,0.9677567404825409
MAR,87,Median,1.0399168165279902
MAR,87,PCA,0.9339032553180447
MAR,87,MICE (pmm),0.9463993961721859
MAR,87,MICE (norm),1.082000162333401
MAR,88,Mean,0.8370224089075028
MAR,88,Median,0.8504930333161815
MAR,88,PCA,0.9378027786355175
MAR,88,MICE (pmm),1.0314472894088396
MAR,88,MICE (norm),1.1276922421696383
MAR,89,Mean,0.9721515850173008
MAR,89,Median,0.9996876533164851
MAR,89,PCA,0.9566080385554842
MAR,89,MICE (pmm),1.0762349631544792
MAR,89,MICE (norm),0.9180875613972936
MAR,90,Mean,1.0824179841864678
MAR,90,Median,1.1728247857904255
MAR,90,PCA,1.0841746413989308
MAR,90,MICE (pmm),1.1281717258958524
MAR,90,MICE (norm),1.2089444577562
MAR,91,Mean,1.072522913675732
MAR,91,Median,1.1273557905409846
MAR,91,PCA,1.0136920824747488
MAR,91,MICE (pmm),0.9617686353087205
MAR,91,MICE (norm),1.088201213223629
MAR,92,Mean,0.9258032646957802
MAR,92,Median,0.9519728174812675
MAR,92,PCA,0.9737098734506474
MAR,92,MICE (pmm),0.8966807457808934
MAR,92,MICE (norm),0.9431110363032155
MAR,93,Mean,1.0103106002840474
MAR,93,Median,1.112233384221259
MAR,93,PCA,1.0607278331071406
MAR,93,MICE (pmm),1.1185748690350197
MAR,93,MICE (norm),1.2145379706949913
MAR,94,Mean,0.8219245293228353
MAR,94,Median,0.8531903712418026
MAR,94,PCA,0.8140645587578977
MAR,94,MICE (pmm),0.7745023216393876
MAR,94,MICE (norm),1.0808482952890126
MAR,95,Mean,0.6845200752627201
MAR,95,Median,0.7157862385008381
MAR,95,PCA,0.9119073360962168
MAR,95,MICE (pmm),0.8229433651948461
MAR,95,MICE (norm),1.0486996584853974
MAR,96,Mean,1.177136324829032
MAR,96,Median,1.3182503426141012
MAR,96,PCA,1.0535605726998287
MAR,96,MICE (pmm),1.064306297937827
MAR,96,MICE (norm),1.272370500003412
MAR,97,Mean,1.0108728570389813
MAR,97,Median,1.1217347453638558
MAR,97,PCA,1.006708409126938
MAR,97,MICE (pmm),1.109217835562545
MAR,97,MICE (norm),1.0684839527204963
MAR,98,Mean,1.0791894062516796
MAR,98,Median,1.1752475775574496
MAR,98,PCA,1.107066332898478
MAR,98,MICE (pmm),1.1289237497776416
MAR,98,MICE (norm),1.1104701593264932
MAR,99,Mean,1.2641305530401286
MAR,99,Median,1.3959974037019272
MAR,99,PCA,1.319988620446794
MAR,99,MICE (pmm),1.3980810734220495
MAR,99,MICE (norm),1.461998185482006
MAR,100,Mean,0.9520631195742284
MAR,100,Median,1.032554469001178
MAR,100,PCA,1.0364225651310712
MAR,100,MICE (pmm),1.0129303257834137
MAR,100,MICE (norm),1.0958541324995361
MAR,101,Mean,1.1324885561034064
MAR,101,Median,1.2587025500087496
MAR,101,PCA,1.1138094476873832
MAR,101,MICE (pmm),1.1949223444627175
MAR,101,MICE (norm),1.4773552246962476
MAR,102,Mean,0.9840159147216785
MAR,102,Median,1.0363822683416477
MAR,102,PCA,1.004728649897861
MAR,102,MICE (pmm),1.0528239866816929
MAR,102,MICE (norm),1.1636852355511538
MAR,103,Mean,1.213722581177006
MAR,103,Median,1.289345664169769
MAR,103,PCA,1.2288845783274518
MAR,103,MICE (pmm),1.3005437519247656
MAR,103,MICE (norm),1.4149163493090222
MAR,104,Mean,1.3187093734821882
MAR,104,Median,1.450047457377804
MAR,104,PCA,1.3196813824292477
MAR,104,MICE (pmm),1.3355767887340295
MAR,104,MICE (norm),1.5224109652747848
MAR,105,Mean,1.051651725304281
MAR,105,Median,0.9900160691711318
MAR,105,PCA,1.1212237057843577
MAR,105,MICE (pmm),1.1334286107090168
MAR,105,MICE (norm),1.2553391192136059
MAR,106,Mean,1.1165174857064994
MAR,106,Median,1.1594113653789624
MAR,106,PCA,1.0334917013357172
MAR,106,MICE (pmm),1.0990038981665766
MAR,106,MICE (norm),1.296418257704616
MAR,107,Mean,1.019708569130194
MAR,107,Median,1.05803608629417
MAR,107,PCA,1.02366931464872
MAR,107,MICE (pmm),1.1867743898417427
MAR,107,MICE (norm),1.29673623775606
MAR,108,Mean,0.968242742282289
MAR,108,Median,1.0978633093654273
MAR,108,PCA,1.0442604445888521
MAR,108,MICE (pmm),1.0853691226327866
MAR,108,MICE (norm),1.2631865072093955
MAR,109,Mean,1.178337466724015
MAR,109,Median,1.2578522909431462
MAR,109,PCA,1.2626336112282064
MAR,109,MICE (pmm),1.2964816332101958
MAR,109,MICE (norm),1.3179779753018226
MAR,110,Mean,0.8108797493730673
MAR,110,Median,0.8760488947196113
MAR,110,PCA,0.8208741133528489
MAR,110,MICE (pmm),1.0148779361131868
MAR,110,MICE (norm),1.0024259863651908
MAR,111,Mean,0.9168431998612095
MAR,111,Median,1.0161726104707072
MAR,111,PCA,0.9701009035953282
MAR,111,MICE (pmm),0.9085619469918997
MAR,111,MICE (norm),0.993195499920426
MAR,112,Mean,1.0380695836926457
MAR,112,Median,1.1712841846846507
MAR,112,PCA,1.0503308575751753
MAR,112,MICE (pmm),1.1242110635350802
MAR,112,MICE (norm),1.3600775931780924
MAR,113,Mean,1.2016929626821826
MAR,113,Median,1.2896345967588654
MAR,113,PCA,1.188586173982712
MAR,113,MICE (pmm),1.1895055984483944
MAR,113,MICE (norm),1.2446111422802006
MAR,114,Mean,0.8655225180436609
MAR,114,Median,0.9489475144146886
MAR,114,PCA,0.9288766341590067
MAR,114,MICE (pmm),1.1250583225573747
MAR,114,MICE (norm),1.1289150724387127
MAR,115,Mean,1.0304245524162725
MAR,115,Median,1.1088297704558332
MAR,115,PCA,0.9766370748328277
MAR,115,MICE (pmm),1.099204759867563
MAR,115,MICE (norm),1.299938082263493
MAR,116,Mean,1.2133519731971165
MAR,116,Median,1.3075256500532753
MAR,116,PCA,1.202319736733518
MAR,116,MICE (pmm),1.18665725392687
MAR,116,MICE (norm),1.199897669041218
MAR,117,Mean,0.8652976709044551
MAR,117,Median,0.9449406375220352
MAR,117,PCA,0.8593981897986896
MAR,117,MICE (pmm),0.8706802629619026
MAR,117,MICE (norm),1.1205805468360437
MAR,118,Mean,1.0359717737364806
MAR,118,Median,1.1559501114693274
MAR,118,PCA,1.0771914111699592
MAR,118,MICE (pmm),1.2144985256528094
MAR,118,MICE (norm),1.5788148709826464
MAR,119,Mean,0.9523047821273649
MAR,119,Median,1.0398431493706686
MAR,119,PCA,0.933006496371558
MAR,119,MICE (pmm),1.145490294573147
MAR,119,MICE (norm),1.2640229405448171
MAR,120,Mean,1.180179911739061
MAR,120,Median,1.2584242435815374
MAR,120,PCA,1.205256194450682
MAR,120,MICE (pmm),1.156312557724956
MAR,120,MICE (norm),1.376749156138141
MAR,121,Mean,1.2524479806505793
MAR,121,Median,1.316474520179397
MAR,121,PCA,1.264433850320295
MAR,121,MICE (pmm),1.203787978839115
MAR,121,MICE (norm),1.362408137746568
MAR,122,Mean,1.0794869426481701
MAR,122,Median,1.1439401377556486
MAR,122,PCA,1.0638706086423648
MAR,122,MICE (pmm),1.0835876301515028
MAR,122,MICE (norm),1.3120594258580502
MAR,123,Mean,0.9635309817031608
MAR,123,Median,1.0530155309497218
MAR,123,PCA,0.9787660698803899
MAR,123,MICE (pmm),1.0311954566225952
MAR,123,MICE (norm),1.0765304746724127
MAR,124,Mean,0.913716930778907
MAR,124,Median,0.9604889837278042
MAR,124,PCA,1.0685762396313847
MAR,124,MICE (pmm),1.090714009099084
MAR,124,MICE (norm),1.300149490559548
MAR,125,Mean,0.9706783451203228
MAR,125,Median,1.0854871890161097
MAR,125,PCA,0.963585259313193
MAR,125,MICE (pmm),1.0294025712902577
MAR,125,MICE (norm),1.242023799478503
MAR,126,Mean,0.9361467723118901
MAR,126,Median,1.0185507716628563
MAR,126,PCA,0.879534642370646
MAR,126,MICE (pmm),1.0103523202169178
MAR,126,MICE (norm),1.1674965164797015
MAR,127,Mean,1.045784171297534
MAR,127,Median,1.1123605645448178
MAR,127,PCA,1.1307777949920044
MAR,127,MICE (pmm),1.1793531742919072
MAR,127,MICE (norm),1.2560994186022068
MAR,128,Mean,0.9405057458051088
MAR,128,Median,1.019924281693659
MAR,128,PCA,0.9041179832466896
MAR,128,MICE (pmm),0.8777536666471683
MAR,128,MICE (norm),1.0307458456498244
MAR,129,Mean,0.9278254893682779
MAR,129,Median,0.9547869921839106
MAR,129,PCA,1.05693030187523
MAR,129,MICE (pmm),1.0374619079324594
MAR,129,MICE (norm),1.1675022338293821
MAR,130,Mean,1.0881678230326857
MAR,130,Median,1.161631670445205
MAR,130,PCA,1.180216955630056
MAR,130,MICE (pmm),1.1032996252199145
MAR,130,MICE (norm),1.2450249494652126
MAR,131,Mean,0.9146970294054934
MAR,131,Median,1.0202509249169487
MAR,131,PCA,0.9541400987805088
MAR,131,MICE (pmm),0.9702507553479208
MAR,131,MICE (norm),1.2519148662746098
MAR,132,Mean,1.1048336167686121
MAR,132,Median,1.2192952693542924
MAR,132,PCA,1.1476408812339007
MAR,132,MICE (pmm),1.1557483653363803
MAR,132,MICE (norm),1.1836340161181753
MAR,133,Mean,1.142238677691799
MAR,133,Median,1.2513875717568206
MAR,133,PCA,1.0781486782752576
MAR,133,MICE (pmm),1.223925704462112
MAR,133,MICE (norm),1.206623791533645
MAR,134,Mean,0.9935235385786063
MAR,134,Median,1.0255368689758892
MAR,134,PCA,1.1563982469569398
MAR,134,MICE (pmm),1.1058937035524308
MAR,134,MICE (norm),1.3447052603293672
MAR,135,Mean,1.0716761101935002
MAR,135,Median,1.1580299616423324
MAR,135,PCA,1.0646774890235302
MAR,135,MICE (pmm),0.9191426844780081
MAR,135,MICE (norm),1.239618047979044
MAR,136,Mean,0.9680819502069153
MAR,136,Median,1.0897073230553995
MAR,136,PCA,1.028647705049434
MAR,136,MICE (pmm),1.1029704617992477
MAR,136,MICE (norm),1.2593368714934359
MAR,137,Mean,1.1319264274618623
MAR,137,Median,1.2127010314711362
MAR,137,PCA,1.112356160399929
MAR,137,MICE (pmm),1.1425301075546128
MAR,137,MICE (norm),1.4051624816337154
MAR,138,Mean,1.0612512754072017
MAR,138,Median,1.1297792867491592
MAR,138,PCA,1.1085839134140292
MAR,138,MICE (pmm),1.086207822001907
MAR,138,MICE (norm),1.1681063519424422
MAR,139,Mean,0.868952667731525
MAR,139,Median,0.96245430889901
MAR,139,PCA,0.9564771383543557
MAR,139,MICE (pmm),1.1727845261910022
MAR,139,MICE (norm),1.376033326859427
MAR,140,Mean,0.979225855770696
MAR,140,Median,1.0891529607158494
MAR,140,PCA,1.1637999822344722
MAR,140,MICE (pmm),1.1536727475166608
MAR,140,MICE (norm),1.3053671886125018
MAR,141,Mean,0.9951150706826505
MAR,141,Median,1.043173687218653
MAR,141,PCA,1.1105813041718706
MAR,141,MICE (pmm),1.120336031154208
MAR,141,MICE (norm),1.4289655247044974
MAR,142,Mean,1.0793004916661753
MAR,142,Median,1.1742463600915438
MAR,142,PCA,1.0166771197598323
MAR,142,MICE (pmm),1.0799726959296914
MAR,142,MICE (norm),1.161563045921241
MAR,143,Mean,0.7875055682930462
MAR,143,Median,0.8915556849541094
MAR,143,PCA,0.9217688724923473
MAR,143,MICE (pmm),0.9481597959156295
MAR,143,MICE (norm),1.1247787294603235
MAR,144,Mean,0.699875541659607
MAR,144,Median,0.791667671273863
MAR,144,PCA,0.6565052156224107
MAR,144,MICE (pmm),0.6146478555770604
MAR,144,MICE (norm),0.9311694064380143
MAR,145,Mean,0.8758857120401151
MAR,145,Median,0.8965857069899904
MAR,145,PCA,0.9141367700580636
MAR,145,MICE (pmm),0.9221220255321952
MAR,145,MICE (norm),1.1834240614400704
MAR,146,Mean,1.0789472422205373
MAR,146,Median,1.1662154258310806
MAR,146,PCA,1.171141142044834
MAR,146,MICE (pmm),1.23931990745923
MAR,146,MICE (norm),1.2717973566177685
MAR,147,Mean,0.8723980842294473
MAR,147,Median,0.9418623632422319
MAR,147,PCA,1.061672293847187
MAR,147,MICE (pmm),1.0201329882062116
MAR,147,MICE (norm),1.2237361702738285
MAR,148,Mean,1.3328399948360974
MAR,148,Median,1.4138705494552666
MAR,148,PCA,1.2518274397806417
MAR,148,MICE (pmm),1.2931589359534563
MAR,148,MICE (norm),1.319012505440414
MAR,149,Mean,1.1229814483039051
MAR,149,Median,1.2061622498850664
MAR,149,PCA,1.1436775582154617
MAR,149,MICE (pmm),1.1608533496784976
MAR,149,MICE (norm),1.326568775947077
MAR,150,Mean,1.1393503551376378
MAR,150,Median,1.208392181576757
MAR,150,PCA,1.1044233851974856
MAR,150,MICE (pmm),1.164135489273277
MAR,150,MICE (norm),1.2361572689253604
MAR,151,Mean,1.1384816537216929
MAR,151,Median,1.2188635800827
MAR,151,PCA,1.1032866894181441
MAR,151,MICE (pmm),1.1151350561606836
MAR,151,MICE (norm),1.1359684385649649
MAR,152,Mean,1.0741035081867276
MAR,152,Median,1.1499475789863043
MAR,152,PCA,1.1294203844462365
MAR,152,MICE (pmm),1.1869842693817267
MAR,152,MICE (norm),1.463168438098898
MAR,153,Mean,1.2074421642957585
MAR,153,Median,1.312534297834035
MAR,153,PCA,1.176160576445792
MAR,153,MICE (pmm),1.280988446876676
MAR,153,MICE (norm),1.3014914812213063
MAR,154,Mean,1.2480787182890256
MAR,154,Median,1.334942932002414
MAR,154,PCA,1.1561655800420751
MAR,154,MICE (pmm),1.18342289145756
MAR,154,MICE (norm),1.2407125799038543
MAR,155,Mean,0.9243082345003014
MAR,155,Median,1.0151235905895544
MAR,155,PCA,0.9348423001261625
MAR,155,MICE (pmm),0.8977549244380758
MAR,155,MICE (norm),1.1036521479229997
MAR,156,Mean,0.906238777951572
MAR,156,Median,0.9941361786255148
MAR,156,PCA,1.0728921241942093
MAR,156,MICE (pmm),1.261048074406101
MAR,156,MICE (norm),1.2229355795382328
MAR,157,Mean,1.159888063969611
MAR,157,Median,1.2006971417804684
MAR,157,PCA,1.3120503422811656
MAR,157,MICE (pmm),1.3680796631751797
MAR,157,MICE (norm),1.645158906635187
MAR,158,Mean,0.9364819363728865
MAR,158,Median,0.9571766417969558
MAR,158,PCA,1.0413129113386572
MAR,158,MICE (pmm),1.0077413245709805
MAR,158,MICE (norm),1.311723683612125
MAR,159,Mean,0.9821272948299291
MAR,159,Median,1.1143245236500554
MAR,159,PCA,1.0957009039103844
MAR,159,MICE (pmm),1.082156749715979
MAR,159,MICE (norm),1.071772157219866
MAR,160,Mean,0.9588390487326489
MAR,160,Median,1.0065974524453634
MAR,160,PCA,0.9167728507049023
MAR,160,MICE (pmm),0.9560573601974142
MAR,160,MICE (norm),1.0000830757587391
MAR,161,Mean,1.161149400899714
MAR,161,Median,1.2264465725791613
MAR,161,PCA,1.206114716139141
MAR,161,MICE (pmm),1.3129992991440234
MAR,161,MICE (norm),1.1210172245397814
MAR,162,Mean,1.1114674936378965
MAR,162,Median,1.20775120736437
MAR,162,PCA,1.0988153394255604
MAR,162,MICE (pmm),1.108563414231822
MAR,162,MICE (norm),1.294320193123441
MAR,163,Mean,1.2062478277611444
MAR,163,Median,1.2953026432937875
MAR,163,PCA,1.1834121496431815
MAR,163,MICE (pmm),1.1188197785071956
MAR,163,MICE (norm),1.3393888001035519
MAR,164,Mean,1.0658339337691243
MAR,164,Median,1.0874288524309688
MAR,164,PCA,1.0531227045998321
MAR,164,MICE (pmm),1.2031266091407127
MAR,164,MICE (norm),1.7942151485880453
MAR,165,Mean,0.7454402373057667
MAR,165,Median,0.8107659848667531
MAR,165,PCA,0.8924702999701941
MAR,165,MICE (pmm),0.8782875968682194
MAR,165,MICE (norm),1.0759675863710232
MAR,166,Mean,1.1103742114850295
MAR,166,Median,1.2448287217186815
MAR,166,PCA,1.093777355696488
MAR,166,MICE (pmm),1.1241587724527955
MAR,166,MICE (norm),1.3486851088291942
MAR,167,Mean,1.0037003373776863
MAR,167,Median,1.0333608962881706
MAR,167,PCA,1.0431633676592689
MAR,167,MICE (pmm),0.9976698002730828
MAR,167,MICE (norm),1.223943172002945
MAR,168,Mean,1.2830768564563917
MAR,168,Median,1.3357136072745106
MAR,168,PCA,1.296223962974518
MAR,168,MICE (pmm),1.3417960796078439
MAR,168,MICE (norm),1.282967019668697
MAR,169,Mean,1.0533364221797308
MAR,169,Median,1.1242750819456246
MAR,169,PCA,1.0206239843511888
MAR,169,MICE (pmm),1.043549897415017
MAR,169,MICE (norm),1.1400040731314292
MAR,170,Mean,0.9248850221489492
MAR,170,Median,0.9942817801860342
MAR,170,PCA,0.9322511822164259
MAR,170,MICE (pmm),0.7762743496564134
MAR,170,MICE (norm),1.042203037465676
MAR,171,Mean,1.0928179580337765
MAR,171,Median,1.1732737649532738
MAR,171,PCA,1.1355471863136912
MAR,171,MICE (pmm),1.026621695450614
MAR,171,MICE (norm),1.1795231595511333
MAR,172,Mean,0.7823290510395406
MAR,172,Median,0.8805419984711463
MAR,172,PCA,0.7896135094882626
MAR,172,MICE (pmm),0.731853438213858
MAR,172,MICE (norm),0.9753961440139517
MAR,173,Mean,0.9891259081893723
MAR,173,Median,1.1044379484159235
MAR,173,PCA,1.1008050878217195
MAR,173,MICE (pmm),1.0029525984885674
MAR,173,MICE (norm),1.1210551935070658
MAR,174,Mean,0.9767260079764786
MAR,174,Median,1.0273328814681149
MAR,174,PCA,1.0856740499532929
MAR,174,MICE (pmm),1.080899464915906
MAR,174,MICE (norm),1.306089545264092
MAR,175,Mean,1.2016493237668804
MAR,175,Median,1.2726093916663253
MAR,175,PCA,1.1699050832043916
MAR,175,MICE (pmm),1.1559465277866006
MAR,175,MICE (norm),1.1612348531946342
MAR,176,Mean,1.254343023083827
MAR,176,Median,1.3246409222131306
MAR,176,PCA,1.221103442916562
MAR,176,MICE (pmm),1.370079592004764
MAR,176,MICE (norm),1.244610767455491
MAR,177,Mean,0.877464631654459
MAR,177,Median,0.9901202558455842
MAR,177,PCA,0.8866186079075453
MAR,177,MICE (pmm),0.9039337713037475
MAR,177,MICE (norm),1.0903974683172863
MAR,178,Mean,1.0024248901803432
MAR,178,Median,1.1346993642664231
MAR,178,PCA,1.038646534038697
MAR,178,MICE (pmm),1.060224861253752
MAR,178,MICE (norm),1.294160167997589
MAR,179,Mean,0.8512026806410047
MAR,179,Median,0.8725253887721174
MAR,179,PCA,0.9316458273736354
MAR,179,MICE (pmm),0.8375651472751668
MAR,179,MICE (norm),1.0758470229125545
MAR,180,Mean,1.0472418972778044
MAR,180,Median,1.1417247412104579
MAR,180,PCA,1.1292174299311286
MAR,180,MICE (pmm),1.146593982063091
MAR,180,MICE (norm),1.2434357985009357
MAR,181,Mean,1.1978690733838881
MAR,181,Median,1.2788157204470711
MAR,181,PCA,1.2774593953074396
MAR,181,MICE (pmm),1.2901200499118382
MAR,181,MICE (norm),1.1931592059738632
MAR,182,Mean,1.2095040885524746
MAR,182,Median,1.2801977213261646
MAR,182,PCA,1.1979698234494751
MAR,182,MICE (pmm),1.2596670171025022
MAR,182,MICE (norm),1.342857651146871
MAR,183,Mean,1.0279142512145234
MAR,183,Median,1.0547030770014638
MAR,183,PCA,1.1116112472648148
MAR,183,MICE (pmm),1.132606922845442
MAR,183,MICE (norm),1.1647547449718636
MAR,184,Mean,1.1599885792539077
MAR,184,Median,1.2474596873735604
MAR,184,PCA,1.1864486180572515
MAR,184,MICE (pmm),1.2521980843412652
MAR,184,MICE (norm),1.3862286833267652
MAR,185,Mean,1.0408076643521629
MAR,185,Median,1.129368801530822
MAR,185,PCA,1.0032531330517516
MAR,185,MICE (pmm),0.9900514441283458
MAR,185,MICE (norm),1.1789896916448215
MAR,186,Mean,0.955937079407319
MAR,186,Median,1.0560242786690763
MAR,186,PCA,1.0904945940908508
MAR,186,MICE (pmm),1.0319344341018712
MAR,186,MICE (norm),1.1589231425893183
MAR,187,Mean,0.9594100943676771
MAR,187,Median,1.0793937505746738
MAR,187,PCA,0.8736640963698985
MAR,187,MICE (pmm),0.8821912702470504
MAR,187,MICE (norm),1.155943925632725
MAR,188,Mean,0.8418566525634772
MAR,188,Median,0.9438648671739125
MAR,188,PCA,0.921407062403544
MAR,188,MICE (pmm),0.9949395331251271
MAR,188,MICE (norm),1.0429785217083773
MAR,189,Mean,0.9386747103685117
MAR,189,Median,1.0851432869714874
MAR,189,PCA,0.9566969101325341
MAR,189,MICE (pmm),0.9763660310472669
MAR,189,MICE (norm),1.1714617233982918
MAR,190,Mean,1.0577549360972616
MAR,190,Median,1.1386974651631403
MAR,190,PCA,1.217262336662024
MAR,190,MICE (pmm),1.2903953576866851
MAR,190,MICE (norm),1.299169573758222
MAR,191,Mean,0.991272319272261
MAR,191,Median,1.0924320695266585
MAR,191,PCA,0.9872162337083811
MAR,191,MICE (pmm),0.9562846723186095
MAR,191,MICE (norm),1.3096746109230373
MAR,192,Mean,0.991606637826899
MAR,192,Median,1.0390416888248064
MAR,192,PCA,0.9709400878509411
MAR,192,MICE (pmm),1.0239794957351596
MAR,192,MICE (norm),1.0706714066505612
MAR,193,Mean,1.123037699085567
MAR,193,Median,1.2131089145596514
MAR,193,PCA,1.1158514930859516
MAR,193,MICE (pmm),1.126774305536793
MAR,193,MICE (norm),1.215673019716045
MAR,194,Mean,1.1550819657500315
MAR,194,Median,1.253151682662374
MAR,194,PCA,1.1041056249914118
MAR,194,MICE (pmm),1.1938748414830898
MAR,194,MICE (norm),1.2702469948234938
MAR,195,Mean,0.9547801743600676
MAR,195,Median,1.0650104783808243
MAR,195,PCA,1.0453175489905926
MAR,195,MICE (pmm),1.0122312985427322
MAR,195,MICE (norm),1.0717050236910302
MAR,196,Mean,0.9891551936761602
MAR,196,Median,1.0622558048040647
MAR,196,PCA,1.0397583620238122
MAR,196,MICE (pmm),1.1821515907574363
MAR,196,MICE (norm),1.2054759243990252
MAR,197,Mean,1.0708194237592463
MAR,197,Median,1.1451732027451358
MAR,197,PCA,1.167218650423881
MAR,197,MICE (pmm),1.1417164852179111
MAR,197,MICE (norm),1.2351590659304823
MAR,198,Mean,1.3551247634818304
MAR,198,Median,1.4418840134211797
MAR,198,PCA,1.291574089682925
MAR,198,MICE (pmm),1.3208421947867437
MAR,198,MICE (norm),1.3357543401847474
MAR,199,Mean,0.9292267371041255
MAR,199,Median,1.0369359458767138
MAR,199,PCA,0.8595375426010352
MAR,199,MICE (pmm),0.9463800946539014
MAR,199,MICE (norm),1.104588345394273
MAR,200,Mean,0.6723816051635296
MAR,200,Median,0.6310185402371835
MAR,200,PCA,0.6658945996134773
MAR,200,MICE (pmm),0.9064401020438623
MAR,200,MICE (norm),0.9558092405965148
MAR,201,Mean,0.9772633734233359
MAR,201,Median,1.0607271849909157
MAR,201,PCA,1.0323616880433824
MAR,201,MICE (pmm),1.2171329436469875
MAR,201,MICE (norm),1.3090337273235697
MAR,202,Mean,0.8348034348481469
MAR,202,Median,0.8252712268791097
MAR,202,PCA,0.9532994998113535
MAR,202,MICE (pmm),0.7980917322554691
MAR,202,MICE (norm),1.070737533100554
MAR,203,Mean,1.1063135300731803
MAR,203,Median,1.199666600860898
MAR,203,PCA,1.1268417768364483
MAR,203,MICE (pmm),1.1774369947214702
MAR,203,MICE (norm),1.2785597471202668
MAR,204,Mean,0.930117859008097
MAR,204,Median,1.000986724072905
MAR,204,PCA,0.9627556090010498
MAR,204,MICE (pmm),0.981018869721955
MAR,204,MICE (norm),1.1429043582564282
MAR,205,Mean,1.2764094404275108
MAR,205,Median,1.3379649383505539
MAR,205,PCA,1.2677182270731993
MAR,205,MICE (pmm),1.3646179787070067
MAR,205,MICE (norm),1.171318975590626
MAR,206,Mean,0.956180845330933
MAR,206,Median,1.0793924742396503
MAR,206,PCA,1.0094031268892303
MAR,206,MICE (pmm),1.0657670372075214
MAR,206,MICE (norm),1.4433139644362598
MAR,207,Mean,0.8923326974279229
MAR,207,Median,0.9718053471029326
MAR,207,PCA,1.024630568848559
MAR,207,MICE (pmm),0.9317338151970311
MAR,207,MICE (norm),1.2616462108366444
MAR,208,Mean,1.1090228488636815
MAR,208,Median,1.2620070357054365
MAR,208,PCA,1.0212057418254936
MAR,208,MICE (pmm),1.1706629870460805
MAR,208,MICE (norm),1.4476704719904523
MAR,209,Mean,0.8367918345310016
MAR,209,Median,0.8751311408727616
MAR,209,PCA,0.82259239516895
MAR,209,MICE (pmm),0.86331521068284
MAR,209,MICE (norm),0.980632558982356
MAR,210,Mean,1.0048837857506936
MAR,210,Median,1.0848437702440672
MAR,210,PCA,1.0385153354046492
MAR,210,MICE (pmm),1.0765658953439636
MAR,210,MICE (norm),1.194111612900655
MAR,211,Mean,0.9930094744166275
MAR,211,Median,1.031292354284329
MAR,211,PCA,1.0757700662415668
MAR,211,MICE (pmm),1.1015085012688264
MAR,211,MICE (norm),1.0323313780330945
MAR,212,Mean,0.8775492947874519
MAR,212,Median,0.9280058256427185
MAR,212,PCA,0.9225311464857666
MAR,212,MICE (pmm),1.1189047222003465
MAR,212,MICE (norm),1.1590085291485335
MAR,213,Mean,1.109129789579901
MAR,213,Median,1.146154092865831
MAR,213,PCA,1.0903722144819217
MAR,213,MICE (pmm),1.1583472300933082
MAR,213,MICE (norm),1.273954549887821
MAR,214,Mean,0.9954727943686681
MAR,214,Median,1.097023308465687
MAR,214,PCA,1.0385399892437726
MAR,214,MICE (pmm),1.1140819321195652
MAR,214,MICE (norm),1.2582419976311052
MAR,215,Mean,1.0923523494144487
MAR,215,Median,1.1768122449180187
MAR,215,PCA,1.0739777253894236
MAR,215,MICE (pmm),1.295579868526596
MAR,215,MICE (norm),1.2241748973116597
MAR,216,Mean,0.9098843865914176
MAR,216,Median,0.9670882911224945
MAR,216,PCA,0.9180474659556891
MAR,216,MICE (pmm),0.9384352170623759
MAR,216,MICE (norm),1.141031221473885
MAR,217,Mean,0.9601110612012628
MAR,217,Median,1.0708543324838489
MAR,217,PCA,1.0006016403586517
MAR,217,MICE (pmm),1.1294112698648768
MAR,217,MICE (norm),1.1837304354551386
MAR,218,Mean,0.9028275179128982
MAR,218,Median,0.9778041311423441
MAR,218,PCA,0.9832070998229353
MAR,218,MICE (pmm),0.9184658564898641
MAR,218,MICE (norm),1.2610583039856302
MAR,219,Mean,0.9718810262891914
MAR,219,Median,1.002763297822578
MAR,219,PCA,0.9508762241718529
MAR,219,MICE (pmm),0.9730984970662129
MAR,219,MICE (norm),1.1178659150977615
MAR,220,Mean,1.04154870782928
MAR,220,Median,1.1799451406914296
MAR,220,PCA,0.9929965291931768
MAR,220,MICE (pmm),1.0335963022653365
MAR,220,MICE (norm),1.1072696973976042
MAR,221,Mean,1.165161832885242
MAR,221,Median,1.2852728389990988
MAR,221,PCA,1.246672678934541
MAR,221,MICE (pmm),1.1743759970090153
MAR,221,MICE (norm),1.3704582756369597
MAR,222,Mean,0.9107324880457328
MAR,222,Median,1.04802058376681
MAR,222,PCA,0.9169853096903092
MAR,222,MICE (pmm),0.9240249195307447
MAR,222,MICE (norm),1.1352492438641761
MAR,223,Mean,1.0386539280002132
MAR,223,Median,1.1473519618822843
MAR,223,PCA,1.0134440606176505
MAR,223,MICE (pmm),1.136378290726022
MAR,223,MICE (norm),1.4336371802774095
MAR,224,Mean,0.9462421424686469
MAR,224,Median,1.0292156078718981
MAR,224,PCA,0.9291817390192175
MAR,224,MICE (pmm),0.928898516120825
MAR,224,MICE (norm),1.0600200307062724
MAR,225,Mean,1.0072821939012848
MAR,225,Median,1.0510706309780264
MAR,225,PCA,1.034110047416013
MAR,225,MICE (pmm),0.9648632192849783
MAR,225,MICE (norm),1.035645839455822
MAR,226,Mean,1.0058135928069276
MAR,226,Median,1.1197919035154253
MAR,226,PCA,1.0656832246174661
MAR,226,MICE (pmm),0.9654802290404647
MAR,226,MICE (norm),1.4115937694711662
MAR,227,Mean,0.8570943296313404
MAR,227,Median,0.9226220855416619
MAR,227,PCA,0.8601950105766005
MAR,227,MICE (pmm),0.9792069161354626
MAR,227,MICE (norm),0.8986014782087554
MAR,228,Mean,1.0150818380224231
MAR,228,Median,1.1057496057337768
MAR,228,PCA,0.9915445626239587
MAR,228,MICE (pmm),0.9791578444307986
MAR,228,MICE (norm),1.0271858387340673
MAR,229,Mean,0.9203363014817595
MAR,229,Median,0.9973539988693461
MAR,229,PCA,0.9091675637448092
MAR,229,MICE (pmm),0.9478494038930588
MAR,229,MICE (norm),1.2303339036110494
MAR,230,Mean,0.9755562964217022
MAR,230,Median,1.051599231478709
MAR,230,PCA,1.0844179391845927
MAR,230,MICE (pmm),1.0785587245046204
MAR,230,MICE (norm),1.1872693127062361
MAR,231,Mean,0.8325137471327796
MAR,231,Median,0.8782994958147968
MAR,231,PCA,0.8897070978387464
MAR,231,MICE (pmm),1.0283864756197685
MAR,231,MICE (norm),0.9960271552873335
MAR,232,Mean,0.8016918256024675
MAR,232,Median,0.8086988845978346
MAR,232,PCA,0.7347608004220904
MAR,232,MICE (pmm),0.7720913889235669
MAR,232,MICE (norm),1.0444744469600813
MAR,233,Mean,1.2798596056161695
MAR,233,Median,1.3277893954978757
MAR,233,PCA,1.213453141528583
MAR,233,MICE (pmm),1.1925627891950985
MAR,233,MICE (norm),1.1240891267751882
MAR,234,Mean,1.0058730288733877
MAR,234,Median,1.08972553692299
MAR,234,PCA,1.1344590215014194
MAR,234,MICE (pmm),1.1674399566931455
MAR,234,MICE (norm),1.4381518526375185
MAR,235,Mean,0.8402193825649237
MAR,235,Median,0.8690476780582366
MAR,235,PCA,0.8477557221749416
MAR,235,MICE (pmm),0.8769391950329716
MAR,235,MICE (norm),0.9697710118983799
MAR,236,Mean,0.8919137366565084
MAR,236,Median,0.9603761115954154
MAR,236,PCA,1.0302322668675195
MAR,236,MICE (pmm),1.0551930153183717
MAR,236,MICE (norm),1.1173959070348574
MAR,237,Mean,1.1547892331551572
MAR,237,Median,1.2025913431367707
MAR,237,PCA,1.1642360637324938
MAR,237,MICE (pmm),1.2518956627298963
MAR,237,MICE (norm),1.4448672428944762
MAR,238,Mean,1.052704021333575
MAR,238,Median,1.1416979327055603
MAR,238,PCA,1.1915537180788953
MAR,238,MICE (pmm),1.2895329816074739
MAR,238,MICE (norm),1.5155935230888775
MAR,239,Mean,1.1019658272560848
MAR,239,Median,1.2050785671646207
MAR,239,PCA,1.061820381950244
MAR,239,MICE (pmm),1.1227620285333468
MAR,239,MICE (norm),1.3703870427308966
MAR,240,Mean,1.0029078504441296
MAR,240,Median,1.0635411941234245
MAR,240,PCA,1.07233578461957
MAR,240,MICE (pmm),1.0272137944162125
MAR,240,MICE (norm),1.3321254779852505
MAR,241,Mean,0.9353000663284005
MAR,241,Median,0.9616757638731895
MAR,241,PCA,0.9567438079963082
MAR,241,MICE (pmm),1.1365910581651213
MAR,241,MICE (norm),1.3438173304868144
MAR,242,Mean,1.309660488962947
MAR,242,Median,1.3404464810566965
MAR,242,PCA,1.1929583822308705
MAR,242,MICE (pmm),1.1794113120597978
MAR,242,MICE (norm),1.1361581400810283
MAR,243,Mean,1.2927249148686857
MAR,243,Median,1.406960231689255
MAR,243,PCA,1.2460728918743802
MAR,243,MICE (pmm),1.2107659079135338
MAR,243,MICE (norm),1.3709788628517652
MAR,244,Mean,0.9675275603549869
MAR,244,Median,1.1103111173972566
MAR,244,PCA,1.0621615912000821
MAR,244,MICE (pmm),1.2655979230613346
MAR,244,MICE (norm),1.4624880730885712
MAR,245,Mean,0.8686917227655416
MAR,245,Median,0.9361375494398553
MAR,245,PCA,0.9035295971933768
MAR,245,MICE (pmm),0.951788437908294
MAR,245,MICE (norm),1.0968193648226234
MAR,246,Mean,0.6679523556873956
MAR,246,Median,0.7095290881025985
MAR,246,PCA,0.6654155658569505
MAR,246,MICE (pmm),0.7894481153406335
MAR,246,MICE (norm),0.9206641164409031
MAR,247,Mean,1.1159873779805947
MAR,247,Median,1.157806101306531
MAR,247,PCA,1.0545555188797504
MAR,247,MICE (pmm),1.0459994027776027
MAR,247,MICE (norm),1.4529570373175271
MAR,248,Mean,1.3896739479466365
MAR,248,Median,1.4664340330628503
MAR,248,PCA,1.3718159391587952
MAR,248,MICE (pmm),1.4453456557739568
MAR,248,MICE (norm),1.5153622494003984
MAR,249,Mean,0.9329146093606356
MAR,249,Median,1.0194995144580046
MAR,249,PCA,0.963442485632966
MAR,249,MICE (pmm),1.035907904738178
MAR,249,MICE (norm),1.0921019703946182
MAR,250,Mean,0.8815037030402522
MAR,250,Median,0.9439098065583648
MAR,250,PCA,0.7751212467658666
MAR,250,MICE (pmm),0.924645369422955
MAR,250,MICE (norm),1.1894010384895513
MAR,251,Mean,1.0149676581915508
MAR,251,Median,1.0590099558324706
MAR,251,PCA,1.0134166491789594
MAR,251,MICE (pmm),0.9367657619065075
MAR,251,MICE (norm),1.0117389276869118
MAR,252,Mean,1.2497635528233089
MAR,252,Median,1.3640295979949653
MAR,252,PCA,1.2660846103804624
MAR,252,MICE (pmm),1.224256269568905
MAR,252,MICE (norm),1.3267815169712522
MAR,253,Mean,1.1021477486970814
MAR,253,Median,1.1865356624926235
MAR,253,PCA,1.0534409808181828
MAR,253,MICE (pmm),1.108443500520982
MAR,253,MICE (norm),1.1156761974817306
MAR,254,Mean,0.9691076197464253
MAR,254,Median,1.0234271897175253
MAR,254,PCA,1.012665095796248
MAR,254,MICE (pmm),1.088111521314706
MAR,254,MICE (norm),1.0525257581508387
MAR,255,Mean,0.7355510682448915
MAR,255,Median,0.7456404700634074
MAR,255,PCA,0.7877458021475907
MAR,255,MICE (pmm),0.8709344796920349
MAR,255,MICE (norm),0.998629393653316
MAR,256,Mean,1.034869586715004
MAR,256,Median,1.0839876528937948
MAR,256,PCA,1.0441346172434205
MAR,256,MICE (pmm),1.083202235952887
MAR,256,MICE (norm),1.142173795052814
MAR,257,Mean,1.2823549572106978
MAR,257,Median,1.376637011319804
MAR,257,PCA,1.2720099474653415
MAR,257,MICE (pmm),1.3737334845836062
MAR,257,MICE (norm),1.4083215670140095
MAR,258,Mean,1.1964244427844095
MAR,258,Median,1.2865787760901153
MAR,258,PCA,1.1701943731722029
MAR,258,MICE (pmm),1.3836961831973869
MAR,258,MICE (norm),1.29593332525369
MAR,259,Mean,1.1341703014529778
MAR,259,Median,1.2108614132161686
MAR,259,PCA,1.2263559817419913
MAR,259,MICE (pmm),1.1927616897003066
MAR,259,MICE (norm),1.3071404270024574
MAR,260,Mean,1.209158198772299
MAR,260,Median,1.3171277578871177
MAR,260,PCA,1.133129772592442
MAR,260,MICE (pmm),1.2111184827682775
MAR,260,MICE (norm),1.1988581039068749
MAR,261,Mean,1.0051465407983602
MAR,261,Median,1.0908118576500272
MAR,261,PCA,0.9660361186227177
MAR,261,MICE (pmm),1.0280035684040045
MAR,261,MICE (norm),1.1047308801853066
MAR,262,Mean,1.0310368064417406
MAR,262,Median,1.0979652905713455
MAR,262,PCA,1.1205915337880616
MAR,262,MICE (pmm),1.119840367577291
MAR,262,MICE (norm),1.8255448206899696
MAR,263,Mean,1.0604111771909772
MAR,263,Median,1.111840342302843
MAR,263,PCA,1.0339105322410023
MAR,263,MICE (pmm),1.058699122951315
MAR,263,MICE (norm),1.2075981508656504
MAR,264,Mean,0.981920251347771
MAR,264,Median,1.07264934374578
MAR,264,PCA,1.0169226942654666
MAR,264,MICE (pmm),0.9499732495399194
MAR,264,MICE (norm),1.4363111041935104
MAR,265,Mean,1.128504243466022
MAR,265,Median,1.2402403974206933
MAR,265,PCA,1.0593741921502824
MAR,265,MICE (pmm),1.1135225862902451
MAR,265,MICE (norm),1.1702941609695112
MAR,266,Mean,1.032431497864025
MAR,266,Median,1.134077134070581
MAR,266,PCA,1.1440017220593468
MAR,266,MICE (pmm),1.1480100515265994
MAR,266,MICE (norm),1.436844066338142
MAR,267,Mean,0.9752167073877951
MAR,267,Median,0.9456286595410021
MAR,267,PCA,1.1179681996710134
MAR,267,MICE (pmm),1.0754453187932054
MAR,267,MICE (norm),1.313228514372214
MAR,268,Mean,0.9461804782628632
MAR,268,Median,1.0581332279798095
MAR,268,PCA,1.0764335504824714
MAR,268,MICE (pmm),1.0058524794092636
MAR,268,MICE (norm),1.3128211550291373
MAR,269,Mean,1.204188191587954
MAR,269,Median,1.2727692681032488
MAR,269,PCA,1.182729000069715
MAR,269,MICE (pmm),1.107057377114772
MAR,269,MICE (norm),1.2627956804335916
MAR,270,Mean,1.1028970721337883
MAR,270,Median,1.2430317493864702
MAR,270,PCA,1.052470422925243
MAR,270,MICE (pmm),1.1159076628113977
MAR,270,MICE (norm),1.3757578553300707
MAR,271,Mean,0.9197533112756116
MAR,271,Median,0.9829781482913823
MAR,271,PCA,1.0897133793160412
MAR,271,MICE (pmm),0.9705122975206559
MAR,271,MICE (norm),1.2618490943284941
MAR,272,Mean,1.0331194430782904
MAR,272,Median,1.1692242964413184
MAR,272,PCA,1.0076003984191177
MAR,272,MICE (pmm),1.0888558459604967
MAR,272,MICE (norm),1.2430879316446093
MAR,273,Mean,1.0323806560896263
MAR,273,Median,1.189375113026255
MAR,273,PCA,1.078118951036324
MAR,273,MICE (pmm),1.0772267434915446
MAR,273,MICE (norm),1.2089599186383484
MAR,274,Mean,1.0453937633223491
MAR,274,Median,1.1410297175538062
MAR,274,PCA,1.0273084175996074
MAR,274,MICE (pmm),1.0561355585276075
MAR,274,MICE (norm),1.20767945567483
MAR,275,Mean,0.7926832079124427
MAR,275,Median,0.876651880546226
MAR,275,PCA,0.7226144832668645
MAR,275,MICE (pmm),0.704563982862561
MAR,275,MICE (norm),0.8970103166971525
MAR,276,Mean,0.8923984855696795
MAR,276,Median,0.9222576650692558
MAR,276,PCA,0.847503513904815
MAR,276,MICE (pmm),0.9979603918626992
MAR,276,MICE (norm),1.0826606041212303
MAR,277,Mean,1.2721598796747866
MAR,277,Median,1.3345462651817475
MAR,277,PCA,1.2700078201811862
MAR,277,MICE (pmm),1.4118941891684074
MAR,277,MICE (norm),1.4958014264345458
MAR,278,Mean,0.9296204187706255
MAR,278,Median,1.060469080912689
MAR,278,PCA,0.9295685934858066
MAR,278,MICE (pmm),0.9865381567522702
MAR,278,MICE (norm),1.0368039850734134
MAR,279,Mean,1.0520428818941967
MAR,279,Median,1.1159819263387298
MAR,279,PCA,1.1866175605594844
MAR,279,MICE (pmm),1.1060097120887464
MAR,279,MICE (norm),1.2158830679875978
MAR,280,Mean,0.92492152849816
MAR,280,Median,0.9582996293834162
MAR,280,PCA,1.0117687034921916
MAR,280,MICE (pmm),1.1115749615783777
MAR,280,MICE (norm),1.238721315819956
MAR,281,Mean,0.9568110840375506
MAR,281,Median,1.0309729517465922
MAR,281,PCA,1.0012902799839547
MAR,281,MICE (pmm),1.0467808178031048
MAR,281,MICE (norm),1.1294947019177222
MAR,282,Mean,1.0369795094776364
MAR,282,Median,1.1457937490109877
MAR,282,PCA,1.0891567409610157
MAR,282,MICE (pmm),1.1556503616874172
MAR,282,MICE (norm),1.0831675144568762
MAR,283,Mean,0.7858700995690346
MAR,283,Median,0.7470335881009896
MAR,283,PCA,0.8192339732342642
MAR,283,MICE (pmm),0.8488603023375456
MAR,283,MICE (norm),1.0007729535596765
MAR,284,Mean,0.7978815720119966
MAR,284,Median,0.7940482652685942
MAR,284,PCA,0.835137876156312
MAR,284,MICE (pmm),0.8144586009174569
MAR,284,MICE (norm),1.0638250598997283
MAR,285,Mean,0.9089515258431216
MAR,285,Median,0.985284536942422
MAR,285,PCA,1.0799108773317034
MAR,285,MICE (pmm),1.218856475990312
MAR,285,MICE (norm),1.2222173483488172
MAR,286,Mean,0.8511245815858157
MAR,286,Median,0.9125983357993849
MAR,286,PCA,0.9253799268433321
MAR,286,MICE (pmm),1.028375346602545
MAR,286,MICE (norm),1.5214074032499987
MAR,287,Mean,0.9970805655246157
MAR,287,Median,1.0809135055647114
MAR,287,PCA,1.0407226917374142
MAR,287,MICE (pmm),1.069419597251858
MAR,287,MICE (norm),1.3337875908119772
MAR,288,Mean,0.74882973097491
MAR,288,Median,0.722071185936256
MAR,288,PCA,0.7873339478827466
MAR,288,MICE (pmm),0.7741132232120099
MAR,288,MICE (norm),0.8648418267926312
MAR,289,Mean,1.372945956244781
MAR,289,Median,1.4915922825753913
MAR,289,PCA,1.3259281366640334
MAR,289,MICE (pmm),1.3988288012747188
MAR,289,MICE (norm),1.4015584852045293
MAR,290,Mean,0.8813406418117816
MAR,290,Median,1.0154093174067806
MAR,290,PCA,0.8553851120971409
MAR,290,MICE (pmm),0.9139149400279215
MAR,290,MICE (norm),1.1601304245848876
MAR,291,Mean,1.1098577018263545
MAR,291,Median,1.2587566593967792
MAR,291,PCA,1.1446699683133381
MAR,291,MICE (pmm),1.278222391234537
MAR,291,MICE (norm),1.3582152482696177
MAR,292,Mean,1.0861386836569988
MAR,292,Median,1.2125066521920782
MAR,292,PCA,1.0970828914678494
MAR,292,MICE (pmm),1.1911733874507695
MAR,292,MICE (norm),1.2279509814930918
MAR,293,Mean,1.0346782136290928
MAR,293,Median,1.1665681386716735
MAR,293,PCA,1.0965566664178747
MAR,293,MICE (pmm),1.0233769754574051
MAR,293,MICE (norm),1.2029662943800503
MAR,294,Mean,1.1260911935263498
MAR,294,Median,1.176375431214812
MAR,294,PCA,1.090538575668099
MAR,294,MICE (pmm),1.252250862610097
MAR,294,MICE (norm),1.4854172633093512
MAR,295,Mean,1.1296790035629878
MAR,295,Median,1.204328620273452
MAR,295,PCA,1.1555021695385237
MAR,295,MICE (pmm),1.1701757458562358
MAR,295,MICE (norm),1.284692157506581
MAR,296,Mean,1.130106506009593
MAR,296,Median,1.2138913997450338
MAR,296,PCA,1.2228133014470939
MAR,296,MICE (pmm),1.2054587833867199
MAR,296,MICE (norm),1.2751324706029203
MAR,297,Mean,1.0486656189784704
MAR,297,Median,1.0955188817068622
MAR,297,PCA,1.0847780937537639
MAR,297,MICE (pmm),1.1630901240610925
MAR,297,MICE (norm),1.413284190472929
MAR,298,Mean,1.0772433671142738
MAR,298,Median,1.2123185146440758
MAR,298,PCA,1.1050626975334903
MAR,298,MICE (pmm),1.2405123530606819
MAR,298,MICE (norm),2.0093042108441628
MAR,299,Mean,1.017725577930552
MAR,299,Median,1.0994777760362224
MAR,299,PCA,1.058533126700489
MAR,299,MICE (pmm),1.1759102891353563
MAR,299,MICE (norm),1.536377755964466
MAR,300,Mean,0.9879070027599233
MAR,300,Median,1.0661419412494955
MAR,300,PCA,0.9193490152021767
MAR,300,MICE (pmm),1.0664668631155862
MAR,300,MICE (norm),1.1849227957605624
